question_id,sequence_id,family,arm,correct,bank
coda_0_421_counting_n1,0,counting,BASE_rule,0,n1
coda_0_422_nearest_dist_n1,0,nearest_dist,BASE_rule,0,n1
coda_0_429_nearest_dist_n1,0,nearest_dist,BASE_rule,0,n1
coda_0_436_direction_n1,0,direction,BASE_rule,0,n1
coda_0_4797_path_object_n1,0,path_object,BASE_rule,0,n1
coda_0_4803_counting_n1,0,counting,BASE_rule,0,n1
coda_0_4804_nearest_class_n1,0,nearest_class,BASE_rule,1,n1
coda_0_4805_nearest_dist_n1,0,nearest_dist,BASE_rule,0,n1
coda_0_4809_direction_n1,0,direction,BASE_rule,1,n1
coda_0_4813_path_object_n1,0,path_object,BASE_rule,0,n1
coda_0_4815_counting_n1,0,counting,BASE_rule,0,n1
coda_0_4818_nearest_class_n1,0,nearest_class,BASE_rule,1,n1
coda_0_4821_nearest_dist_n1,0,nearest_dist,BASE_rule,1,n1
coda_0_4902_direction_n1,0,direction,BASE_rule,0,n1
coda_0_4907_path_object_n1,0,path_object,BASE_rule,1,n1
coda_0_4908_counting_n1,0,counting,BASE_rule,0,n1
coda_0_4910_nearest_class_n1,0,nearest_class,BASE_rule,1,n1
coda_0_4914_nearest_dist_n1,0,nearest_dist,BASE_rule,0,n1
coda_0_4916_direction_n1,0,direction,BASE_rule,1,n1
coda_0_4924_nearest_class_n1,0,nearest_class,BASE_rule,1,n1
coda_0_4925_counting_n1,0,counting,BASE_rule,0,n1
coda_0_4926_nearest_class_n1,0,nearest_class,BASE_rule,1,n1
coda_0_4930_nearest_dist_n1,0,nearest_dist,BASE_rule,0,n1
coda_0_507_direction_n1,0,direction,BASE_rule,1,n1
coda_0_508_path_object_n1,0,path_object,BASE_rule,0,n1
coda_0_514_counting_n1,0,counting,BASE_rule,0,n1
coda_0_520_nearest_class_n1,0,nearest_class,BASE_rule,1,n1
coda_0_525_nearest_dist_n1,0,nearest_dist,BASE_rule,0,n1
coda_0_526_direction_n1,0,direction,BASE_rule,0,n1
coda_0_570_path_object_n1,0,path_object,BASE_rule,0,n1
coda_0_5704_counting_n1,0,counting,BASE_rule,0,n1
coda_0_5707_nearest_class_n1,0,nearest_class,BASE_rule,1,n1
coda_0_571_nearest_dist_n1,0,nearest_dist,BASE_rule,0,n1
coda_0_5710_direction_n1,0,direction,BASE_rule,0,n1
coda_0_5712_counting_n1,0,counting,BASE_rule,1,n1
coda_0_572_nearest_class_n1,0,nearest_class,BASE_rule,0,n1
coda_0_5752_nearest_class_n1,0,nearest_class,BASE_rule,0,n1
coda_0_5753_nearest_dist_n1,0,nearest_dist,BASE_rule,0,n1
coda_0_5754_direction_n1,0,direction,BASE_rule,0,n1
coda_0_5787_path_object_n1,0,path_object,BASE_rule,0,n1
coda_0_5788_counting_n1,0,counting,BASE_rule,0,n1
coda_0_583_nearest_class_n1,0,nearest_class,BASE_rule,0,n1
coda_0_621_direction_n1,0,direction,BASE_rule,1,n1
coda_0_634_direction_n1,0,direction,BASE_rule,0,n1
coda_10_11540_path_object_n1,10,path_object,BASE_rule,1,n1
coda_10_11542_counting_n1,10,counting,BASE_rule,0,n1
coda_10_11546_nearest_class_n1,10,nearest_class,BASE_rule,0,n1
coda_10_11584_nearest_dist_n1,10,nearest_dist,BASE_rule,0,n1
coda_10_2039_direction_n1,10,direction,BASE_rule,1,n1
coda_10_2043_counting_n1,10,counting,BASE_rule,1,n1
coda_10_2044_counting_n1,10,counting,BASE_rule,1,n1
coda_10_2051_nearest_class_n1,10,nearest_class,BASE_rule,0,n1
coda_10_2114_nearest_dist_n1,10,nearest_dist,BASE_rule,0,n1
coda_10_2123_direction_n1,10,direction,BASE_rule,1,n1
coda_10_2124_counting_n1,10,counting,BASE_rule,0,n1
coda_10_2129_counting_n1,10,counting,BASE_rule,1,n1
coda_10_2131_nearest_class_n1,10,nearest_class,BASE_rule,1,n1
coda_10_2132_nearest_dist_n1,10,nearest_dist,BASE_rule,0,n1
coda_10_2133_direction_n1,10,direction,BASE_rule,0,n1
coda_10_2137_counting_n1,10,counting,BASE_rule,1,n1
coda_10_2144_counting_n1,10,counting,BASE_rule,0,n1
coda_10_5816_nearest_dist_n1,10,nearest_dist,BASE_rule,0,n1
coda_10_5819_nearest_dist_n1,10,nearest_dist,BASE_rule,0,n1
coda_10_5862_direction_n1,10,direction,BASE_rule,0,n1
coda_10_5863_counting_n1,10,counting,BASE_rule,0,n1
coda_10_5865_counting_n1,10,counting,BASE_rule,0,n1
coda_10_5866_nearest_dist_n1,10,nearest_dist,BASE_rule,0,n1
coda_10_5872_nearest_dist_n1,10,nearest_dist,BASE_rule,0,n1
coda_10_6000_direction_n1,10,direction,BASE_rule,0,n1
coda_10_6001_counting_n1,10,counting,BASE_rule,0,n1
coda_10_6004_counting_n1,10,counting,BASE_rule,0,n1
coda_10_8369_nearest_class_n1,10,nearest_class,BASE_rule,0,n1
coda_10_8372_path_object_n1,10,path_object,BASE_rule,1,n1
coda_10_8378_direction_n1,10,direction,BASE_rule,0,n1
coda_10_8424_path_object_n1,10,path_object,BASE_rule,1,n1
coda_10_8429_counting_n1,10,counting,BASE_rule,0,n1
coda_10_8430_nearest_class_n1,10,nearest_class,BASE_rule,1,n1
coda_10_8431_nearest_dist_n1,10,nearest_dist,BASE_rule,0,n1
coda_10_8433_direction_n1,10,direction,BASE_rule,0,n1
coda_10_9306_path_object_n1,10,path_object,BASE_rule,1,n1
coda_10_9309_counting_n1,10,counting,BASE_rule,0,n1
coda_10_9347_nearest_class_n1,10,nearest_class,BASE_rule,0,n1
coda_10_9350_nearest_dist_n1,10,nearest_dist,BASE_rule,0,n1
coda_10_9356_direction_n1,10,direction,BASE_rule,0,n1
coda_10_9392_path_object_n1,10,path_object,BASE_rule,0,n1
coda_10_9395_counting_n1,10,counting,BASE_rule,1,n1
coda_10_9396_nearest_class_n1,10,nearest_class,BASE_rule,1,n1
coda_11_1747_nearest_dist_n1,11,nearest_dist,BASE_rule,0,n1
coda_11_1749_counting_n1,11,counting,BASE_rule,0,n1
coda_11_1756_counting_n1,11,counting,BASE_rule,0,n1
coda_11_1760_counting_n1,11,counting,BASE_rule,1,n1
coda_11_1768_nearest_class_n1,11,nearest_class,BASE_rule,1,n1
coda_11_1777_nearest_dist_n1,11,nearest_dist,BASE_rule,0,n1
coda_11_1783_counting_n1,11,counting,BASE_rule,0,n1
coda_11_1787_counting_n1,11,counting,BASE_rule,0,n1
coda_11_1790_counting_n1,11,counting,BASE_rule,0,n1
coda_11_1792_nearest_class_n1,11,nearest_class,BASE_rule,1,n1
coda_11_1793_nearest_dist_n1,11,nearest_dist,BASE_rule,0,n1
coda_11_1794_counting_n1,11,counting,BASE_rule,0,n1
coda_11_1799_counting_n1,11,counting,BASE_rule,0,n1
coda_11_1800_counting_n1,11,counting,BASE_rule,1,n1
coda_11_1906_nearest_class_n1,11,nearest_class,BASE_rule,1,n1
coda_11_1907_direction_n1,11,direction,BASE_rule,0,n1
coda_11_1914_direction_n1,11,direction,BASE_rule,0,n1
coda_11_1916_counting_n1,11,counting,BASE_rule,0,n1
coda_11_1924_counting_n1,11,counting,BASE_rule,1,n1
coda_11_1928_nearest_class_n1,11,nearest_class,BASE_rule,0,n1
coda_11_1932_nearest_dist_n1,11,nearest_dist,BASE_rule,1,n1
coda_11_1935_direction_n1,11,direction,BASE_rule,0,n1
coda_11_1939_path_object_n1,11,path_object,BASE_rule,1,n1
coda_11_1942_counting_n1,11,counting,BASE_rule,1,n1
coda_11_2057_nearest_class_n1,11,nearest_class,BASE_rule,0,n1
coda_11_2064_direction_n1,11,direction,BASE_rule,0,n1
coda_11_2073_direction_n1,11,direction,BASE_rule,0,n1
coda_11_2081_path_object_n1,11,path_object,BASE_rule,1,n1
coda_11_2082_counting_n1,11,counting,BASE_rule,0,n1
coda_11_2084_nearest_class_n1,11,nearest_class,BASE_rule,1,n1
coda_11_2085_nearest_dist_n1,11,nearest_dist,BASE_rule,1,n1
coda_11_5174_path_object_n1,11,path_object,BASE_rule,0,n1
coda_11_5176_path_object_n1,11,path_object,BASE_rule,0,n1
coda_11_5179_counting_n1,11,counting,BASE_rule,0,n1
coda_11_5184_nearest_class_n1,11,nearest_class,BASE_rule,1,n1
coda_11_5185_direction_n1,11,direction,BASE_rule,0,n1
coda_11_5186_direction_n1,11,direction,BASE_rule,1,n1
coda_11_5188_path_object_n1,11,path_object,BASE_rule,1,n1
coda_11_5190_counting_n1,11,counting,BASE_rule,0,n1
coda_11_5194_nearest_class_n1,11,nearest_class,BASE_rule,1,n1
coda_11_5197_path_object_n1,11,path_object,BASE_rule,0,n1
coda_11_5205_path_object_n1,11,path_object,BASE_rule,0,n1
coda_11_5207_path_object_n1,11,path_object,BASE_rule,0,n1
coda_11_5627_counting_n1,11,counting,BASE_rule,1,n1
coda_11_5660_nearest_dist_n1,11,nearest_dist,BASE_rule,0,n1
coda_11_5661_nearest_dist_n1,11,nearest_dist,BASE_rule,0,n1
coda_11_5667_direction_n1,11,direction,BASE_rule,0,n1
coda_11_5668_counting_n1,11,counting,BASE_rule,1,n1
coda_11_5671_counting_n1,11,counting,BASE_rule,0,n1
coda_11_5674_nearest_dist_n1,11,nearest_dist,BASE_rule,0,n1
coda_11_5769_nearest_dist_n1,11,nearest_dist,BASE_rule,1,n1
coda_11_5776_direction_n1,11,direction,BASE_rule,0,n1
coda_11_5785_counting_n1,11,counting,BASE_rule,1,n1
coda_12_10418_counting_n1,12,counting,BASE_rule,1,n1
coda_12_10422_nearest_class_n1,12,nearest_class,BASE_rule,1,n1
coda_12_10423_nearest_dist_n1,12,nearest_dist,BASE_rule,0,n1
coda_12_10428_direction_n1,12,direction,BASE_rule,0,n1
coda_12_10438_counting_n1,12,counting,BASE_rule,0,n1
coda_12_10442_counting_n1,12,counting,BASE_rule,1,n1
coda_12_10445_nearest_class_n1,12,nearest_class,BASE_rule,1,n1
coda_12_10446_nearest_dist_n1,12,nearest_dist,BASE_rule,1,n1
coda_12_10537_path_object_n1,12,path_object,BASE_rule,0,n1
coda_12_10550_path_object_n1,12,path_object,BASE_rule,1,n1
coda_12_11507_counting_n1,12,counting,BASE_rule,0,n1
coda_12_11508_nearest_class_n1,12,nearest_class,BASE_rule,1,n1
coda_12_11526_nearest_dist_n1,12,nearest_dist,BASE_rule,0,n1
coda_12_11529_direction_n1,12,direction,BASE_rule,0,n1
coda_12_11592_path_object_n1,12,path_object,BASE_rule,0,n1
coda_12_11594_counting_n1,12,counting,BASE_rule,1,n1
coda_12_11599_nearest_class_n1,12,nearest_class,BASE_rule,0,n1
coda_12_11600_nearest_dist_n1,12,nearest_dist,BASE_rule,1,n1
coda_12_11605_direction_n1,12,direction,BASE_rule,0,n1
coda_12_11618_path_object_n1,12,path_object,BASE_rule,1,n1
coda_12_2675_counting_n1,12,counting,BASE_rule,0,n1
coda_12_2676_direction_n1,12,direction,BASE_rule,0,n1
coda_12_2681_direction_n1,12,direction,BASE_rule,0,n1
coda_12_2687_direction_n1,12,direction,BASE_rule,0,n1
coda_12_2697_path_object_n1,12,path_object,BASE_rule,1,n1
coda_12_2700_counting_n1,12,counting,BASE_rule,0,n1
coda_12_2863_nearest_class_n1,12,nearest_class,BASE_rule,0,n1
coda_12_2864_nearest_dist_n1,12,nearest_dist,BASE_rule,0,n1
coda_12_2867_path_object_n1,12,path_object,BASE_rule,1,n1
coda_12_2871_path_object_n1,12,path_object,BASE_rule,0,n1
coda_12_2877_counting_n1,12,counting,BASE_rule,1,n1
coda_12_2883_nearest_class_n1,12,nearest_class,BASE_rule,1,n1
coda_12_2887_path_object_n1,12,path_object,BASE_rule,1,n1
coda_12_2890_path_object_n1,12,path_object,BASE_rule,1,n1
coda_12_2892_counting_n1,12,counting,BASE_rule,0,n1
coda_12_2893_counting_n1,12,counting,BASE_rule,0,n1
coda_12_2896_direction_n1,12,direction,BASE_rule,0,n1
coda_12_2903_nearest_dist_n1,12,nearest_dist,BASE_rule,1,n1
coda_12_2905_direction_n1,12,direction,BASE_rule,0,n1
coda_13_10067_path_object_n1,13,path_object,BASE_rule,0,n1
coda_13_10070_nearest_class_n1,13,nearest_class,BASE_rule,0,n1
coda_13_10072_nearest_class_n1,13,nearest_class,BASE_rule,1,n1
coda_13_10081_nearest_dist_n1,13,nearest_dist,BASE_rule,0,n1
coda_13_10414_path_object_n1,13,path_object,BASE_rule,0,n1
coda_13_10415_path_object_n1,13,path_object,BASE_rule,0,n1
coda_13_10426_nearest_class_n1,13,nearest_class,BASE_rule,1,n1
coda_13_10431_nearest_class_n1,13,nearest_class,BASE_rule,0,n1
coda_13_10441_nearest_dist_n1,13,nearest_dist,BASE_rule,0,n1
coda_13_10449_path_object_n1,13,path_object,BASE_rule,1,n1
coda_13_10457_path_object_n1,13,path_object,BASE_rule,0,n1
coda_13_10458_counting_n1,13,counting,BASE_rule,1,n1
coda_13_10462_nearest_class_n1,13,nearest_class,BASE_rule,1,n1
coda_13_10470_nearest_dist_n1,13,nearest_dist,BASE_rule,0,n1
coda_13_10472_direction_n1,13,direction,BASE_rule,1,n1
coda_13_10477_path_object_n1,13,path_object,BASE_rule,1,n1
coda_13_10478_counting_n1,13,counting,BASE_rule,0,n1
coda_13_10479_nearest_class_n1,13,nearest_class,BASE_rule,0,n1
coda_13_10487_nearest_dist_n1,13,nearest_dist,BASE_rule,1,n1
coda_13_10489_direction_n1,13,direction,BASE_rule,1,n1
coda_13_10490_path_object_n1,13,path_object,BASE_rule,0,n1
coda_13_10494_counting_n1,13,counting,BASE_rule,1,n1
coda_13_1050_nearest_class_n1,13,nearest_class,BASE_rule,0,n1
coda_13_10500_nearest_dist_n1,13,nearest_dist,BASE_rule,0,n1
coda_13_10518_direction_n1,13,direction,BASE_rule,0,n1
coda_13_10522_path_object_n1,13,path_object,BASE_rule,1,n1
coda_13_10526_counting_n1,13,counting,BASE_rule,0,n1
coda_13_10576_nearest_class_n1,13,nearest_class,BASE_rule,0,n1
coda_13_10578_direction_n1,13,direction,BASE_rule,0,n1
coda_13_10612_direction_n1,13,direction,BASE_rule,0,n1
coda_13_10670_path_object_n1,13,path_object,BASE_rule,0,n1
coda_13_10677_counting_n1,13,counting,BASE_rule,0,n1
coda_13_10679_nearest_class_n1,13,nearest_class,BASE_rule,0,n1
coda_13_10683_nearest_dist_n1,13,nearest_dist,BASE_rule,1,n1
coda_13_10686_direction_n1,13,direction,BASE_rule,1,n1
coda_13_10694_path_object_n1,13,path_object,BASE_rule,0,n1
coda_13_10733_nearest_class_n1,13,nearest_class,BASE_rule,0,n1
coda_13_10834_nearest_class_n1,13,nearest_class,BASE_rule,0,n1
coda_13_10838_path_object_n1,13,path_object,BASE_rule,1,n1
coda_13_1092_direction_n1,13,direction,BASE_rule,0,n1
coda_13_11003_path_object_n1,13,path_object,BASE_rule,0,n1
coda_13_11005_counting_n1,13,counting,BASE_rule,1,n1
coda_13_11072_nearest_class_n1,13,nearest_class,BASE_rule,0,n1
coda_13_11077_nearest_dist_n1,13,nearest_dist,BASE_rule,0,n1
coda_13_11088_path_object_n1,13,path_object,BASE_rule,0,n1
coda_13_11093_path_object_n1,13,path_object,BASE_rule,0,n1
coda_13_11105_nearest_class_n1,13,nearest_class,BASE_rule,0,n1
coda_13_11107_nearest_class_n1,13,nearest_class,BASE_rule,0,n1
coda_13_11110_direction_n1,13,direction,BASE_rule,0,n1
coda_13_11140_direction_n1,13,direction,BASE_rule,1,n1
coda_13_11148_path_object_n1,13,path_object,BASE_rule,1,n1
coda_13_11152_nearest_class_n1,13,nearest_class,BASE_rule,0,n1
coda_13_11158_nearest_class_n1,13,nearest_class,BASE_rule,1,n1
coda_13_11163_nearest_dist_n1,13,nearest_dist,BASE_rule,0,n1
coda_13_11167_direction_n1,13,direction,BASE_rule,0,n1
coda_13_11202_path_object_n1,13,path_object,BASE_rule,0,n1
coda_13_11204_counting_n1,13,counting,BASE_rule,1,n1
coda_13_11205_nearest_class_n1,13,nearest_class,BASE_rule,0,n1
coda_13_11206_nearest_dist_n1,13,nearest_dist,BASE_rule,0,n1
coda_13_11215_direction_n1,13,direction,BASE_rule,1,n1
coda_13_11222_path_object_n1,13,path_object,BASE_rule,0,n1
coda_13_11226_counting_n1,13,counting,BASE_rule,1,n1
coda_13_11229_nearest_class_n1,13,nearest_class,BASE_rule,0,n1
coda_13_11230_nearest_dist_n1,13,nearest_dist,BASE_rule,0,n1
coda_13_1126_direction_n1,13,direction,BASE_rule,1,n1
coda_13_11266_counting_n1,13,counting,BASE_rule,0,n1
coda_13_1129_counting_n1,13,counting,BASE_rule,1,n1
coda_13_1130_nearest_class_n1,13,nearest_class,BASE_rule,1,n1
coda_13_1131_nearest_dist_n1,13,nearest_dist,BASE_rule,0,n1
coda_13_1139_direction_n1,13,direction,BASE_rule,0,n1
coda_13_1141_path_object_n1,13,path_object,BASE_rule,0,n1
coda_13_1142_counting_n1,13,counting,BASE_rule,0,n1
coda_13_1146_nearest_class_n1,13,nearest_class,BASE_rule,1,n1
coda_13_1148_nearest_dist_n1,13,nearest_dist,BASE_rule,1,n1
coda_13_1149_direction_n1,13,direction,BASE_rule,1,n1
coda_13_1181_path_object_n1,13,path_object,BASE_rule,0,n1
coda_13_11900_counting_n1,13,counting,BASE_rule,0,n1
coda_13_11909_nearest_class_n1,13,nearest_class,BASE_rule,0,n1
coda_13_1191_direction_n1,13,direction,BASE_rule,0,n1
coda_13_1198_direction_n1,13,direction,BASE_rule,0,n1
coda_13_11996_path_object_n1,13,path_object,BASE_rule,0,n1
coda_13_11998_counting_n1,13,counting,BASE_rule,0,n1
coda_13_12012_nearest_class_n1,13,nearest_class,BASE_rule,0,n1
coda_13_12015_nearest_dist_n1,13,nearest_dist,BASE_rule,0,n1
coda_13_12016_direction_n1,13,direction,BASE_rule,1,n1
coda_13_12022_path_object_n1,13,path_object,BASE_rule,0,n1
coda_13_12025_nearest_class_n1,13,nearest_class,BASE_rule,0,n1
coda_13_12026_nearest_class_n1,13,nearest_class,BASE_rule,1,n1
coda_13_12033_path_object_n1,13,path_object,BASE_rule,1,n1
coda_13_12036_direction_n1,13,direction,BASE_rule,1,n1
coda_13_12038_path_object_n1,13,path_object,BASE_rule,0,n1
coda_13_12255_counting_n1,13,counting,BASE_rule,0,n1
coda_13_12258_nearest_class_n1,13,nearest_class,BASE_rule,0,n1
coda_13_12260_direction_n1,13,direction,BASE_rule,1,n1
coda_13_12275_direction_n1,13,direction,BASE_rule,0,n1
coda_13_12281_path_object_n1,13,path_object,BASE_rule,0,n1
coda_13_12287_counting_n1,13,counting,BASE_rule,0,n1
coda_13_12288_direction_n1,13,direction,BASE_rule,0,n1
coda_13_12291_direction_n1,13,direction,BASE_rule,1,n1
coda_13_12292_direction_n1,13,direction,BASE_rule,0,n1
coda_13_12295_path_object_n1,13,path_object,BASE_rule,1,n1
coda_13_12298_nearest_dist_n1,13,nearest_dist,BASE_rule,0,n1
coda_13_12299_nearest_dist_n1,13,nearest_dist,BASE_rule,0,n1
coda_13_12354_nearest_dist_n1,13,nearest_dist,BASE_rule,1,n1
coda_13_12355_direction_n1,13,direction,BASE_rule,0,n1
coda_13_12363_path_object_n1,13,path_object,BASE_rule,0,n1
coda_13_12367_counting_n1,13,counting,BASE_rule,1,n1
coda_13_12368_nearest_class_n1,13,nearest_class,BASE_rule,1,n1
coda_13_12372_nearest_dist_n1,13,nearest_dist,BASE_rule,0,n1
coda_13_1801_direction_n1,13,direction,BASE_rule,0,n1
coda_13_1803_counting_n1,13,counting,BASE_rule,1,n1
coda_13_1808_counting_n1,13,counting,BASE_rule,0,n1
coda_13_1812_nearest_dist_n1,13,nearest_dist,BASE_rule,0,n1
coda_13_1814_nearest_dist_n1,13,nearest_dist,BASE_rule,1,n1
coda_13_1844_direction_n1,13,direction,BASE_rule,1,n1
coda_13_1875_path_object_n1,13,path_object,BASE_rule,0,n1
coda_13_1878_counting_n1,13,counting,BASE_rule,0,n1
coda_13_1882_nearest_dist_n1,13,nearest_dist,BASE_rule,0,n1
coda_13_1944_direction_n1,13,direction,BASE_rule,1,n1
coda_13_2034_direction_n1,13,direction,BASE_rule,0,n1
coda_13_2037_path_object_n1,13,path_object,BASE_rule,0,n1
coda_13_2041_counting_n1,13,counting,BASE_rule,0,n1
coda_13_2054_nearest_class_n1,13,nearest_class,BASE_rule,0,n1
coda_13_2085_nearest_dist_n1,13,nearest_dist,BASE_rule,0,n1
coda_13_2087_direction_n1,13,direction,BASE_rule,1,n1
coda_13_2097_path_object_n1,13,path_object,BASE_rule,0,n1
coda_13_2099_counting_n1,13,counting,BASE_rule,0,n1
coda_13_2175_nearest_dist_n1,13,nearest_dist,BASE_rule,1,n1
coda_13_2181_nearest_dist_n1,13,nearest_dist,BASE_rule,1,n1
coda_13_2188_direction_n1,13,direction,BASE_rule,1,n1
coda_13_2190_path_object_n1,13,path_object,BASE_rule,0,n1
coda_13_5550_counting_n1,13,counting,BASE_rule,0,n1
coda_13_5671_nearest_class_n1,13,nearest_class,BASE_rule,1,n1
coda_13_5674_nearest_dist_n1,13,nearest_dist,BASE_rule,0,n1
coda_13_5684_path_object_n1,13,path_object,BASE_rule,0,n1
coda_13_5722_path_object_n1,13,path_object,BASE_rule,0,n1
coda_13_5727_counting_n1,13,counting,BASE_rule,0,n1
coda_13_5729_nearest_class_n1,13,nearest_class,BASE_rule,1,n1
coda_13_5737_nearest_dist_n1,13,nearest_dist,BASE_rule,0,n1
coda_13_5820_direction_n1,13,direction,BASE_rule,0,n1
coda_13_5822_path_object_n1,13,path_object,BASE_rule,1,n1
coda_13_5826_nearest_class_n1,13,nearest_class,BASE_rule,0,n1
coda_13_5829_nearest_class_n1,13,nearest_class,BASE_rule,0,n1
coda_13_5831_nearest_dist_n1,13,nearest_dist,BASE_rule,1,n1
coda_13_5893_direction_n1,13,direction,BASE_rule,0,n1
coda_13_5896_path_object_n1,13,path_object,BASE_rule,0,n1
coda_13_5900_nearest_class_n1,13,nearest_class,BASE_rule,1,n1
coda_13_5901_nearest_class_n1,13,nearest_class,BASE_rule,1,n1
coda_13_6073_direction_n1,13,direction,BASE_rule,0,n1
coda_13_6075_direction_n1,13,direction,BASE_rule,0,n1
coda_13_6085_path_object_n1,13,path_object,BASE_rule,0,n1
coda_13_6089_counting_n1,13,counting,BASE_rule,0,n1
coda_13_6122_nearest_class_n1,13,nearest_class,BASE_rule,0,n1
coda_13_6125_nearest_dist_n1,13,nearest_dist,BASE_rule,0,n1
coda_13_6190_direction_n1,13,direction,BASE_rule,0,n1
coda_13_6193_counting_n1,13,counting,BASE_rule,0,n1
coda_13_6203_counting_n1,13,counting,BASE_rule,1,n1
coda_13_6216_nearest_dist_n1,13,nearest_dist,BASE_rule,0,n1
coda_13_6220_nearest_dist_n1,13,nearest_dist,BASE_rule,0,n1
coda_13_6293_direction_n1,13,direction,BASE_rule,1,n1
coda_13_6305_counting_n1,13,counting,BASE_rule,0,n1
coda_13_6308_counting_n1,13,counting,BASE_rule,1,n1
coda_13_6312_nearest_dist_n1,13,nearest_dist,BASE_rule,1,n1
coda_13_6314_nearest_dist_n1,13,nearest_dist,BASE_rule,0,n1
coda_13_9083_direction_n1,13,direction,BASE_rule,0,n1
coda_13_9119_path_object_n1,13,path_object,BASE_rule,0,n1
coda_13_9120_counting_n1,13,counting,BASE_rule,0,n1
coda_13_9125_nearest_class_n1,13,nearest_class,BASE_rule,1,n1
coda_13_9241_nearest_dist_n1,13,nearest_dist,BASE_rule,0,n1
coda_13_9242_direction_n1,13,direction,BASE_rule,0,n1
coda_13_9244_path_object_n1,13,path_object,BASE_rule,0,n1
coda_13_9443_nearest_class_n1,13,nearest_class,BASE_rule,1,n1
coda_13_9444_nearest_class_n1,13,nearest_class,BASE_rule,1,n1
coda_13_9451_nearest_dist_n1,13,nearest_dist,BASE_rule,0,n1
coda_13_9562_direction_n1,13,direction,BASE_rule,0,n1
coda_13_9662_path_object_n1,13,path_object,BASE_rule,0,n1
coda_13_9668_counting_n1,13,counting,BASE_rule,1,n1
coda_13_9800_nearest_class_n1,13,nearest_class,BASE_rule,0,n1
coda_13_9801_nearest_dist_n1,13,nearest_dist,BASE_rule,0,n1
coda_13_9802_path_object_n1,13,path_object,BASE_rule,1,n1
coda_13_9803_path_object_n1,13,path_object,BASE_rule,0,n1
coda_13_9863_counting_n1,13,counting,BASE_rule,0,n1
coda_13_9880_nearest_class_n1,13,nearest_class,BASE_rule,1,n1
coda_13_9888_nearest_dist_n1,13,nearest_dist,BASE_rule,0,n1
coda_13_9894_direction_n1,13,direction,BASE_rule,0,n1
coda_13_9900_path_object_n1,13,path_object,BASE_rule,0,n1
coda_13_9977_nearest_class_n1,13,nearest_class,BASE_rule,1,n1
coda_13_9979_nearest_class_n1,13,nearest_class,BASE_rule,0,n1
coda_14_3847_nearest_dist_n1,14,nearest_dist,BASE_rule,1,n1
coda_14_3851_direction_n1,14,direction,BASE_rule,1,n1
coda_14_3852_path_object_n1,14,path_object,BASE_rule,0,n1
coda_14_3855_counting_n1,14,counting,BASE_rule,1,n1
coda_14_3857_nearest_class_n1,14,nearest_class,BASE_rule,0,n1
coda_14_3867_nearest_dist_n1,14,nearest_dist,BASE_rule,0,n1
coda_14_3868_direction_n1,14,direction,BASE_rule,0,n1
coda_14_3869_path_object_n1,14,path_object,BASE_rule,1,n1
coda_14_3870_counting_n1,14,counting,BASE_rule,0,n1
coda_14_3878_nearest_dist_n1,14,nearest_dist,BASE_rule,0,n1
coda_14_3889_nearest_dist_n1,14,nearest_dist,BASE_rule,0,n1
coda_14_3891_direction_n1,14,direction,BASE_rule,0,n1
coda_14_3894_path_object_n1,14,path_object,BASE_rule,0,n1
coda_15_145_counting_n1,15,counting,BASE_rule,1,n1
coda_15_147_nearest_class_n1,15,nearest_class,BASE_rule,1,n1
coda_15_187_nearest_dist_n1,15,nearest_dist,BASE_rule,1,n1
coda_15_191_direction_n1,15,direction,BASE_rule,0,n1
coda_15_195_counting_n1,15,counting,BASE_rule,1,n1
coda_15_202_counting_n1,15,counting,BASE_rule,1,n1
coda_15_205_nearest_dist_n1,15,nearest_dist,BASE_rule,0,n1
coda_15_209_nearest_dist_n1,15,nearest_dist,BASE_rule,1,n1
coda_15_210_direction_n1,15,direction,BASE_rule,0,n1
coda_15_212_counting_n1,15,counting,BASE_rule,1,n1
coda_15_238_counting_n1,15,counting,BASE_rule,1,n1
coda_15_240_nearest_dist_n1,15,nearest_dist,BASE_rule,1,n1
coda_15_241_nearest_dist_n1,15,nearest_dist,BASE_rule,0,n1
coda_15_242_direction_n1,15,direction,BASE_rule,0,n1
coda_15_243_counting_n1,15,counting,BASE_rule,0,n1
coda_15_296_counting_n1,15,counting,BASE_rule,1,n1
coda_15_297_nearest_class_n1,15,nearest_class,BASE_rule,0,n1
coda_16_10663_nearest_dist_n1,16,nearest_dist,BASE_rule,1,n1
coda_16_10665_direction_n1,16,direction,BASE_rule,1,n1
coda_16_10670_path_object_n1,16,path_object,BASE_rule,0,n1
coda_16_10673_counting_n1,16,counting,BASE_rule,0,n1
coda_16_10674_nearest_dist_n1,16,nearest_dist,BASE_rule,1,n1
coda_16_10679_nearest_dist_n1,16,nearest_dist,BASE_rule,1,n1
coda_16_10685_direction_n1,16,direction,BASE_rule,0,n1
coda_16_10692_path_object_n1,16,path_object,BASE_rule,0,n1
coda_16_10701_counting_n1,16,counting,BASE_rule,0,n1
coda_16_10704_nearest_class_n1,16,nearest_class,BASE_rule,0,n1
coda_16_10706_nearest_dist_n1,16,nearest_dist,BASE_rule,1,n1
coda_16_10820_direction_n1,16,direction,BASE_rule,0,n1
coda_16_10932_path_object_n1,16,path_object,BASE_rule,0,n1
coda_16_10934_counting_n1,16,counting,BASE_rule,1,n1
coda_16_10935_nearest_class_n1,16,nearest_class,BASE_rule,1,n1
coda_16_10937_nearest_dist_n1,16,nearest_dist,BASE_rule,0,n1
coda_16_10939_path_object_n1,16,path_object,BASE_rule,1,n1
coda_16_10946_path_object_n1,16,path_object,BASE_rule,1,n1
coda_16_10950_counting_n1,16,counting,BASE_rule,1,n1
coda_16_10958_nearest_class_n1,16,nearest_class,BASE_rule,0,n1
coda_16_10959_path_object_n1,16,path_object,BASE_rule,1,n1
coda_16_10961_path_object_n1,16,path_object,BASE_rule,1,n1
coda_16_11014_path_object_n1,16,path_object,BASE_rule,1,n1
coda_16_11016_counting_n1,16,counting,BASE_rule,0,n1
coda_16_11024_nearest_class_n1,16,nearest_class,BASE_rule,1,n1
coda_16_11030_nearest_dist_n1,16,nearest_dist,BASE_rule,1,n1
coda_16_11031_direction_n1,16,direction,BASE_rule,0,n1
coda_16_11063_path_object_n1,16,path_object,BASE_rule,0,n1
coda_16_11065_counting_n1,16,counting,BASE_rule,0,n1
coda_16_11066_nearest_dist_n1,16,nearest_dist,BASE_rule,1,n1
coda_16_11067_nearest_dist_n1,16,nearest_dist,BASE_rule,0,n1
coda_16_11070_direction_n1,16,direction,BASE_rule,0,n1
coda_16_11071_path_object_n1,16,path_object,BASE_rule,1,n1
coda_16_11076_counting_n1,16,counting,BASE_rule,0,n1
coda_16_11077_nearest_class_n1,16,nearest_class,BASE_rule,0,n1
coda_16_11080_nearest_dist_n1,16,nearest_dist,BASE_rule,1,n1
coda_16_11082_direction_n1,16,direction,BASE_rule,0,n1
coda_16_11083_path_object_n1,16,path_object,BASE_rule,0,n1
coda_16_11131_counting_n1,16,counting,BASE_rule,1,n1
coda_16_11133_nearest_class_n1,16,nearest_class,BASE_rule,0,n1
coda_16_11170_nearest_dist_n1,16,nearest_dist,BASE_rule,0,n1
coda_16_11171_nearest_dist_n1,16,nearest_dist,BASE_rule,0,n1
coda_16_11272_path_object_n1,16,path_object,BASE_rule,1,n1
coda_16_11275_counting_n1,16,counting,BASE_rule,0,n1
coda_16_11282_nearest_class_n1,16,nearest_class,BASE_rule,0,n1
coda_16_11307_nearest_dist_n1,16,nearest_dist,BASE_rule,1,n1
coda_16_11429_direction_n1,16,direction,BASE_rule,1,n1
coda_16_11516_counting_n1,16,counting,BASE_rule,0,n1
coda_16_11517_counting_n1,16,counting,BASE_rule,0,n1
coda_16_11518_nearest_dist_n1,16,nearest_dist,BASE_rule,1,n1
coda_16_11528_nearest_dist_n1,16,nearest_dist,BASE_rule,0,n1
coda_16_11536_counting_n1,16,counting,BASE_rule,0,n1
coda_16_11540_counting_n1,16,counting,BASE_rule,1,n1
coda_16_11541_counting_n1,16,counting,BASE_rule,0,n1
coda_16_11542_nearest_dist_n1,16,nearest_dist,BASE_rule,1,n1
coda_16_14901_nearest_dist_n1,16,nearest_dist,BASE_rule,0,n1
coda_16_14908_direction_n1,16,direction,BASE_rule,1,n1
coda_16_14909_path_object_n1,16,path_object,BASE_rule,1,n1
coda_16_14910_nearest_class_n1,16,nearest_class,BASE_rule,0,n1
coda_16_14911_nearest_class_n1,16,nearest_class,BASE_rule,0,n1
coda_16_14916_nearest_dist_n1,16,nearest_dist,BASE_rule,1,n1
coda_16_14919_direction_n1,16,direction,BASE_rule,0,n1
coda_16_14920_path_object_n1,16,path_object,BASE_rule,1,n1
coda_16_14921_counting_n1,16,counting,BASE_rule,0,n1
coda_16_14927_nearest_class_n1,16,nearest_class,BASE_rule,0,n1
coda_16_14931_nearest_dist_n1,16,nearest_dist,BASE_rule,0,n1
coda_16_15019_direction_n1,16,direction,BASE_rule,0,n1
coda_16_15027_path_object_n1,16,path_object,BASE_rule,0,n1
coda_16_15100_counting_n1,16,counting,BASE_rule,0,n1
coda_16_15137_nearest_class_n1,16,nearest_class,BASE_rule,0,n1
coda_16_15138_nearest_dist_n1,16,nearest_dist,BASE_rule,0,n1
coda_16_15217_direction_n1,16,direction,BASE_rule,1,n1
coda_16_15218_path_object_n1,16,path_object,BASE_rule,1,n1
coda_16_15750_counting_n1,16,counting,BASE_rule,1,n1
coda_16_3206_nearest_dist_n1,16,nearest_dist,BASE_rule,1,n1
coda_16_3269_direction_n1,16,direction,BASE_rule,1,n1
coda_16_3299_direction_n1,16,direction,BASE_rule,0,n1
coda_16_3301_path_object_n1,16,path_object,BASE_rule,0,n1
coda_16_3352_counting_n1,16,counting,BASE_rule,0,n1
coda_16_3355_nearest_class_n1,16,nearest_class,BASE_rule,1,n1
coda_16_3362_nearest_dist_n1,16,nearest_dist,BASE_rule,0,n1
coda_16_3367_direction_n1,16,direction,BASE_rule,0,n1
coda_16_3368_counting_n1,16,counting,BASE_rule,0,n1
coda_16_3464_counting_n1,16,counting,BASE_rule,1,n1
coda_16_3466_nearest_class_n1,16,nearest_class,BASE_rule,1,n1
coda_16_3658_direction_n1,16,direction,BASE_rule,0,n1
coda_16_3743_direction_n1,16,direction,BASE_rule,0,n1
coda_16_4069_path_object_n1,16,path_object,BASE_rule,0,n1
coda_16_4075_counting_n1,16,counting,BASE_rule,0,n1
coda_16_4256_nearest_class_n1,16,nearest_class,BASE_rule,1,n1
coda_16_4259_nearest_dist_n1,16,nearest_dist,BASE_rule,0,n1
coda_16_4263_direction_n1,16,direction,BASE_rule,1,n1
coda_16_4264_path_object_n1,16,path_object,BASE_rule,1,n1
coda_16_4267_counting_n1,16,counting,BASE_rule,1,n1
coda_16_4268_nearest_class_n1,16,nearest_class,BASE_rule,1,n1
coda_16_4271_nearest_dist_n1,16,nearest_dist,BASE_rule,0,n1
coda_16_5839_direction_n1,16,direction,BASE_rule,0,n1
coda_16_5849_path_object_n1,16,path_object,BASE_rule,1,n1
coda_16_6029_counting_n1,16,counting,BASE_rule,0,n1
coda_16_6030_nearest_class_n1,16,nearest_class,BASE_rule,1,n1
coda_16_6033_nearest_dist_n1,16,nearest_dist,BASE_rule,0,n1
coda_16_6035_direction_n1,16,direction,BASE_rule,0,n1
coda_16_6039_path_object_n1,16,path_object,BASE_rule,0,n1
coda_16_6085_counting_n1,16,counting,BASE_rule,0,n1
coda_16_6087_nearest_class_n1,16,nearest_class,BASE_rule,0,n1
coda_16_7061_direction_n1,16,direction,BASE_rule,1,n1
coda_16_7062_direction_n1,16,direction,BASE_rule,0,n1
coda_16_7070_nearest_dist_n1,16,nearest_dist,BASE_rule,0,n1
coda_16_7071_counting_n1,16,counting,BASE_rule,0,n1
coda_16_7072_nearest_dist_n1,16,nearest_dist,BASE_rule,1,n1
coda_16_7078_nearest_dist_n1,16,nearest_dist,BASE_rule,0,n1
coda_16_7146_direction_n1,16,direction,BASE_rule,0,n1
coda_16_7148_counting_n1,16,counting,BASE_rule,1,n1
coda_16_7149_counting_n1,16,counting,BASE_rule,1,n1
coda_16_7253_nearest_class_n1,16,nearest_class,BASE_rule,1,n1
coda_16_7350_nearest_dist_n1,16,nearest_dist,BASE_rule,1,n1
coda_16_7351_direction_n1,16,direction,BASE_rule,0,n1
coda_16_7355_path_object_n1,16,path_object,BASE_rule,0,n1
coda_16_7356_counting_n1,16,counting,BASE_rule,0,n1
coda_16_7358_nearest_dist_n1,16,nearest_dist,BASE_rule,0,n1
coda_16_7402_nearest_dist_n1,16,nearest_dist,BASE_rule,0,n1
coda_16_7457_direction_n1,16,direction,BASE_rule,0,n1
coda_16_7458_path_object_n1,16,path_object,BASE_rule,0,n1
coda_16_7467_counting_n1,16,counting,BASE_rule,0,n1
coda_16_7472_nearest_class_n1,16,nearest_class,BASE_rule,0,n1
coda_16_7473_nearest_dist_n1,16,nearest_dist,BASE_rule,0,n1
coda_16_7477_direction_n1,16,direction,BASE_rule,0,n1
coda_16_7481_path_object_n1,16,path_object,BASE_rule,0,n1
coda_16_7482_counting_n1,16,counting,BASE_rule,0,n1
coda_16_7492_nearest_class_n1,16,nearest_class,BASE_rule,0,n1
coda_16_7494_nearest_dist_n1,16,nearest_dist,BASE_rule,0,n1
coda_16_8699_direction_n1,16,direction,BASE_rule,0,n1
coda_16_8705_path_object_n1,16,path_object,BASE_rule,0,n1
coda_16_8708_counting_n1,16,counting,BASE_rule,1,n1
coda_16_8710_nearest_class_n1,16,nearest_class,BASE_rule,0,n1
coda_16_8766_direction_n1,16,direction,BASE_rule,0,n1
coda_16_8767_direction_n1,16,direction,BASE_rule,1,n1
coda_16_8769_path_object_n1,16,path_object,BASE_rule,0,n1
coda_16_8775_counting_n1,16,counting,BASE_rule,0,n1
coda_16_8781_nearest_class_n1,16,nearest_class,BASE_rule,1,n1
coda_16_8787_nearest_dist_n1,16,nearest_dist,BASE_rule,0,n1
coda_16_8825_direction_n1,16,direction,BASE_rule,1,n1
coda_16_8828_counting_n1,16,counting,BASE_rule,0,n1
coda_16_8955_counting_n1,16,counting,BASE_rule,0,n1
coda_16_9027_nearest_dist_n1,16,nearest_dist,BASE_rule,0,n1
coda_16_9034_nearest_dist_n1,16,nearest_dist,BASE_rule,1,n1
coda_16_9035_direction_n1,16,direction,BASE_rule,0,n1
coda_16_9038_counting_n1,16,counting,BASE_rule,1,n1
coda_16_9041_counting_n1,16,counting,BASE_rule,0,n1
coda_16_9051_counting_n1,16,counting,BASE_rule,0,n1
coda_16_9127_nearest_dist_n1,16,nearest_dist,BASE_rule,1,n1
coda_16_9130_direction_n1,16,direction,BASE_rule,0,n1
coda_16_9135_counting_n1,16,counting,BASE_rule,0,n1
coda_16_9138_counting_n1,16,counting,BASE_rule,0,n1
coda_16_9229_nearest_class_n1,16,nearest_class,BASE_rule,0,n1
coda_17_10197_nearest_dist_n1,17,nearest_dist,BASE_rule,1,n1
coda_17_10199_direction_n1,17,direction,BASE_rule,1,n1
coda_17_10201_path_object_n1,17,path_object,BASE_rule,0,n1
coda_17_10930_nearest_class_n1,17,nearest_class,BASE_rule,0,n1
coda_17_10931_nearest_class_n1,17,nearest_class,BASE_rule,0,n1
coda_17_10934_direction_n1,17,direction,BASE_rule,1,n1
coda_17_10935_direction_n1,17,direction,BASE_rule,1,n1
coda_17_10940_path_object_n1,17,path_object,BASE_rule,0,n1
coda_17_10943_nearest_class_n1,17,nearest_class,BASE_rule,0,n1
coda_17_10951_nearest_class_n1,17,nearest_class,BASE_rule,0,n1
coda_17_10955_nearest_dist_n1,17,nearest_dist,BASE_rule,0,n1
coda_17_10961_direction_n1,17,direction,BASE_rule,1,n1
coda_17_10962_path_object_n1,17,path_object,BASE_rule,1,n1
coda_17_10967_counting_n1,17,counting,BASE_rule,0,n1
coda_17_11006_nearest_class_n1,17,nearest_class,BASE_rule,1,n1
coda_17_2050_nearest_dist_n1,17,nearest_dist,BASE_rule,0,n1
coda_17_2051_direction_n1,17,direction,BASE_rule,0,n1
coda_17_2064_path_object_n1,17,path_object,BASE_rule,0,n1
coda_17_2098_counting_n1,17,counting,BASE_rule,0,n1
coda_17_2104_nearest_class_n1,17,nearest_class,BASE_rule,0,n1
coda_17_2120_path_object_n1,17,path_object,BASE_rule,0,n1
coda_17_2122_path_object_n1,17,path_object,BASE_rule,1,n1
coda_17_2173_counting_n1,17,counting,BASE_rule,1,n1
coda_17_6027_counting_n1,17,counting,BASE_rule,1,n1
coda_17_6183_nearest_class_n1,17,nearest_class,BASE_rule,0,n1
coda_17_6187_nearest_dist_n1,17,nearest_dist,BASE_rule,0,n1
coda_17_6192_path_object_n1,17,path_object,BASE_rule,1,n1
coda_17_6194_path_object_n1,17,path_object,BASE_rule,0,n1
coda_17_6197_counting_n1,17,counting,BASE_rule,0,n1
coda_17_6198_nearest_class_n1,17,nearest_class,BASE_rule,1,n1
coda_17_6201_nearest_dist_n1,17,nearest_dist,BASE_rule,1,n1
coda_17_6203_direction_n1,17,direction,BASE_rule,1,n1
coda_17_6207_path_object_n1,17,path_object,BASE_rule,0,n1
coda_17_6208_counting_n1,17,counting,BASE_rule,1,n1
coda_17_6209_nearest_class_n1,17,nearest_class,BASE_rule,0,n1
coda_17_6210_direction_n1,17,direction,BASE_rule,0,n1
coda_17_6216_direction_n1,17,direction,BASE_rule,0,n1
coda_17_6336_path_object_n1,17,path_object,BASE_rule,0,n1
coda_17_6337_counting_n1,17,counting,BASE_rule,0,n1
coda_17_6341_nearest_dist_n1,17,nearest_dist,BASE_rule,0,n1
coda_17_7781_nearest_dist_n1,17,nearest_dist,BASE_rule,0,n1
coda_17_7786_path_object_n1,17,path_object,BASE_rule,1,n1
coda_17_7793_path_object_n1,17,path_object,BASE_rule,0,n1
coda_17_7800_counting_n1,17,counting,BASE_rule,0,n1
coda_17_7807_nearest_dist_n1,17,nearest_dist,BASE_rule,0,n1
coda_17_8272_nearest_dist_n1,17,nearest_dist,BASE_rule,0,n1
coda_17_8275_direction_n1,17,direction,BASE_rule,0,n1
coda_17_8276_path_object_n1,17,path_object,BASE_rule,0,n1
coda_17_9866_counting_n1,17,counting,BASE_rule,0,n1
coda_17_9874_nearest_class_n1,17,nearest_class,BASE_rule,0,n1
coda_17_9875_nearest_dist_n1,17,nearest_dist,BASE_rule,0,n1
coda_17_9876_direction_n1,17,direction,BASE_rule,1,n1
coda_18_1654_path_object_n1,18,path_object,BASE_rule,0,n1
coda_18_1657_counting_n1,18,counting,BASE_rule,0,n1
coda_18_1660_path_object_n1,18,path_object,BASE_rule,0,n1
coda_18_1663_path_object_n1,18,path_object,BASE_rule,1,n1
coda_18_1705_direction_n1,18,direction,BASE_rule,1,n1
coda_18_1711_path_object_n1,18,path_object,BASE_rule,1,n1
coda_18_1716_counting_n1,18,counting,BASE_rule,1,n1
coda_18_1722_nearest_class_n1,18,nearest_class,BASE_rule,1,n1
coda_18_6581_nearest_dist_n1,18,nearest_dist,BASE_rule,1,n1
coda_18_6634_direction_n1,18,direction,BASE_rule,0,n1
coda_18_6648_path_object_n1,18,path_object,BASE_rule,0,n1
coda_18_6652_counting_n1,18,counting,BASE_rule,1,n1
coda_18_6653_nearest_class_n1,18,nearest_class,BASE_rule,1,n1
coda_19_2757_nearest_dist_n1,19,nearest_dist,BASE_rule,0,n1
coda_19_2759_direction_n1,19,direction,BASE_rule,1,n1
coda_19_2768_path_object_n1,19,path_object,BASE_rule,0,n1
coda_19_2770_counting_n1,19,counting,BASE_rule,0,n1
coda_19_2775_nearest_class_n1,19,nearest_class,BASE_rule,0,n1
coda_19_2786_nearest_dist_n1,19,nearest_dist,BASE_rule,0,n1
coda_19_2795_direction_n1,19,direction,BASE_rule,1,n1
coda_19_2799_path_object_n1,19,path_object,BASE_rule,1,n1
coda_19_2800_counting_n1,19,counting,BASE_rule,0,n1
coda_19_2801_nearest_class_n1,19,nearest_class,BASE_rule,0,n1
coda_19_2806_nearest_dist_n1,19,nearest_dist,BASE_rule,0,n1
coda_19_2814_direction_n1,19,direction,BASE_rule,0,n1
coda_19_2816_path_object_n1,19,path_object,BASE_rule,0,n1
coda_19_2820_counting_n1,19,counting,BASE_rule,1,n1
coda_19_2824_direction_n1,19,direction,BASE_rule,0,n1
coda_19_2892_direction_n1,19,direction,BASE_rule,1,n1
coda_1_1851_path_object_n1,1,path_object,BASE_rule,1,n1
coda_1_1852_path_object_n1,1,path_object,BASE_rule,0,n1
coda_1_1857_counting_n1,1,counting,BASE_rule,1,n1
coda_1_1858_nearest_class_n1,1,nearest_class,BASE_rule,0,n1
coda_1_1864_nearest_dist_n1,1,nearest_dist,BASE_rule,1,n1
coda_1_1908_direction_n1,1,direction,BASE_rule,0,n1
coda_1_1915_path_object_n1,1,path_object,BASE_rule,0,n1
coda_1_2006_counting_n1,1,counting,BASE_rule,1,n1
coda_1_2045_nearest_class_n1,1,nearest_class,BASE_rule,0,n1
coda_1_2078_nearest_dist_n1,1,nearest_dist,BASE_rule,0,n1
coda_1_2081_path_object_n1,1,path_object,BASE_rule,1,n1
coda_1_2083_path_object_n1,1,path_object,BASE_rule,1,n1
coda_1_2085_counting_n1,1,counting,BASE_rule,1,n1
coda_1_2088_nearest_class_n1,1,nearest_class,BASE_rule,0,n1
coda_1_2092_path_object_n1,1,path_object,BASE_rule,1,n1
coda_1_2093_direction_n1,1,direction,BASE_rule,0,n1
coda_1_2099_path_object_n1,1,path_object,BASE_rule,1,n1
coda_1_2105_counting_n1,1,counting,BASE_rule,0,n1
coda_1_2106_nearest_class_n1,1,nearest_class,BASE_rule,0,n1
coda_1_2109_nearest_dist_n1,1,nearest_dist,BASE_rule,1,n1
coda_1_2111_direction_n1,1,direction,BASE_rule,0,n1
coda_1_2157_path_object_n1,1,path_object,BASE_rule,1,n1
coda_1_2161_counting_n1,1,counting,BASE_rule,1,n1
coda_1_2166_nearest_class_n1,1,nearest_class,BASE_rule,0,n1
coda_1_2232_nearest_dist_n1,1,nearest_dist,BASE_rule,1,n1
coda_1_2234_direction_n1,1,direction,BASE_rule,1,n1
coda_1_2236_counting_n1,1,counting,BASE_rule,1,n1
coda_1_2237_counting_n1,1,counting,BASE_rule,1,n1
coda_1_2238_nearest_class_n1,1,nearest_class,BASE_rule,1,n1
coda_1_2244_nearest_dist_n1,1,nearest_dist,BASE_rule,0,n1
coda_1_2245_direction_n1,1,direction,BASE_rule,1,n1
coda_1_2937_path_object_n1,1,path_object,BASE_rule,0,n1
coda_1_2939_nearest_class_n1,1,nearest_class,BASE_rule,0,n1
coda_1_2952_nearest_class_n1,1,nearest_class,BASE_rule,0,n1
coda_1_2955_nearest_dist_n1,1,nearest_dist,BASE_rule,1,n1
coda_1_2968_direction_n1,1,direction,BASE_rule,0,n1
coda_1_2983_path_object_n1,1,path_object,BASE_rule,0,n1
coda_1_2984_counting_n1,1,counting,BASE_rule,0,n1
coda_1_3371_nearest_dist_n1,1,nearest_dist,BASE_rule,0,n1
coda_20_10010_direction_n1,20,direction,BASE_rule,0,n1
coda_20_10011_direction_n1,20,direction,BASE_rule,0,n1
coda_20_10012_path_object_n1,20,path_object,BASE_rule,0,n1
coda_20_10026_nearest_class_n1,20,nearest_class,BASE_rule,1,n1
coda_20_10032_nearest_class_n1,20,nearest_class,BASE_rule,0,n1
coda_20_10033_nearest_dist_n1,20,nearest_dist,BASE_rule,1,n1
coda_20_10034_path_object_n1,20,path_object,BASE_rule,0,n1
coda_20_10117_counting_n1,20,counting,BASE_rule,1,n1
coda_20_10118_counting_n1,20,counting,BASE_rule,0,n1
coda_20_10193_nearest_class_n1,20,nearest_class,BASE_rule,0,n1
coda_20_10203_nearest_dist_n1,20,nearest_dist,BASE_rule,0,n1
coda_20_10212_direction_n1,20,direction,BASE_rule,0,n1
coda_20_10325_path_object_n1,20,path_object,BASE_rule,1,n1
coda_20_10328_nearest_class_n1,20,nearest_class,BASE_rule,1,n1
coda_20_10333_nearest_class_n1,20,nearest_class,BASE_rule,0,n1
coda_20_10334_nearest_dist_n1,20,nearest_dist,BASE_rule,0,n1
coda_20_10335_direction_n1,20,direction,BASE_rule,0,n1
coda_20_10340_path_object_n1,20,path_object,BASE_rule,0,n1
coda_20_10378_counting_n1,20,counting,BASE_rule,0,n1
coda_20_10380_direction_n1,20,direction,BASE_rule,0,n1
coda_20_10386_direction_n1,20,direction,BASE_rule,0,n1
coda_20_10387_direction_n1,20,direction,BASE_rule,0,n1
coda_20_10388_nearest_dist_n1,20,nearest_dist,BASE_rule,0,n1
coda_20_10393_nearest_class_n1,20,nearest_class,BASE_rule,1,n1
coda_20_10394_nearest_class_n1,20,nearest_class,BASE_rule,0,n1
coda_20_10396_nearest_dist_n1,20,nearest_dist,BASE_rule,0,n1
coda_20_10397_direction_n1,20,direction,BASE_rule,0,n1
coda_20_10399_path_object_n1,20,path_object,BASE_rule,0,n1
coda_20_10409_counting_n1,20,counting,BASE_rule,1,n1
coda_20_10414_nearest_dist_n1,20,nearest_dist,BASE_rule,0,n1
coda_20_10415_nearest_dist_n1,20,nearest_dist,BASE_rule,1,n1
coda_20_10425_direction_n1,20,direction,BASE_rule,0,n1
coda_20_10426_path_object_n1,20,path_object,BASE_rule,0,n1
coda_20_10427_nearest_class_n1,20,nearest_class,BASE_rule,0,n1
coda_20_10428_nearest_class_n1,20,nearest_class,BASE_rule,0,n1
coda_20_1076_nearest_dist_n1,20,nearest_dist,BASE_rule,1,n1
coda_20_1077_direction_n1,20,direction,BASE_rule,0,n1
coda_20_1078_path_object_n1,20,path_object,BASE_rule,0,n1
coda_20_1137_counting_n1,20,counting,BASE_rule,0,n1
coda_20_1140_nearest_class_n1,20,nearest_class,BASE_rule,0,n1
coda_20_1144_direction_n1,20,direction,BASE_rule,1,n1
coda_20_11920_path_object_n1,20,path_object,BASE_rule,0,n1
coda_20_12092_counting_n1,20,counting,BASE_rule,1,n1
coda_20_12095_counting_n1,20,counting,BASE_rule,1,n1
coda_20_12099_nearest_class_n1,20,nearest_class,BASE_rule,0,n1
coda_20_12100_direction_n1,20,direction,BASE_rule,0,n1
coda_20_12104_direction_n1,20,direction,BASE_rule,0,n1
coda_20_12106_path_object_n1,20,path_object,BASE_rule,0,n1
coda_20_12108_counting_n1,20,counting,BASE_rule,1,n1
coda_20_1219_nearest_class_n1,20,nearest_class,BASE_rule,0,n1
coda_20_1222_direction_n1,20,direction,BASE_rule,0,n1
coda_20_12638_direction_n1,20,direction,BASE_rule,1,n1
coda_20_12643_path_object_n1,20,path_object,BASE_rule,0,n1
coda_20_12771_direction_n1,20,direction,BASE_rule,0,n1
coda_20_12810_nearest_dist_n1,20,nearest_dist,BASE_rule,0,n1
coda_20_12868_direction_n1,20,direction,BASE_rule,1,n1
coda_20_12869_direction_n1,20,direction,BASE_rule,0,n1
coda_20_12872_path_object_n1,20,path_object,BASE_rule,0,n1
coda_20_12874_counting_n1,20,counting,BASE_rule,0,n1
coda_20_12883_nearest_class_n1,20,nearest_class,BASE_rule,0,n1
coda_20_12892_nearest_dist_n1,20,nearest_dist,BASE_rule,1,n1
coda_20_12895_direction_n1,20,direction,BASE_rule,0,n1
coda_20_12897_counting_n1,20,counting,BASE_rule,0,n1
coda_20_12900_counting_n1,20,counting,BASE_rule,0,n1
coda_20_12901_nearest_class_n1,20,nearest_class,BASE_rule,1,n1
coda_20_12982_nearest_dist_n1,20,nearest_dist,BASE_rule,0,n1
coda_20_12984_direction_n1,20,direction,BASE_rule,1,n1
coda_20_12986_path_object_n1,20,path_object,BASE_rule,1,n1
coda_20_12987_counting_n1,20,counting,BASE_rule,0,n1
coda_20_12988_nearest_class_n1,20,nearest_class,BASE_rule,0,n1
coda_20_12996_nearest_dist_n1,20,nearest_dist,BASE_rule,0,n1
coda_20_13003_direction_n1,20,direction,BASE_rule,1,n1
coda_20_13013_path_object_n1,20,path_object,BASE_rule,0,n1
coda_20_13016_counting_n1,20,counting,BASE_rule,1,n1
coda_20_13019_nearest_class_n1,20,nearest_class,BASE_rule,0,n1
coda_20_13025_nearest_dist_n1,20,nearest_dist,BASE_rule,1,n1
coda_20_13029_direction_n1,20,direction,BASE_rule,0,n1
coda_20_13038_path_object_n1,20,path_object,BASE_rule,1,n1
coda_20_13039_counting_n1,20,counting,BASE_rule,0,n1
coda_20_13048_nearest_dist_n1,20,nearest_dist,BASE_rule,0,n1
coda_20_13054_nearest_dist_n1,20,nearest_dist,BASE_rule,0,n1
coda_20_13060_direction_n1,20,direction,BASE_rule,0,n1
coda_20_13064_path_object_n1,20,path_object,BASE_rule,0,n1
coda_20_13071_nearest_class_n1,20,nearest_class,BASE_rule,0,n1
coda_20_13079_nearest_dist_n1,20,nearest_dist,BASE_rule,1,n1
coda_20_13081_nearest_dist_n1,20,nearest_dist,BASE_rule,0,n1
coda_20_13143_direction_n1,20,direction,BASE_rule,1,n1
coda_20_13146_path_object_n1,20,path_object,BASE_rule,0,n1
coda_20_13210_counting_n1,20,counting,BASE_rule,1,n1
coda_20_13211_nearest_class_n1,20,nearest_class,BASE_rule,1,n1
coda_20_13212_direction_n1,20,direction,BASE_rule,1,n1
coda_20_13214_direction_n1,20,direction,BASE_rule,0,n1
coda_20_13215_path_object_n1,20,path_object,BASE_rule,0,n1
coda_20_13251_counting_n1,20,counting,BASE_rule,0,n1
coda_20_13261_nearest_class_n1,20,nearest_class,BASE_rule,0,n1
coda_20_13262_nearest_dist_n1,20,nearest_dist,BASE_rule,0,n1
coda_20_13263_direction_n1,20,direction,BASE_rule,0,n1
coda_20_13269_path_object_n1,20,path_object,BASE_rule,0,n1
coda_20_13270_counting_n1,20,counting,BASE_rule,1,n1
coda_20_13271_nearest_class_n1,20,nearest_class,BASE_rule,1,n1
coda_20_3056_direction_n1,20,direction,BASE_rule,0,n1
coda_20_3066_direction_n1,20,direction,BASE_rule,1,n1
coda_20_3067_path_object_n1,20,path_object,BASE_rule,0,n1
coda_20_3174_nearest_class_n1,20,nearest_class,BASE_rule,0,n1
coda_20_3292_nearest_class_n1,20,nearest_class,BASE_rule,0,n1
coda_20_3293_direction_n1,20,direction,BASE_rule,0,n1
coda_20_3305_direction_n1,20,direction,BASE_rule,0,n1
coda_20_3311_path_object_n1,20,path_object,BASE_rule,0,n1
coda_20_3387_nearest_class_n1,20,nearest_class,BASE_rule,0,n1
coda_20_3453_nearest_class_n1,20,nearest_class,BASE_rule,0,n1
coda_20_3486_direction_n1,20,direction,BASE_rule,1,n1
coda_20_3489_direction_n1,20,direction,BASE_rule,0,n1
coda_20_3494_path_object_n1,20,path_object,BASE_rule,0,n1
coda_20_3497_counting_n1,20,counting,BASE_rule,0,n1
coda_20_4243_nearest_class_n1,20,nearest_class,BASE_rule,0,n1
coda_20_4250_nearest_dist_n1,20,nearest_dist,BASE_rule,1,n1
coda_20_4256_direction_n1,20,direction,BASE_rule,1,n1
coda_20_4260_path_object_n1,20,path_object,BASE_rule,1,n1
coda_20_4261_counting_n1,20,counting,BASE_rule,0,n1
coda_20_4262_nearest_class_n1,20,nearest_class,BASE_rule,0,n1
coda_20_4267_direction_n1,20,direction,BASE_rule,0,n1
coda_20_4300_direction_n1,20,direction,BASE_rule,0,n1
coda_20_4303_path_object_n1,20,path_object,BASE_rule,0,n1
coda_20_4356_counting_n1,20,counting,BASE_rule,0,n1
coda_20_4357_nearest_dist_n1,20,nearest_dist,BASE_rule,0,n1
coda_20_4554_nearest_dist_n1,20,nearest_dist,BASE_rule,1,n1
coda_20_4566_direction_n1,20,direction,BASE_rule,0,n1
coda_20_4567_path_object_n1,20,path_object,BASE_rule,0,n1
coda_20_4573_counting_n1,20,counting,BASE_rule,1,n1
coda_20_4630_nearest_class_n1,20,nearest_class,BASE_rule,0,n1
coda_20_4876_nearest_dist_n1,20,nearest_dist,BASE_rule,0,n1
coda_20_4877_direction_n1,20,direction,BASE_rule,0,n1
coda_20_4883_path_object_n1,20,path_object,BASE_rule,0,n1
coda_20_4885_counting_n1,20,counting,BASE_rule,0,n1
coda_20_4890_nearest_class_n1,20,nearest_class,BASE_rule,0,n1
coda_20_4894_direction_n1,20,direction,BASE_rule,1,n1
coda_20_4926_path_object_n1,20,path_object,BASE_rule,1,n1
coda_20_4928_path_object_n1,20,path_object,BASE_rule,0,n1
coda_20_4932_nearest_class_n1,20,nearest_class,BASE_rule,0,n1
coda_20_4934_nearest_class_n1,20,nearest_class,BASE_rule,0,n1
coda_20_4938_nearest_dist_n1,20,nearest_dist,BASE_rule,0,n1
coda_20_4939_direction_n1,20,direction,BASE_rule,0,n1
coda_20_4943_path_object_n1,20,path_object,BASE_rule,0,n1
coda_20_4944_counting_n1,20,counting,BASE_rule,1,n1
coda_20_4948_nearest_dist_n1,20,nearest_dist,BASE_rule,0,n1
coda_20_4952_nearest_dist_n1,20,nearest_dist,BASE_rule,0,n1
coda_20_4953_direction_n1,20,direction,BASE_rule,0,n1
coda_20_5288_path_object_n1,20,path_object,BASE_rule,0,n1
coda_20_5293_nearest_class_n1,20,nearest_class,BASE_rule,0,n1
coda_20_5300_nearest_class_n1,20,nearest_class,BASE_rule,1,n1
coda_20_5354_nearest_dist_n1,20,nearest_dist,BASE_rule,1,n1
coda_20_5357_direction_n1,20,direction,BASE_rule,1,n1
coda_20_5359_path_object_n1,20,path_object,BASE_rule,0,n1
coda_20_5361_counting_n1,20,counting,BASE_rule,0,n1
coda_20_5476_nearest_class_n1,20,nearest_class,BASE_rule,1,n1
coda_20_5477_nearest_dist_n1,20,nearest_dist,BASE_rule,0,n1
coda_20_5489_direction_n1,20,direction,BASE_rule,1,n1
coda_20_5611_counting_n1,20,counting,BASE_rule,1,n1
coda_20_5674_nearest_class_n1,20,nearest_class,BASE_rule,1,n1
coda_20_5684_nearest_class_n1,20,nearest_class,BASE_rule,0,n1
coda_20_5689_nearest_dist_n1,20,nearest_dist,BASE_rule,0,n1
coda_20_5690_direction_n1,20,direction,BASE_rule,0,n1
coda_20_5701_path_object_n1,20,path_object,BASE_rule,1,n1
coda_20_5702_nearest_class_n1,20,nearest_class,BASE_rule,1,n1
coda_20_5703_nearest_class_n1,20,nearest_class,BASE_rule,0,n1
coda_20_5704_nearest_dist_n1,20,nearest_dist,BASE_rule,0,n1
coda_20_5752_path_object_n1,20,path_object,BASE_rule,0,n1
coda_20_7488_path_object_n1,20,path_object,BASE_rule,1,n1
coda_20_7489_counting_n1,20,counting,BASE_rule,0,n1
coda_20_7493_nearest_class_n1,20,nearest_class,BASE_rule,1,n1
coda_20_7526_nearest_dist_n1,20,nearest_dist,BASE_rule,0,n1
coda_20_7534_direction_n1,20,direction,BASE_rule,1,n1
coda_20_7536_counting_n1,20,counting,BASE_rule,0,n1
coda_20_7542_counting_n1,20,counting,BASE_rule,0,n1
coda_20_7544_nearest_class_n1,20,nearest_class,BASE_rule,0,n1
coda_20_7630_nearest_dist_n1,20,nearest_dist,BASE_rule,0,n1
coda_20_7703_direction_n1,20,direction,BASE_rule,0,n1
coda_20_7710_path_object_n1,20,path_object,BASE_rule,1,n1
coda_20_7712_counting_n1,20,counting,BASE_rule,0,n1
coda_20_7715_nearest_class_n1,20,nearest_class,BASE_rule,1,n1
coda_20_7751_direction_n1,20,direction,BASE_rule,0,n1
coda_20_7923_direction_n1,20,direction,BASE_rule,1,n1
coda_20_7927_path_object_n1,20,path_object,BASE_rule,0,n1
coda_20_7928_nearest_class_n1,20,nearest_class,BASE_rule,0,n1
coda_20_7936_nearest_class_n1,20,nearest_class,BASE_rule,1,n1
coda_20_7937_nearest_dist_n1,20,nearest_dist,BASE_rule,1,n1
coda_20_7938_direction_n1,20,direction,BASE_rule,1,n1
coda_20_7968_path_object_n1,20,path_object,BASE_rule,1,n1
coda_20_8176_counting_n1,20,counting,BASE_rule,0,n1
coda_20_8178_nearest_class_n1,20,nearest_class,BASE_rule,0,n1
coda_20_8181_nearest_dist_n1,20,nearest_dist,BASE_rule,1,n1
coda_20_8182_direction_n1,20,direction,BASE_rule,0,n1
coda_20_8183_path_object_n1,20,path_object,BASE_rule,0,n1
coda_20_8185_counting_n1,20,counting,BASE_rule,1,n1
coda_20_8196_nearest_class_n1,20,nearest_class,BASE_rule,0,n1
coda_20_8198_nearest_dist_n1,20,nearest_dist,BASE_rule,0,n1
coda_20_8466_direction_n1,20,direction,BASE_rule,0,n1
coda_20_8467_path_object_n1,20,path_object,BASE_rule,0,n1
coda_20_8474_nearest_class_n1,20,nearest_class,BASE_rule,0,n1
coda_20_8475_nearest_class_n1,20,nearest_class,BASE_rule,1,n1
coda_20_8483_nearest_dist_n1,20,nearest_dist,BASE_rule,0,n1
coda_20_8519_direction_n1,20,direction,BASE_rule,1,n1
coda_20_8613_path_object_n1,20,path_object,BASE_rule,0,n1
coda_20_8618_nearest_class_n1,20,nearest_class,BASE_rule,0,n1
coda_20_8619_nearest_class_n1,20,nearest_class,BASE_rule,1,n1
coda_20_8738_direction_n1,20,direction,BASE_rule,0,n1
coda_20_8741_direction_n1,20,direction,BASE_rule,0,n1
coda_20_8742_path_object_n1,20,path_object,BASE_rule,0,n1
coda_20_8744_counting_n1,20,counting,BASE_rule,1,n1
coda_20_8746_nearest_class_n1,20,nearest_class,BASE_rule,1,n1
coda_20_8747_nearest_dist_n1,20,nearest_dist,BASE_rule,0,n1
coda_20_8751_direction_n1,20,direction,BASE_rule,0,n1
coda_20_8783_path_object_n1,20,path_object,BASE_rule,1,n1
coda_20_8792_counting_n1,20,counting,BASE_rule,1,n1
coda_20_8795_nearest_dist_n1,20,nearest_dist,BASE_rule,0,n1
coda_20_8803_nearest_dist_n1,20,nearest_dist,BASE_rule,0,n1
coda_20_8806_direction_n1,20,direction,BASE_rule,0,n1
coda_20_8808_path_object_n1,20,path_object,BASE_rule,0,n1
coda_20_8813_counting_n1,20,counting,BASE_rule,0,n1
coda_20_8824_nearest_class_n1,20,nearest_class,BASE_rule,1,n1
coda_20_8845_path_object_n1,20,path_object,BASE_rule,0,n1
coda_20_9392_path_object_n1,20,path_object,BASE_rule,1,n1
coda_20_9393_path_object_n1,20,path_object,BASE_rule,0,n1
coda_20_9397_nearest_class_n1,20,nearest_class,BASE_rule,0,n1
coda_20_9406_nearest_class_n1,20,nearest_class,BASE_rule,0,n1
coda_20_9411_direction_n1,20,direction,BASE_rule,0,n1
coda_20_9412_direction_n1,20,direction,BASE_rule,0,n1
coda_20_9424_path_object_n1,20,path_object,BASE_rule,0,n1
coda_20_9429_counting_n1,20,counting,BASE_rule,0,n1
coda_20_9432_nearest_class_n1,20,nearest_class,BASE_rule,0,n1
coda_20_9436_nearest_dist_n1,20,nearest_dist,BASE_rule,0,n1
coda_20_9471_direction_n1,20,direction,BASE_rule,0,n1
coda_20_9474_path_object_n1,20,path_object,BASE_rule,0,n1
coda_20_9478_counting_n1,20,counting,BASE_rule,0,n1
coda_20_9479_nearest_class_n1,20,nearest_class,BASE_rule,0,n1
coda_20_9612_nearest_dist_n1,20,nearest_dist,BASE_rule,1,n1
coda_20_9722_direction_n1,20,direction,BASE_rule,0,n1
coda_20_9725_path_object_n1,20,path_object,BASE_rule,0,n1
coda_20_9727_counting_n1,20,counting,BASE_rule,0,n1
coda_20_9728_nearest_class_n1,20,nearest_class,BASE_rule,0,n1
coda_20_973_direction_n1,20,direction,BASE_rule,0,n1
coda_20_9736_direction_n1,20,direction,BASE_rule,0,n1
coda_20_9737_path_object_n1,20,path_object,BASE_rule,1,n1
coda_20_9745_counting_n1,20,counting,BASE_rule,0,n1
coda_20_9746_nearest_class_n1,20,nearest_class,BASE_rule,0,n1
coda_20_9754_nearest_dist_n1,20,nearest_dist,BASE_rule,1,n1
coda_20_9785_direction_n1,20,direction,BASE_rule,0,n1
coda_20_9787_path_object_n1,20,path_object,BASE_rule,1,n1
coda_20_9788_counting_n1,20,counting,BASE_rule,1,n1
coda_20_9790_nearest_class_n1,20,nearest_class,BASE_rule,0,n1
coda_20_9927_nearest_dist_n1,20,nearest_dist,BASE_rule,0,n1
coda_20_9928_direction_n1,20,direction,BASE_rule,0,n1
coda_20_9958_path_object_n1,20,path_object,BASE_rule,1,n1
coda_20_9959_counting_n1,20,counting,BASE_rule,1,n1
coda_2_2441_nearest_class_n1,2,nearest_class,BASE_rule,1,n1
coda_2_2442_nearest_dist_n1,2,nearest_dist,BASE_rule,0,n1
coda_2_2443_direction_n1,2,direction,BASE_rule,0,n1
coda_2_2457_path_object_n1,2,path_object,BASE_rule,0,n1
coda_2_2459_counting_n1,2,counting,BASE_rule,0,n1
coda_2_2460_nearest_class_n1,2,nearest_class,BASE_rule,0,n1
coda_2_2465_nearest_dist_n1,2,nearest_dist,BASE_rule,0,n1
coda_2_2468_path_object_n1,2,path_object,BASE_rule,1,n1
coda_2_2537_path_object_n1,2,path_object,BASE_rule,0,n1
coda_2_2539_counting_n1,2,counting,BASE_rule,1,n1
coda_2_2541_nearest_class_n1,2,nearest_class,BASE_rule,1,n1
coda_2_2544_nearest_dist_n1,2,nearest_dist,BASE_rule,0,n1
coda_2_2545_direction_n1,2,direction,BASE_rule,0,n1
coda_2_5041_path_object_n1,2,path_object,BASE_rule,1,n1
coda_2_5044_counting_n1,2,counting,BASE_rule,0,n1
coda_2_5046_nearest_dist_n1,2,nearest_dist,BASE_rule,1,n1
coda_2_5048_nearest_dist_n1,2,nearest_dist,BASE_rule,1,n1
coda_2_5051_path_object_n1,2,path_object,BASE_rule,1,n1
coda_2_5058_path_object_n1,2,path_object,BASE_rule,0,n1
coda_2_5060_counting_n1,2,counting,BASE_rule,0,n1
coda_2_5081_direction_n1,2,direction,BASE_rule,0,n1
coda_2_5084_direction_n1,2,direction,BASE_rule,1,n1
coda_2_5086_direction_n1,2,direction,BASE_rule,1,n1
coda_2_5091_path_object_n1,2,path_object,BASE_rule,0,n1
coda_2_5093_counting_n1,2,counting,BASE_rule,0,n1
coda_2_5094_nearest_class_n1,2,nearest_class,BASE_rule,1,n1
coda_2_5101_direction_n1,2,direction,BASE_rule,1,n1
coda_2_5104_direction_n1,2,direction,BASE_rule,0,n1
coda_2_5109_path_object_n1,2,path_object,BASE_rule,0,n1
coda_2_5111_counting_n1,2,counting,BASE_rule,1,n1
coda_2_5112_nearest_class_n1,2,nearest_class,BASE_rule,1,n1
coda_2_5114_nearest_dist_n1,2,nearest_dist,BASE_rule,0,n1
coda_2_5120_path_object_n1,2,path_object,BASE_rule,1,n1
coda_2_5122_path_object_n1,2,path_object,BASE_rule,1,n1
coda_2_5126_counting_n1,2,counting,BASE_rule,0,n1
coda_2_5129_nearest_class_n1,2,nearest_class,BASE_rule,1,n1
coda_2_5198_nearest_dist_n1,2,nearest_dist,BASE_rule,0,n1
coda_2_5202_path_object_n1,2,path_object,BASE_rule,0,n1
coda_2_5203_counting_n1,2,counting,BASE_rule,1,n1
coda_2_5205_counting_n1,2,counting,BASE_rule,0,n1
coda_2_5289_nearest_dist_n1,2,nearest_dist,BASE_rule,0,n1
coda_2_5293_nearest_dist_n1,2,nearest_dist,BASE_rule,1,n1
coda_2_5338_direction_n1,2,direction,BASE_rule,0,n1
coda_2_5339_path_object_n1,2,path_object,BASE_rule,0,n1
coda_2_5587_counting_n1,2,counting,BASE_rule,0,n1
coda_2_5589_nearest_class_n1,2,nearest_class,BASE_rule,0,n1
coda_2_5591_nearest_dist_n1,2,nearest_dist,BASE_rule,0,n1
coda_2_5593_direction_n1,2,direction,BASE_rule,0,n1
coda_2_5595_path_object_n1,2,path_object,BASE_rule,0,n1
coda_2_6852_counting_n1,2,counting,BASE_rule,0,n1
coda_2_6962_nearest_class_n1,2,nearest_class,BASE_rule,0,n1
coda_2_6968_direction_n1,2,direction,BASE_rule,0,n1
coda_2_6970_direction_n1,2,direction,BASE_rule,0,n1
coda_2_6974_path_object_n1,2,path_object,BASE_rule,1,n1
coda_2_6975_counting_n1,2,counting,BASE_rule,0,n1
coda_2_6988_nearest_dist_n1,2,nearest_dist,BASE_rule,1,n1
coda_2_6990_direction_n1,2,direction,BASE_rule,1,n1
coda_2_7032_counting_n1,2,counting,BASE_rule,0,n1
coda_2_7141_path_object_n1,2,path_object,BASE_rule,0,n1
coda_2_7142_counting_n1,2,counting,BASE_rule,0,n1
coda_2_7149_nearest_class_n1,2,nearest_class,BASE_rule,0,n1
coda_3_11984_nearest_dist_n1,3,nearest_dist,BASE_rule,0,n1
coda_3_12067_direction_n1,3,direction,BASE_rule,1,n1
coda_3_12069_path_object_n1,3,path_object,BASE_rule,0,n1
coda_3_12072_counting_n1,3,counting,BASE_rule,1,n1
coda_3_12075_nearest_class_n1,3,nearest_class,BASE_rule,1,n1
coda_3_12137_direction_n1,3,direction,BASE_rule,0,n1
coda_3_12145_direction_n1,3,direction,BASE_rule,0,n1
coda_3_12149_path_object_n1,3,path_object,BASE_rule,1,n1
coda_3_1820_counting_n1,3,counting,BASE_rule,1,n1
coda_3_1825_nearest_class_n1,3,nearest_class,BASE_rule,0,n1
coda_3_1826_nearest_dist_n1,3,nearest_dist,BASE_rule,0,n1
coda_3_1837_path_object_n1,3,path_object,BASE_rule,1,n1
coda_3_1840_path_object_n1,3,path_object,BASE_rule,0,n1
coda_3_1842_counting_n1,3,counting,BASE_rule,0,n1
coda_3_1844_nearest_class_n1,3,nearest_class,BASE_rule,1,n1
coda_3_1933_nearest_dist_n1,3,nearest_dist,BASE_rule,0,n1
coda_3_1934_direction_n1,3,direction,BASE_rule,0,n1
coda_3_1937_path_object_n1,3,path_object,BASE_rule,1,n1
coda_3_1942_counting_n1,3,counting,BASE_rule,0,n1
coda_3_1996_nearest_class_n1,3,nearest_class,BASE_rule,0,n1
coda_3_2000_direction_n1,3,direction,BASE_rule,0,n1
coda_3_2001_direction_n1,3,direction,BASE_rule,1,n1
coda_3_2009_path_object_n1,3,path_object,BASE_rule,0,n1
coda_3_2015_counting_n1,3,counting,BASE_rule,0,n1
coda_3_2026_nearest_class_n1,3,nearest_class,BASE_rule,1,n1
coda_3_2027_direction_n1,3,direction,BASE_rule,1,n1
coda_3_2033_direction_n1,3,direction,BASE_rule,0,n1
coda_4_1337_path_object_n1,4,path_object,BASE_rule,1,n1
coda_4_1340_counting_n1,4,counting,BASE_rule,1,n1
coda_4_1343_nearest_class_n1,4,nearest_class,BASE_rule,0,n1
coda_4_1427_nearest_dist_n1,4,nearest_dist,BASE_rule,1,n1
coda_4_1431_path_object_n1,4,path_object,BASE_rule,1,n1
coda_4_1475_path_object_n1,4,path_object,BASE_rule,1,n1
coda_4_1476_counting_n1,4,counting,BASE_rule,1,n1
coda_4_6639_nearest_class_n1,4,nearest_class,BASE_rule,0,n1
coda_4_6640_direction_n1,4,direction,BASE_rule,0,n1
coda_4_6644_path_object_n1,4,path_object,BASE_rule,0,n1
coda_4_6651_path_object_n1,4,path_object,BASE_rule,0,n1
coda_4_6653_counting_n1,4,counting,BASE_rule,0,n1
coda_4_6656_nearest_class_n1,4,nearest_class,BASE_rule,0,n1
coda_4_6663_nearest_dist_n1,4,nearest_dist,BASE_rule,0,n1
coda_4_6694_direction_n1,4,direction,BASE_rule,1,n1
coda_4_6769_path_object_n1,4,path_object,BASE_rule,0,n1
coda_4_6774_counting_n1,4,counting,BASE_rule,1,n1
coda_4_6777_nearest_class_n1,4,nearest_class,BASE_rule,1,n1
coda_4_6782_nearest_dist_n1,4,nearest_dist,BASE_rule,0,n1
coda_4_6796_direction_n1,4,direction,BASE_rule,0,n1
coda_4_6799_nearest_class_n1,4,nearest_class,BASE_rule,1,n1
coda_4_6804_counting_n1,4,counting,BASE_rule,0,n1
coda_4_6807_nearest_class_n1,4,nearest_class,BASE_rule,0,n1
coda_4_6875_nearest_dist_n1,4,nearest_dist,BASE_rule,0,n1
coda_4_6880_direction_n1,4,direction,BASE_rule,0,n1
coda_4_6882_path_object_n1,4,path_object,BASE_rule,0,n1
coda_4_6883_counting_n1,4,counting,BASE_rule,0,n1
coda_4_6895_nearest_dist_n1,4,nearest_dist,BASE_rule,1,n1
coda_4_6903_nearest_dist_n1,4,nearest_dist,BASE_rule,0,n1
coda_4_6906_direction_n1,4,direction,BASE_rule,0,n1
coda_4_6909_path_object_n1,4,path_object,BASE_rule,1,n1
coda_4_6912_counting_n1,4,counting,BASE_rule,0,n1
coda_4_6923_nearest_class_n1,4,nearest_class,BASE_rule,0,n1
coda_4_6926_direction_n1,4,direction,BASE_rule,0,n1
coda_4_6933_direction_n1,4,direction,BASE_rule,0,n1
coda_5_1803_counting_n1,5,counting,BASE_rule,0,n1
coda_5_1810_counting_n1,5,counting,BASE_rule,0,n1
coda_5_1848_nearest_class_n1,5,nearest_class,BASE_rule,0,n1
coda_6_10385_nearest_dist_n1,6,nearest_dist,BASE_rule,0,n1
coda_6_10386_direction_n1,6,direction,BASE_rule,0,n1
coda_6_10388_counting_n1,6,counting,BASE_rule,0,n1
coda_6_10393_counting_n1,6,counting,BASE_rule,1,n1
coda_6_10395_nearest_class_n1,6,nearest_class,BASE_rule,1,n1
coda_6_10430_nearest_dist_n1,6,nearest_dist,BASE_rule,1,n1
coda_6_10434_counting_n1,6,counting,BASE_rule,0,n1
coda_6_10440_counting_n1,6,counting,BASE_rule,0,n1
coda_6_10441_counting_n1,6,counting,BASE_rule,0,n1
coda_6_10442_nearest_class_n1,6,nearest_class,BASE_rule,0,n1
coda_6_10453_direction_n1,6,direction,BASE_rule,0,n1
coda_6_10457_direction_n1,6,direction,BASE_rule,1,n1
coda_6_10465_path_object_n1,6,path_object,BASE_rule,0,n1
coda_6_10471_counting_n1,6,counting,BASE_rule,1,n1
coda_6_10472_nearest_class_n1,6,nearest_class,BASE_rule,0,n1
coda_6_10478_nearest_dist_n1,6,nearest_dist,BASE_rule,0,n1
coda_6_10563_direction_n1,6,direction,BASE_rule,1,n1
coda_6_1243_path_object_n1,6,path_object,BASE_rule,0,n1
coda_6_1245_counting_n1,6,counting,BASE_rule,0,n1
coda_6_1253_nearest_dist_n1,6,nearest_dist,BASE_rule,1,n1
coda_6_1254_nearest_dist_n1,6,nearest_dist,BASE_rule,0,n1
coda_6_1322_path_object_n1,6,path_object,BASE_rule,0,n1
coda_6_1324_path_object_n1,6,path_object,BASE_rule,0,n1
coda_6_1421_counting_n1,6,counting,BASE_rule,0,n1
coda_6_2601_nearest_class_n1,6,nearest_class,BASE_rule,0,n1
coda_6_2641_nearest_dist_n1,6,nearest_dist,BASE_rule,1,n1
coda_6_2649_direction_n1,6,direction,BASE_rule,1,n1
coda_6_2654_path_object_n1,6,path_object,BASE_rule,0,n1
coda_6_2655_counting_n1,6,counting,BASE_rule,0,n1
coda_6_2656_nearest_dist_n1,6,nearest_dist,BASE_rule,0,n1
coda_6_2657_nearest_dist_n1,6,nearest_dist,BASE_rule,0,n1
coda_6_2747_direction_n1,6,direction,BASE_rule,1,n1
coda_6_2759_counting_n1,6,counting,BASE_rule,0,n1
coda_6_2760_counting_n1,6,counting,BASE_rule,1,n1
coda_6_2761_nearest_class_n1,6,nearest_class,BASE_rule,1,n1
coda_6_2774_nearest_dist_n1,6,nearest_dist,BASE_rule,0,n1
coda_6_2784_direction_n1,6,direction,BASE_rule,0,n1
coda_6_2794_path_object_n1,6,path_object,BASE_rule,0,n1
coda_6_2796_counting_n1,6,counting,BASE_rule,0,n1
coda_6_2828_nearest_class_n1,6,nearest_class,BASE_rule,0,n1
coda_6_2831_direction_n1,6,direction,BASE_rule,0,n1
coda_6_2834_direction_n1,6,direction,BASE_rule,0,n1
coda_6_2839_path_object_n1,6,path_object,BASE_rule,0,n1
coda_6_2840_counting_n1,6,counting,BASE_rule,0,n1
coda_6_2841_nearest_class_n1,6,nearest_class,BASE_rule,0,n1
coda_6_2846_nearest_dist_n1,6,nearest_dist,BASE_rule,0,n1
coda_6_2854_direction_n1,6,direction,BASE_rule,1,n1
coda_6_2855_counting_n1,6,counting,BASE_rule,0,n1
coda_6_2857_counting_n1,6,counting,BASE_rule,0,n1
coda_6_2859_nearest_class_n1,6,nearest_class,BASE_rule,0,n1
coda_6_4502_nearest_dist_n1,6,nearest_dist,BASE_rule,0,n1
coda_6_4509_direction_n1,6,direction,BASE_rule,0,n1
coda_6_4515_path_object_n1,6,path_object,BASE_rule,0,n1
coda_6_4524_counting_n1,6,counting,BASE_rule,0,n1
coda_6_4529_nearest_class_n1,6,nearest_class,BASE_rule,0,n1
coda_6_4533_nearest_dist_n1,6,nearest_dist,BASE_rule,1,n1
coda_6_4601_counting_n1,6,counting,BASE_rule,0,n1
coda_6_4603_counting_n1,6,counting,BASE_rule,1,n1
coda_6_4607_counting_n1,6,counting,BASE_rule,0,n1
coda_6_4611_direction_n1,6,direction,BASE_rule,0,n1
coda_6_4618_nearest_dist_n1,6,nearest_dist,BASE_rule,1,n1
coda_6_4619_direction_n1,6,direction,BASE_rule,0,n1
coda_6_4662_counting_n1,6,counting,BASE_rule,0,n1
coda_6_4664_counting_n1,6,counting,BASE_rule,0,n1
coda_6_4740_nearest_class_n1,6,nearest_class,BASE_rule,0,n1
coda_6_4741_nearest_dist_n1,6,nearest_dist,BASE_rule,0,n1
coda_6_4747_direction_n1,6,direction,BASE_rule,1,n1
coda_6_4750_counting_n1,6,counting,BASE_rule,0,n1
coda_6_4756_counting_n1,6,counting,BASE_rule,1,n1
coda_6_4757_nearest_class_n1,6,nearest_class,BASE_rule,0,n1
coda_6_4764_nearest_dist_n1,6,nearest_dist,BASE_rule,0,n1
coda_6_4769_direction_n1,6,direction,BASE_rule,0,n1
coda_6_4772_counting_n1,6,counting,BASE_rule,1,n1
coda_6_4773_counting_n1,6,counting,BASE_rule,1,n1
coda_6_4776_nearest_class_n1,6,nearest_class,BASE_rule,0,n1
coda_6_5518_nearest_dist_n1,6,nearest_dist,BASE_rule,0,n1
coda_6_5526_direction_n1,6,direction,BASE_rule,1,n1
coda_6_5528_counting_n1,6,counting,BASE_rule,0,n1
coda_6_5534_counting_n1,6,counting,BASE_rule,0,n1
coda_6_5578_direction_n1,6,direction,BASE_rule,1,n1
coda_6_5581_direction_n1,6,direction,BASE_rule,1,n1
coda_6_5584_direction_n1,6,direction,BASE_rule,1,n1
coda_6_5632_counting_n1,6,counting,BASE_rule,1,n1
coda_6_5634_counting_n1,6,counting,BASE_rule,0,n1
coda_6_5635_nearest_class_n1,6,nearest_class,BASE_rule,0,n1
coda_6_5645_nearest_dist_n1,6,nearest_dist,BASE_rule,0,n1
coda_6_5646_direction_n1,6,direction,BASE_rule,0,n1
coda_6_5680_nearest_class_n1,6,nearest_class,BASE_rule,0,n1
coda_6_5685_counting_n1,6,counting,BASE_rule,1,n1
coda_6_5691_nearest_class_n1,6,nearest_class,BASE_rule,0,n1
coda_6_5692_nearest_dist_n1,6,nearest_dist,BASE_rule,1,n1
coda_6_5693_direction_n1,6,direction,BASE_rule,0,n1
coda_6_5702_nearest_class_n1,6,nearest_class,BASE_rule,0,n1
coda_6_5705_counting_n1,6,counting,BASE_rule,0,n1
coda_6_5707_nearest_class_n1,6,nearest_class,BASE_rule,0,n1
coda_6_5710_nearest_dist_n1,6,nearest_dist,BASE_rule,0,n1
coda_6_5714_direction_n1,6,direction,BASE_rule,1,n1
coda_6_5716_counting_n1,6,counting,BASE_rule,0,n1
coda_6_5717_counting_n1,6,counting,BASE_rule,0,n1
coda_6_5721_nearest_dist_n1,6,nearest_dist,BASE_rule,1,n1
coda_6_5723_nearest_dist_n1,6,nearest_dist,BASE_rule,0,n1
coda_6_5730_direction_n1,6,direction,BASE_rule,0,n1
coda_6_5734_counting_n1,6,counting,BASE_rule,0,n1
coda_6_8483_counting_n1,6,counting,BASE_rule,0,n1
coda_6_8484_nearest_class_n1,6,nearest_class,BASE_rule,0,n1
coda_6_8485_nearest_dist_n1,6,nearest_dist,BASE_rule,0,n1
coda_6_8487_direction_n1,6,direction,BASE_rule,0,n1
coda_6_8494_path_object_n1,6,path_object,BASE_rule,0,n1
coda_6_8495_counting_n1,6,counting,BASE_rule,0,n1
coda_6_8500_nearest_class_n1,6,nearest_class,BASE_rule,0,n1
coda_6_8504_nearest_dist_n1,6,nearest_dist,BASE_rule,1,n1
coda_6_8509_path_object_n1,6,path_object,BASE_rule,0,n1
coda_6_8656_path_object_n1,6,path_object,BASE_rule,1,n1
coda_6_8657_nearest_dist_n1,6,nearest_dist,BASE_rule,1,n1
coda_6_8660_nearest_dist_n1,6,nearest_dist,BASE_rule,0,n1
coda_6_8822_direction_n1,6,direction,BASE_rule,0,n1
coda_6_8824_direction_n1,6,direction,BASE_rule,1,n1
coda_6_8829_nearest_dist_n1,6,nearest_dist,BASE_rule,1,n1
coda_6_8835_counting_n1,6,counting,BASE_rule,0,n1
coda_6_8839_nearest_dist_n1,6,nearest_dist,BASE_rule,0,n1
coda_6_8840_nearest_dist_n1,6,nearest_dist,BASE_rule,0,n1
coda_6_8852_direction_n1,6,direction,BASE_rule,1,n1
coda_6_8920_path_object_n1,6,path_object,BASE_rule,0,n1
coda_6_8922_counting_n1,6,counting,BASE_rule,1,n1
coda_6_9135_direction_n1,6,direction,BASE_rule,0,n1
coda_6_9141_nearest_dist_n1,6,nearest_dist,BASE_rule,1,n1
coda_7_12955_direction_n1,7,direction,BASE_rule,0,n1
coda_7_12956_path_object_n1,7,path_object,BASE_rule,1,n1
coda_7_12957_nearest_class_n1,7,nearest_class,BASE_rule,0,n1
coda_7_12967_nearest_class_n1,7,nearest_class,BASE_rule,1,n1
coda_7_12971_nearest_dist_n1,7,nearest_dist,BASE_rule,0,n1
coda_7_12975_direction_n1,7,direction,BASE_rule,0,n1
coda_7_12979_path_object_n1,7,path_object,BASE_rule,0,n1
coda_7_13023_counting_n1,7,counting,BASE_rule,0,n1
coda_7_13027_nearest_class_n1,7,nearest_class,BASE_rule,1,n1
coda_7_13028_path_object_n1,7,path_object,BASE_rule,1,n1
coda_7_13030_path_object_n1,7,path_object,BASE_rule,0,n1
coda_7_13040_path_object_n1,7,path_object,BASE_rule,1,n1
coda_7_13045_counting_n1,7,counting,BASE_rule,1,n1
coda_7_13047_nearest_class_n1,7,nearest_class,BASE_rule,0,n1
coda_7_14701_direction_n1,7,direction,BASE_rule,1,n1
coda_7_14879_direction_n1,7,direction,BASE_rule,1,n1
coda_7_14924_counting_n1,7,counting,BASE_rule,0,n1
coda_7_14927_counting_n1,7,counting,BASE_rule,0,n1
coda_7_14972_nearest_class_n1,7,nearest_class,BASE_rule,0,n1
coda_7_14973_nearest_dist_n1,7,nearest_dist,BASE_rule,1,n1
coda_7_14975_direction_n1,7,direction,BASE_rule,0,n1
coda_7_14985_path_object_n1,7,path_object,BASE_rule,0,n1
coda_7_14986_nearest_class_n1,7,nearest_class,BASE_rule,1,n1
coda_7_15069_nearest_class_n1,7,nearest_class,BASE_rule,0,n1
coda_7_15070_nearest_dist_n1,7,nearest_dist,BASE_rule,1,n1
coda_7_15072_direction_n1,7,direction,BASE_rule,0,n1
coda_7_15075_path_object_n1,7,path_object,BASE_rule,0,n1
coda_7_15079_counting_n1,7,counting,BASE_rule,0,n1
coda_7_15084_nearest_class_n1,7,nearest_class,BASE_rule,0,n1
coda_7_15088_nearest_dist_n1,7,nearest_dist,BASE_rule,1,n1
coda_7_15101_direction_n1,7,direction,BASE_rule,1,n1
coda_7_15111_path_object_n1,7,path_object,BASE_rule,0,n1
coda_7_15114_counting_n1,7,counting,BASE_rule,0,n1
coda_7_15199_nearest_class_n1,7,nearest_class,BASE_rule,0,n1
coda_7_15206_nearest_dist_n1,7,nearest_dist,BASE_rule,1,n1
coda_7_15212_direction_n1,7,direction,BASE_rule,0,n1
coda_7_15219_path_object_n1,7,path_object,BASE_rule,0,n1
coda_7_15258_counting_n1,7,counting,BASE_rule,1,n1
coda_7_15308_nearest_class_n1,7,nearest_class,BASE_rule,1,n1
coda_7_15313_direction_n1,7,direction,BASE_rule,0,n1
coda_7_15316_direction_n1,7,direction,BASE_rule,1,n1
coda_7_15318_path_object_n1,7,path_object,BASE_rule,0,n1
coda_7_15322_counting_n1,7,counting,BASE_rule,0,n1
coda_7_15331_nearest_class_n1,7,nearest_class,BASE_rule,0,n1
coda_7_15333_direction_n1,7,direction,BASE_rule,0,n1
coda_7_4781_direction_n1,7,direction,BASE_rule,0,n1
coda_7_4850_counting_n1,7,counting,BASE_rule,0,n1
coda_7_4853_counting_n1,7,counting,BASE_rule,0,n1
coda_7_4971_nearest_class_n1,7,nearest_class,BASE_rule,0,n1
coda_7_6615_nearest_dist_n1,7,nearest_dist,BASE_rule,1,n1
coda_7_6622_direction_n1,7,direction,BASE_rule,0,n1
coda_7_6623_path_object_n1,7,path_object,BASE_rule,1,n1
coda_7_6625_counting_n1,7,counting,BASE_rule,0,n1
coda_7_6686_nearest_class_n1,7,nearest_class,BASE_rule,1,n1
coda_7_6693_nearest_dist_n1,7,nearest_dist,BASE_rule,0,n1
coda_7_6698_direction_n1,7,direction,BASE_rule,0,n1
coda_7_6699_path_object_n1,7,path_object,BASE_rule,1,n1
coda_7_6701_counting_n1,7,counting,BASE_rule,0,n1
coda_7_6711_nearest_class_n1,7,nearest_class,BASE_rule,0,n1
coda_7_6712_direction_n1,7,direction,BASE_rule,0,n1
coda_7_6714_direction_n1,7,direction,BASE_rule,1,n1
coda_7_6772_nearest_dist_n1,7,nearest_dist,BASE_rule,1,n1
coda_7_6775_counting_n1,7,counting,BASE_rule,0,n1
coda_7_6777_nearest_dist_n1,7,nearest_dist,BASE_rule,0,n1
coda_7_6780_counting_n1,7,counting,BASE_rule,0,n1
coda_7_6790_direction_n1,7,direction,BASE_rule,1,n1
coda_7_8412_counting_n1,7,counting,BASE_rule,1,n1
coda_7_8414_counting_n1,7,counting,BASE_rule,1,n1
coda_7_8415_nearest_dist_n1,7,nearest_dist,BASE_rule,0,n1
coda_7_8418_nearest_dist_n1,7,nearest_dist,BASE_rule,0,n1
coda_7_8421_direction_n1,7,direction,BASE_rule,0,n1
coda_7_8425_counting_n1,7,counting,BASE_rule,1,n1
coda_8_631_counting_n1,8,counting,BASE_rule,0,n1
coda_9_1531_nearest_dist_n1,9,nearest_dist,BASE_rule,0,n1
coda_9_1532_nearest_dist_n1,9,nearest_dist,BASE_rule,0,n1
coda_9_1538_direction_n1,9,direction,BASE_rule,0,n1
coda_9_1539_path_object_n1,9,path_object,BASE_rule,0,n1
coda_9_1549_counting_n1,9,counting,BASE_rule,1,n1
coda_9_1550_nearest_class_n1,9,nearest_class,BASE_rule,0,n1
coda_9_1551_nearest_dist_n1,9,nearest_dist,BASE_rule,0,n1
coda_9_1552_direction_n1,9,direction,BASE_rule,1,n1
coda_9_1586_counting_n1,9,counting,BASE_rule,1,n1
coda_9_1637_counting_n1,9,counting,BASE_rule,0,n1
coda_9_1641_nearest_class_n1,9,nearest_class,BASE_rule,0,n1
coda_9_1644_nearest_dist_n1,9,nearest_dist,BASE_rule,0,n1
coda_9_1646_direction_n1,9,direction,BASE_rule,0,n1
coda_9_1648_counting_n1,9,counting,BASE_rule,0,n1
coda_9_2495_counting_n1,9,counting,BASE_rule,1,n1
coda_9_2501_nearest_class_n1,9,nearest_class,BASE_rule,1,n1
coda_9_2505_nearest_dist_n1,9,nearest_dist,BASE_rule,0,n1
coda_9_2506_direction_n1,9,direction,BASE_rule,0,n1
coda_9_2507_counting_n1,9,counting,BASE_rule,0,n1
coda_9_2644_counting_n1,9,counting,BASE_rule,0,n1
coda_9_2647_nearest_dist_n1,9,nearest_dist,BASE_rule,0,n1
coda_9_6680_direction_n1,9,direction,BASE_rule,0,n1
coda_9_6719_direction_n1,9,direction,BASE_rule,1,n1
coda_9_6720_path_object_n1,9,path_object,BASE_rule,0,n1
coda_9_6728_counting_n1,9,counting,BASE_rule,0,n1
coda_9_6785_nearest_class_n1,9,nearest_class,BASE_rule,0,n1
coda_9_6787_nearest_dist_n1,9,nearest_dist,BASE_rule,1,n1
coda_9_6797_direction_n1,9,direction,BASE_rule,1,n1
coda_9_6798_path_object_n1,9,path_object,BASE_rule,0,n1
coda_9_6800_counting_n1,9,counting,BASE_rule,0,n1
coda_9_8515_nearest_class_n1,9,nearest_class,BASE_rule,0,n1
coda_9_8519_nearest_dist_n1,9,nearest_dist,BASE_rule,0,n1
coda_9_8536_direction_n1,9,direction,BASE_rule,0,n1
coda_9_8537_path_object_n1,9,path_object,BASE_rule,0,n1
coda_9_8540_counting_n1,9,counting,BASE_rule,1,n1
coda_9_8545_nearest_class_n1,9,nearest_class,BASE_rule,1,n1
coda_9_8551_nearest_dist_n1,9,nearest_dist,BASE_rule,0,n1
coda_9_8553_direction_n1,9,direction,BASE_rule,0,n1
coda_9_8559_counting_n1,9,counting,BASE_rule,1,n1
coda_9_8561_counting_n1,9,counting,BASE_rule,1,n1
coda_9_8562_nearest_class_n1,9,nearest_class,BASE_rule,1,n1
coda_9_8566_nearest_dist_n1,9,nearest_dist,BASE_rule,0,n1
coda_9_8567_direction_n1,9,direction,BASE_rule,0,n1
coda_9_8571_path_object_n1,9,path_object,BASE_rule,0,n1
coda_9_8604_counting_n1,9,counting,BASE_rule,1,n1
coda_9_8606_nearest_dist_n1,9,nearest_dist,BASE_rule,1,n1
coda_9_8612_nearest_dist_n1,9,nearest_dist,BASE_rule,0,n1
coda_9_8616_direction_n1,9,direction,BASE_rule,0,n1
coda_9_8681_counting_n1,9,counting,BASE_rule,1,n1
coda_9_8684_counting_n1,9,counting,BASE_rule,1,n1
coda_9_8838_nearest_class_n1,9,nearest_class,BASE_rule,1,n1
coda_9_8841_nearest_dist_n1,9,nearest_dist,BASE_rule,0,n1
coda_9_8842_direction_n1,9,direction,BASE_rule,0,n1
coda_9_8845_counting_n1,9,counting,BASE_rule,0,n1
coda_9_9352_counting_n1,9,counting,BASE_rule,1,n1
coda_9_9354_nearest_class_n1,9,nearest_class,BASE_rule,1,n1
coda_9_9361_nearest_dist_n1,9,nearest_dist,BASE_rule,1,n1
coda_9_9363_direction_n1,9,direction,BASE_rule,1,n1
coda_9_9368_path_object_n1,9,path_object,BASE_rule,1,n1
coda_9_9371_counting_n1,9,counting,BASE_rule,0,n1
coda_9_9372_nearest_dist_n1,9,nearest_dist,BASE_rule,0,n1
coda_9_9377_direction_n1,9,direction,BASE_rule,0,n1
coda_9_9380_direction_n1,9,direction,BASE_rule,0,n1
coda_9_9382_path_object_n1,9,path_object,BASE_rule,1,n1
coda_9_9394_counting_n1,9,counting,BASE_rule,0,n1
coda_9_9398_direction_n1,9,direction,BASE_rule,0,n1
coda_9_9466_nearest_dist_n1,9,nearest_dist,BASE_rule,1,n1
coda_9_9467_direction_n1,9,direction,BASE_rule,1,n1
coda_9_9469_counting_n1,9,counting,BASE_rule,0,n1
coda_9_9471_counting_n1,9,counting,BASE_rule,0,n1
coda_9_9577_nearest_class_n1,9,nearest_class,BASE_rule,1,n1
coda_9_9578_nearest_dist_n1,9,nearest_dist,BASE_rule,0,n1
coda_9_9579_counting_n1,9,counting,BASE_rule,1,n1
coda_9_9582_counting_n1,9,counting,BASE_rule,0,n1
coda_9_9588_counting_n1,9,counting,BASE_rule,0,n1
coda_9_9589_nearest_class_n1,9,nearest_class,BASE_rule,0,n1
coda_9_9595_nearest_dist_n1,9,nearest_dist,BASE_rule,1,n1
coda_0_421_counting_n1,0,counting,BASE_logreg,0,n1
coda_0_422_nearest_dist_n1,0,nearest_dist,BASE_logreg,0,n1
coda_0_429_nearest_dist_n1,0,nearest_dist,BASE_logreg,0,n1
coda_0_436_direction_n1,0,direction,BASE_logreg,0,n1
coda_0_4797_path_object_n1,0,path_object,BASE_logreg,0,n1
coda_0_4803_counting_n1,0,counting,BASE_logreg,0,n1
coda_0_4804_nearest_class_n1,0,nearest_class,BASE_logreg,1,n1
coda_0_4805_nearest_dist_n1,0,nearest_dist,BASE_logreg,0,n1
coda_0_4809_direction_n1,0,direction,BASE_logreg,1,n1
coda_0_4813_path_object_n1,0,path_object,BASE_logreg,0,n1
coda_0_4815_counting_n1,0,counting,BASE_logreg,0,n1
coda_0_4818_nearest_class_n1,0,nearest_class,BASE_logreg,1,n1
coda_0_4821_nearest_dist_n1,0,nearest_dist,BASE_logreg,1,n1
coda_0_4902_direction_n1,0,direction,BASE_logreg,0,n1
coda_0_4907_path_object_n1,0,path_object,BASE_logreg,1,n1
coda_0_4908_counting_n1,0,counting,BASE_logreg,0,n1
coda_0_4910_nearest_class_n1,0,nearest_class,BASE_logreg,1,n1
coda_0_4914_nearest_dist_n1,0,nearest_dist,BASE_logreg,0,n1
coda_0_4916_direction_n1,0,direction,BASE_logreg,1,n1
coda_0_4924_nearest_class_n1,0,nearest_class,BASE_logreg,1,n1
coda_0_4925_counting_n1,0,counting,BASE_logreg,0,n1
coda_0_4926_nearest_class_n1,0,nearest_class,BASE_logreg,1,n1
coda_0_4930_nearest_dist_n1,0,nearest_dist,BASE_logreg,0,n1
coda_0_507_direction_n1,0,direction,BASE_logreg,1,n1
coda_0_508_path_object_n1,0,path_object,BASE_logreg,0,n1
coda_0_514_counting_n1,0,counting,BASE_logreg,0,n1
coda_0_520_nearest_class_n1,0,nearest_class,BASE_logreg,1,n1
coda_0_525_nearest_dist_n1,0,nearest_dist,BASE_logreg,0,n1
coda_0_526_direction_n1,0,direction,BASE_logreg,0,n1
coda_0_570_path_object_n1,0,path_object,BASE_logreg,0,n1
coda_0_5704_counting_n1,0,counting,BASE_logreg,0,n1
coda_0_5707_nearest_class_n1,0,nearest_class,BASE_logreg,1,n1
coda_0_571_nearest_dist_n1,0,nearest_dist,BASE_logreg,0,n1
coda_0_5710_direction_n1,0,direction,BASE_logreg,0,n1
coda_0_5712_counting_n1,0,counting,BASE_logreg,1,n1
coda_0_572_nearest_class_n1,0,nearest_class,BASE_logreg,0,n1
coda_0_5752_nearest_class_n1,0,nearest_class,BASE_logreg,0,n1
coda_0_5753_nearest_dist_n1,0,nearest_dist,BASE_logreg,0,n1
coda_0_5754_direction_n1,0,direction,BASE_logreg,0,n1
coda_0_5787_path_object_n1,0,path_object,BASE_logreg,0,n1
coda_0_5788_counting_n1,0,counting,BASE_logreg,0,n1
coda_0_583_nearest_class_n1,0,nearest_class,BASE_logreg,0,n1
coda_0_621_direction_n1,0,direction,BASE_logreg,1,n1
coda_0_634_direction_n1,0,direction,BASE_logreg,0,n1
coda_10_11540_path_object_n1,10,path_object,BASE_logreg,1,n1
coda_10_11542_counting_n1,10,counting,BASE_logreg,0,n1
coda_10_11546_nearest_class_n1,10,nearest_class,BASE_logreg,0,n1
coda_10_11584_nearest_dist_n1,10,nearest_dist,BASE_logreg,0,n1
coda_10_2039_direction_n1,10,direction,BASE_logreg,1,n1
coda_10_2043_counting_n1,10,counting,BASE_logreg,1,n1
coda_10_2044_counting_n1,10,counting,BASE_logreg,1,n1
coda_10_2051_nearest_class_n1,10,nearest_class,BASE_logreg,0,n1
coda_10_2114_nearest_dist_n1,10,nearest_dist,BASE_logreg,0,n1
coda_10_2123_direction_n1,10,direction,BASE_logreg,1,n1
coda_10_2124_counting_n1,10,counting,BASE_logreg,0,n1
coda_10_2129_counting_n1,10,counting,BASE_logreg,1,n1
coda_10_2131_nearest_class_n1,10,nearest_class,BASE_logreg,1,n1
coda_10_2132_nearest_dist_n1,10,nearest_dist,BASE_logreg,0,n1
coda_10_2133_direction_n1,10,direction,BASE_logreg,0,n1
coda_10_2137_counting_n1,10,counting,BASE_logreg,1,n1
coda_10_2144_counting_n1,10,counting,BASE_logreg,0,n1
coda_10_5816_nearest_dist_n1,10,nearest_dist,BASE_logreg,0,n1
coda_10_5819_nearest_dist_n1,10,nearest_dist,BASE_logreg,0,n1
coda_10_5862_direction_n1,10,direction,BASE_logreg,0,n1
coda_10_5863_counting_n1,10,counting,BASE_logreg,0,n1
coda_10_5865_counting_n1,10,counting,BASE_logreg,0,n1
coda_10_5866_nearest_dist_n1,10,nearest_dist,BASE_logreg,0,n1
coda_10_5872_nearest_dist_n1,10,nearest_dist,BASE_logreg,0,n1
coda_10_6000_direction_n1,10,direction,BASE_logreg,0,n1
coda_10_6001_counting_n1,10,counting,BASE_logreg,0,n1
coda_10_6004_counting_n1,10,counting,BASE_logreg,0,n1
coda_10_8369_nearest_class_n1,10,nearest_class,BASE_logreg,0,n1
coda_10_8372_path_object_n1,10,path_object,BASE_logreg,1,n1
coda_10_8378_direction_n1,10,direction,BASE_logreg,0,n1
coda_10_8424_path_object_n1,10,path_object,BASE_logreg,1,n1
coda_10_8429_counting_n1,10,counting,BASE_logreg,0,n1
coda_10_8430_nearest_class_n1,10,nearest_class,BASE_logreg,1,n1
coda_10_8431_nearest_dist_n1,10,nearest_dist,BASE_logreg,0,n1
coda_10_8433_direction_n1,10,direction,BASE_logreg,0,n1
coda_10_9306_path_object_n1,10,path_object,BASE_logreg,1,n1
coda_10_9309_counting_n1,10,counting,BASE_logreg,0,n1
coda_10_9347_nearest_class_n1,10,nearest_class,BASE_logreg,0,n1
coda_10_9350_nearest_dist_n1,10,nearest_dist,BASE_logreg,0,n1
coda_10_9356_direction_n1,10,direction,BASE_logreg,0,n1
coda_10_9392_path_object_n1,10,path_object,BASE_logreg,0,n1
coda_10_9395_counting_n1,10,counting,BASE_logreg,1,n1
coda_10_9396_nearest_class_n1,10,nearest_class,BASE_logreg,1,n1
coda_11_1747_nearest_dist_n1,11,nearest_dist,BASE_logreg,0,n1
coda_11_1749_counting_n1,11,counting,BASE_logreg,0,n1
coda_11_1756_counting_n1,11,counting,BASE_logreg,0,n1
coda_11_1760_counting_n1,11,counting,BASE_logreg,1,n1
coda_11_1768_nearest_class_n1,11,nearest_class,BASE_logreg,1,n1
coda_11_1777_nearest_dist_n1,11,nearest_dist,BASE_logreg,0,n1
coda_11_1783_counting_n1,11,counting,BASE_logreg,0,n1
coda_11_1787_counting_n1,11,counting,BASE_logreg,0,n1
coda_11_1790_counting_n1,11,counting,BASE_logreg,0,n1
coda_11_1792_nearest_class_n1,11,nearest_class,BASE_logreg,1,n1
coda_11_1793_nearest_dist_n1,11,nearest_dist,BASE_logreg,0,n1
coda_11_1794_counting_n1,11,counting,BASE_logreg,0,n1
coda_11_1799_counting_n1,11,counting,BASE_logreg,0,n1
coda_11_1800_counting_n1,11,counting,BASE_logreg,1,n1
coda_11_1906_nearest_class_n1,11,nearest_class,BASE_logreg,1,n1
coda_11_1907_direction_n1,11,direction,BASE_logreg,0,n1
coda_11_1914_direction_n1,11,direction,BASE_logreg,0,n1
coda_11_1916_counting_n1,11,counting,BASE_logreg,0,n1
coda_11_1924_counting_n1,11,counting,BASE_logreg,1,n1
coda_11_1928_nearest_class_n1,11,nearest_class,BASE_logreg,0,n1
coda_11_1932_nearest_dist_n1,11,nearest_dist,BASE_logreg,1,n1
coda_11_1935_direction_n1,11,direction,BASE_logreg,0,n1
coda_11_1939_path_object_n1,11,path_object,BASE_logreg,1,n1
coda_11_1942_counting_n1,11,counting,BASE_logreg,1,n1
coda_11_2057_nearest_class_n1,11,nearest_class,BASE_logreg,0,n1
coda_11_2064_direction_n1,11,direction,BASE_logreg,0,n1
coda_11_2073_direction_n1,11,direction,BASE_logreg,0,n1
coda_11_2081_path_object_n1,11,path_object,BASE_logreg,1,n1
coda_11_2082_counting_n1,11,counting,BASE_logreg,0,n1
coda_11_2084_nearest_class_n1,11,nearest_class,BASE_logreg,1,n1
coda_11_2085_nearest_dist_n1,11,nearest_dist,BASE_logreg,1,n1
coda_11_5174_path_object_n1,11,path_object,BASE_logreg,0,n1
coda_11_5176_path_object_n1,11,path_object,BASE_logreg,0,n1
coda_11_5179_counting_n1,11,counting,BASE_logreg,0,n1
coda_11_5184_nearest_class_n1,11,nearest_class,BASE_logreg,1,n1
coda_11_5185_direction_n1,11,direction,BASE_logreg,0,n1
coda_11_5186_direction_n1,11,direction,BASE_logreg,1,n1
coda_11_5188_path_object_n1,11,path_object,BASE_logreg,1,n1
coda_11_5190_counting_n1,11,counting,BASE_logreg,0,n1
coda_11_5194_nearest_class_n1,11,nearest_class,BASE_logreg,1,n1
coda_11_5197_path_object_n1,11,path_object,BASE_logreg,0,n1
coda_11_5205_path_object_n1,11,path_object,BASE_logreg,0,n1
coda_11_5207_path_object_n1,11,path_object,BASE_logreg,0,n1
coda_11_5627_counting_n1,11,counting,BASE_logreg,1,n1
coda_11_5660_nearest_dist_n1,11,nearest_dist,BASE_logreg,0,n1
coda_11_5661_nearest_dist_n1,11,nearest_dist,BASE_logreg,0,n1
coda_11_5667_direction_n1,11,direction,BASE_logreg,0,n1
coda_11_5668_counting_n1,11,counting,BASE_logreg,1,n1
coda_11_5671_counting_n1,11,counting,BASE_logreg,0,n1
coda_11_5674_nearest_dist_n1,11,nearest_dist,BASE_logreg,0,n1
coda_11_5769_nearest_dist_n1,11,nearest_dist,BASE_logreg,1,n1
coda_11_5776_direction_n1,11,direction,BASE_logreg,0,n1
coda_11_5785_counting_n1,11,counting,BASE_logreg,1,n1
coda_12_10418_counting_n1,12,counting,BASE_logreg,1,n1
coda_12_10422_nearest_class_n1,12,nearest_class,BASE_logreg,1,n1
coda_12_10423_nearest_dist_n1,12,nearest_dist,BASE_logreg,0,n1
coda_12_10428_direction_n1,12,direction,BASE_logreg,0,n1
coda_12_10438_counting_n1,12,counting,BASE_logreg,0,n1
coda_12_10442_counting_n1,12,counting,BASE_logreg,1,n1
coda_12_10445_nearest_class_n1,12,nearest_class,BASE_logreg,1,n1
coda_12_10446_nearest_dist_n1,12,nearest_dist,BASE_logreg,1,n1
coda_12_10537_path_object_n1,12,path_object,BASE_logreg,0,n1
coda_12_10550_path_object_n1,12,path_object,BASE_logreg,1,n1
coda_12_11507_counting_n1,12,counting,BASE_logreg,0,n1
coda_12_11508_nearest_class_n1,12,nearest_class,BASE_logreg,1,n1
coda_12_11526_nearest_dist_n1,12,nearest_dist,BASE_logreg,0,n1
coda_12_11529_direction_n1,12,direction,BASE_logreg,0,n1
coda_12_11592_path_object_n1,12,path_object,BASE_logreg,0,n1
coda_12_11594_counting_n1,12,counting,BASE_logreg,1,n1
coda_12_11599_nearest_class_n1,12,nearest_class,BASE_logreg,0,n1
coda_12_11600_nearest_dist_n1,12,nearest_dist,BASE_logreg,1,n1
coda_12_11605_direction_n1,12,direction,BASE_logreg,0,n1
coda_12_11618_path_object_n1,12,path_object,BASE_logreg,1,n1
coda_12_2675_counting_n1,12,counting,BASE_logreg,0,n1
coda_12_2676_direction_n1,12,direction,BASE_logreg,0,n1
coda_12_2681_direction_n1,12,direction,BASE_logreg,0,n1
coda_12_2687_direction_n1,12,direction,BASE_logreg,0,n1
coda_12_2697_path_object_n1,12,path_object,BASE_logreg,1,n1
coda_12_2700_counting_n1,12,counting,BASE_logreg,0,n1
coda_12_2863_nearest_class_n1,12,nearest_class,BASE_logreg,0,n1
coda_12_2864_nearest_dist_n1,12,nearest_dist,BASE_logreg,0,n1
coda_12_2867_path_object_n1,12,path_object,BASE_logreg,1,n1
coda_12_2871_path_object_n1,12,path_object,BASE_logreg,0,n1
coda_12_2877_counting_n1,12,counting,BASE_logreg,1,n1
coda_12_2883_nearest_class_n1,12,nearest_class,BASE_logreg,1,n1
coda_12_2887_path_object_n1,12,path_object,BASE_logreg,1,n1
coda_12_2890_path_object_n1,12,path_object,BASE_logreg,1,n1
coda_12_2892_counting_n1,12,counting,BASE_logreg,0,n1
coda_12_2893_counting_n1,12,counting,BASE_logreg,0,n1
coda_12_2896_direction_n1,12,direction,BASE_logreg,0,n1
coda_12_2903_nearest_dist_n1,12,nearest_dist,BASE_logreg,1,n1
coda_12_2905_direction_n1,12,direction,BASE_logreg,0,n1
coda_13_10067_path_object_n1,13,path_object,BASE_logreg,0,n1
coda_13_10070_nearest_class_n1,13,nearest_class,BASE_logreg,0,n1
coda_13_10072_nearest_class_n1,13,nearest_class,BASE_logreg,1,n1
coda_13_10081_nearest_dist_n1,13,nearest_dist,BASE_logreg,0,n1
coda_13_10414_path_object_n1,13,path_object,BASE_logreg,0,n1
coda_13_10415_path_object_n1,13,path_object,BASE_logreg,0,n1
coda_13_10426_nearest_class_n1,13,nearest_class,BASE_logreg,1,n1
coda_13_10431_nearest_class_n1,13,nearest_class,BASE_logreg,0,n1
coda_13_10441_nearest_dist_n1,13,nearest_dist,BASE_logreg,0,n1
coda_13_10449_path_object_n1,13,path_object,BASE_logreg,1,n1
coda_13_10457_path_object_n1,13,path_object,BASE_logreg,0,n1
coda_13_10458_counting_n1,13,counting,BASE_logreg,1,n1
coda_13_10462_nearest_class_n1,13,nearest_class,BASE_logreg,1,n1
coda_13_10470_nearest_dist_n1,13,nearest_dist,BASE_logreg,0,n1
coda_13_10472_direction_n1,13,direction,BASE_logreg,1,n1
coda_13_10477_path_object_n1,13,path_object,BASE_logreg,1,n1
coda_13_10478_counting_n1,13,counting,BASE_logreg,0,n1
coda_13_10479_nearest_class_n1,13,nearest_class,BASE_logreg,0,n1
coda_13_10487_nearest_dist_n1,13,nearest_dist,BASE_logreg,1,n1
coda_13_10489_direction_n1,13,direction,BASE_logreg,1,n1
coda_13_10490_path_object_n1,13,path_object,BASE_logreg,0,n1
coda_13_10494_counting_n1,13,counting,BASE_logreg,1,n1
coda_13_1050_nearest_class_n1,13,nearest_class,BASE_logreg,0,n1
coda_13_10500_nearest_dist_n1,13,nearest_dist,BASE_logreg,0,n1
coda_13_10518_direction_n1,13,direction,BASE_logreg,0,n1
coda_13_10522_path_object_n1,13,path_object,BASE_logreg,1,n1
coda_13_10526_counting_n1,13,counting,BASE_logreg,0,n1
coda_13_10576_nearest_class_n1,13,nearest_class,BASE_logreg,0,n1
coda_13_10578_direction_n1,13,direction,BASE_logreg,0,n1
coda_13_10612_direction_n1,13,direction,BASE_logreg,0,n1
coda_13_10670_path_object_n1,13,path_object,BASE_logreg,0,n1
coda_13_10677_counting_n1,13,counting,BASE_logreg,0,n1
coda_13_10679_nearest_class_n1,13,nearest_class,BASE_logreg,0,n1
coda_13_10683_nearest_dist_n1,13,nearest_dist,BASE_logreg,1,n1
coda_13_10686_direction_n1,13,direction,BASE_logreg,1,n1
coda_13_10694_path_object_n1,13,path_object,BASE_logreg,0,n1
coda_13_10733_nearest_class_n1,13,nearest_class,BASE_logreg,0,n1
coda_13_10834_nearest_class_n1,13,nearest_class,BASE_logreg,0,n1
coda_13_10838_path_object_n1,13,path_object,BASE_logreg,1,n1
coda_13_1092_direction_n1,13,direction,BASE_logreg,0,n1
coda_13_11003_path_object_n1,13,path_object,BASE_logreg,0,n1
coda_13_11005_counting_n1,13,counting,BASE_logreg,1,n1
coda_13_11072_nearest_class_n1,13,nearest_class,BASE_logreg,0,n1
coda_13_11077_nearest_dist_n1,13,nearest_dist,BASE_logreg,0,n1
coda_13_11088_path_object_n1,13,path_object,BASE_logreg,0,n1
coda_13_11093_path_object_n1,13,path_object,BASE_logreg,0,n1
coda_13_11105_nearest_class_n1,13,nearest_class,BASE_logreg,0,n1
coda_13_11107_nearest_class_n1,13,nearest_class,BASE_logreg,0,n1
coda_13_11110_direction_n1,13,direction,BASE_logreg,0,n1
coda_13_11140_direction_n1,13,direction,BASE_logreg,1,n1
coda_13_11148_path_object_n1,13,path_object,BASE_logreg,1,n1
coda_13_11152_nearest_class_n1,13,nearest_class,BASE_logreg,0,n1
coda_13_11158_nearest_class_n1,13,nearest_class,BASE_logreg,1,n1
coda_13_11163_nearest_dist_n1,13,nearest_dist,BASE_logreg,0,n1
coda_13_11167_direction_n1,13,direction,BASE_logreg,0,n1
coda_13_11202_path_object_n1,13,path_object,BASE_logreg,0,n1
coda_13_11204_counting_n1,13,counting,BASE_logreg,1,n1
coda_13_11205_nearest_class_n1,13,nearest_class,BASE_logreg,0,n1
coda_13_11206_nearest_dist_n1,13,nearest_dist,BASE_logreg,0,n1
coda_13_11215_direction_n1,13,direction,BASE_logreg,1,n1
coda_13_11222_path_object_n1,13,path_object,BASE_logreg,0,n1
coda_13_11226_counting_n1,13,counting,BASE_logreg,1,n1
coda_13_11229_nearest_class_n1,13,nearest_class,BASE_logreg,0,n1
coda_13_11230_nearest_dist_n1,13,nearest_dist,BASE_logreg,0,n1
coda_13_1126_direction_n1,13,direction,BASE_logreg,1,n1
coda_13_11266_counting_n1,13,counting,BASE_logreg,0,n1
coda_13_1129_counting_n1,13,counting,BASE_logreg,1,n1
coda_13_1130_nearest_class_n1,13,nearest_class,BASE_logreg,1,n1
coda_13_1131_nearest_dist_n1,13,nearest_dist,BASE_logreg,0,n1
coda_13_1139_direction_n1,13,direction,BASE_logreg,0,n1
coda_13_1141_path_object_n1,13,path_object,BASE_logreg,0,n1
coda_13_1142_counting_n1,13,counting,BASE_logreg,0,n1
coda_13_1146_nearest_class_n1,13,nearest_class,BASE_logreg,1,n1
coda_13_1148_nearest_dist_n1,13,nearest_dist,BASE_logreg,1,n1
coda_13_1149_direction_n1,13,direction,BASE_logreg,1,n1
coda_13_1181_path_object_n1,13,path_object,BASE_logreg,0,n1
coda_13_11900_counting_n1,13,counting,BASE_logreg,0,n1
coda_13_11909_nearest_class_n1,13,nearest_class,BASE_logreg,0,n1
coda_13_1191_direction_n1,13,direction,BASE_logreg,0,n1
coda_13_1198_direction_n1,13,direction,BASE_logreg,0,n1
coda_13_11996_path_object_n1,13,path_object,BASE_logreg,0,n1
coda_13_11998_counting_n1,13,counting,BASE_logreg,0,n1
coda_13_12012_nearest_class_n1,13,nearest_class,BASE_logreg,0,n1
coda_13_12015_nearest_dist_n1,13,nearest_dist,BASE_logreg,0,n1
coda_13_12016_direction_n1,13,direction,BASE_logreg,1,n1
coda_13_12022_path_object_n1,13,path_object,BASE_logreg,0,n1
coda_13_12025_nearest_class_n1,13,nearest_class,BASE_logreg,0,n1
coda_13_12026_nearest_class_n1,13,nearest_class,BASE_logreg,1,n1
coda_13_12033_path_object_n1,13,path_object,BASE_logreg,1,n1
coda_13_12036_direction_n1,13,direction,BASE_logreg,1,n1
coda_13_12038_path_object_n1,13,path_object,BASE_logreg,0,n1
coda_13_12255_counting_n1,13,counting,BASE_logreg,0,n1
coda_13_12258_nearest_class_n1,13,nearest_class,BASE_logreg,0,n1
coda_13_12260_direction_n1,13,direction,BASE_logreg,1,n1
coda_13_12275_direction_n1,13,direction,BASE_logreg,0,n1
coda_13_12281_path_object_n1,13,path_object,BASE_logreg,0,n1
coda_13_12287_counting_n1,13,counting,BASE_logreg,0,n1
coda_13_12288_direction_n1,13,direction,BASE_logreg,0,n1
coda_13_12291_direction_n1,13,direction,BASE_logreg,1,n1
coda_13_12292_direction_n1,13,direction,BASE_logreg,0,n1
coda_13_12295_path_object_n1,13,path_object,BASE_logreg,1,n1
coda_13_12298_nearest_dist_n1,13,nearest_dist,BASE_logreg,0,n1
coda_13_12299_nearest_dist_n1,13,nearest_dist,BASE_logreg,0,n1
coda_13_12354_nearest_dist_n1,13,nearest_dist,BASE_logreg,1,n1
coda_13_12355_direction_n1,13,direction,BASE_logreg,0,n1
coda_13_12363_path_object_n1,13,path_object,BASE_logreg,0,n1
coda_13_12367_counting_n1,13,counting,BASE_logreg,1,n1
coda_13_12368_nearest_class_n1,13,nearest_class,BASE_logreg,1,n1
coda_13_12372_nearest_dist_n1,13,nearest_dist,BASE_logreg,0,n1
coda_13_1801_direction_n1,13,direction,BASE_logreg,0,n1
coda_13_1803_counting_n1,13,counting,BASE_logreg,1,n1
coda_13_1808_counting_n1,13,counting,BASE_logreg,0,n1
coda_13_1812_nearest_dist_n1,13,nearest_dist,BASE_logreg,0,n1
coda_13_1814_nearest_dist_n1,13,nearest_dist,BASE_logreg,1,n1
coda_13_1844_direction_n1,13,direction,BASE_logreg,1,n1
coda_13_1875_path_object_n1,13,path_object,BASE_logreg,0,n1
coda_13_1878_counting_n1,13,counting,BASE_logreg,0,n1
coda_13_1882_nearest_dist_n1,13,nearest_dist,BASE_logreg,0,n1
coda_13_1944_direction_n1,13,direction,BASE_logreg,1,n1
coda_13_2034_direction_n1,13,direction,BASE_logreg,0,n1
coda_13_2037_path_object_n1,13,path_object,BASE_logreg,0,n1
coda_13_2041_counting_n1,13,counting,BASE_logreg,0,n1
coda_13_2054_nearest_class_n1,13,nearest_class,BASE_logreg,0,n1
coda_13_2085_nearest_dist_n1,13,nearest_dist,BASE_logreg,0,n1
coda_13_2087_direction_n1,13,direction,BASE_logreg,1,n1
coda_13_2097_path_object_n1,13,path_object,BASE_logreg,0,n1
coda_13_2099_counting_n1,13,counting,BASE_logreg,0,n1
coda_13_2175_nearest_dist_n1,13,nearest_dist,BASE_logreg,1,n1
coda_13_2181_nearest_dist_n1,13,nearest_dist,BASE_logreg,1,n1
coda_13_2188_direction_n1,13,direction,BASE_logreg,1,n1
coda_13_2190_path_object_n1,13,path_object,BASE_logreg,0,n1
coda_13_5550_counting_n1,13,counting,BASE_logreg,0,n1
coda_13_5671_nearest_class_n1,13,nearest_class,BASE_logreg,1,n1
coda_13_5674_nearest_dist_n1,13,nearest_dist,BASE_logreg,0,n1
coda_13_5684_path_object_n1,13,path_object,BASE_logreg,0,n1
coda_13_5722_path_object_n1,13,path_object,BASE_logreg,0,n1
coda_13_5727_counting_n1,13,counting,BASE_logreg,0,n1
coda_13_5729_nearest_class_n1,13,nearest_class,BASE_logreg,1,n1
coda_13_5737_nearest_dist_n1,13,nearest_dist,BASE_logreg,0,n1
coda_13_5820_direction_n1,13,direction,BASE_logreg,0,n1
coda_13_5822_path_object_n1,13,path_object,BASE_logreg,1,n1
coda_13_5826_nearest_class_n1,13,nearest_class,BASE_logreg,0,n1
coda_13_5829_nearest_class_n1,13,nearest_class,BASE_logreg,0,n1
coda_13_5831_nearest_dist_n1,13,nearest_dist,BASE_logreg,1,n1
coda_13_5893_direction_n1,13,direction,BASE_logreg,0,n1
coda_13_5896_path_object_n1,13,path_object,BASE_logreg,0,n1
coda_13_5900_nearest_class_n1,13,nearest_class,BASE_logreg,1,n1
coda_13_5901_nearest_class_n1,13,nearest_class,BASE_logreg,1,n1
coda_13_6073_direction_n1,13,direction,BASE_logreg,0,n1
coda_13_6075_direction_n1,13,direction,BASE_logreg,0,n1
coda_13_6085_path_object_n1,13,path_object,BASE_logreg,0,n1
coda_13_6089_counting_n1,13,counting,BASE_logreg,0,n1
coda_13_6122_nearest_class_n1,13,nearest_class,BASE_logreg,0,n1
coda_13_6125_nearest_dist_n1,13,nearest_dist,BASE_logreg,0,n1
coda_13_6190_direction_n1,13,direction,BASE_logreg,0,n1
coda_13_6193_counting_n1,13,counting,BASE_logreg,0,n1
coda_13_6203_counting_n1,13,counting,BASE_logreg,1,n1
coda_13_6216_nearest_dist_n1,13,nearest_dist,BASE_logreg,0,n1
coda_13_6220_nearest_dist_n1,13,nearest_dist,BASE_logreg,0,n1
coda_13_6293_direction_n1,13,direction,BASE_logreg,1,n1
coda_13_6305_counting_n1,13,counting,BASE_logreg,0,n1
coda_13_6308_counting_n1,13,counting,BASE_logreg,1,n1
coda_13_6312_nearest_dist_n1,13,nearest_dist,BASE_logreg,1,n1
coda_13_6314_nearest_dist_n1,13,nearest_dist,BASE_logreg,0,n1
coda_13_9083_direction_n1,13,direction,BASE_logreg,0,n1
coda_13_9119_path_object_n1,13,path_object,BASE_logreg,0,n1
coda_13_9120_counting_n1,13,counting,BASE_logreg,0,n1
coda_13_9125_nearest_class_n1,13,nearest_class,BASE_logreg,1,n1
coda_13_9241_nearest_dist_n1,13,nearest_dist,BASE_logreg,0,n1
coda_13_9242_direction_n1,13,direction,BASE_logreg,0,n1
coda_13_9244_path_object_n1,13,path_object,BASE_logreg,0,n1
coda_13_9443_nearest_class_n1,13,nearest_class,BASE_logreg,1,n1
coda_13_9444_nearest_class_n1,13,nearest_class,BASE_logreg,1,n1
coda_13_9451_nearest_dist_n1,13,nearest_dist,BASE_logreg,0,n1
coda_13_9562_direction_n1,13,direction,BASE_logreg,0,n1
coda_13_9662_path_object_n1,13,path_object,BASE_logreg,0,n1
coda_13_9668_counting_n1,13,counting,BASE_logreg,1,n1
coda_13_9800_nearest_class_n1,13,nearest_class,BASE_logreg,0,n1
coda_13_9801_nearest_dist_n1,13,nearest_dist,BASE_logreg,0,n1
coda_13_9802_path_object_n1,13,path_object,BASE_logreg,1,n1
coda_13_9803_path_object_n1,13,path_object,BASE_logreg,0,n1
coda_13_9863_counting_n1,13,counting,BASE_logreg,0,n1
coda_13_9880_nearest_class_n1,13,nearest_class,BASE_logreg,1,n1
coda_13_9888_nearest_dist_n1,13,nearest_dist,BASE_logreg,0,n1
coda_13_9894_direction_n1,13,direction,BASE_logreg,0,n1
coda_13_9900_path_object_n1,13,path_object,BASE_logreg,0,n1
coda_13_9977_nearest_class_n1,13,nearest_class,BASE_logreg,1,n1
coda_13_9979_nearest_class_n1,13,nearest_class,BASE_logreg,0,n1
coda_14_3847_nearest_dist_n1,14,nearest_dist,BASE_logreg,1,n1
coda_14_3851_direction_n1,14,direction,BASE_logreg,1,n1
coda_14_3852_path_object_n1,14,path_object,BASE_logreg,0,n1
coda_14_3855_counting_n1,14,counting,BASE_logreg,1,n1
coda_14_3857_nearest_class_n1,14,nearest_class,BASE_logreg,0,n1
coda_14_3867_nearest_dist_n1,14,nearest_dist,BASE_logreg,0,n1
coda_14_3868_direction_n1,14,direction,BASE_logreg,0,n1
coda_14_3869_path_object_n1,14,path_object,BASE_logreg,1,n1
coda_14_3870_counting_n1,14,counting,BASE_logreg,0,n1
coda_14_3878_nearest_dist_n1,14,nearest_dist,BASE_logreg,0,n1
coda_14_3889_nearest_dist_n1,14,nearest_dist,BASE_logreg,0,n1
coda_14_3891_direction_n1,14,direction,BASE_logreg,0,n1
coda_14_3894_path_object_n1,14,path_object,BASE_logreg,0,n1
coda_15_145_counting_n1,15,counting,BASE_logreg,1,n1
coda_15_147_nearest_class_n1,15,nearest_class,BASE_logreg,1,n1
coda_15_187_nearest_dist_n1,15,nearest_dist,BASE_logreg,1,n1
coda_15_191_direction_n1,15,direction,BASE_logreg,0,n1
coda_15_195_counting_n1,15,counting,BASE_logreg,1,n1
coda_15_202_counting_n1,15,counting,BASE_logreg,1,n1
coda_15_205_nearest_dist_n1,15,nearest_dist,BASE_logreg,0,n1
coda_15_209_nearest_dist_n1,15,nearest_dist,BASE_logreg,1,n1
coda_15_210_direction_n1,15,direction,BASE_logreg,0,n1
coda_15_212_counting_n1,15,counting,BASE_logreg,1,n1
coda_15_238_counting_n1,15,counting,BASE_logreg,1,n1
coda_15_240_nearest_dist_n1,15,nearest_dist,BASE_logreg,1,n1
coda_15_241_nearest_dist_n1,15,nearest_dist,BASE_logreg,0,n1
coda_15_242_direction_n1,15,direction,BASE_logreg,0,n1
coda_15_243_counting_n1,15,counting,BASE_logreg,0,n1
coda_15_296_counting_n1,15,counting,BASE_logreg,1,n1
coda_15_297_nearest_class_n1,15,nearest_class,BASE_logreg,0,n1
coda_16_10663_nearest_dist_n1,16,nearest_dist,BASE_logreg,1,n1
coda_16_10665_direction_n1,16,direction,BASE_logreg,1,n1
coda_16_10670_path_object_n1,16,path_object,BASE_logreg,0,n1
coda_16_10673_counting_n1,16,counting,BASE_logreg,0,n1
coda_16_10674_nearest_dist_n1,16,nearest_dist,BASE_logreg,1,n1
coda_16_10679_nearest_dist_n1,16,nearest_dist,BASE_logreg,1,n1
coda_16_10685_direction_n1,16,direction,BASE_logreg,0,n1
coda_16_10692_path_object_n1,16,path_object,BASE_logreg,0,n1
coda_16_10701_counting_n1,16,counting,BASE_logreg,0,n1
coda_16_10704_nearest_class_n1,16,nearest_class,BASE_logreg,0,n1
coda_16_10706_nearest_dist_n1,16,nearest_dist,BASE_logreg,1,n1
coda_16_10820_direction_n1,16,direction,BASE_logreg,0,n1
coda_16_10932_path_object_n1,16,path_object,BASE_logreg,0,n1
coda_16_10934_counting_n1,16,counting,BASE_logreg,1,n1
coda_16_10935_nearest_class_n1,16,nearest_class,BASE_logreg,1,n1
coda_16_10937_nearest_dist_n1,16,nearest_dist,BASE_logreg,0,n1
coda_16_10939_path_object_n1,16,path_object,BASE_logreg,1,n1
coda_16_10946_path_object_n1,16,path_object,BASE_logreg,1,n1
coda_16_10950_counting_n1,16,counting,BASE_logreg,1,n1
coda_16_10958_nearest_class_n1,16,nearest_class,BASE_logreg,0,n1
coda_16_10959_path_object_n1,16,path_object,BASE_logreg,1,n1
coda_16_10961_path_object_n1,16,path_object,BASE_logreg,1,n1
coda_16_11014_path_object_n1,16,path_object,BASE_logreg,1,n1
coda_16_11016_counting_n1,16,counting,BASE_logreg,0,n1
coda_16_11024_nearest_class_n1,16,nearest_class,BASE_logreg,1,n1
coda_16_11030_nearest_dist_n1,16,nearest_dist,BASE_logreg,1,n1
coda_16_11031_direction_n1,16,direction,BASE_logreg,0,n1
coda_16_11063_path_object_n1,16,path_object,BASE_logreg,0,n1
coda_16_11065_counting_n1,16,counting,BASE_logreg,0,n1
coda_16_11066_nearest_dist_n1,16,nearest_dist,BASE_logreg,1,n1
coda_16_11067_nearest_dist_n1,16,nearest_dist,BASE_logreg,0,n1
coda_16_11070_direction_n1,16,direction,BASE_logreg,0,n1
coda_16_11071_path_object_n1,16,path_object,BASE_logreg,1,n1
coda_16_11076_counting_n1,16,counting,BASE_logreg,0,n1
coda_16_11077_nearest_class_n1,16,nearest_class,BASE_logreg,0,n1
coda_16_11080_nearest_dist_n1,16,nearest_dist,BASE_logreg,1,n1
coda_16_11082_direction_n1,16,direction,BASE_logreg,0,n1
coda_16_11083_path_object_n1,16,path_object,BASE_logreg,0,n1
coda_16_11131_counting_n1,16,counting,BASE_logreg,1,n1
coda_16_11133_nearest_class_n1,16,nearest_class,BASE_logreg,0,n1
coda_16_11170_nearest_dist_n1,16,nearest_dist,BASE_logreg,0,n1
coda_16_11171_nearest_dist_n1,16,nearest_dist,BASE_logreg,0,n1
coda_16_11272_path_object_n1,16,path_object,BASE_logreg,1,n1
coda_16_11275_counting_n1,16,counting,BASE_logreg,0,n1
coda_16_11282_nearest_class_n1,16,nearest_class,BASE_logreg,0,n1
coda_16_11307_nearest_dist_n1,16,nearest_dist,BASE_logreg,1,n1
coda_16_11429_direction_n1,16,direction,BASE_logreg,1,n1
coda_16_11516_counting_n1,16,counting,BASE_logreg,0,n1
coda_16_11517_counting_n1,16,counting,BASE_logreg,0,n1
coda_16_11518_nearest_dist_n1,16,nearest_dist,BASE_logreg,1,n1
coda_16_11528_nearest_dist_n1,16,nearest_dist,BASE_logreg,0,n1
coda_16_11536_counting_n1,16,counting,BASE_logreg,0,n1
coda_16_11540_counting_n1,16,counting,BASE_logreg,1,n1
coda_16_11541_counting_n1,16,counting,BASE_logreg,0,n1
coda_16_11542_nearest_dist_n1,16,nearest_dist,BASE_logreg,1,n1
coda_16_14901_nearest_dist_n1,16,nearest_dist,BASE_logreg,0,n1
coda_16_14908_direction_n1,16,direction,BASE_logreg,1,n1
coda_16_14909_path_object_n1,16,path_object,BASE_logreg,1,n1
coda_16_14910_nearest_class_n1,16,nearest_class,BASE_logreg,0,n1
coda_16_14911_nearest_class_n1,16,nearest_class,BASE_logreg,0,n1
coda_16_14916_nearest_dist_n1,16,nearest_dist,BASE_logreg,1,n1
coda_16_14919_direction_n1,16,direction,BASE_logreg,0,n1
coda_16_14920_path_object_n1,16,path_object,BASE_logreg,1,n1
coda_16_14921_counting_n1,16,counting,BASE_logreg,0,n1
coda_16_14927_nearest_class_n1,16,nearest_class,BASE_logreg,0,n1
coda_16_14931_nearest_dist_n1,16,nearest_dist,BASE_logreg,0,n1
coda_16_15019_direction_n1,16,direction,BASE_logreg,0,n1
coda_16_15027_path_object_n1,16,path_object,BASE_logreg,0,n1
coda_16_15100_counting_n1,16,counting,BASE_logreg,0,n1
coda_16_15137_nearest_class_n1,16,nearest_class,BASE_logreg,0,n1
coda_16_15138_nearest_dist_n1,16,nearest_dist,BASE_logreg,0,n1
coda_16_15217_direction_n1,16,direction,BASE_logreg,1,n1
coda_16_15218_path_object_n1,16,path_object,BASE_logreg,1,n1
coda_16_15750_counting_n1,16,counting,BASE_logreg,1,n1
coda_16_3206_nearest_dist_n1,16,nearest_dist,BASE_logreg,1,n1
coda_16_3269_direction_n1,16,direction,BASE_logreg,1,n1
coda_16_3299_direction_n1,16,direction,BASE_logreg,0,n1
coda_16_3301_path_object_n1,16,path_object,BASE_logreg,0,n1
coda_16_3352_counting_n1,16,counting,BASE_logreg,0,n1
coda_16_3355_nearest_class_n1,16,nearest_class,BASE_logreg,1,n1
coda_16_3362_nearest_dist_n1,16,nearest_dist,BASE_logreg,0,n1
coda_16_3367_direction_n1,16,direction,BASE_logreg,0,n1
coda_16_3368_counting_n1,16,counting,BASE_logreg,0,n1
coda_16_3464_counting_n1,16,counting,BASE_logreg,1,n1
coda_16_3466_nearest_class_n1,16,nearest_class,BASE_logreg,1,n1
coda_16_3658_direction_n1,16,direction,BASE_logreg,0,n1
coda_16_3743_direction_n1,16,direction,BASE_logreg,0,n1
coda_16_4069_path_object_n1,16,path_object,BASE_logreg,0,n1
coda_16_4075_counting_n1,16,counting,BASE_logreg,0,n1
coda_16_4256_nearest_class_n1,16,nearest_class,BASE_logreg,1,n1
coda_16_4259_nearest_dist_n1,16,nearest_dist,BASE_logreg,0,n1
coda_16_4263_direction_n1,16,direction,BASE_logreg,1,n1
coda_16_4264_path_object_n1,16,path_object,BASE_logreg,1,n1
coda_16_4267_counting_n1,16,counting,BASE_logreg,1,n1
coda_16_4268_nearest_class_n1,16,nearest_class,BASE_logreg,1,n1
coda_16_4271_nearest_dist_n1,16,nearest_dist,BASE_logreg,0,n1
coda_16_5839_direction_n1,16,direction,BASE_logreg,0,n1
coda_16_5849_path_object_n1,16,path_object,BASE_logreg,1,n1
coda_16_6029_counting_n1,16,counting,BASE_logreg,0,n1
coda_16_6030_nearest_class_n1,16,nearest_class,BASE_logreg,1,n1
coda_16_6033_nearest_dist_n1,16,nearest_dist,BASE_logreg,0,n1
coda_16_6035_direction_n1,16,direction,BASE_logreg,0,n1
coda_16_6039_path_object_n1,16,path_object,BASE_logreg,0,n1
coda_16_6085_counting_n1,16,counting,BASE_logreg,0,n1
coda_16_6087_nearest_class_n1,16,nearest_class,BASE_logreg,0,n1
coda_16_7061_direction_n1,16,direction,BASE_logreg,1,n1
coda_16_7062_direction_n1,16,direction,BASE_logreg,0,n1
coda_16_7070_nearest_dist_n1,16,nearest_dist,BASE_logreg,0,n1
coda_16_7071_counting_n1,16,counting,BASE_logreg,0,n1
coda_16_7072_nearest_dist_n1,16,nearest_dist,BASE_logreg,1,n1
coda_16_7078_nearest_dist_n1,16,nearest_dist,BASE_logreg,0,n1
coda_16_7146_direction_n1,16,direction,BASE_logreg,0,n1
coda_16_7148_counting_n1,16,counting,BASE_logreg,1,n1
coda_16_7149_counting_n1,16,counting,BASE_logreg,1,n1
coda_16_7253_nearest_class_n1,16,nearest_class,BASE_logreg,1,n1
coda_16_7350_nearest_dist_n1,16,nearest_dist,BASE_logreg,1,n1
coda_16_7351_direction_n1,16,direction,BASE_logreg,0,n1
coda_16_7355_path_object_n1,16,path_object,BASE_logreg,0,n1
coda_16_7356_counting_n1,16,counting,BASE_logreg,0,n1
coda_16_7358_nearest_dist_n1,16,nearest_dist,BASE_logreg,0,n1
coda_16_7402_nearest_dist_n1,16,nearest_dist,BASE_logreg,0,n1
coda_16_7457_direction_n1,16,direction,BASE_logreg,0,n1
coda_16_7458_path_object_n1,16,path_object,BASE_logreg,0,n1
coda_16_7467_counting_n1,16,counting,BASE_logreg,0,n1
coda_16_7472_nearest_class_n1,16,nearest_class,BASE_logreg,0,n1
coda_16_7473_nearest_dist_n1,16,nearest_dist,BASE_logreg,0,n1
coda_16_7477_direction_n1,16,direction,BASE_logreg,0,n1
coda_16_7481_path_object_n1,16,path_object,BASE_logreg,0,n1
coda_16_7482_counting_n1,16,counting,BASE_logreg,0,n1
coda_16_7492_nearest_class_n1,16,nearest_class,BASE_logreg,0,n1
coda_16_7494_nearest_dist_n1,16,nearest_dist,BASE_logreg,0,n1
coda_16_8699_direction_n1,16,direction,BASE_logreg,0,n1
coda_16_8705_path_object_n1,16,path_object,BASE_logreg,0,n1
coda_16_8708_counting_n1,16,counting,BASE_logreg,1,n1
coda_16_8710_nearest_class_n1,16,nearest_class,BASE_logreg,0,n1
coda_16_8766_direction_n1,16,direction,BASE_logreg,0,n1
coda_16_8767_direction_n1,16,direction,BASE_logreg,1,n1
coda_16_8769_path_object_n1,16,path_object,BASE_logreg,0,n1
coda_16_8775_counting_n1,16,counting,BASE_logreg,0,n1
coda_16_8781_nearest_class_n1,16,nearest_class,BASE_logreg,1,n1
coda_16_8787_nearest_dist_n1,16,nearest_dist,BASE_logreg,0,n1
coda_16_8825_direction_n1,16,direction,BASE_logreg,1,n1
coda_16_8828_counting_n1,16,counting,BASE_logreg,0,n1
coda_16_8955_counting_n1,16,counting,BASE_logreg,0,n1
coda_16_9027_nearest_dist_n1,16,nearest_dist,BASE_logreg,0,n1
coda_16_9034_nearest_dist_n1,16,nearest_dist,BASE_logreg,1,n1
coda_16_9035_direction_n1,16,direction,BASE_logreg,0,n1
coda_16_9038_counting_n1,16,counting,BASE_logreg,1,n1
coda_16_9041_counting_n1,16,counting,BASE_logreg,0,n1
coda_16_9051_counting_n1,16,counting,BASE_logreg,0,n1
coda_16_9127_nearest_dist_n1,16,nearest_dist,BASE_logreg,1,n1
coda_16_9130_direction_n1,16,direction,BASE_logreg,0,n1
coda_16_9135_counting_n1,16,counting,BASE_logreg,0,n1
coda_16_9138_counting_n1,16,counting,BASE_logreg,0,n1
coda_16_9229_nearest_class_n1,16,nearest_class,BASE_logreg,0,n1
coda_17_10197_nearest_dist_n1,17,nearest_dist,BASE_logreg,1,n1
coda_17_10199_direction_n1,17,direction,BASE_logreg,1,n1
coda_17_10201_path_object_n1,17,path_object,BASE_logreg,0,n1
coda_17_10930_nearest_class_n1,17,nearest_class,BASE_logreg,0,n1
coda_17_10931_nearest_class_n1,17,nearest_class,BASE_logreg,0,n1
coda_17_10934_direction_n1,17,direction,BASE_logreg,1,n1
coda_17_10935_direction_n1,17,direction,BASE_logreg,1,n1
coda_17_10940_path_object_n1,17,path_object,BASE_logreg,0,n1
coda_17_10943_nearest_class_n1,17,nearest_class,BASE_logreg,0,n1
coda_17_10951_nearest_class_n1,17,nearest_class,BASE_logreg,0,n1
coda_17_10955_nearest_dist_n1,17,nearest_dist,BASE_logreg,0,n1
coda_17_10961_direction_n1,17,direction,BASE_logreg,1,n1
coda_17_10962_path_object_n1,17,path_object,BASE_logreg,1,n1
coda_17_10967_counting_n1,17,counting,BASE_logreg,0,n1
coda_17_11006_nearest_class_n1,17,nearest_class,BASE_logreg,1,n1
coda_17_2050_nearest_dist_n1,17,nearest_dist,BASE_logreg,0,n1
coda_17_2051_direction_n1,17,direction,BASE_logreg,0,n1
coda_17_2064_path_object_n1,17,path_object,BASE_logreg,0,n1
coda_17_2098_counting_n1,17,counting,BASE_logreg,0,n1
coda_17_2104_nearest_class_n1,17,nearest_class,BASE_logreg,0,n1
coda_17_2120_path_object_n1,17,path_object,BASE_logreg,0,n1
coda_17_2122_path_object_n1,17,path_object,BASE_logreg,1,n1
coda_17_2173_counting_n1,17,counting,BASE_logreg,1,n1
coda_17_6027_counting_n1,17,counting,BASE_logreg,1,n1
coda_17_6183_nearest_class_n1,17,nearest_class,BASE_logreg,0,n1
coda_17_6187_nearest_dist_n1,17,nearest_dist,BASE_logreg,0,n1
coda_17_6192_path_object_n1,17,path_object,BASE_logreg,1,n1
coda_17_6194_path_object_n1,17,path_object,BASE_logreg,0,n1
coda_17_6197_counting_n1,17,counting,BASE_logreg,0,n1
coda_17_6198_nearest_class_n1,17,nearest_class,BASE_logreg,1,n1
coda_17_6201_nearest_dist_n1,17,nearest_dist,BASE_logreg,1,n1
coda_17_6203_direction_n1,17,direction,BASE_logreg,1,n1
coda_17_6207_path_object_n1,17,path_object,BASE_logreg,0,n1
coda_17_6208_counting_n1,17,counting,BASE_logreg,1,n1
coda_17_6209_nearest_class_n1,17,nearest_class,BASE_logreg,0,n1
coda_17_6210_direction_n1,17,direction,BASE_logreg,0,n1
coda_17_6216_direction_n1,17,direction,BASE_logreg,0,n1
coda_17_6336_path_object_n1,17,path_object,BASE_logreg,0,n1
coda_17_6337_counting_n1,17,counting,BASE_logreg,0,n1
coda_17_6341_nearest_dist_n1,17,nearest_dist,BASE_logreg,0,n1
coda_17_7781_nearest_dist_n1,17,nearest_dist,BASE_logreg,0,n1
coda_17_7786_path_object_n1,17,path_object,BASE_logreg,1,n1
coda_17_7793_path_object_n1,17,path_object,BASE_logreg,0,n1
coda_17_7800_counting_n1,17,counting,BASE_logreg,0,n1
coda_17_7807_nearest_dist_n1,17,nearest_dist,BASE_logreg,0,n1
coda_17_8272_nearest_dist_n1,17,nearest_dist,BASE_logreg,0,n1
coda_17_8275_direction_n1,17,direction,BASE_logreg,0,n1
coda_17_8276_path_object_n1,17,path_object,BASE_logreg,0,n1
coda_17_9866_counting_n1,17,counting,BASE_logreg,0,n1
coda_17_9874_nearest_class_n1,17,nearest_class,BASE_logreg,0,n1
coda_17_9875_nearest_dist_n1,17,nearest_dist,BASE_logreg,0,n1
coda_17_9876_direction_n1,17,direction,BASE_logreg,1,n1
coda_18_1654_path_object_n1,18,path_object,BASE_logreg,0,n1
coda_18_1657_counting_n1,18,counting,BASE_logreg,0,n1
coda_18_1660_path_object_n1,18,path_object,BASE_logreg,0,n1
coda_18_1663_path_object_n1,18,path_object,BASE_logreg,1,n1
coda_18_1705_direction_n1,18,direction,BASE_logreg,1,n1
coda_18_1711_path_object_n1,18,path_object,BASE_logreg,1,n1
coda_18_1716_counting_n1,18,counting,BASE_logreg,1,n1
coda_18_1722_nearest_class_n1,18,nearest_class,BASE_logreg,1,n1
coda_18_6581_nearest_dist_n1,18,nearest_dist,BASE_logreg,1,n1
coda_18_6634_direction_n1,18,direction,BASE_logreg,0,n1
coda_18_6648_path_object_n1,18,path_object,BASE_logreg,0,n1
coda_18_6652_counting_n1,18,counting,BASE_logreg,1,n1
coda_18_6653_nearest_class_n1,18,nearest_class,BASE_logreg,1,n1
coda_19_2757_nearest_dist_n1,19,nearest_dist,BASE_logreg,0,n1
coda_19_2759_direction_n1,19,direction,BASE_logreg,1,n1
coda_19_2768_path_object_n1,19,path_object,BASE_logreg,0,n1
coda_19_2770_counting_n1,19,counting,BASE_logreg,0,n1
coda_19_2775_nearest_class_n1,19,nearest_class,BASE_logreg,0,n1
coda_19_2786_nearest_dist_n1,19,nearest_dist,BASE_logreg,0,n1
coda_19_2795_direction_n1,19,direction,BASE_logreg,1,n1
coda_19_2799_path_object_n1,19,path_object,BASE_logreg,1,n1
coda_19_2800_counting_n1,19,counting,BASE_logreg,0,n1
coda_19_2801_nearest_class_n1,19,nearest_class,BASE_logreg,0,n1
coda_19_2806_nearest_dist_n1,19,nearest_dist,BASE_logreg,0,n1
coda_19_2814_direction_n1,19,direction,BASE_logreg,0,n1
coda_19_2816_path_object_n1,19,path_object,BASE_logreg,0,n1
coda_19_2820_counting_n1,19,counting,BASE_logreg,1,n1
coda_19_2824_direction_n1,19,direction,BASE_logreg,0,n1
coda_19_2892_direction_n1,19,direction,BASE_logreg,1,n1
coda_1_1851_path_object_n1,1,path_object,BASE_logreg,1,n1
coda_1_1852_path_object_n1,1,path_object,BASE_logreg,0,n1
coda_1_1857_counting_n1,1,counting,BASE_logreg,1,n1
coda_1_1858_nearest_class_n1,1,nearest_class,BASE_logreg,0,n1
coda_1_1864_nearest_dist_n1,1,nearest_dist,BASE_logreg,1,n1
coda_1_1908_direction_n1,1,direction,BASE_logreg,0,n1
coda_1_1915_path_object_n1,1,path_object,BASE_logreg,0,n1
coda_1_2006_counting_n1,1,counting,BASE_logreg,1,n1
coda_1_2045_nearest_class_n1,1,nearest_class,BASE_logreg,0,n1
coda_1_2078_nearest_dist_n1,1,nearest_dist,BASE_logreg,0,n1
coda_1_2081_path_object_n1,1,path_object,BASE_logreg,1,n1
coda_1_2083_path_object_n1,1,path_object,BASE_logreg,1,n1
coda_1_2085_counting_n1,1,counting,BASE_logreg,1,n1
coda_1_2088_nearest_class_n1,1,nearest_class,BASE_logreg,0,n1
coda_1_2092_path_object_n1,1,path_object,BASE_logreg,1,n1
coda_1_2093_direction_n1,1,direction,BASE_logreg,0,n1
coda_1_2099_path_object_n1,1,path_object,BASE_logreg,1,n1
coda_1_2105_counting_n1,1,counting,BASE_logreg,0,n1
coda_1_2106_nearest_class_n1,1,nearest_class,BASE_logreg,0,n1
coda_1_2109_nearest_dist_n1,1,nearest_dist,BASE_logreg,1,n1
coda_1_2111_direction_n1,1,direction,BASE_logreg,0,n1
coda_1_2157_path_object_n1,1,path_object,BASE_logreg,1,n1
coda_1_2161_counting_n1,1,counting,BASE_logreg,1,n1
coda_1_2166_nearest_class_n1,1,nearest_class,BASE_logreg,0,n1
coda_1_2232_nearest_dist_n1,1,nearest_dist,BASE_logreg,1,n1
coda_1_2234_direction_n1,1,direction,BASE_logreg,1,n1
coda_1_2236_counting_n1,1,counting,BASE_logreg,1,n1
coda_1_2237_counting_n1,1,counting,BASE_logreg,1,n1
coda_1_2238_nearest_class_n1,1,nearest_class,BASE_logreg,1,n1
coda_1_2244_nearest_dist_n1,1,nearest_dist,BASE_logreg,0,n1
coda_1_2245_direction_n1,1,direction,BASE_logreg,1,n1
coda_1_2937_path_object_n1,1,path_object,BASE_logreg,0,n1
coda_1_2939_nearest_class_n1,1,nearest_class,BASE_logreg,0,n1
coda_1_2952_nearest_class_n1,1,nearest_class,BASE_logreg,0,n1
coda_1_2955_nearest_dist_n1,1,nearest_dist,BASE_logreg,1,n1
coda_1_2968_direction_n1,1,direction,BASE_logreg,0,n1
coda_1_2983_path_object_n1,1,path_object,BASE_logreg,0,n1
coda_1_2984_counting_n1,1,counting,BASE_logreg,0,n1
coda_1_3371_nearest_dist_n1,1,nearest_dist,BASE_logreg,0,n1
coda_20_10010_direction_n1,20,direction,BASE_logreg,0,n1
coda_20_10011_direction_n1,20,direction,BASE_logreg,0,n1
coda_20_10012_path_object_n1,20,path_object,BASE_logreg,0,n1
coda_20_10026_nearest_class_n1,20,nearest_class,BASE_logreg,1,n1
coda_20_10032_nearest_class_n1,20,nearest_class,BASE_logreg,0,n1
coda_20_10033_nearest_dist_n1,20,nearest_dist,BASE_logreg,1,n1
coda_20_10034_path_object_n1,20,path_object,BASE_logreg,0,n1
coda_20_10117_counting_n1,20,counting,BASE_logreg,1,n1
coda_20_10118_counting_n1,20,counting,BASE_logreg,0,n1
coda_20_10193_nearest_class_n1,20,nearest_class,BASE_logreg,0,n1
coda_20_10203_nearest_dist_n1,20,nearest_dist,BASE_logreg,0,n1
coda_20_10212_direction_n1,20,direction,BASE_logreg,0,n1
coda_20_10325_path_object_n1,20,path_object,BASE_logreg,1,n1
coda_20_10328_nearest_class_n1,20,nearest_class,BASE_logreg,1,n1
coda_20_10333_nearest_class_n1,20,nearest_class,BASE_logreg,0,n1
coda_20_10334_nearest_dist_n1,20,nearest_dist,BASE_logreg,0,n1
coda_20_10335_direction_n1,20,direction,BASE_logreg,0,n1
coda_20_10340_path_object_n1,20,path_object,BASE_logreg,0,n1
coda_20_10378_counting_n1,20,counting,BASE_logreg,0,n1
coda_20_10380_direction_n1,20,direction,BASE_logreg,0,n1
coda_20_10386_direction_n1,20,direction,BASE_logreg,0,n1
coda_20_10387_direction_n1,20,direction,BASE_logreg,0,n1
coda_20_10388_nearest_dist_n1,20,nearest_dist,BASE_logreg,0,n1
coda_20_10393_nearest_class_n1,20,nearest_class,BASE_logreg,1,n1
coda_20_10394_nearest_class_n1,20,nearest_class,BASE_logreg,0,n1
coda_20_10396_nearest_dist_n1,20,nearest_dist,BASE_logreg,0,n1
coda_20_10397_direction_n1,20,direction,BASE_logreg,0,n1
coda_20_10399_path_object_n1,20,path_object,BASE_logreg,0,n1
coda_20_10409_counting_n1,20,counting,BASE_logreg,1,n1
coda_20_10414_nearest_dist_n1,20,nearest_dist,BASE_logreg,0,n1
coda_20_10415_nearest_dist_n1,20,nearest_dist,BASE_logreg,1,n1
coda_20_10425_direction_n1,20,direction,BASE_logreg,0,n1
coda_20_10426_path_object_n1,20,path_object,BASE_logreg,0,n1
coda_20_10427_nearest_class_n1,20,nearest_class,BASE_logreg,0,n1
coda_20_10428_nearest_class_n1,20,nearest_class,BASE_logreg,0,n1
coda_20_1076_nearest_dist_n1,20,nearest_dist,BASE_logreg,1,n1
coda_20_1077_direction_n1,20,direction,BASE_logreg,0,n1
coda_20_1078_path_object_n1,20,path_object,BASE_logreg,0,n1
coda_20_1137_counting_n1,20,counting,BASE_logreg,0,n1
coda_20_1140_nearest_class_n1,20,nearest_class,BASE_logreg,0,n1
coda_20_1144_direction_n1,20,direction,BASE_logreg,1,n1
coda_20_11920_path_object_n1,20,path_object,BASE_logreg,0,n1
coda_20_12092_counting_n1,20,counting,BASE_logreg,1,n1
coda_20_12095_counting_n1,20,counting,BASE_logreg,1,n1
coda_20_12099_nearest_class_n1,20,nearest_class,BASE_logreg,0,n1
coda_20_12100_direction_n1,20,direction,BASE_logreg,0,n1
coda_20_12104_direction_n1,20,direction,BASE_logreg,0,n1
coda_20_12106_path_object_n1,20,path_object,BASE_logreg,0,n1
coda_20_12108_counting_n1,20,counting,BASE_logreg,1,n1
coda_20_1219_nearest_class_n1,20,nearest_class,BASE_logreg,0,n1
coda_20_1222_direction_n1,20,direction,BASE_logreg,0,n1
coda_20_12638_direction_n1,20,direction,BASE_logreg,1,n1
coda_20_12643_path_object_n1,20,path_object,BASE_logreg,0,n1
coda_20_12771_direction_n1,20,direction,BASE_logreg,0,n1
coda_20_12810_nearest_dist_n1,20,nearest_dist,BASE_logreg,0,n1
coda_20_12868_direction_n1,20,direction,BASE_logreg,1,n1
coda_20_12869_direction_n1,20,direction,BASE_logreg,0,n1
coda_20_12872_path_object_n1,20,path_object,BASE_logreg,0,n1
coda_20_12874_counting_n1,20,counting,BASE_logreg,0,n1
coda_20_12883_nearest_class_n1,20,nearest_class,BASE_logreg,0,n1
coda_20_12892_nearest_dist_n1,20,nearest_dist,BASE_logreg,1,n1
coda_20_12895_direction_n1,20,direction,BASE_logreg,0,n1
coda_20_12897_counting_n1,20,counting,BASE_logreg,0,n1
coda_20_12900_counting_n1,20,counting,BASE_logreg,0,n1
coda_20_12901_nearest_class_n1,20,nearest_class,BASE_logreg,1,n1
coda_20_12982_nearest_dist_n1,20,nearest_dist,BASE_logreg,0,n1
coda_20_12984_direction_n1,20,direction,BASE_logreg,1,n1
coda_20_12986_path_object_n1,20,path_object,BASE_logreg,1,n1
coda_20_12987_counting_n1,20,counting,BASE_logreg,0,n1
coda_20_12988_nearest_class_n1,20,nearest_class,BASE_logreg,0,n1
coda_20_12996_nearest_dist_n1,20,nearest_dist,BASE_logreg,0,n1
coda_20_13003_direction_n1,20,direction,BASE_logreg,1,n1
coda_20_13013_path_object_n1,20,path_object,BASE_logreg,0,n1
coda_20_13016_counting_n1,20,counting,BASE_logreg,1,n1
coda_20_13019_nearest_class_n1,20,nearest_class,BASE_logreg,0,n1
coda_20_13025_nearest_dist_n1,20,nearest_dist,BASE_logreg,1,n1
coda_20_13029_direction_n1,20,direction,BASE_logreg,0,n1
coda_20_13038_path_object_n1,20,path_object,BASE_logreg,1,n1
coda_20_13039_counting_n1,20,counting,BASE_logreg,0,n1
coda_20_13048_nearest_dist_n1,20,nearest_dist,BASE_logreg,0,n1
coda_20_13054_nearest_dist_n1,20,nearest_dist,BASE_logreg,0,n1
coda_20_13060_direction_n1,20,direction,BASE_logreg,0,n1
coda_20_13064_path_object_n1,20,path_object,BASE_logreg,0,n1
coda_20_13071_nearest_class_n1,20,nearest_class,BASE_logreg,0,n1
coda_20_13079_nearest_dist_n1,20,nearest_dist,BASE_logreg,1,n1
coda_20_13081_nearest_dist_n1,20,nearest_dist,BASE_logreg,0,n1
coda_20_13143_direction_n1,20,direction,BASE_logreg,1,n1
coda_20_13146_path_object_n1,20,path_object,BASE_logreg,0,n1
coda_20_13210_counting_n1,20,counting,BASE_logreg,1,n1
coda_20_13211_nearest_class_n1,20,nearest_class,BASE_logreg,1,n1
coda_20_13212_direction_n1,20,direction,BASE_logreg,1,n1
coda_20_13214_direction_n1,20,direction,BASE_logreg,0,n1
coda_20_13215_path_object_n1,20,path_object,BASE_logreg,0,n1
coda_20_13251_counting_n1,20,counting,BASE_logreg,0,n1
coda_20_13261_nearest_class_n1,20,nearest_class,BASE_logreg,0,n1
coda_20_13262_nearest_dist_n1,20,nearest_dist,BASE_logreg,0,n1
coda_20_13263_direction_n1,20,direction,BASE_logreg,0,n1
coda_20_13269_path_object_n1,20,path_object,BASE_logreg,0,n1
coda_20_13270_counting_n1,20,counting,BASE_logreg,1,n1
coda_20_13271_nearest_class_n1,20,nearest_class,BASE_logreg,1,n1
coda_20_3056_direction_n1,20,direction,BASE_logreg,0,n1
coda_20_3066_direction_n1,20,direction,BASE_logreg,1,n1
coda_20_3067_path_object_n1,20,path_object,BASE_logreg,0,n1
coda_20_3174_nearest_class_n1,20,nearest_class,BASE_logreg,0,n1
coda_20_3292_nearest_class_n1,20,nearest_class,BASE_logreg,0,n1
coda_20_3293_direction_n1,20,direction,BASE_logreg,0,n1
coda_20_3305_direction_n1,20,direction,BASE_logreg,0,n1
coda_20_3311_path_object_n1,20,path_object,BASE_logreg,0,n1
coda_20_3387_nearest_class_n1,20,nearest_class,BASE_logreg,0,n1
coda_20_3453_nearest_class_n1,20,nearest_class,BASE_logreg,0,n1
coda_20_3486_direction_n1,20,direction,BASE_logreg,1,n1
coda_20_3489_direction_n1,20,direction,BASE_logreg,0,n1
coda_20_3494_path_object_n1,20,path_object,BASE_logreg,0,n1
coda_20_3497_counting_n1,20,counting,BASE_logreg,0,n1
coda_20_4243_nearest_class_n1,20,nearest_class,BASE_logreg,0,n1
coda_20_4250_nearest_dist_n1,20,nearest_dist,BASE_logreg,1,n1
coda_20_4256_direction_n1,20,direction,BASE_logreg,1,n1
coda_20_4260_path_object_n1,20,path_object,BASE_logreg,1,n1
coda_20_4261_counting_n1,20,counting,BASE_logreg,0,n1
coda_20_4262_nearest_class_n1,20,nearest_class,BASE_logreg,0,n1
coda_20_4267_direction_n1,20,direction,BASE_logreg,0,n1
coda_20_4300_direction_n1,20,direction,BASE_logreg,0,n1
coda_20_4303_path_object_n1,20,path_object,BASE_logreg,0,n1
coda_20_4356_counting_n1,20,counting,BASE_logreg,0,n1
coda_20_4357_nearest_dist_n1,20,nearest_dist,BASE_logreg,0,n1
coda_20_4554_nearest_dist_n1,20,nearest_dist,BASE_logreg,1,n1
coda_20_4566_direction_n1,20,direction,BASE_logreg,0,n1
coda_20_4567_path_object_n1,20,path_object,BASE_logreg,0,n1
coda_20_4573_counting_n1,20,counting,BASE_logreg,1,n1
coda_20_4630_nearest_class_n1,20,nearest_class,BASE_logreg,0,n1
coda_20_4876_nearest_dist_n1,20,nearest_dist,BASE_logreg,0,n1
coda_20_4877_direction_n1,20,direction,BASE_logreg,0,n1
coda_20_4883_path_object_n1,20,path_object,BASE_logreg,0,n1
coda_20_4885_counting_n1,20,counting,BASE_logreg,0,n1
coda_20_4890_nearest_class_n1,20,nearest_class,BASE_logreg,0,n1
coda_20_4894_direction_n1,20,direction,BASE_logreg,1,n1
coda_20_4926_path_object_n1,20,path_object,BASE_logreg,1,n1
coda_20_4928_path_object_n1,20,path_object,BASE_logreg,0,n1
coda_20_4932_nearest_class_n1,20,nearest_class,BASE_logreg,0,n1
coda_20_4934_nearest_class_n1,20,nearest_class,BASE_logreg,0,n1
coda_20_4938_nearest_dist_n1,20,nearest_dist,BASE_logreg,0,n1
coda_20_4939_direction_n1,20,direction,BASE_logreg,0,n1
coda_20_4943_path_object_n1,20,path_object,BASE_logreg,0,n1
coda_20_4944_counting_n1,20,counting,BASE_logreg,1,n1
coda_20_4948_nearest_dist_n1,20,nearest_dist,BASE_logreg,0,n1
coda_20_4952_nearest_dist_n1,20,nearest_dist,BASE_logreg,0,n1
coda_20_4953_direction_n1,20,direction,BASE_logreg,0,n1
coda_20_5288_path_object_n1,20,path_object,BASE_logreg,0,n1
coda_20_5293_nearest_class_n1,20,nearest_class,BASE_logreg,0,n1
coda_20_5300_nearest_class_n1,20,nearest_class,BASE_logreg,1,n1
coda_20_5354_nearest_dist_n1,20,nearest_dist,BASE_logreg,1,n1
coda_20_5357_direction_n1,20,direction,BASE_logreg,1,n1
coda_20_5359_path_object_n1,20,path_object,BASE_logreg,0,n1
coda_20_5361_counting_n1,20,counting,BASE_logreg,0,n1
coda_20_5476_nearest_class_n1,20,nearest_class,BASE_logreg,1,n1
coda_20_5477_nearest_dist_n1,20,nearest_dist,BASE_logreg,0,n1
coda_20_5489_direction_n1,20,direction,BASE_logreg,1,n1
coda_20_5611_counting_n1,20,counting,BASE_logreg,1,n1
coda_20_5674_nearest_class_n1,20,nearest_class,BASE_logreg,1,n1
coda_20_5684_nearest_class_n1,20,nearest_class,BASE_logreg,0,n1
coda_20_5689_nearest_dist_n1,20,nearest_dist,BASE_logreg,0,n1
coda_20_5690_direction_n1,20,direction,BASE_logreg,0,n1
coda_20_5701_path_object_n1,20,path_object,BASE_logreg,1,n1
coda_20_5702_nearest_class_n1,20,nearest_class,BASE_logreg,1,n1
coda_20_5703_nearest_class_n1,20,nearest_class,BASE_logreg,0,n1
coda_20_5704_nearest_dist_n1,20,nearest_dist,BASE_logreg,0,n1
coda_20_5752_path_object_n1,20,path_object,BASE_logreg,0,n1
coda_20_7488_path_object_n1,20,path_object,BASE_logreg,1,n1
coda_20_7489_counting_n1,20,counting,BASE_logreg,0,n1
coda_20_7493_nearest_class_n1,20,nearest_class,BASE_logreg,1,n1
coda_20_7526_nearest_dist_n1,20,nearest_dist,BASE_logreg,0,n1
coda_20_7534_direction_n1,20,direction,BASE_logreg,1,n1
coda_20_7536_counting_n1,20,counting,BASE_logreg,0,n1
coda_20_7542_counting_n1,20,counting,BASE_logreg,0,n1
coda_20_7544_nearest_class_n1,20,nearest_class,BASE_logreg,0,n1
coda_20_7630_nearest_dist_n1,20,nearest_dist,BASE_logreg,0,n1
coda_20_7703_direction_n1,20,direction,BASE_logreg,0,n1
coda_20_7710_path_object_n1,20,path_object,BASE_logreg,1,n1
coda_20_7712_counting_n1,20,counting,BASE_logreg,0,n1
coda_20_7715_nearest_class_n1,20,nearest_class,BASE_logreg,1,n1
coda_20_7751_direction_n1,20,direction,BASE_logreg,0,n1
coda_20_7923_direction_n1,20,direction,BASE_logreg,1,n1
coda_20_7927_path_object_n1,20,path_object,BASE_logreg,0,n1
coda_20_7928_nearest_class_n1,20,nearest_class,BASE_logreg,0,n1
coda_20_7936_nearest_class_n1,20,nearest_class,BASE_logreg,1,n1
coda_20_7937_nearest_dist_n1,20,nearest_dist,BASE_logreg,1,n1
coda_20_7938_direction_n1,20,direction,BASE_logreg,1,n1
coda_20_7968_path_object_n1,20,path_object,BASE_logreg,1,n1
coda_20_8176_counting_n1,20,counting,BASE_logreg,0,n1
coda_20_8178_nearest_class_n1,20,nearest_class,BASE_logreg,0,n1
coda_20_8181_nearest_dist_n1,20,nearest_dist,BASE_logreg,1,n1
coda_20_8182_direction_n1,20,direction,BASE_logreg,0,n1
coda_20_8183_path_object_n1,20,path_object,BASE_logreg,0,n1
coda_20_8185_counting_n1,20,counting,BASE_logreg,1,n1
coda_20_8196_nearest_class_n1,20,nearest_class,BASE_logreg,0,n1
coda_20_8198_nearest_dist_n1,20,nearest_dist,BASE_logreg,0,n1
coda_20_8466_direction_n1,20,direction,BASE_logreg,0,n1
coda_20_8467_path_object_n1,20,path_object,BASE_logreg,0,n1
coda_20_8474_nearest_class_n1,20,nearest_class,BASE_logreg,0,n1
coda_20_8475_nearest_class_n1,20,nearest_class,BASE_logreg,1,n1
coda_20_8483_nearest_dist_n1,20,nearest_dist,BASE_logreg,0,n1
coda_20_8519_direction_n1,20,direction,BASE_logreg,1,n1
coda_20_8613_path_object_n1,20,path_object,BASE_logreg,0,n1
coda_20_8618_nearest_class_n1,20,nearest_class,BASE_logreg,0,n1
coda_20_8619_nearest_class_n1,20,nearest_class,BASE_logreg,1,n1
coda_20_8738_direction_n1,20,direction,BASE_logreg,0,n1
coda_20_8741_direction_n1,20,direction,BASE_logreg,0,n1
coda_20_8742_path_object_n1,20,path_object,BASE_logreg,0,n1
coda_20_8744_counting_n1,20,counting,BASE_logreg,1,n1
coda_20_8746_nearest_class_n1,20,nearest_class,BASE_logreg,1,n1
coda_20_8747_nearest_dist_n1,20,nearest_dist,BASE_logreg,0,n1
coda_20_8751_direction_n1,20,direction,BASE_logreg,0,n1
coda_20_8783_path_object_n1,20,path_object,BASE_logreg,1,n1
coda_20_8792_counting_n1,20,counting,BASE_logreg,1,n1
coda_20_8795_nearest_dist_n1,20,nearest_dist,BASE_logreg,0,n1
coda_20_8803_nearest_dist_n1,20,nearest_dist,BASE_logreg,0,n1
coda_20_8806_direction_n1,20,direction,BASE_logreg,0,n1
coda_20_8808_path_object_n1,20,path_object,BASE_logreg,0,n1
coda_20_8813_counting_n1,20,counting,BASE_logreg,0,n1
coda_20_8824_nearest_class_n1,20,nearest_class,BASE_logreg,1,n1
coda_20_8845_path_object_n1,20,path_object,BASE_logreg,0,n1
coda_20_9392_path_object_n1,20,path_object,BASE_logreg,1,n1
coda_20_9393_path_object_n1,20,path_object,BASE_logreg,0,n1
coda_20_9397_nearest_class_n1,20,nearest_class,BASE_logreg,0,n1
coda_20_9406_nearest_class_n1,20,nearest_class,BASE_logreg,0,n1
coda_20_9411_direction_n1,20,direction,BASE_logreg,0,n1
coda_20_9412_direction_n1,20,direction,BASE_logreg,0,n1
coda_20_9424_path_object_n1,20,path_object,BASE_logreg,0,n1
coda_20_9429_counting_n1,20,counting,BASE_logreg,0,n1
coda_20_9432_nearest_class_n1,20,nearest_class,BASE_logreg,0,n1
coda_20_9436_nearest_dist_n1,20,nearest_dist,BASE_logreg,0,n1
coda_20_9471_direction_n1,20,direction,BASE_logreg,0,n1
coda_20_9474_path_object_n1,20,path_object,BASE_logreg,0,n1
coda_20_9478_counting_n1,20,counting,BASE_logreg,0,n1
coda_20_9479_nearest_class_n1,20,nearest_class,BASE_logreg,0,n1
coda_20_9612_nearest_dist_n1,20,nearest_dist,BASE_logreg,1,n1
coda_20_9722_direction_n1,20,direction,BASE_logreg,0,n1
coda_20_9725_path_object_n1,20,path_object,BASE_logreg,0,n1
coda_20_9727_counting_n1,20,counting,BASE_logreg,0,n1
coda_20_9728_nearest_class_n1,20,nearest_class,BASE_logreg,0,n1
coda_20_973_direction_n1,20,direction,BASE_logreg,0,n1
coda_20_9736_direction_n1,20,direction,BASE_logreg,0,n1
coda_20_9737_path_object_n1,20,path_object,BASE_logreg,1,n1
coda_20_9745_counting_n1,20,counting,BASE_logreg,0,n1
coda_20_9746_nearest_class_n1,20,nearest_class,BASE_logreg,0,n1
coda_20_9754_nearest_dist_n1,20,nearest_dist,BASE_logreg,1,n1
coda_20_9785_direction_n1,20,direction,BASE_logreg,0,n1
coda_20_9787_path_object_n1,20,path_object,BASE_logreg,1,n1
coda_20_9788_counting_n1,20,counting,BASE_logreg,1,n1
coda_20_9790_nearest_class_n1,20,nearest_class,BASE_logreg,0,n1
coda_20_9927_nearest_dist_n1,20,nearest_dist,BASE_logreg,0,n1
coda_20_9928_direction_n1,20,direction,BASE_logreg,0,n1
coda_20_9958_path_object_n1,20,path_object,BASE_logreg,1,n1
coda_20_9959_counting_n1,20,counting,BASE_logreg,1,n1
coda_2_2441_nearest_class_n1,2,nearest_class,BASE_logreg,1,n1
coda_2_2442_nearest_dist_n1,2,nearest_dist,BASE_logreg,0,n1
coda_2_2443_direction_n1,2,direction,BASE_logreg,0,n1
coda_2_2457_path_object_n1,2,path_object,BASE_logreg,0,n1
coda_2_2459_counting_n1,2,counting,BASE_logreg,0,n1
coda_2_2460_nearest_class_n1,2,nearest_class,BASE_logreg,0,n1
coda_2_2465_nearest_dist_n1,2,nearest_dist,BASE_logreg,0,n1
coda_2_2468_path_object_n1,2,path_object,BASE_logreg,1,n1
coda_2_2537_path_object_n1,2,path_object,BASE_logreg,0,n1
coda_2_2539_counting_n1,2,counting,BASE_logreg,1,n1
coda_2_2541_nearest_class_n1,2,nearest_class,BASE_logreg,1,n1
coda_2_2544_nearest_dist_n1,2,nearest_dist,BASE_logreg,0,n1
coda_2_2545_direction_n1,2,direction,BASE_logreg,0,n1
coda_2_5041_path_object_n1,2,path_object,BASE_logreg,1,n1
coda_2_5044_counting_n1,2,counting,BASE_logreg,0,n1
coda_2_5046_nearest_dist_n1,2,nearest_dist,BASE_logreg,1,n1
coda_2_5048_nearest_dist_n1,2,nearest_dist,BASE_logreg,1,n1
coda_2_5051_path_object_n1,2,path_object,BASE_logreg,1,n1
coda_2_5058_path_object_n1,2,path_object,BASE_logreg,0,n1
coda_2_5060_counting_n1,2,counting,BASE_logreg,0,n1
coda_2_5081_direction_n1,2,direction,BASE_logreg,0,n1
coda_2_5084_direction_n1,2,direction,BASE_logreg,1,n1
coda_2_5086_direction_n1,2,direction,BASE_logreg,1,n1
coda_2_5091_path_object_n1,2,path_object,BASE_logreg,0,n1
coda_2_5093_counting_n1,2,counting,BASE_logreg,0,n1
coda_2_5094_nearest_class_n1,2,nearest_class,BASE_logreg,1,n1
coda_2_5101_direction_n1,2,direction,BASE_logreg,1,n1
coda_2_5104_direction_n1,2,direction,BASE_logreg,0,n1
coda_2_5109_path_object_n1,2,path_object,BASE_logreg,0,n1
coda_2_5111_counting_n1,2,counting,BASE_logreg,1,n1
coda_2_5112_nearest_class_n1,2,nearest_class,BASE_logreg,1,n1
coda_2_5114_nearest_dist_n1,2,nearest_dist,BASE_logreg,0,n1
coda_2_5120_path_object_n1,2,path_object,BASE_logreg,1,n1
coda_2_5122_path_object_n1,2,path_object,BASE_logreg,1,n1
coda_2_5126_counting_n1,2,counting,BASE_logreg,0,n1
coda_2_5129_nearest_class_n1,2,nearest_class,BASE_logreg,1,n1
coda_2_5198_nearest_dist_n1,2,nearest_dist,BASE_logreg,0,n1
coda_2_5202_path_object_n1,2,path_object,BASE_logreg,0,n1
coda_2_5203_counting_n1,2,counting,BASE_logreg,1,n1
coda_2_5205_counting_n1,2,counting,BASE_logreg,0,n1
coda_2_5289_nearest_dist_n1,2,nearest_dist,BASE_logreg,0,n1
coda_2_5293_nearest_dist_n1,2,nearest_dist,BASE_logreg,1,n1
coda_2_5338_direction_n1,2,direction,BASE_logreg,0,n1
coda_2_5339_path_object_n1,2,path_object,BASE_logreg,0,n1
coda_2_5587_counting_n1,2,counting,BASE_logreg,0,n1
coda_2_5589_nearest_class_n1,2,nearest_class,BASE_logreg,0,n1
coda_2_5591_nearest_dist_n1,2,nearest_dist,BASE_logreg,0,n1
coda_2_5593_direction_n1,2,direction,BASE_logreg,0,n1
coda_2_5595_path_object_n1,2,path_object,BASE_logreg,0,n1
coda_2_6852_counting_n1,2,counting,BASE_logreg,0,n1
coda_2_6962_nearest_class_n1,2,nearest_class,BASE_logreg,0,n1
coda_2_6968_direction_n1,2,direction,BASE_logreg,0,n1
coda_2_6970_direction_n1,2,direction,BASE_logreg,0,n1
coda_2_6974_path_object_n1,2,path_object,BASE_logreg,1,n1
coda_2_6975_counting_n1,2,counting,BASE_logreg,0,n1
coda_2_6988_nearest_dist_n1,2,nearest_dist,BASE_logreg,1,n1
coda_2_6990_direction_n1,2,direction,BASE_logreg,1,n1
coda_2_7032_counting_n1,2,counting,BASE_logreg,0,n1
coda_2_7141_path_object_n1,2,path_object,BASE_logreg,0,n1
coda_2_7142_counting_n1,2,counting,BASE_logreg,0,n1
coda_2_7149_nearest_class_n1,2,nearest_class,BASE_logreg,0,n1
coda_3_11984_nearest_dist_n1,3,nearest_dist,BASE_logreg,0,n1
coda_3_12067_direction_n1,3,direction,BASE_logreg,1,n1
coda_3_12069_path_object_n1,3,path_object,BASE_logreg,0,n1
coda_3_12072_counting_n1,3,counting,BASE_logreg,1,n1
coda_3_12075_nearest_class_n1,3,nearest_class,BASE_logreg,1,n1
coda_3_12137_direction_n1,3,direction,BASE_logreg,0,n1
coda_3_12145_direction_n1,3,direction,BASE_logreg,0,n1
coda_3_12149_path_object_n1,3,path_object,BASE_logreg,1,n1
coda_3_1820_counting_n1,3,counting,BASE_logreg,1,n1
coda_3_1825_nearest_class_n1,3,nearest_class,BASE_logreg,0,n1
coda_3_1826_nearest_dist_n1,3,nearest_dist,BASE_logreg,0,n1
coda_3_1837_path_object_n1,3,path_object,BASE_logreg,1,n1
coda_3_1840_path_object_n1,3,path_object,BASE_logreg,0,n1
coda_3_1842_counting_n1,3,counting,BASE_logreg,0,n1
coda_3_1844_nearest_class_n1,3,nearest_class,BASE_logreg,1,n1
coda_3_1933_nearest_dist_n1,3,nearest_dist,BASE_logreg,0,n1
coda_3_1934_direction_n1,3,direction,BASE_logreg,0,n1
coda_3_1937_path_object_n1,3,path_object,BASE_logreg,1,n1
coda_3_1942_counting_n1,3,counting,BASE_logreg,0,n1
coda_3_1996_nearest_class_n1,3,nearest_class,BASE_logreg,0,n1
coda_3_2000_direction_n1,3,direction,BASE_logreg,0,n1
coda_3_2001_direction_n1,3,direction,BASE_logreg,1,n1
coda_3_2009_path_object_n1,3,path_object,BASE_logreg,0,n1
coda_3_2015_counting_n1,3,counting,BASE_logreg,0,n1
coda_3_2026_nearest_class_n1,3,nearest_class,BASE_logreg,1,n1
coda_3_2027_direction_n1,3,direction,BASE_logreg,1,n1
coda_3_2033_direction_n1,3,direction,BASE_logreg,0,n1
coda_4_1337_path_object_n1,4,path_object,BASE_logreg,1,n1
coda_4_1340_counting_n1,4,counting,BASE_logreg,1,n1
coda_4_1343_nearest_class_n1,4,nearest_class,BASE_logreg,0,n1
coda_4_1427_nearest_dist_n1,4,nearest_dist,BASE_logreg,1,n1
coda_4_1431_path_object_n1,4,path_object,BASE_logreg,1,n1
coda_4_1475_path_object_n1,4,path_object,BASE_logreg,1,n1
coda_4_1476_counting_n1,4,counting,BASE_logreg,1,n1
coda_4_6639_nearest_class_n1,4,nearest_class,BASE_logreg,0,n1
coda_4_6640_direction_n1,4,direction,BASE_logreg,0,n1
coda_4_6644_path_object_n1,4,path_object,BASE_logreg,0,n1
coda_4_6651_path_object_n1,4,path_object,BASE_logreg,0,n1
coda_4_6653_counting_n1,4,counting,BASE_logreg,0,n1
coda_4_6656_nearest_class_n1,4,nearest_class,BASE_logreg,0,n1
coda_4_6663_nearest_dist_n1,4,nearest_dist,BASE_logreg,0,n1
coda_4_6694_direction_n1,4,direction,BASE_logreg,1,n1
coda_4_6769_path_object_n1,4,path_object,BASE_logreg,0,n1
coda_4_6774_counting_n1,4,counting,BASE_logreg,1,n1
coda_4_6777_nearest_class_n1,4,nearest_class,BASE_logreg,1,n1
coda_4_6782_nearest_dist_n1,4,nearest_dist,BASE_logreg,0,n1
coda_4_6796_direction_n1,4,direction,BASE_logreg,0,n1
coda_4_6799_nearest_class_n1,4,nearest_class,BASE_logreg,1,n1
coda_4_6804_counting_n1,4,counting,BASE_logreg,0,n1
coda_4_6807_nearest_class_n1,4,nearest_class,BASE_logreg,0,n1
coda_4_6875_nearest_dist_n1,4,nearest_dist,BASE_logreg,0,n1
coda_4_6880_direction_n1,4,direction,BASE_logreg,0,n1
coda_4_6882_path_object_n1,4,path_object,BASE_logreg,0,n1
coda_4_6883_counting_n1,4,counting,BASE_logreg,0,n1
coda_4_6895_nearest_dist_n1,4,nearest_dist,BASE_logreg,1,n1
coda_4_6903_nearest_dist_n1,4,nearest_dist,BASE_logreg,0,n1
coda_4_6906_direction_n1,4,direction,BASE_logreg,0,n1
coda_4_6909_path_object_n1,4,path_object,BASE_logreg,1,n1
coda_4_6912_counting_n1,4,counting,BASE_logreg,0,n1
coda_4_6923_nearest_class_n1,4,nearest_class,BASE_logreg,0,n1
coda_4_6926_direction_n1,4,direction,BASE_logreg,0,n1
coda_4_6933_direction_n1,4,direction,BASE_logreg,0,n1
coda_5_1803_counting_n1,5,counting,BASE_logreg,0,n1
coda_5_1810_counting_n1,5,counting,BASE_logreg,0,n1
coda_5_1848_nearest_class_n1,5,nearest_class,BASE_logreg,0,n1
coda_6_10385_nearest_dist_n1,6,nearest_dist,BASE_logreg,0,n1
coda_6_10386_direction_n1,6,direction,BASE_logreg,0,n1
coda_6_10388_counting_n1,6,counting,BASE_logreg,0,n1
coda_6_10393_counting_n1,6,counting,BASE_logreg,1,n1
coda_6_10395_nearest_class_n1,6,nearest_class,BASE_logreg,1,n1
coda_6_10430_nearest_dist_n1,6,nearest_dist,BASE_logreg,1,n1
coda_6_10434_counting_n1,6,counting,BASE_logreg,0,n1
coda_6_10440_counting_n1,6,counting,BASE_logreg,0,n1
coda_6_10441_counting_n1,6,counting,BASE_logreg,0,n1
coda_6_10442_nearest_class_n1,6,nearest_class,BASE_logreg,0,n1
coda_6_10453_direction_n1,6,direction,BASE_logreg,0,n1
coda_6_10457_direction_n1,6,direction,BASE_logreg,1,n1
coda_6_10465_path_object_n1,6,path_object,BASE_logreg,0,n1
coda_6_10471_counting_n1,6,counting,BASE_logreg,1,n1
coda_6_10472_nearest_class_n1,6,nearest_class,BASE_logreg,0,n1
coda_6_10478_nearest_dist_n1,6,nearest_dist,BASE_logreg,0,n1
coda_6_10563_direction_n1,6,direction,BASE_logreg,1,n1
coda_6_1243_path_object_n1,6,path_object,BASE_logreg,0,n1
coda_6_1245_counting_n1,6,counting,BASE_logreg,0,n1
coda_6_1253_nearest_dist_n1,6,nearest_dist,BASE_logreg,1,n1
coda_6_1254_nearest_dist_n1,6,nearest_dist,BASE_logreg,0,n1
coda_6_1322_path_object_n1,6,path_object,BASE_logreg,0,n1
coda_6_1324_path_object_n1,6,path_object,BASE_logreg,0,n1
coda_6_1421_counting_n1,6,counting,BASE_logreg,0,n1
coda_6_2601_nearest_class_n1,6,nearest_class,BASE_logreg,0,n1
coda_6_2641_nearest_dist_n1,6,nearest_dist,BASE_logreg,1,n1
coda_6_2649_direction_n1,6,direction,BASE_logreg,1,n1
coda_6_2654_path_object_n1,6,path_object,BASE_logreg,0,n1
coda_6_2655_counting_n1,6,counting,BASE_logreg,0,n1
coda_6_2656_nearest_dist_n1,6,nearest_dist,BASE_logreg,0,n1
coda_6_2657_nearest_dist_n1,6,nearest_dist,BASE_logreg,0,n1
coda_6_2747_direction_n1,6,direction,BASE_logreg,1,n1
coda_6_2759_counting_n1,6,counting,BASE_logreg,0,n1
coda_6_2760_counting_n1,6,counting,BASE_logreg,1,n1
coda_6_2761_nearest_class_n1,6,nearest_class,BASE_logreg,1,n1
coda_6_2774_nearest_dist_n1,6,nearest_dist,BASE_logreg,0,n1
coda_6_2784_direction_n1,6,direction,BASE_logreg,0,n1
coda_6_2794_path_object_n1,6,path_object,BASE_logreg,0,n1
coda_6_2796_counting_n1,6,counting,BASE_logreg,0,n1
coda_6_2828_nearest_class_n1,6,nearest_class,BASE_logreg,0,n1
coda_6_2831_direction_n1,6,direction,BASE_logreg,0,n1
coda_6_2834_direction_n1,6,direction,BASE_logreg,0,n1
coda_6_2839_path_object_n1,6,path_object,BASE_logreg,0,n1
coda_6_2840_counting_n1,6,counting,BASE_logreg,0,n1
coda_6_2841_nearest_class_n1,6,nearest_class,BASE_logreg,0,n1
coda_6_2846_nearest_dist_n1,6,nearest_dist,BASE_logreg,0,n1
coda_6_2854_direction_n1,6,direction,BASE_logreg,1,n1
coda_6_2855_counting_n1,6,counting,BASE_logreg,0,n1
coda_6_2857_counting_n1,6,counting,BASE_logreg,0,n1
coda_6_2859_nearest_class_n1,6,nearest_class,BASE_logreg,0,n1
coda_6_4502_nearest_dist_n1,6,nearest_dist,BASE_logreg,0,n1
coda_6_4509_direction_n1,6,direction,BASE_logreg,0,n1
coda_6_4515_path_object_n1,6,path_object,BASE_logreg,0,n1
coda_6_4524_counting_n1,6,counting,BASE_logreg,0,n1
coda_6_4529_nearest_class_n1,6,nearest_class,BASE_logreg,0,n1
coda_6_4533_nearest_dist_n1,6,nearest_dist,BASE_logreg,1,n1
coda_6_4601_counting_n1,6,counting,BASE_logreg,0,n1
coda_6_4603_counting_n1,6,counting,BASE_logreg,1,n1
coda_6_4607_counting_n1,6,counting,BASE_logreg,0,n1
coda_6_4611_direction_n1,6,direction,BASE_logreg,0,n1
coda_6_4618_nearest_dist_n1,6,nearest_dist,BASE_logreg,1,n1
coda_6_4619_direction_n1,6,direction,BASE_logreg,0,n1
coda_6_4662_counting_n1,6,counting,BASE_logreg,0,n1
coda_6_4664_counting_n1,6,counting,BASE_logreg,0,n1
coda_6_4740_nearest_class_n1,6,nearest_class,BASE_logreg,0,n1
coda_6_4741_nearest_dist_n1,6,nearest_dist,BASE_logreg,0,n1
coda_6_4747_direction_n1,6,direction,BASE_logreg,1,n1
coda_6_4750_counting_n1,6,counting,BASE_logreg,0,n1
coda_6_4756_counting_n1,6,counting,BASE_logreg,1,n1
coda_6_4757_nearest_class_n1,6,nearest_class,BASE_logreg,0,n1
coda_6_4764_nearest_dist_n1,6,nearest_dist,BASE_logreg,0,n1
coda_6_4769_direction_n1,6,direction,BASE_logreg,0,n1
coda_6_4772_counting_n1,6,counting,BASE_logreg,1,n1
coda_6_4773_counting_n1,6,counting,BASE_logreg,1,n1
coda_6_4776_nearest_class_n1,6,nearest_class,BASE_logreg,0,n1
coda_6_5518_nearest_dist_n1,6,nearest_dist,BASE_logreg,0,n1
coda_6_5526_direction_n1,6,direction,BASE_logreg,1,n1
coda_6_5528_counting_n1,6,counting,BASE_logreg,0,n1
coda_6_5534_counting_n1,6,counting,BASE_logreg,0,n1
coda_6_5578_direction_n1,6,direction,BASE_logreg,1,n1
coda_6_5581_direction_n1,6,direction,BASE_logreg,1,n1
coda_6_5584_direction_n1,6,direction,BASE_logreg,1,n1
coda_6_5632_counting_n1,6,counting,BASE_logreg,1,n1
coda_6_5634_counting_n1,6,counting,BASE_logreg,0,n1
coda_6_5635_nearest_class_n1,6,nearest_class,BASE_logreg,0,n1
coda_6_5645_nearest_dist_n1,6,nearest_dist,BASE_logreg,0,n1
coda_6_5646_direction_n1,6,direction,BASE_logreg,0,n1
coda_6_5680_nearest_class_n1,6,nearest_class,BASE_logreg,0,n1
coda_6_5685_counting_n1,6,counting,BASE_logreg,1,n1
coda_6_5691_nearest_class_n1,6,nearest_class,BASE_logreg,0,n1
coda_6_5692_nearest_dist_n1,6,nearest_dist,BASE_logreg,1,n1
coda_6_5693_direction_n1,6,direction,BASE_logreg,0,n1
coda_6_5702_nearest_class_n1,6,nearest_class,BASE_logreg,0,n1
coda_6_5705_counting_n1,6,counting,BASE_logreg,0,n1
coda_6_5707_nearest_class_n1,6,nearest_class,BASE_logreg,0,n1
coda_6_5710_nearest_dist_n1,6,nearest_dist,BASE_logreg,0,n1
coda_6_5714_direction_n1,6,direction,BASE_logreg,1,n1
coda_6_5716_counting_n1,6,counting,BASE_logreg,0,n1
coda_6_5717_counting_n1,6,counting,BASE_logreg,0,n1
coda_6_5721_nearest_dist_n1,6,nearest_dist,BASE_logreg,1,n1
coda_6_5723_nearest_dist_n1,6,nearest_dist,BASE_logreg,0,n1
coda_6_5730_direction_n1,6,direction,BASE_logreg,0,n1
coda_6_5734_counting_n1,6,counting,BASE_logreg,0,n1
coda_6_8483_counting_n1,6,counting,BASE_logreg,0,n1
coda_6_8484_nearest_class_n1,6,nearest_class,BASE_logreg,0,n1
coda_6_8485_nearest_dist_n1,6,nearest_dist,BASE_logreg,0,n1
coda_6_8487_direction_n1,6,direction,BASE_logreg,0,n1
coda_6_8494_path_object_n1,6,path_object,BASE_logreg,0,n1
coda_6_8495_counting_n1,6,counting,BASE_logreg,0,n1
coda_6_8500_nearest_class_n1,6,nearest_class,BASE_logreg,0,n1
coda_6_8504_nearest_dist_n1,6,nearest_dist,BASE_logreg,1,n1
coda_6_8509_path_object_n1,6,path_object,BASE_logreg,0,n1
coda_6_8656_path_object_n1,6,path_object,BASE_logreg,1,n1
coda_6_8657_nearest_dist_n1,6,nearest_dist,BASE_logreg,1,n1
coda_6_8660_nearest_dist_n1,6,nearest_dist,BASE_logreg,0,n1
coda_6_8822_direction_n1,6,direction,BASE_logreg,0,n1
coda_6_8824_direction_n1,6,direction,BASE_logreg,1,n1
coda_6_8829_nearest_dist_n1,6,nearest_dist,BASE_logreg,1,n1
coda_6_8835_counting_n1,6,counting,BASE_logreg,0,n1
coda_6_8839_nearest_dist_n1,6,nearest_dist,BASE_logreg,0,n1
coda_6_8840_nearest_dist_n1,6,nearest_dist,BASE_logreg,0,n1
coda_6_8852_direction_n1,6,direction,BASE_logreg,1,n1
coda_6_8920_path_object_n1,6,path_object,BASE_logreg,0,n1
coda_6_8922_counting_n1,6,counting,BASE_logreg,1,n1
coda_6_9135_direction_n1,6,direction,BASE_logreg,0,n1
coda_6_9141_nearest_dist_n1,6,nearest_dist,BASE_logreg,1,n1
coda_7_12955_direction_n1,7,direction,BASE_logreg,0,n1
coda_7_12956_path_object_n1,7,path_object,BASE_logreg,1,n1
coda_7_12957_nearest_class_n1,7,nearest_class,BASE_logreg,0,n1
coda_7_12967_nearest_class_n1,7,nearest_class,BASE_logreg,1,n1
coda_7_12971_nearest_dist_n1,7,nearest_dist,BASE_logreg,0,n1
coda_7_12975_direction_n1,7,direction,BASE_logreg,0,n1
coda_7_12979_path_object_n1,7,path_object,BASE_logreg,0,n1
coda_7_13023_counting_n1,7,counting,BASE_logreg,0,n1
coda_7_13027_nearest_class_n1,7,nearest_class,BASE_logreg,1,n1
coda_7_13028_path_object_n1,7,path_object,BASE_logreg,1,n1
coda_7_13030_path_object_n1,7,path_object,BASE_logreg,0,n1
coda_7_13040_path_object_n1,7,path_object,BASE_logreg,1,n1
coda_7_13045_counting_n1,7,counting,BASE_logreg,1,n1
coda_7_13047_nearest_class_n1,7,nearest_class,BASE_logreg,0,n1
coda_7_14701_direction_n1,7,direction,BASE_logreg,1,n1
coda_7_14879_direction_n1,7,direction,BASE_logreg,1,n1
coda_7_14924_counting_n1,7,counting,BASE_logreg,0,n1
coda_7_14927_counting_n1,7,counting,BASE_logreg,0,n1
coda_7_14972_nearest_class_n1,7,nearest_class,BASE_logreg,0,n1
coda_7_14973_nearest_dist_n1,7,nearest_dist,BASE_logreg,1,n1
coda_7_14975_direction_n1,7,direction,BASE_logreg,0,n1
coda_7_14985_path_object_n1,7,path_object,BASE_logreg,0,n1
coda_7_14986_nearest_class_n1,7,nearest_class,BASE_logreg,1,n1
coda_7_15069_nearest_class_n1,7,nearest_class,BASE_logreg,0,n1
coda_7_15070_nearest_dist_n1,7,nearest_dist,BASE_logreg,1,n1
coda_7_15072_direction_n1,7,direction,BASE_logreg,0,n1
coda_7_15075_path_object_n1,7,path_object,BASE_logreg,0,n1
coda_7_15079_counting_n1,7,counting,BASE_logreg,0,n1
coda_7_15084_nearest_class_n1,7,nearest_class,BASE_logreg,0,n1
coda_7_15088_nearest_dist_n1,7,nearest_dist,BASE_logreg,1,n1
coda_7_15101_direction_n1,7,direction,BASE_logreg,1,n1
coda_7_15111_path_object_n1,7,path_object,BASE_logreg,0,n1
coda_7_15114_counting_n1,7,counting,BASE_logreg,0,n1
coda_7_15199_nearest_class_n1,7,nearest_class,BASE_logreg,0,n1
coda_7_15206_nearest_dist_n1,7,nearest_dist,BASE_logreg,1,n1
coda_7_15212_direction_n1,7,direction,BASE_logreg,0,n1
coda_7_15219_path_object_n1,7,path_object,BASE_logreg,0,n1
coda_7_15258_counting_n1,7,counting,BASE_logreg,1,n1
coda_7_15308_nearest_class_n1,7,nearest_class,BASE_logreg,1,n1
coda_7_15313_direction_n1,7,direction,BASE_logreg,0,n1
coda_7_15316_direction_n1,7,direction,BASE_logreg,1,n1
coda_7_15318_path_object_n1,7,path_object,BASE_logreg,0,n1
coda_7_15322_counting_n1,7,counting,BASE_logreg,0,n1
coda_7_15331_nearest_class_n1,7,nearest_class,BASE_logreg,0,n1
coda_7_15333_direction_n1,7,direction,BASE_logreg,0,n1
coda_7_4781_direction_n1,7,direction,BASE_logreg,0,n1
coda_7_4850_counting_n1,7,counting,BASE_logreg,0,n1
coda_7_4853_counting_n1,7,counting,BASE_logreg,0,n1
coda_7_4971_nearest_class_n1,7,nearest_class,BASE_logreg,0,n1
coda_7_6615_nearest_dist_n1,7,nearest_dist,BASE_logreg,1,n1
coda_7_6622_direction_n1,7,direction,BASE_logreg,0,n1
coda_7_6623_path_object_n1,7,path_object,BASE_logreg,1,n1
coda_7_6625_counting_n1,7,counting,BASE_logreg,0,n1
coda_7_6686_nearest_class_n1,7,nearest_class,BASE_logreg,1,n1
coda_7_6693_nearest_dist_n1,7,nearest_dist,BASE_logreg,0,n1
coda_7_6698_direction_n1,7,direction,BASE_logreg,0,n1
coda_7_6699_path_object_n1,7,path_object,BASE_logreg,1,n1
coda_7_6701_counting_n1,7,counting,BASE_logreg,0,n1
coda_7_6711_nearest_class_n1,7,nearest_class,BASE_logreg,0,n1
coda_7_6712_direction_n1,7,direction,BASE_logreg,0,n1
coda_7_6714_direction_n1,7,direction,BASE_logreg,1,n1
coda_7_6772_nearest_dist_n1,7,nearest_dist,BASE_logreg,1,n1
coda_7_6775_counting_n1,7,counting,BASE_logreg,0,n1
coda_7_6777_nearest_dist_n1,7,nearest_dist,BASE_logreg,0,n1
coda_7_6780_counting_n1,7,counting,BASE_logreg,0,n1
coda_7_6790_direction_n1,7,direction,BASE_logreg,1,n1
coda_7_8412_counting_n1,7,counting,BASE_logreg,1,n1
coda_7_8414_counting_n1,7,counting,BASE_logreg,1,n1
coda_7_8415_nearest_dist_n1,7,nearest_dist,BASE_logreg,0,n1
coda_7_8418_nearest_dist_n1,7,nearest_dist,BASE_logreg,0,n1
coda_7_8421_direction_n1,7,direction,BASE_logreg,0,n1
coda_7_8425_counting_n1,7,counting,BASE_logreg,1,n1
coda_8_631_counting_n1,8,counting,BASE_logreg,0,n1
coda_9_1531_nearest_dist_n1,9,nearest_dist,BASE_logreg,0,n1
coda_9_1532_nearest_dist_n1,9,nearest_dist,BASE_logreg,0,n1
coda_9_1538_direction_n1,9,direction,BASE_logreg,0,n1
coda_9_1539_path_object_n1,9,path_object,BASE_logreg,0,n1
coda_9_1549_counting_n1,9,counting,BASE_logreg,1,n1
coda_9_1550_nearest_class_n1,9,nearest_class,BASE_logreg,0,n1
coda_9_1551_nearest_dist_n1,9,nearest_dist,BASE_logreg,0,n1
coda_9_1552_direction_n1,9,direction,BASE_logreg,1,n1
coda_9_1586_counting_n1,9,counting,BASE_logreg,1,n1
coda_9_1637_counting_n1,9,counting,BASE_logreg,0,n1
coda_9_1641_nearest_class_n1,9,nearest_class,BASE_logreg,0,n1
coda_9_1644_nearest_dist_n1,9,nearest_dist,BASE_logreg,0,n1
coda_9_1646_direction_n1,9,direction,BASE_logreg,0,n1
coda_9_1648_counting_n1,9,counting,BASE_logreg,0,n1
coda_9_2495_counting_n1,9,counting,BASE_logreg,1,n1
coda_9_2501_nearest_class_n1,9,nearest_class,BASE_logreg,1,n1
coda_9_2505_nearest_dist_n1,9,nearest_dist,BASE_logreg,0,n1
coda_9_2506_direction_n1,9,direction,BASE_logreg,0,n1
coda_9_2507_counting_n1,9,counting,BASE_logreg,0,n1
coda_9_2644_counting_n1,9,counting,BASE_logreg,0,n1
coda_9_2647_nearest_dist_n1,9,nearest_dist,BASE_logreg,0,n1
coda_9_6680_direction_n1,9,direction,BASE_logreg,0,n1
coda_9_6719_direction_n1,9,direction,BASE_logreg,1,n1
coda_9_6720_path_object_n1,9,path_object,BASE_logreg,0,n1
coda_9_6728_counting_n1,9,counting,BASE_logreg,0,n1
coda_9_6785_nearest_class_n1,9,nearest_class,BASE_logreg,0,n1
coda_9_6787_nearest_dist_n1,9,nearest_dist,BASE_logreg,1,n1
coda_9_6797_direction_n1,9,direction,BASE_logreg,1,n1
coda_9_6798_path_object_n1,9,path_object,BASE_logreg,0,n1
coda_9_6800_counting_n1,9,counting,BASE_logreg,0,n1
coda_9_8515_nearest_class_n1,9,nearest_class,BASE_logreg,0,n1
coda_9_8519_nearest_dist_n1,9,nearest_dist,BASE_logreg,0,n1
coda_9_8536_direction_n1,9,direction,BASE_logreg,0,n1
coda_9_8537_path_object_n1,9,path_object,BASE_logreg,0,n1
coda_9_8540_counting_n1,9,counting,BASE_logreg,1,n1
coda_9_8545_nearest_class_n1,9,nearest_class,BASE_logreg,1,n1
coda_9_8551_nearest_dist_n1,9,nearest_dist,BASE_logreg,0,n1
coda_9_8553_direction_n1,9,direction,BASE_logreg,0,n1
coda_9_8559_counting_n1,9,counting,BASE_logreg,1,n1
coda_9_8561_counting_n1,9,counting,BASE_logreg,1,n1
coda_9_8562_nearest_class_n1,9,nearest_class,BASE_logreg,1,n1
coda_9_8566_nearest_dist_n1,9,nearest_dist,BASE_logreg,0,n1
coda_9_8567_direction_n1,9,direction,BASE_logreg,0,n1
coda_9_8571_path_object_n1,9,path_object,BASE_logreg,0,n1
coda_9_8604_counting_n1,9,counting,BASE_logreg,1,n1
coda_9_8606_nearest_dist_n1,9,nearest_dist,BASE_logreg,1,n1
coda_9_8612_nearest_dist_n1,9,nearest_dist,BASE_logreg,0,n1
coda_9_8616_direction_n1,9,direction,BASE_logreg,0,n1
coda_9_8681_counting_n1,9,counting,BASE_logreg,1,n1
coda_9_8684_counting_n1,9,counting,BASE_logreg,1,n1
coda_9_8838_nearest_class_n1,9,nearest_class,BASE_logreg,1,n1
coda_9_8841_nearest_dist_n1,9,nearest_dist,BASE_logreg,0,n1
coda_9_8842_direction_n1,9,direction,BASE_logreg,0,n1
coda_9_8845_counting_n1,9,counting,BASE_logreg,0,n1
coda_9_9352_counting_n1,9,counting,BASE_logreg,1,n1
coda_9_9354_nearest_class_n1,9,nearest_class,BASE_logreg,1,n1
coda_9_9361_nearest_dist_n1,9,nearest_dist,BASE_logreg,1,n1
coda_9_9363_direction_n1,9,direction,BASE_logreg,1,n1
coda_9_9368_path_object_n1,9,path_object,BASE_logreg,1,n1
coda_9_9371_counting_n1,9,counting,BASE_logreg,0,n1
coda_9_9372_nearest_dist_n1,9,nearest_dist,BASE_logreg,0,n1
coda_9_9377_direction_n1,9,direction,BASE_logreg,0,n1
coda_9_9380_direction_n1,9,direction,BASE_logreg,0,n1
coda_9_9382_path_object_n1,9,path_object,BASE_logreg,1,n1
coda_9_9394_counting_n1,9,counting,BASE_logreg,0,n1
coda_9_9398_direction_n1,9,direction,BASE_logreg,0,n1
coda_9_9466_nearest_dist_n1,9,nearest_dist,BASE_logreg,1,n1
coda_9_9467_direction_n1,9,direction,BASE_logreg,1,n1
coda_9_9469_counting_n1,9,counting,BASE_logreg,0,n1
coda_9_9471_counting_n1,9,counting,BASE_logreg,0,n1
coda_9_9577_nearest_class_n1,9,nearest_class,BASE_logreg,1,n1
coda_9_9578_nearest_dist_n1,9,nearest_dist,BASE_logreg,0,n1
coda_9_9579_counting_n1,9,counting,BASE_logreg,1,n1
coda_9_9582_counting_n1,9,counting,BASE_logreg,0,n1
coda_9_9588_counting_n1,9,counting,BASE_logreg,0,n1
coda_9_9589_nearest_class_n1,9,nearest_class,BASE_logreg,0,n1
coda_9_9595_nearest_dist_n1,9,nearest_dist,BASE_logreg,1,n1
coda_0_421_counting_n1,0,counting,BASE_gbtree,0,n1
coda_0_422_nearest_dist_n1,0,nearest_dist,BASE_gbtree,0,n1
coda_0_429_nearest_dist_n1,0,nearest_dist,BASE_gbtree,0,n1
coda_0_436_direction_n1,0,direction,BASE_gbtree,0,n1
coda_0_4797_path_object_n1,0,path_object,BASE_gbtree,0,n1
coda_0_4803_counting_n1,0,counting,BASE_gbtree,0,n1
coda_0_4804_nearest_class_n1,0,nearest_class,BASE_gbtree,1,n1
coda_0_4805_nearest_dist_n1,0,nearest_dist,BASE_gbtree,0,n1
coda_0_4809_direction_n1,0,direction,BASE_gbtree,1,n1
coda_0_4813_path_object_n1,0,path_object,BASE_gbtree,0,n1
coda_0_4815_counting_n1,0,counting,BASE_gbtree,0,n1
coda_0_4818_nearest_class_n1,0,nearest_class,BASE_gbtree,1,n1
coda_0_4821_nearest_dist_n1,0,nearest_dist,BASE_gbtree,1,n1
coda_0_4902_direction_n1,0,direction,BASE_gbtree,0,n1
coda_0_4907_path_object_n1,0,path_object,BASE_gbtree,1,n1
coda_0_4908_counting_n1,0,counting,BASE_gbtree,0,n1
coda_0_4910_nearest_class_n1,0,nearest_class,BASE_gbtree,1,n1
coda_0_4914_nearest_dist_n1,0,nearest_dist,BASE_gbtree,0,n1
coda_0_4916_direction_n1,0,direction,BASE_gbtree,1,n1
coda_0_4924_nearest_class_n1,0,nearest_class,BASE_gbtree,1,n1
coda_0_4925_counting_n1,0,counting,BASE_gbtree,0,n1
coda_0_4926_nearest_class_n1,0,nearest_class,BASE_gbtree,1,n1
coda_0_4930_nearest_dist_n1,0,nearest_dist,BASE_gbtree,0,n1
coda_0_507_direction_n1,0,direction,BASE_gbtree,1,n1
coda_0_508_path_object_n1,0,path_object,BASE_gbtree,0,n1
coda_0_514_counting_n1,0,counting,BASE_gbtree,0,n1
coda_0_520_nearest_class_n1,0,nearest_class,BASE_gbtree,1,n1
coda_0_525_nearest_dist_n1,0,nearest_dist,BASE_gbtree,0,n1
coda_0_526_direction_n1,0,direction,BASE_gbtree,0,n1
coda_0_570_path_object_n1,0,path_object,BASE_gbtree,0,n1
coda_0_5704_counting_n1,0,counting,BASE_gbtree,0,n1
coda_0_5707_nearest_class_n1,0,nearest_class,BASE_gbtree,1,n1
coda_0_571_nearest_dist_n1,0,nearest_dist,BASE_gbtree,0,n1
coda_0_5710_direction_n1,0,direction,BASE_gbtree,0,n1
coda_0_5712_counting_n1,0,counting,BASE_gbtree,1,n1
coda_0_572_nearest_class_n1,0,nearest_class,BASE_gbtree,0,n1
coda_0_5752_nearest_class_n1,0,nearest_class,BASE_gbtree,0,n1
coda_0_5753_nearest_dist_n1,0,nearest_dist,BASE_gbtree,0,n1
coda_0_5754_direction_n1,0,direction,BASE_gbtree,0,n1
coda_0_5787_path_object_n1,0,path_object,BASE_gbtree,0,n1
coda_0_5788_counting_n1,0,counting,BASE_gbtree,0,n1
coda_0_583_nearest_class_n1,0,nearest_class,BASE_gbtree,0,n1
coda_0_621_direction_n1,0,direction,BASE_gbtree,1,n1
coda_0_634_direction_n1,0,direction,BASE_gbtree,0,n1
coda_10_11540_path_object_n1,10,path_object,BASE_gbtree,1,n1
coda_10_11542_counting_n1,10,counting,BASE_gbtree,0,n1
coda_10_11546_nearest_class_n1,10,nearest_class,BASE_gbtree,0,n1
coda_10_11584_nearest_dist_n1,10,nearest_dist,BASE_gbtree,0,n1
coda_10_2039_direction_n1,10,direction,BASE_gbtree,1,n1
coda_10_2043_counting_n1,10,counting,BASE_gbtree,1,n1
coda_10_2044_counting_n1,10,counting,BASE_gbtree,1,n1
coda_10_2051_nearest_class_n1,10,nearest_class,BASE_gbtree,0,n1
coda_10_2114_nearest_dist_n1,10,nearest_dist,BASE_gbtree,0,n1
coda_10_2123_direction_n1,10,direction,BASE_gbtree,1,n1
coda_10_2124_counting_n1,10,counting,BASE_gbtree,0,n1
coda_10_2129_counting_n1,10,counting,BASE_gbtree,1,n1
coda_10_2131_nearest_class_n1,10,nearest_class,BASE_gbtree,1,n1
coda_10_2132_nearest_dist_n1,10,nearest_dist,BASE_gbtree,0,n1
coda_10_2133_direction_n1,10,direction,BASE_gbtree,0,n1
coda_10_2137_counting_n1,10,counting,BASE_gbtree,1,n1
coda_10_2144_counting_n1,10,counting,BASE_gbtree,0,n1
coda_10_5816_nearest_dist_n1,10,nearest_dist,BASE_gbtree,0,n1
coda_10_5819_nearest_dist_n1,10,nearest_dist,BASE_gbtree,0,n1
coda_10_5862_direction_n1,10,direction,BASE_gbtree,0,n1
coda_10_5863_counting_n1,10,counting,BASE_gbtree,1,n1
coda_10_5865_counting_n1,10,counting,BASE_gbtree,0,n1
coda_10_5866_nearest_dist_n1,10,nearest_dist,BASE_gbtree,0,n1
coda_10_5872_nearest_dist_n1,10,nearest_dist,BASE_gbtree,0,n1
coda_10_6000_direction_n1,10,direction,BASE_gbtree,0,n1
coda_10_6001_counting_n1,10,counting,BASE_gbtree,0,n1
coda_10_6004_counting_n1,10,counting,BASE_gbtree,0,n1
coda_10_8369_nearest_class_n1,10,nearest_class,BASE_gbtree,0,n1
coda_10_8372_path_object_n1,10,path_object,BASE_gbtree,1,n1
coda_10_8378_direction_n1,10,direction,BASE_gbtree,0,n1
coda_10_8424_path_object_n1,10,path_object,BASE_gbtree,1,n1
coda_10_8429_counting_n1,10,counting,BASE_gbtree,0,n1
coda_10_8430_nearest_class_n1,10,nearest_class,BASE_gbtree,1,n1
coda_10_8431_nearest_dist_n1,10,nearest_dist,BASE_gbtree,0,n1
coda_10_8433_direction_n1,10,direction,BASE_gbtree,0,n1
coda_10_9306_path_object_n1,10,path_object,BASE_gbtree,1,n1
coda_10_9309_counting_n1,10,counting,BASE_gbtree,0,n1
coda_10_9347_nearest_class_n1,10,nearest_class,BASE_gbtree,0,n1
coda_10_9350_nearest_dist_n1,10,nearest_dist,BASE_gbtree,0,n1
coda_10_9356_direction_n1,10,direction,BASE_gbtree,0,n1
coda_10_9392_path_object_n1,10,path_object,BASE_gbtree,0,n1
coda_10_9395_counting_n1,10,counting,BASE_gbtree,1,n1
coda_10_9396_nearest_class_n1,10,nearest_class,BASE_gbtree,1,n1
coda_11_1747_nearest_dist_n1,11,nearest_dist,BASE_gbtree,0,n1
coda_11_1749_counting_n1,11,counting,BASE_gbtree,0,n1
coda_11_1756_counting_n1,11,counting,BASE_gbtree,0,n1
coda_11_1760_counting_n1,11,counting,BASE_gbtree,1,n1
coda_11_1768_nearest_class_n1,11,nearest_class,BASE_gbtree,1,n1
coda_11_1777_nearest_dist_n1,11,nearest_dist,BASE_gbtree,0,n1
coda_11_1783_counting_n1,11,counting,BASE_gbtree,0,n1
coda_11_1787_counting_n1,11,counting,BASE_gbtree,0,n1
coda_11_1790_counting_n1,11,counting,BASE_gbtree,0,n1
coda_11_1792_nearest_class_n1,11,nearest_class,BASE_gbtree,1,n1
coda_11_1793_nearest_dist_n1,11,nearest_dist,BASE_gbtree,0,n1
coda_11_1794_counting_n1,11,counting,BASE_gbtree,0,n1
coda_11_1799_counting_n1,11,counting,BASE_gbtree,0,n1
coda_11_1800_counting_n1,11,counting,BASE_gbtree,1,n1
coda_11_1906_nearest_class_n1,11,nearest_class,BASE_gbtree,1,n1
coda_11_1907_direction_n1,11,direction,BASE_gbtree,0,n1
coda_11_1914_direction_n1,11,direction,BASE_gbtree,0,n1
coda_11_1916_counting_n1,11,counting,BASE_gbtree,0,n1
coda_11_1924_counting_n1,11,counting,BASE_gbtree,0,n1
coda_11_1928_nearest_class_n1,11,nearest_class,BASE_gbtree,0,n1
coda_11_1932_nearest_dist_n1,11,nearest_dist,BASE_gbtree,1,n1
coda_11_1935_direction_n1,11,direction,BASE_gbtree,0,n1
coda_11_1939_path_object_n1,11,path_object,BASE_gbtree,1,n1
coda_11_1942_counting_n1,11,counting,BASE_gbtree,1,n1
coda_11_2057_nearest_class_n1,11,nearest_class,BASE_gbtree,0,n1
coda_11_2064_direction_n1,11,direction,BASE_gbtree,0,n1
coda_11_2073_direction_n1,11,direction,BASE_gbtree,0,n1
coda_11_2081_path_object_n1,11,path_object,BASE_gbtree,1,n1
coda_11_2082_counting_n1,11,counting,BASE_gbtree,0,n1
coda_11_2084_nearest_class_n1,11,nearest_class,BASE_gbtree,1,n1
coda_11_2085_nearest_dist_n1,11,nearest_dist,BASE_gbtree,1,n1
coda_11_5174_path_object_n1,11,path_object,BASE_gbtree,0,n1
coda_11_5176_path_object_n1,11,path_object,BASE_gbtree,0,n1
coda_11_5179_counting_n1,11,counting,BASE_gbtree,0,n1
coda_11_5184_nearest_class_n1,11,nearest_class,BASE_gbtree,1,n1
coda_11_5185_direction_n1,11,direction,BASE_gbtree,0,n1
coda_11_5186_direction_n1,11,direction,BASE_gbtree,1,n1
coda_11_5188_path_object_n1,11,path_object,BASE_gbtree,1,n1
coda_11_5190_counting_n1,11,counting,BASE_gbtree,0,n1
coda_11_5194_nearest_class_n1,11,nearest_class,BASE_gbtree,1,n1
coda_11_5197_path_object_n1,11,path_object,BASE_gbtree,0,n1
coda_11_5205_path_object_n1,11,path_object,BASE_gbtree,0,n1
coda_11_5207_path_object_n1,11,path_object,BASE_gbtree,0,n1
coda_11_5627_counting_n1,11,counting,BASE_gbtree,1,n1
coda_11_5660_nearest_dist_n1,11,nearest_dist,BASE_gbtree,0,n1
coda_11_5661_nearest_dist_n1,11,nearest_dist,BASE_gbtree,0,n1
coda_11_5667_direction_n1,11,direction,BASE_gbtree,0,n1
coda_11_5668_counting_n1,11,counting,BASE_gbtree,1,n1
coda_11_5671_counting_n1,11,counting,BASE_gbtree,0,n1
coda_11_5674_nearest_dist_n1,11,nearest_dist,BASE_gbtree,0,n1
coda_11_5769_nearest_dist_n1,11,nearest_dist,BASE_gbtree,1,n1
coda_11_5776_direction_n1,11,direction,BASE_gbtree,0,n1
coda_11_5785_counting_n1,11,counting,BASE_gbtree,1,n1
coda_12_10418_counting_n1,12,counting,BASE_gbtree,1,n1
coda_12_10422_nearest_class_n1,12,nearest_class,BASE_gbtree,1,n1
coda_12_10423_nearest_dist_n1,12,nearest_dist,BASE_gbtree,0,n1
coda_12_10428_direction_n1,12,direction,BASE_gbtree,0,n1
coda_12_10438_counting_n1,12,counting,BASE_gbtree,0,n1
coda_12_10442_counting_n1,12,counting,BASE_gbtree,1,n1
coda_12_10445_nearest_class_n1,12,nearest_class,BASE_gbtree,1,n1
coda_12_10446_nearest_dist_n1,12,nearest_dist,BASE_gbtree,1,n1
coda_12_10537_path_object_n1,12,path_object,BASE_gbtree,0,n1
coda_12_10550_path_object_n1,12,path_object,BASE_gbtree,1,n1
coda_12_11507_counting_n1,12,counting,BASE_gbtree,0,n1
coda_12_11508_nearest_class_n1,12,nearest_class,BASE_gbtree,1,n1
coda_12_11526_nearest_dist_n1,12,nearest_dist,BASE_gbtree,0,n1
coda_12_11529_direction_n1,12,direction,BASE_gbtree,0,n1
coda_12_11592_path_object_n1,12,path_object,BASE_gbtree,0,n1
coda_12_11594_counting_n1,12,counting,BASE_gbtree,1,n1
coda_12_11599_nearest_class_n1,12,nearest_class,BASE_gbtree,0,n1
coda_12_11600_nearest_dist_n1,12,nearest_dist,BASE_gbtree,1,n1
coda_12_11605_direction_n1,12,direction,BASE_gbtree,0,n1
coda_12_11618_path_object_n1,12,path_object,BASE_gbtree,1,n1
coda_12_2675_counting_n1,12,counting,BASE_gbtree,0,n1
coda_12_2676_direction_n1,12,direction,BASE_gbtree,0,n1
coda_12_2681_direction_n1,12,direction,BASE_gbtree,0,n1
coda_12_2687_direction_n1,12,direction,BASE_gbtree,0,n1
coda_12_2697_path_object_n1,12,path_object,BASE_gbtree,1,n1
coda_12_2700_counting_n1,12,counting,BASE_gbtree,0,n1
coda_12_2863_nearest_class_n1,12,nearest_class,BASE_gbtree,0,n1
coda_12_2864_nearest_dist_n1,12,nearest_dist,BASE_gbtree,0,n1
coda_12_2867_path_object_n1,12,path_object,BASE_gbtree,1,n1
coda_12_2871_path_object_n1,12,path_object,BASE_gbtree,0,n1
coda_12_2877_counting_n1,12,counting,BASE_gbtree,1,n1
coda_12_2883_nearest_class_n1,12,nearest_class,BASE_gbtree,1,n1
coda_12_2887_path_object_n1,12,path_object,BASE_gbtree,1,n1
coda_12_2890_path_object_n1,12,path_object,BASE_gbtree,1,n1
coda_12_2892_counting_n1,12,counting,BASE_gbtree,0,n1
coda_12_2893_counting_n1,12,counting,BASE_gbtree,0,n1
coda_12_2896_direction_n1,12,direction,BASE_gbtree,0,n1
coda_12_2903_nearest_dist_n1,12,nearest_dist,BASE_gbtree,1,n1
coda_12_2905_direction_n1,12,direction,BASE_gbtree,0,n1
coda_13_10067_path_object_n1,13,path_object,BASE_gbtree,0,n1
coda_13_10070_nearest_class_n1,13,nearest_class,BASE_gbtree,0,n1
coda_13_10072_nearest_class_n1,13,nearest_class,BASE_gbtree,1,n1
coda_13_10081_nearest_dist_n1,13,nearest_dist,BASE_gbtree,0,n1
coda_13_10414_path_object_n1,13,path_object,BASE_gbtree,0,n1
coda_13_10415_path_object_n1,13,path_object,BASE_gbtree,0,n1
coda_13_10426_nearest_class_n1,13,nearest_class,BASE_gbtree,1,n1
coda_13_10431_nearest_class_n1,13,nearest_class,BASE_gbtree,0,n1
coda_13_10441_nearest_dist_n1,13,nearest_dist,BASE_gbtree,0,n1
coda_13_10449_path_object_n1,13,path_object,BASE_gbtree,1,n1
coda_13_10457_path_object_n1,13,path_object,BASE_gbtree,0,n1
coda_13_10458_counting_n1,13,counting,BASE_gbtree,1,n1
coda_13_10462_nearest_class_n1,13,nearest_class,BASE_gbtree,1,n1
coda_13_10470_nearest_dist_n1,13,nearest_dist,BASE_gbtree,0,n1
coda_13_10472_direction_n1,13,direction,BASE_gbtree,1,n1
coda_13_10477_path_object_n1,13,path_object,BASE_gbtree,1,n1
coda_13_10478_counting_n1,13,counting,BASE_gbtree,0,n1
coda_13_10479_nearest_class_n1,13,nearest_class,BASE_gbtree,0,n1
coda_13_10487_nearest_dist_n1,13,nearest_dist,BASE_gbtree,1,n1
coda_13_10489_direction_n1,13,direction,BASE_gbtree,1,n1
coda_13_10490_path_object_n1,13,path_object,BASE_gbtree,0,n1
coda_13_10494_counting_n1,13,counting,BASE_gbtree,1,n1
coda_13_1050_nearest_class_n1,13,nearest_class,BASE_gbtree,0,n1
coda_13_10500_nearest_dist_n1,13,nearest_dist,BASE_gbtree,0,n1
coda_13_10518_direction_n1,13,direction,BASE_gbtree,0,n1
coda_13_10522_path_object_n1,13,path_object,BASE_gbtree,1,n1
coda_13_10526_counting_n1,13,counting,BASE_gbtree,0,n1
coda_13_10576_nearest_class_n1,13,nearest_class,BASE_gbtree,0,n1
coda_13_10578_direction_n1,13,direction,BASE_gbtree,0,n1
coda_13_10612_direction_n1,13,direction,BASE_gbtree,0,n1
coda_13_10670_path_object_n1,13,path_object,BASE_gbtree,0,n1
coda_13_10677_counting_n1,13,counting,BASE_gbtree,0,n1
coda_13_10679_nearest_class_n1,13,nearest_class,BASE_gbtree,0,n1
coda_13_10683_nearest_dist_n1,13,nearest_dist,BASE_gbtree,1,n1
coda_13_10686_direction_n1,13,direction,BASE_gbtree,1,n1
coda_13_10694_path_object_n1,13,path_object,BASE_gbtree,0,n1
coda_13_10733_nearest_class_n1,13,nearest_class,BASE_gbtree,0,n1
coda_13_10834_nearest_class_n1,13,nearest_class,BASE_gbtree,0,n1
coda_13_10838_path_object_n1,13,path_object,BASE_gbtree,1,n1
coda_13_1092_direction_n1,13,direction,BASE_gbtree,0,n1
coda_13_11003_path_object_n1,13,path_object,BASE_gbtree,0,n1
coda_13_11005_counting_n1,13,counting,BASE_gbtree,1,n1
coda_13_11072_nearest_class_n1,13,nearest_class,BASE_gbtree,0,n1
coda_13_11077_nearest_dist_n1,13,nearest_dist,BASE_gbtree,0,n1
coda_13_11088_path_object_n1,13,path_object,BASE_gbtree,0,n1
coda_13_11093_path_object_n1,13,path_object,BASE_gbtree,0,n1
coda_13_11105_nearest_class_n1,13,nearest_class,BASE_gbtree,0,n1
coda_13_11107_nearest_class_n1,13,nearest_class,BASE_gbtree,0,n1
coda_13_11110_direction_n1,13,direction,BASE_gbtree,0,n1
coda_13_11140_direction_n1,13,direction,BASE_gbtree,1,n1
coda_13_11148_path_object_n1,13,path_object,BASE_gbtree,1,n1
coda_13_11152_nearest_class_n1,13,nearest_class,BASE_gbtree,0,n1
coda_13_11158_nearest_class_n1,13,nearest_class,BASE_gbtree,1,n1
coda_13_11163_nearest_dist_n1,13,nearest_dist,BASE_gbtree,0,n1
coda_13_11167_direction_n1,13,direction,BASE_gbtree,0,n1
coda_13_11202_path_object_n1,13,path_object,BASE_gbtree,0,n1
coda_13_11204_counting_n1,13,counting,BASE_gbtree,1,n1
coda_13_11205_nearest_class_n1,13,nearest_class,BASE_gbtree,0,n1
coda_13_11206_nearest_dist_n1,13,nearest_dist,BASE_gbtree,0,n1
coda_13_11215_direction_n1,13,direction,BASE_gbtree,1,n1
coda_13_11222_path_object_n1,13,path_object,BASE_gbtree,0,n1
coda_13_11226_counting_n1,13,counting,BASE_gbtree,1,n1
coda_13_11229_nearest_class_n1,13,nearest_class,BASE_gbtree,0,n1
coda_13_11230_nearest_dist_n1,13,nearest_dist,BASE_gbtree,0,n1
coda_13_1126_direction_n1,13,direction,BASE_gbtree,1,n1
coda_13_11266_counting_n1,13,counting,BASE_gbtree,0,n1
coda_13_1129_counting_n1,13,counting,BASE_gbtree,1,n1
coda_13_1130_nearest_class_n1,13,nearest_class,BASE_gbtree,1,n1
coda_13_1131_nearest_dist_n1,13,nearest_dist,BASE_gbtree,0,n1
coda_13_1139_direction_n1,13,direction,BASE_gbtree,0,n1
coda_13_1141_path_object_n1,13,path_object,BASE_gbtree,0,n1
coda_13_1142_counting_n1,13,counting,BASE_gbtree,0,n1
coda_13_1146_nearest_class_n1,13,nearest_class,BASE_gbtree,1,n1
coda_13_1148_nearest_dist_n1,13,nearest_dist,BASE_gbtree,1,n1
coda_13_1149_direction_n1,13,direction,BASE_gbtree,1,n1
coda_13_1181_path_object_n1,13,path_object,BASE_gbtree,0,n1
coda_13_11900_counting_n1,13,counting,BASE_gbtree,0,n1
coda_13_11909_nearest_class_n1,13,nearest_class,BASE_gbtree,0,n1
coda_13_1191_direction_n1,13,direction,BASE_gbtree,0,n1
coda_13_1198_direction_n1,13,direction,BASE_gbtree,0,n1
coda_13_11996_path_object_n1,13,path_object,BASE_gbtree,0,n1
coda_13_11998_counting_n1,13,counting,BASE_gbtree,0,n1
coda_13_12012_nearest_class_n1,13,nearest_class,BASE_gbtree,0,n1
coda_13_12015_nearest_dist_n1,13,nearest_dist,BASE_gbtree,0,n1
coda_13_12016_direction_n1,13,direction,BASE_gbtree,1,n1
coda_13_12022_path_object_n1,13,path_object,BASE_gbtree,0,n1
coda_13_12025_nearest_class_n1,13,nearest_class,BASE_gbtree,0,n1
coda_13_12026_nearest_class_n1,13,nearest_class,BASE_gbtree,1,n1
coda_13_12033_path_object_n1,13,path_object,BASE_gbtree,1,n1
coda_13_12036_direction_n1,13,direction,BASE_gbtree,1,n1
coda_13_12038_path_object_n1,13,path_object,BASE_gbtree,0,n1
coda_13_12255_counting_n1,13,counting,BASE_gbtree,0,n1
coda_13_12258_nearest_class_n1,13,nearest_class,BASE_gbtree,0,n1
coda_13_12260_direction_n1,13,direction,BASE_gbtree,1,n1
coda_13_12275_direction_n1,13,direction,BASE_gbtree,0,n1
coda_13_12281_path_object_n1,13,path_object,BASE_gbtree,0,n1
coda_13_12287_counting_n1,13,counting,BASE_gbtree,0,n1
coda_13_12288_direction_n1,13,direction,BASE_gbtree,0,n1
coda_13_12291_direction_n1,13,direction,BASE_gbtree,1,n1
coda_13_12292_direction_n1,13,direction,BASE_gbtree,0,n1
coda_13_12295_path_object_n1,13,path_object,BASE_gbtree,1,n1
coda_13_12298_nearest_dist_n1,13,nearest_dist,BASE_gbtree,0,n1
coda_13_12299_nearest_dist_n1,13,nearest_dist,BASE_gbtree,0,n1
coda_13_12354_nearest_dist_n1,13,nearest_dist,BASE_gbtree,1,n1
coda_13_12355_direction_n1,13,direction,BASE_gbtree,0,n1
coda_13_12363_path_object_n1,13,path_object,BASE_gbtree,0,n1
coda_13_12367_counting_n1,13,counting,BASE_gbtree,1,n1
coda_13_12368_nearest_class_n1,13,nearest_class,BASE_gbtree,1,n1
coda_13_12372_nearest_dist_n1,13,nearest_dist,BASE_gbtree,0,n1
coda_13_1801_direction_n1,13,direction,BASE_gbtree,0,n1
coda_13_1803_counting_n1,13,counting,BASE_gbtree,1,n1
coda_13_1808_counting_n1,13,counting,BASE_gbtree,0,n1
coda_13_1812_nearest_dist_n1,13,nearest_dist,BASE_gbtree,0,n1
coda_13_1814_nearest_dist_n1,13,nearest_dist,BASE_gbtree,1,n1
coda_13_1844_direction_n1,13,direction,BASE_gbtree,1,n1
coda_13_1875_path_object_n1,13,path_object,BASE_gbtree,0,n1
coda_13_1878_counting_n1,13,counting,BASE_gbtree,0,n1
coda_13_1882_nearest_dist_n1,13,nearest_dist,BASE_gbtree,0,n1
coda_13_1944_direction_n1,13,direction,BASE_gbtree,1,n1
coda_13_2034_direction_n1,13,direction,BASE_gbtree,0,n1
coda_13_2037_path_object_n1,13,path_object,BASE_gbtree,0,n1
coda_13_2041_counting_n1,13,counting,BASE_gbtree,0,n1
coda_13_2054_nearest_class_n1,13,nearest_class,BASE_gbtree,0,n1
coda_13_2085_nearest_dist_n1,13,nearest_dist,BASE_gbtree,0,n1
coda_13_2087_direction_n1,13,direction,BASE_gbtree,1,n1
coda_13_2097_path_object_n1,13,path_object,BASE_gbtree,0,n1
coda_13_2099_counting_n1,13,counting,BASE_gbtree,0,n1
coda_13_2175_nearest_dist_n1,13,nearest_dist,BASE_gbtree,1,n1
coda_13_2181_nearest_dist_n1,13,nearest_dist,BASE_gbtree,1,n1
coda_13_2188_direction_n1,13,direction,BASE_gbtree,1,n1
coda_13_2190_path_object_n1,13,path_object,BASE_gbtree,0,n1
coda_13_5550_counting_n1,13,counting,BASE_gbtree,0,n1
coda_13_5671_nearest_class_n1,13,nearest_class,BASE_gbtree,1,n1
coda_13_5674_nearest_dist_n1,13,nearest_dist,BASE_gbtree,0,n1
coda_13_5684_path_object_n1,13,path_object,BASE_gbtree,0,n1
coda_13_5722_path_object_n1,13,path_object,BASE_gbtree,0,n1
coda_13_5727_counting_n1,13,counting,BASE_gbtree,0,n1
coda_13_5729_nearest_class_n1,13,nearest_class,BASE_gbtree,1,n1
coda_13_5737_nearest_dist_n1,13,nearest_dist,BASE_gbtree,0,n1
coda_13_5820_direction_n1,13,direction,BASE_gbtree,0,n1
coda_13_5822_path_object_n1,13,path_object,BASE_gbtree,1,n1
coda_13_5826_nearest_class_n1,13,nearest_class,BASE_gbtree,0,n1
coda_13_5829_nearest_class_n1,13,nearest_class,BASE_gbtree,0,n1
coda_13_5831_nearest_dist_n1,13,nearest_dist,BASE_gbtree,1,n1
coda_13_5893_direction_n1,13,direction,BASE_gbtree,0,n1
coda_13_5896_path_object_n1,13,path_object,BASE_gbtree,0,n1
coda_13_5900_nearest_class_n1,13,nearest_class,BASE_gbtree,1,n1
coda_13_5901_nearest_class_n1,13,nearest_class,BASE_gbtree,1,n1
coda_13_6073_direction_n1,13,direction,BASE_gbtree,0,n1
coda_13_6075_direction_n1,13,direction,BASE_gbtree,0,n1
coda_13_6085_path_object_n1,13,path_object,BASE_gbtree,0,n1
coda_13_6089_counting_n1,13,counting,BASE_gbtree,0,n1
coda_13_6122_nearest_class_n1,13,nearest_class,BASE_gbtree,0,n1
coda_13_6125_nearest_dist_n1,13,nearest_dist,BASE_gbtree,0,n1
coda_13_6190_direction_n1,13,direction,BASE_gbtree,0,n1
coda_13_6193_counting_n1,13,counting,BASE_gbtree,0,n1
coda_13_6203_counting_n1,13,counting,BASE_gbtree,1,n1
coda_13_6216_nearest_dist_n1,13,nearest_dist,BASE_gbtree,0,n1
coda_13_6220_nearest_dist_n1,13,nearest_dist,BASE_gbtree,0,n1
coda_13_6293_direction_n1,13,direction,BASE_gbtree,1,n1
coda_13_6305_counting_n1,13,counting,BASE_gbtree,0,n1
coda_13_6308_counting_n1,13,counting,BASE_gbtree,1,n1
coda_13_6312_nearest_dist_n1,13,nearest_dist,BASE_gbtree,1,n1
coda_13_6314_nearest_dist_n1,13,nearest_dist,BASE_gbtree,0,n1
coda_13_9083_direction_n1,13,direction,BASE_gbtree,0,n1
coda_13_9119_path_object_n1,13,path_object,BASE_gbtree,0,n1
coda_13_9120_counting_n1,13,counting,BASE_gbtree,0,n1
coda_13_9125_nearest_class_n1,13,nearest_class,BASE_gbtree,1,n1
coda_13_9241_nearest_dist_n1,13,nearest_dist,BASE_gbtree,0,n1
coda_13_9242_direction_n1,13,direction,BASE_gbtree,0,n1
coda_13_9244_path_object_n1,13,path_object,BASE_gbtree,0,n1
coda_13_9443_nearest_class_n1,13,nearest_class,BASE_gbtree,1,n1
coda_13_9444_nearest_class_n1,13,nearest_class,BASE_gbtree,1,n1
coda_13_9451_nearest_dist_n1,13,nearest_dist,BASE_gbtree,0,n1
coda_13_9562_direction_n1,13,direction,BASE_gbtree,0,n1
coda_13_9662_path_object_n1,13,path_object,BASE_gbtree,0,n1
coda_13_9668_counting_n1,13,counting,BASE_gbtree,1,n1
coda_13_9800_nearest_class_n1,13,nearest_class,BASE_gbtree,0,n1
coda_13_9801_nearest_dist_n1,13,nearest_dist,BASE_gbtree,0,n1
coda_13_9802_path_object_n1,13,path_object,BASE_gbtree,1,n1
coda_13_9803_path_object_n1,13,path_object,BASE_gbtree,0,n1
coda_13_9863_counting_n1,13,counting,BASE_gbtree,0,n1
coda_13_9880_nearest_class_n1,13,nearest_class,BASE_gbtree,1,n1
coda_13_9888_nearest_dist_n1,13,nearest_dist,BASE_gbtree,0,n1
coda_13_9894_direction_n1,13,direction,BASE_gbtree,0,n1
coda_13_9900_path_object_n1,13,path_object,BASE_gbtree,0,n1
coda_13_9977_nearest_class_n1,13,nearest_class,BASE_gbtree,1,n1
coda_13_9979_nearest_class_n1,13,nearest_class,BASE_gbtree,0,n1
coda_14_3847_nearest_dist_n1,14,nearest_dist,BASE_gbtree,1,n1
coda_14_3851_direction_n1,14,direction,BASE_gbtree,1,n1
coda_14_3852_path_object_n1,14,path_object,BASE_gbtree,0,n1
coda_14_3855_counting_n1,14,counting,BASE_gbtree,1,n1
coda_14_3857_nearest_class_n1,14,nearest_class,BASE_gbtree,0,n1
coda_14_3867_nearest_dist_n1,14,nearest_dist,BASE_gbtree,0,n1
coda_14_3868_direction_n1,14,direction,BASE_gbtree,0,n1
coda_14_3869_path_object_n1,14,path_object,BASE_gbtree,1,n1
coda_14_3870_counting_n1,14,counting,BASE_gbtree,0,n1
coda_14_3878_nearest_dist_n1,14,nearest_dist,BASE_gbtree,0,n1
coda_14_3889_nearest_dist_n1,14,nearest_dist,BASE_gbtree,0,n1
coda_14_3891_direction_n1,14,direction,BASE_gbtree,0,n1
coda_14_3894_path_object_n1,14,path_object,BASE_gbtree,0,n1
coda_15_145_counting_n1,15,counting,BASE_gbtree,1,n1
coda_15_147_nearest_class_n1,15,nearest_class,BASE_gbtree,1,n1
coda_15_187_nearest_dist_n1,15,nearest_dist,BASE_gbtree,1,n1
coda_15_191_direction_n1,15,direction,BASE_gbtree,0,n1
coda_15_195_counting_n1,15,counting,BASE_gbtree,1,n1
coda_15_202_counting_n1,15,counting,BASE_gbtree,1,n1
coda_15_205_nearest_dist_n1,15,nearest_dist,BASE_gbtree,0,n1
coda_15_209_nearest_dist_n1,15,nearest_dist,BASE_gbtree,1,n1
coda_15_210_direction_n1,15,direction,BASE_gbtree,0,n1
coda_15_212_counting_n1,15,counting,BASE_gbtree,1,n1
coda_15_238_counting_n1,15,counting,BASE_gbtree,1,n1
coda_15_240_nearest_dist_n1,15,nearest_dist,BASE_gbtree,1,n1
coda_15_241_nearest_dist_n1,15,nearest_dist,BASE_gbtree,0,n1
coda_15_242_direction_n1,15,direction,BASE_gbtree,0,n1
coda_15_243_counting_n1,15,counting,BASE_gbtree,0,n1
coda_15_296_counting_n1,15,counting,BASE_gbtree,1,n1
coda_15_297_nearest_class_n1,15,nearest_class,BASE_gbtree,0,n1
coda_16_10663_nearest_dist_n1,16,nearest_dist,BASE_gbtree,1,n1
coda_16_10665_direction_n1,16,direction,BASE_gbtree,1,n1
coda_16_10670_path_object_n1,16,path_object,BASE_gbtree,0,n1
coda_16_10673_counting_n1,16,counting,BASE_gbtree,0,n1
coda_16_10674_nearest_dist_n1,16,nearest_dist,BASE_gbtree,1,n1
coda_16_10679_nearest_dist_n1,16,nearest_dist,BASE_gbtree,1,n1
coda_16_10685_direction_n1,16,direction,BASE_gbtree,0,n1
coda_16_10692_path_object_n1,16,path_object,BASE_gbtree,0,n1
coda_16_10701_counting_n1,16,counting,BASE_gbtree,0,n1
coda_16_10704_nearest_class_n1,16,nearest_class,BASE_gbtree,0,n1
coda_16_10706_nearest_dist_n1,16,nearest_dist,BASE_gbtree,1,n1
coda_16_10820_direction_n1,16,direction,BASE_gbtree,0,n1
coda_16_10932_path_object_n1,16,path_object,BASE_gbtree,0,n1
coda_16_10934_counting_n1,16,counting,BASE_gbtree,1,n1
coda_16_10935_nearest_class_n1,16,nearest_class,BASE_gbtree,1,n1
coda_16_10937_nearest_dist_n1,16,nearest_dist,BASE_gbtree,0,n1
coda_16_10939_path_object_n1,16,path_object,BASE_gbtree,1,n1
coda_16_10946_path_object_n1,16,path_object,BASE_gbtree,1,n1
coda_16_10950_counting_n1,16,counting,BASE_gbtree,1,n1
coda_16_10958_nearest_class_n1,16,nearest_class,BASE_gbtree,0,n1
coda_16_10959_path_object_n1,16,path_object,BASE_gbtree,1,n1
coda_16_10961_path_object_n1,16,path_object,BASE_gbtree,1,n1
coda_16_11014_path_object_n1,16,path_object,BASE_gbtree,1,n1
coda_16_11016_counting_n1,16,counting,BASE_gbtree,0,n1
coda_16_11024_nearest_class_n1,16,nearest_class,BASE_gbtree,1,n1
coda_16_11030_nearest_dist_n1,16,nearest_dist,BASE_gbtree,1,n1
coda_16_11031_direction_n1,16,direction,BASE_gbtree,0,n1
coda_16_11063_path_object_n1,16,path_object,BASE_gbtree,0,n1
coda_16_11065_counting_n1,16,counting,BASE_gbtree,0,n1
coda_16_11066_nearest_dist_n1,16,nearest_dist,BASE_gbtree,1,n1
coda_16_11067_nearest_dist_n1,16,nearest_dist,BASE_gbtree,0,n1
coda_16_11070_direction_n1,16,direction,BASE_gbtree,0,n1
coda_16_11071_path_object_n1,16,path_object,BASE_gbtree,1,n1
coda_16_11076_counting_n1,16,counting,BASE_gbtree,0,n1
coda_16_11077_nearest_class_n1,16,nearest_class,BASE_gbtree,0,n1
coda_16_11080_nearest_dist_n1,16,nearest_dist,BASE_gbtree,1,n1
coda_16_11082_direction_n1,16,direction,BASE_gbtree,0,n1
coda_16_11083_path_object_n1,16,path_object,BASE_gbtree,0,n1
coda_16_11131_counting_n1,16,counting,BASE_gbtree,1,n1
coda_16_11133_nearest_class_n1,16,nearest_class,BASE_gbtree,0,n1
coda_16_11170_nearest_dist_n1,16,nearest_dist,BASE_gbtree,0,n1
coda_16_11171_nearest_dist_n1,16,nearest_dist,BASE_gbtree,0,n1
coda_16_11272_path_object_n1,16,path_object,BASE_gbtree,1,n1
coda_16_11275_counting_n1,16,counting,BASE_gbtree,1,n1
coda_16_11282_nearest_class_n1,16,nearest_class,BASE_gbtree,0,n1
coda_16_11307_nearest_dist_n1,16,nearest_dist,BASE_gbtree,1,n1
coda_16_11429_direction_n1,16,direction,BASE_gbtree,1,n1
coda_16_11516_counting_n1,16,counting,BASE_gbtree,0,n1
coda_16_11517_counting_n1,16,counting,BASE_gbtree,0,n1
coda_16_11518_nearest_dist_n1,16,nearest_dist,BASE_gbtree,1,n1
coda_16_11528_nearest_dist_n1,16,nearest_dist,BASE_gbtree,0,n1
coda_16_11536_counting_n1,16,counting,BASE_gbtree,0,n1
coda_16_11540_counting_n1,16,counting,BASE_gbtree,1,n1
coda_16_11541_counting_n1,16,counting,BASE_gbtree,0,n1
coda_16_11542_nearest_dist_n1,16,nearest_dist,BASE_gbtree,1,n1
coda_16_14901_nearest_dist_n1,16,nearest_dist,BASE_gbtree,0,n1
coda_16_14908_direction_n1,16,direction,BASE_gbtree,1,n1
coda_16_14909_path_object_n1,16,path_object,BASE_gbtree,1,n1
coda_16_14910_nearest_class_n1,16,nearest_class,BASE_gbtree,0,n1
coda_16_14911_nearest_class_n1,16,nearest_class,BASE_gbtree,0,n1
coda_16_14916_nearest_dist_n1,16,nearest_dist,BASE_gbtree,1,n1
coda_16_14919_direction_n1,16,direction,BASE_gbtree,0,n1
coda_16_14920_path_object_n1,16,path_object,BASE_gbtree,1,n1
coda_16_14921_counting_n1,16,counting,BASE_gbtree,0,n1
coda_16_14927_nearest_class_n1,16,nearest_class,BASE_gbtree,0,n1
coda_16_14931_nearest_dist_n1,16,nearest_dist,BASE_gbtree,0,n1
coda_16_15019_direction_n1,16,direction,BASE_gbtree,0,n1
coda_16_15027_path_object_n1,16,path_object,BASE_gbtree,0,n1
coda_16_15100_counting_n1,16,counting,BASE_gbtree,0,n1
coda_16_15137_nearest_class_n1,16,nearest_class,BASE_gbtree,0,n1
coda_16_15138_nearest_dist_n1,16,nearest_dist,BASE_gbtree,0,n1
coda_16_15217_direction_n1,16,direction,BASE_gbtree,1,n1
coda_16_15218_path_object_n1,16,path_object,BASE_gbtree,1,n1
coda_16_15750_counting_n1,16,counting,BASE_gbtree,1,n1
coda_16_3206_nearest_dist_n1,16,nearest_dist,BASE_gbtree,1,n1
coda_16_3269_direction_n1,16,direction,BASE_gbtree,1,n1
coda_16_3299_direction_n1,16,direction,BASE_gbtree,0,n1
coda_16_3301_path_object_n1,16,path_object,BASE_gbtree,0,n1
coda_16_3352_counting_n1,16,counting,BASE_gbtree,0,n1
coda_16_3355_nearest_class_n1,16,nearest_class,BASE_gbtree,1,n1
coda_16_3362_nearest_dist_n1,16,nearest_dist,BASE_gbtree,0,n1
coda_16_3367_direction_n1,16,direction,BASE_gbtree,0,n1
coda_16_3368_counting_n1,16,counting,BASE_gbtree,0,n1
coda_16_3464_counting_n1,16,counting,BASE_gbtree,1,n1
coda_16_3466_nearest_class_n1,16,nearest_class,BASE_gbtree,1,n1
coda_16_3658_direction_n1,16,direction,BASE_gbtree,0,n1
coda_16_3743_direction_n1,16,direction,BASE_gbtree,0,n1
coda_16_4069_path_object_n1,16,path_object,BASE_gbtree,0,n1
coda_16_4075_counting_n1,16,counting,BASE_gbtree,0,n1
coda_16_4256_nearest_class_n1,16,nearest_class,BASE_gbtree,1,n1
coda_16_4259_nearest_dist_n1,16,nearest_dist,BASE_gbtree,0,n1
coda_16_4263_direction_n1,16,direction,BASE_gbtree,1,n1
coda_16_4264_path_object_n1,16,path_object,BASE_gbtree,1,n1
coda_16_4267_counting_n1,16,counting,BASE_gbtree,1,n1
coda_16_4268_nearest_class_n1,16,nearest_class,BASE_gbtree,1,n1
coda_16_4271_nearest_dist_n1,16,nearest_dist,BASE_gbtree,0,n1
coda_16_5839_direction_n1,16,direction,BASE_gbtree,0,n1
coda_16_5849_path_object_n1,16,path_object,BASE_gbtree,1,n1
coda_16_6029_counting_n1,16,counting,BASE_gbtree,0,n1
coda_16_6030_nearest_class_n1,16,nearest_class,BASE_gbtree,1,n1
coda_16_6033_nearest_dist_n1,16,nearest_dist,BASE_gbtree,0,n1
coda_16_6035_direction_n1,16,direction,BASE_gbtree,0,n1
coda_16_6039_path_object_n1,16,path_object,BASE_gbtree,0,n1
coda_16_6085_counting_n1,16,counting,BASE_gbtree,0,n1
coda_16_6087_nearest_class_n1,16,nearest_class,BASE_gbtree,0,n1
coda_16_7061_direction_n1,16,direction,BASE_gbtree,1,n1
coda_16_7062_direction_n1,16,direction,BASE_gbtree,0,n1
coda_16_7070_nearest_dist_n1,16,nearest_dist,BASE_gbtree,0,n1
coda_16_7071_counting_n1,16,counting,BASE_gbtree,0,n1
coda_16_7072_nearest_dist_n1,16,nearest_dist,BASE_gbtree,1,n1
coda_16_7078_nearest_dist_n1,16,nearest_dist,BASE_gbtree,0,n1
coda_16_7146_direction_n1,16,direction,BASE_gbtree,0,n1
coda_16_7148_counting_n1,16,counting,BASE_gbtree,1,n1
coda_16_7149_counting_n1,16,counting,BASE_gbtree,1,n1
coda_16_7253_nearest_class_n1,16,nearest_class,BASE_gbtree,1,n1
coda_16_7350_nearest_dist_n1,16,nearest_dist,BASE_gbtree,1,n1
coda_16_7351_direction_n1,16,direction,BASE_gbtree,0,n1
coda_16_7355_path_object_n1,16,path_object,BASE_gbtree,0,n1
coda_16_7356_counting_n1,16,counting,BASE_gbtree,0,n1
coda_16_7358_nearest_dist_n1,16,nearest_dist,BASE_gbtree,0,n1
coda_16_7402_nearest_dist_n1,16,nearest_dist,BASE_gbtree,0,n1
coda_16_7457_direction_n1,16,direction,BASE_gbtree,0,n1
coda_16_7458_path_object_n1,16,path_object,BASE_gbtree,0,n1
coda_16_7467_counting_n1,16,counting,BASE_gbtree,0,n1
coda_16_7472_nearest_class_n1,16,nearest_class,BASE_gbtree,0,n1
coda_16_7473_nearest_dist_n1,16,nearest_dist,BASE_gbtree,0,n1
coda_16_7477_direction_n1,16,direction,BASE_gbtree,0,n1
coda_16_7481_path_object_n1,16,path_object,BASE_gbtree,0,n1
coda_16_7482_counting_n1,16,counting,BASE_gbtree,0,n1
coda_16_7492_nearest_class_n1,16,nearest_class,BASE_gbtree,0,n1
coda_16_7494_nearest_dist_n1,16,nearest_dist,BASE_gbtree,0,n1
coda_16_8699_direction_n1,16,direction,BASE_gbtree,0,n1
coda_16_8705_path_object_n1,16,path_object,BASE_gbtree,0,n1
coda_16_8708_counting_n1,16,counting,BASE_gbtree,1,n1
coda_16_8710_nearest_class_n1,16,nearest_class,BASE_gbtree,0,n1
coda_16_8766_direction_n1,16,direction,BASE_gbtree,0,n1
coda_16_8767_direction_n1,16,direction,BASE_gbtree,1,n1
coda_16_8769_path_object_n1,16,path_object,BASE_gbtree,0,n1
coda_16_8775_counting_n1,16,counting,BASE_gbtree,0,n1
coda_16_8781_nearest_class_n1,16,nearest_class,BASE_gbtree,1,n1
coda_16_8787_nearest_dist_n1,16,nearest_dist,BASE_gbtree,0,n1
coda_16_8825_direction_n1,16,direction,BASE_gbtree,1,n1
coda_16_8828_counting_n1,16,counting,BASE_gbtree,0,n1
coda_16_8955_counting_n1,16,counting,BASE_gbtree,0,n1
coda_16_9027_nearest_dist_n1,16,nearest_dist,BASE_gbtree,0,n1
coda_16_9034_nearest_dist_n1,16,nearest_dist,BASE_gbtree,1,n1
coda_16_9035_direction_n1,16,direction,BASE_gbtree,0,n1
coda_16_9038_counting_n1,16,counting,BASE_gbtree,1,n1
coda_16_9041_counting_n1,16,counting,BASE_gbtree,0,n1
coda_16_9051_counting_n1,16,counting,BASE_gbtree,0,n1
coda_16_9127_nearest_dist_n1,16,nearest_dist,BASE_gbtree,1,n1
coda_16_9130_direction_n1,16,direction,BASE_gbtree,0,n1
coda_16_9135_counting_n1,16,counting,BASE_gbtree,0,n1
coda_16_9138_counting_n1,16,counting,BASE_gbtree,0,n1
coda_16_9229_nearest_class_n1,16,nearest_class,BASE_gbtree,0,n1
coda_17_10197_nearest_dist_n1,17,nearest_dist,BASE_gbtree,1,n1
coda_17_10199_direction_n1,17,direction,BASE_gbtree,1,n1
coda_17_10201_path_object_n1,17,path_object,BASE_gbtree,0,n1
coda_17_10930_nearest_class_n1,17,nearest_class,BASE_gbtree,0,n1
coda_17_10931_nearest_class_n1,17,nearest_class,BASE_gbtree,0,n1
coda_17_10934_direction_n1,17,direction,BASE_gbtree,1,n1
coda_17_10935_direction_n1,17,direction,BASE_gbtree,1,n1
coda_17_10940_path_object_n1,17,path_object,BASE_gbtree,0,n1
coda_17_10943_nearest_class_n1,17,nearest_class,BASE_gbtree,0,n1
coda_17_10951_nearest_class_n1,17,nearest_class,BASE_gbtree,0,n1
coda_17_10955_nearest_dist_n1,17,nearest_dist,BASE_gbtree,0,n1
coda_17_10961_direction_n1,17,direction,BASE_gbtree,1,n1
coda_17_10962_path_object_n1,17,path_object,BASE_gbtree,1,n1
coda_17_10967_counting_n1,17,counting,BASE_gbtree,0,n1
coda_17_11006_nearest_class_n1,17,nearest_class,BASE_gbtree,1,n1
coda_17_2050_nearest_dist_n1,17,nearest_dist,BASE_gbtree,0,n1
coda_17_2051_direction_n1,17,direction,BASE_gbtree,0,n1
coda_17_2064_path_object_n1,17,path_object,BASE_gbtree,0,n1
coda_17_2098_counting_n1,17,counting,BASE_gbtree,0,n1
coda_17_2104_nearest_class_n1,17,nearest_class,BASE_gbtree,0,n1
coda_17_2120_path_object_n1,17,path_object,BASE_gbtree,0,n1
coda_17_2122_path_object_n1,17,path_object,BASE_gbtree,1,n1
coda_17_2173_counting_n1,17,counting,BASE_gbtree,1,n1
coda_17_6027_counting_n1,17,counting,BASE_gbtree,1,n1
coda_17_6183_nearest_class_n1,17,nearest_class,BASE_gbtree,0,n1
coda_17_6187_nearest_dist_n1,17,nearest_dist,BASE_gbtree,0,n1
coda_17_6192_path_object_n1,17,path_object,BASE_gbtree,1,n1
coda_17_6194_path_object_n1,17,path_object,BASE_gbtree,0,n1
coda_17_6197_counting_n1,17,counting,BASE_gbtree,0,n1
coda_17_6198_nearest_class_n1,17,nearest_class,BASE_gbtree,1,n1
coda_17_6201_nearest_dist_n1,17,nearest_dist,BASE_gbtree,1,n1
coda_17_6203_direction_n1,17,direction,BASE_gbtree,1,n1
coda_17_6207_path_object_n1,17,path_object,BASE_gbtree,0,n1
coda_17_6208_counting_n1,17,counting,BASE_gbtree,1,n1
coda_17_6209_nearest_class_n1,17,nearest_class,BASE_gbtree,0,n1
coda_17_6210_direction_n1,17,direction,BASE_gbtree,0,n1
coda_17_6216_direction_n1,17,direction,BASE_gbtree,0,n1
coda_17_6336_path_object_n1,17,path_object,BASE_gbtree,0,n1
coda_17_6337_counting_n1,17,counting,BASE_gbtree,0,n1
coda_17_6341_nearest_dist_n1,17,nearest_dist,BASE_gbtree,0,n1
coda_17_7781_nearest_dist_n1,17,nearest_dist,BASE_gbtree,0,n1
coda_17_7786_path_object_n1,17,path_object,BASE_gbtree,1,n1
coda_17_7793_path_object_n1,17,path_object,BASE_gbtree,0,n1
coda_17_7800_counting_n1,17,counting,BASE_gbtree,0,n1
coda_17_7807_nearest_dist_n1,17,nearest_dist,BASE_gbtree,0,n1
coda_17_8272_nearest_dist_n1,17,nearest_dist,BASE_gbtree,0,n1
coda_17_8275_direction_n1,17,direction,BASE_gbtree,0,n1
coda_17_8276_path_object_n1,17,path_object,BASE_gbtree,0,n1
coda_17_9866_counting_n1,17,counting,BASE_gbtree,0,n1
coda_17_9874_nearest_class_n1,17,nearest_class,BASE_gbtree,0,n1
coda_17_9875_nearest_dist_n1,17,nearest_dist,BASE_gbtree,0,n1
coda_17_9876_direction_n1,17,direction,BASE_gbtree,1,n1
coda_18_1654_path_object_n1,18,path_object,BASE_gbtree,0,n1
coda_18_1657_counting_n1,18,counting,BASE_gbtree,0,n1
coda_18_1660_path_object_n1,18,path_object,BASE_gbtree,0,n1
coda_18_1663_path_object_n1,18,path_object,BASE_gbtree,1,n1
coda_18_1705_direction_n1,18,direction,BASE_gbtree,1,n1
coda_18_1711_path_object_n1,18,path_object,BASE_gbtree,1,n1
coda_18_1716_counting_n1,18,counting,BASE_gbtree,1,n1
coda_18_1722_nearest_class_n1,18,nearest_class,BASE_gbtree,1,n1
coda_18_6581_nearest_dist_n1,18,nearest_dist,BASE_gbtree,1,n1
coda_18_6634_direction_n1,18,direction,BASE_gbtree,0,n1
coda_18_6648_path_object_n1,18,path_object,BASE_gbtree,0,n1
coda_18_6652_counting_n1,18,counting,BASE_gbtree,1,n1
coda_18_6653_nearest_class_n1,18,nearest_class,BASE_gbtree,1,n1
coda_19_2757_nearest_dist_n1,19,nearest_dist,BASE_gbtree,0,n1
coda_19_2759_direction_n1,19,direction,BASE_gbtree,1,n1
coda_19_2768_path_object_n1,19,path_object,BASE_gbtree,0,n1
coda_19_2770_counting_n1,19,counting,BASE_gbtree,0,n1
coda_19_2775_nearest_class_n1,19,nearest_class,BASE_gbtree,0,n1
coda_19_2786_nearest_dist_n1,19,nearest_dist,BASE_gbtree,0,n1
coda_19_2795_direction_n1,19,direction,BASE_gbtree,1,n1
coda_19_2799_path_object_n1,19,path_object,BASE_gbtree,1,n1
coda_19_2800_counting_n1,19,counting,BASE_gbtree,0,n1
coda_19_2801_nearest_class_n1,19,nearest_class,BASE_gbtree,0,n1
coda_19_2806_nearest_dist_n1,19,nearest_dist,BASE_gbtree,0,n1
coda_19_2814_direction_n1,19,direction,BASE_gbtree,0,n1
coda_19_2816_path_object_n1,19,path_object,BASE_gbtree,0,n1
coda_19_2820_counting_n1,19,counting,BASE_gbtree,1,n1
coda_19_2824_direction_n1,19,direction,BASE_gbtree,0,n1
coda_19_2892_direction_n1,19,direction,BASE_gbtree,1,n1
coda_1_1851_path_object_n1,1,path_object,BASE_gbtree,1,n1
coda_1_1852_path_object_n1,1,path_object,BASE_gbtree,0,n1
coda_1_1857_counting_n1,1,counting,BASE_gbtree,1,n1
coda_1_1858_nearest_class_n1,1,nearest_class,BASE_gbtree,0,n1
coda_1_1864_nearest_dist_n1,1,nearest_dist,BASE_gbtree,1,n1
coda_1_1908_direction_n1,1,direction,BASE_gbtree,0,n1
coda_1_1915_path_object_n1,1,path_object,BASE_gbtree,0,n1
coda_1_2006_counting_n1,1,counting,BASE_gbtree,1,n1
coda_1_2045_nearest_class_n1,1,nearest_class,BASE_gbtree,0,n1
coda_1_2078_nearest_dist_n1,1,nearest_dist,BASE_gbtree,0,n1
coda_1_2081_path_object_n1,1,path_object,BASE_gbtree,1,n1
coda_1_2083_path_object_n1,1,path_object,BASE_gbtree,1,n1
coda_1_2085_counting_n1,1,counting,BASE_gbtree,1,n1
coda_1_2088_nearest_class_n1,1,nearest_class,BASE_gbtree,0,n1
coda_1_2092_path_object_n1,1,path_object,BASE_gbtree,1,n1
coda_1_2093_direction_n1,1,direction,BASE_gbtree,0,n1
coda_1_2099_path_object_n1,1,path_object,BASE_gbtree,1,n1
coda_1_2105_counting_n1,1,counting,BASE_gbtree,0,n1
coda_1_2106_nearest_class_n1,1,nearest_class,BASE_gbtree,0,n1
coda_1_2109_nearest_dist_n1,1,nearest_dist,BASE_gbtree,1,n1
coda_1_2111_direction_n1,1,direction,BASE_gbtree,0,n1
coda_1_2157_path_object_n1,1,path_object,BASE_gbtree,1,n1
coda_1_2161_counting_n1,1,counting,BASE_gbtree,1,n1
coda_1_2166_nearest_class_n1,1,nearest_class,BASE_gbtree,0,n1
coda_1_2232_nearest_dist_n1,1,nearest_dist,BASE_gbtree,1,n1
coda_1_2234_direction_n1,1,direction,BASE_gbtree,1,n1
coda_1_2236_counting_n1,1,counting,BASE_gbtree,1,n1
coda_1_2237_counting_n1,1,counting,BASE_gbtree,1,n1
coda_1_2238_nearest_class_n1,1,nearest_class,BASE_gbtree,1,n1
coda_1_2244_nearest_dist_n1,1,nearest_dist,BASE_gbtree,0,n1
coda_1_2245_direction_n1,1,direction,BASE_gbtree,1,n1
coda_1_2937_path_object_n1,1,path_object,BASE_gbtree,0,n1
coda_1_2939_nearest_class_n1,1,nearest_class,BASE_gbtree,0,n1
coda_1_2952_nearest_class_n1,1,nearest_class,BASE_gbtree,0,n1
coda_1_2955_nearest_dist_n1,1,nearest_dist,BASE_gbtree,1,n1
coda_1_2968_direction_n1,1,direction,BASE_gbtree,0,n1
coda_1_2983_path_object_n1,1,path_object,BASE_gbtree,0,n1
coda_1_2984_counting_n1,1,counting,BASE_gbtree,0,n1
coda_1_3371_nearest_dist_n1,1,nearest_dist,BASE_gbtree,0,n1
coda_20_10010_direction_n1,20,direction,BASE_gbtree,0,n1
coda_20_10011_direction_n1,20,direction,BASE_gbtree,0,n1
coda_20_10012_path_object_n1,20,path_object,BASE_gbtree,0,n1
coda_20_10026_nearest_class_n1,20,nearest_class,BASE_gbtree,1,n1
coda_20_10032_nearest_class_n1,20,nearest_class,BASE_gbtree,0,n1
coda_20_10033_nearest_dist_n1,20,nearest_dist,BASE_gbtree,1,n1
coda_20_10034_path_object_n1,20,path_object,BASE_gbtree,0,n1
coda_20_10117_counting_n1,20,counting,BASE_gbtree,1,n1
coda_20_10118_counting_n1,20,counting,BASE_gbtree,0,n1
coda_20_10193_nearest_class_n1,20,nearest_class,BASE_gbtree,0,n1
coda_20_10203_nearest_dist_n1,20,nearest_dist,BASE_gbtree,0,n1
coda_20_10212_direction_n1,20,direction,BASE_gbtree,0,n1
coda_20_10325_path_object_n1,20,path_object,BASE_gbtree,1,n1
coda_20_10328_nearest_class_n1,20,nearest_class,BASE_gbtree,1,n1
coda_20_10333_nearest_class_n1,20,nearest_class,BASE_gbtree,0,n1
coda_20_10334_nearest_dist_n1,20,nearest_dist,BASE_gbtree,0,n1
coda_20_10335_direction_n1,20,direction,BASE_gbtree,0,n1
coda_20_10340_path_object_n1,20,path_object,BASE_gbtree,0,n1
coda_20_10378_counting_n1,20,counting,BASE_gbtree,0,n1
coda_20_10380_direction_n1,20,direction,BASE_gbtree,0,n1
coda_20_10386_direction_n1,20,direction,BASE_gbtree,0,n1
coda_20_10387_direction_n1,20,direction,BASE_gbtree,0,n1
coda_20_10388_nearest_dist_n1,20,nearest_dist,BASE_gbtree,0,n1
coda_20_10393_nearest_class_n1,20,nearest_class,BASE_gbtree,1,n1
coda_20_10394_nearest_class_n1,20,nearest_class,BASE_gbtree,0,n1
coda_20_10396_nearest_dist_n1,20,nearest_dist,BASE_gbtree,0,n1
coda_20_10397_direction_n1,20,direction,BASE_gbtree,0,n1
coda_20_10399_path_object_n1,20,path_object,BASE_gbtree,0,n1
coda_20_10409_counting_n1,20,counting,BASE_gbtree,1,n1
coda_20_10414_nearest_dist_n1,20,nearest_dist,BASE_gbtree,0,n1
coda_20_10415_nearest_dist_n1,20,nearest_dist,BASE_gbtree,1,n1
coda_20_10425_direction_n1,20,direction,BASE_gbtree,0,n1
coda_20_10426_path_object_n1,20,path_object,BASE_gbtree,0,n1
coda_20_10427_nearest_class_n1,20,nearest_class,BASE_gbtree,0,n1
coda_20_10428_nearest_class_n1,20,nearest_class,BASE_gbtree,0,n1
coda_20_1076_nearest_dist_n1,20,nearest_dist,BASE_gbtree,1,n1
coda_20_1077_direction_n1,20,direction,BASE_gbtree,0,n1
coda_20_1078_path_object_n1,20,path_object,BASE_gbtree,0,n1
coda_20_1137_counting_n1,20,counting,BASE_gbtree,0,n1
coda_20_1140_nearest_class_n1,20,nearest_class,BASE_gbtree,0,n1
coda_20_1144_direction_n1,20,direction,BASE_gbtree,1,n1
coda_20_11920_path_object_n1,20,path_object,BASE_gbtree,0,n1
coda_20_12092_counting_n1,20,counting,BASE_gbtree,1,n1
coda_20_12095_counting_n1,20,counting,BASE_gbtree,1,n1
coda_20_12099_nearest_class_n1,20,nearest_class,BASE_gbtree,0,n1
coda_20_12100_direction_n1,20,direction,BASE_gbtree,0,n1
coda_20_12104_direction_n1,20,direction,BASE_gbtree,0,n1
coda_20_12106_path_object_n1,20,path_object,BASE_gbtree,0,n1
coda_20_12108_counting_n1,20,counting,BASE_gbtree,1,n1
coda_20_1219_nearest_class_n1,20,nearest_class,BASE_gbtree,0,n1
coda_20_1222_direction_n1,20,direction,BASE_gbtree,0,n1
coda_20_12638_direction_n1,20,direction,BASE_gbtree,1,n1
coda_20_12643_path_object_n1,20,path_object,BASE_gbtree,0,n1
coda_20_12771_direction_n1,20,direction,BASE_gbtree,0,n1
coda_20_12810_nearest_dist_n1,20,nearest_dist,BASE_gbtree,0,n1
coda_20_12868_direction_n1,20,direction,BASE_gbtree,1,n1
coda_20_12869_direction_n1,20,direction,BASE_gbtree,0,n1
coda_20_12872_path_object_n1,20,path_object,BASE_gbtree,0,n1
coda_20_12874_counting_n1,20,counting,BASE_gbtree,0,n1
coda_20_12883_nearest_class_n1,20,nearest_class,BASE_gbtree,0,n1
coda_20_12892_nearest_dist_n1,20,nearest_dist,BASE_gbtree,1,n1
coda_20_12895_direction_n1,20,direction,BASE_gbtree,0,n1
coda_20_12897_counting_n1,20,counting,BASE_gbtree,0,n1
coda_20_12900_counting_n1,20,counting,BASE_gbtree,0,n1
coda_20_12901_nearest_class_n1,20,nearest_class,BASE_gbtree,1,n1
coda_20_12982_nearest_dist_n1,20,nearest_dist,BASE_gbtree,0,n1
coda_20_12984_direction_n1,20,direction,BASE_gbtree,1,n1
coda_20_12986_path_object_n1,20,path_object,BASE_gbtree,1,n1
coda_20_12987_counting_n1,20,counting,BASE_gbtree,0,n1
coda_20_12988_nearest_class_n1,20,nearest_class,BASE_gbtree,0,n1
coda_20_12996_nearest_dist_n1,20,nearest_dist,BASE_gbtree,0,n1
coda_20_13003_direction_n1,20,direction,BASE_gbtree,1,n1
coda_20_13013_path_object_n1,20,path_object,BASE_gbtree,0,n1
coda_20_13016_counting_n1,20,counting,BASE_gbtree,1,n1
coda_20_13019_nearest_class_n1,20,nearest_class,BASE_gbtree,0,n1
coda_20_13025_nearest_dist_n1,20,nearest_dist,BASE_gbtree,1,n1
coda_20_13029_direction_n1,20,direction,BASE_gbtree,0,n1
coda_20_13038_path_object_n1,20,path_object,BASE_gbtree,1,n1
coda_20_13039_counting_n1,20,counting,BASE_gbtree,0,n1
coda_20_13048_nearest_dist_n1,20,nearest_dist,BASE_gbtree,0,n1
coda_20_13054_nearest_dist_n1,20,nearest_dist,BASE_gbtree,0,n1
coda_20_13060_direction_n1,20,direction,BASE_gbtree,0,n1
coda_20_13064_path_object_n1,20,path_object,BASE_gbtree,0,n1
coda_20_13071_nearest_class_n1,20,nearest_class,BASE_gbtree,0,n1
coda_20_13079_nearest_dist_n1,20,nearest_dist,BASE_gbtree,1,n1
coda_20_13081_nearest_dist_n1,20,nearest_dist,BASE_gbtree,0,n1
coda_20_13143_direction_n1,20,direction,BASE_gbtree,1,n1
coda_20_13146_path_object_n1,20,path_object,BASE_gbtree,0,n1
coda_20_13210_counting_n1,20,counting,BASE_gbtree,1,n1
coda_20_13211_nearest_class_n1,20,nearest_class,BASE_gbtree,1,n1
coda_20_13212_direction_n1,20,direction,BASE_gbtree,1,n1
coda_20_13214_direction_n1,20,direction,BASE_gbtree,0,n1
coda_20_13215_path_object_n1,20,path_object,BASE_gbtree,0,n1
coda_20_13251_counting_n1,20,counting,BASE_gbtree,0,n1
coda_20_13261_nearest_class_n1,20,nearest_class,BASE_gbtree,0,n1
coda_20_13262_nearest_dist_n1,20,nearest_dist,BASE_gbtree,0,n1
coda_20_13263_direction_n1,20,direction,BASE_gbtree,0,n1
coda_20_13269_path_object_n1,20,path_object,BASE_gbtree,0,n1
coda_20_13270_counting_n1,20,counting,BASE_gbtree,1,n1
coda_20_13271_nearest_class_n1,20,nearest_class,BASE_gbtree,1,n1
coda_20_3056_direction_n1,20,direction,BASE_gbtree,0,n1
coda_20_3066_direction_n1,20,direction,BASE_gbtree,1,n1
coda_20_3067_path_object_n1,20,path_object,BASE_gbtree,0,n1
coda_20_3174_nearest_class_n1,20,nearest_class,BASE_gbtree,0,n1
coda_20_3292_nearest_class_n1,20,nearest_class,BASE_gbtree,0,n1
coda_20_3293_direction_n1,20,direction,BASE_gbtree,0,n1
coda_20_3305_direction_n1,20,direction,BASE_gbtree,0,n1
coda_20_3311_path_object_n1,20,path_object,BASE_gbtree,0,n1
coda_20_3387_nearest_class_n1,20,nearest_class,BASE_gbtree,0,n1
coda_20_3453_nearest_class_n1,20,nearest_class,BASE_gbtree,0,n1
coda_20_3486_direction_n1,20,direction,BASE_gbtree,1,n1
coda_20_3489_direction_n1,20,direction,BASE_gbtree,0,n1
coda_20_3494_path_object_n1,20,path_object,BASE_gbtree,0,n1
coda_20_3497_counting_n1,20,counting,BASE_gbtree,0,n1
coda_20_4243_nearest_class_n1,20,nearest_class,BASE_gbtree,0,n1
coda_20_4250_nearest_dist_n1,20,nearest_dist,BASE_gbtree,1,n1
coda_20_4256_direction_n1,20,direction,BASE_gbtree,1,n1
coda_20_4260_path_object_n1,20,path_object,BASE_gbtree,1,n1
coda_20_4261_counting_n1,20,counting,BASE_gbtree,0,n1
coda_20_4262_nearest_class_n1,20,nearest_class,BASE_gbtree,0,n1
coda_20_4267_direction_n1,20,direction,BASE_gbtree,0,n1
coda_20_4300_direction_n1,20,direction,BASE_gbtree,0,n1
coda_20_4303_path_object_n1,20,path_object,BASE_gbtree,0,n1
coda_20_4356_counting_n1,20,counting,BASE_gbtree,0,n1
coda_20_4357_nearest_dist_n1,20,nearest_dist,BASE_gbtree,0,n1
coda_20_4554_nearest_dist_n1,20,nearest_dist,BASE_gbtree,1,n1
coda_20_4566_direction_n1,20,direction,BASE_gbtree,0,n1
coda_20_4567_path_object_n1,20,path_object,BASE_gbtree,0,n1
coda_20_4573_counting_n1,20,counting,BASE_gbtree,1,n1
coda_20_4630_nearest_class_n1,20,nearest_class,BASE_gbtree,0,n1
coda_20_4876_nearest_dist_n1,20,nearest_dist,BASE_gbtree,0,n1
coda_20_4877_direction_n1,20,direction,BASE_gbtree,0,n1
coda_20_4883_path_object_n1,20,path_object,BASE_gbtree,0,n1
coda_20_4885_counting_n1,20,counting,BASE_gbtree,0,n1
coda_20_4890_nearest_class_n1,20,nearest_class,BASE_gbtree,0,n1
coda_20_4894_direction_n1,20,direction,BASE_gbtree,1,n1
coda_20_4926_path_object_n1,20,path_object,BASE_gbtree,1,n1
coda_20_4928_path_object_n1,20,path_object,BASE_gbtree,0,n1
coda_20_4932_nearest_class_n1,20,nearest_class,BASE_gbtree,0,n1
coda_20_4934_nearest_class_n1,20,nearest_class,BASE_gbtree,0,n1
coda_20_4938_nearest_dist_n1,20,nearest_dist,BASE_gbtree,0,n1
coda_20_4939_direction_n1,20,direction,BASE_gbtree,0,n1
coda_20_4943_path_object_n1,20,path_object,BASE_gbtree,0,n1
coda_20_4944_counting_n1,20,counting,BASE_gbtree,1,n1
coda_20_4948_nearest_dist_n1,20,nearest_dist,BASE_gbtree,0,n1
coda_20_4952_nearest_dist_n1,20,nearest_dist,BASE_gbtree,0,n1
coda_20_4953_direction_n1,20,direction,BASE_gbtree,0,n1
coda_20_5288_path_object_n1,20,path_object,BASE_gbtree,0,n1
coda_20_5293_nearest_class_n1,20,nearest_class,BASE_gbtree,0,n1
coda_20_5300_nearest_class_n1,20,nearest_class,BASE_gbtree,1,n1
coda_20_5354_nearest_dist_n1,20,nearest_dist,BASE_gbtree,1,n1
coda_20_5357_direction_n1,20,direction,BASE_gbtree,1,n1
coda_20_5359_path_object_n1,20,path_object,BASE_gbtree,0,n1
coda_20_5361_counting_n1,20,counting,BASE_gbtree,0,n1
coda_20_5476_nearest_class_n1,20,nearest_class,BASE_gbtree,1,n1
coda_20_5477_nearest_dist_n1,20,nearest_dist,BASE_gbtree,0,n1
coda_20_5489_direction_n1,20,direction,BASE_gbtree,1,n1
coda_20_5611_counting_n1,20,counting,BASE_gbtree,1,n1
coda_20_5674_nearest_class_n1,20,nearest_class,BASE_gbtree,1,n1
coda_20_5684_nearest_class_n1,20,nearest_class,BASE_gbtree,0,n1
coda_20_5689_nearest_dist_n1,20,nearest_dist,BASE_gbtree,0,n1
coda_20_5690_direction_n1,20,direction,BASE_gbtree,0,n1
coda_20_5701_path_object_n1,20,path_object,BASE_gbtree,1,n1
coda_20_5702_nearest_class_n1,20,nearest_class,BASE_gbtree,1,n1
coda_20_5703_nearest_class_n1,20,nearest_class,BASE_gbtree,0,n1
coda_20_5704_nearest_dist_n1,20,nearest_dist,BASE_gbtree,0,n1
coda_20_5752_path_object_n1,20,path_object,BASE_gbtree,0,n1
coda_20_7488_path_object_n1,20,path_object,BASE_gbtree,1,n1
coda_20_7489_counting_n1,20,counting,BASE_gbtree,1,n1
coda_20_7493_nearest_class_n1,20,nearest_class,BASE_gbtree,1,n1
coda_20_7526_nearest_dist_n1,20,nearest_dist,BASE_gbtree,0,n1
coda_20_7534_direction_n1,20,direction,BASE_gbtree,1,n1
coda_20_7536_counting_n1,20,counting,BASE_gbtree,0,n1
coda_20_7542_counting_n1,20,counting,BASE_gbtree,0,n1
coda_20_7544_nearest_class_n1,20,nearest_class,BASE_gbtree,0,n1
coda_20_7630_nearest_dist_n1,20,nearest_dist,BASE_gbtree,0,n1
coda_20_7703_direction_n1,20,direction,BASE_gbtree,0,n1
coda_20_7710_path_object_n1,20,path_object,BASE_gbtree,1,n1
coda_20_7712_counting_n1,20,counting,BASE_gbtree,0,n1
coda_20_7715_nearest_class_n1,20,nearest_class,BASE_gbtree,1,n1
coda_20_7751_direction_n1,20,direction,BASE_gbtree,0,n1
coda_20_7923_direction_n1,20,direction,BASE_gbtree,1,n1
coda_20_7927_path_object_n1,20,path_object,BASE_gbtree,0,n1
coda_20_7928_nearest_class_n1,20,nearest_class,BASE_gbtree,0,n1
coda_20_7936_nearest_class_n1,20,nearest_class,BASE_gbtree,1,n1
coda_20_7937_nearest_dist_n1,20,nearest_dist,BASE_gbtree,1,n1
coda_20_7938_direction_n1,20,direction,BASE_gbtree,1,n1
coda_20_7968_path_object_n1,20,path_object,BASE_gbtree,1,n1
coda_20_8176_counting_n1,20,counting,BASE_gbtree,0,n1
coda_20_8178_nearest_class_n1,20,nearest_class,BASE_gbtree,0,n1
coda_20_8181_nearest_dist_n1,20,nearest_dist,BASE_gbtree,1,n1
coda_20_8182_direction_n1,20,direction,BASE_gbtree,0,n1
coda_20_8183_path_object_n1,20,path_object,BASE_gbtree,0,n1
coda_20_8185_counting_n1,20,counting,BASE_gbtree,1,n1
coda_20_8196_nearest_class_n1,20,nearest_class,BASE_gbtree,0,n1
coda_20_8198_nearest_dist_n1,20,nearest_dist,BASE_gbtree,0,n1
coda_20_8466_direction_n1,20,direction,BASE_gbtree,0,n1
coda_20_8467_path_object_n1,20,path_object,BASE_gbtree,0,n1
coda_20_8474_nearest_class_n1,20,nearest_class,BASE_gbtree,0,n1
coda_20_8475_nearest_class_n1,20,nearest_class,BASE_gbtree,1,n1
coda_20_8483_nearest_dist_n1,20,nearest_dist,BASE_gbtree,0,n1
coda_20_8519_direction_n1,20,direction,BASE_gbtree,1,n1
coda_20_8613_path_object_n1,20,path_object,BASE_gbtree,0,n1
coda_20_8618_nearest_class_n1,20,nearest_class,BASE_gbtree,0,n1
coda_20_8619_nearest_class_n1,20,nearest_class,BASE_gbtree,1,n1
coda_20_8738_direction_n1,20,direction,BASE_gbtree,0,n1
coda_20_8741_direction_n1,20,direction,BASE_gbtree,0,n1
coda_20_8742_path_object_n1,20,path_object,BASE_gbtree,0,n1
coda_20_8744_counting_n1,20,counting,BASE_gbtree,1,n1
coda_20_8746_nearest_class_n1,20,nearest_class,BASE_gbtree,1,n1
coda_20_8747_nearest_dist_n1,20,nearest_dist,BASE_gbtree,0,n1
coda_20_8751_direction_n1,20,direction,BASE_gbtree,0,n1
coda_20_8783_path_object_n1,20,path_object,BASE_gbtree,1,n1
coda_20_8792_counting_n1,20,counting,BASE_gbtree,1,n1
coda_20_8795_nearest_dist_n1,20,nearest_dist,BASE_gbtree,0,n1
coda_20_8803_nearest_dist_n1,20,nearest_dist,BASE_gbtree,0,n1
coda_20_8806_direction_n1,20,direction,BASE_gbtree,0,n1
coda_20_8808_path_object_n1,20,path_object,BASE_gbtree,0,n1
coda_20_8813_counting_n1,20,counting,BASE_gbtree,0,n1
coda_20_8824_nearest_class_n1,20,nearest_class,BASE_gbtree,1,n1
coda_20_8845_path_object_n1,20,path_object,BASE_gbtree,0,n1
coda_20_9392_path_object_n1,20,path_object,BASE_gbtree,1,n1
coda_20_9393_path_object_n1,20,path_object,BASE_gbtree,0,n1
coda_20_9397_nearest_class_n1,20,nearest_class,BASE_gbtree,0,n1
coda_20_9406_nearest_class_n1,20,nearest_class,BASE_gbtree,0,n1
coda_20_9411_direction_n1,20,direction,BASE_gbtree,0,n1
coda_20_9412_direction_n1,20,direction,BASE_gbtree,0,n1
coda_20_9424_path_object_n1,20,path_object,BASE_gbtree,0,n1
coda_20_9429_counting_n1,20,counting,BASE_gbtree,0,n1
coda_20_9432_nearest_class_n1,20,nearest_class,BASE_gbtree,0,n1
coda_20_9436_nearest_dist_n1,20,nearest_dist,BASE_gbtree,0,n1
coda_20_9471_direction_n1,20,direction,BASE_gbtree,0,n1
coda_20_9474_path_object_n1,20,path_object,BASE_gbtree,0,n1
coda_20_9478_counting_n1,20,counting,BASE_gbtree,0,n1
coda_20_9479_nearest_class_n1,20,nearest_class,BASE_gbtree,0,n1
coda_20_9612_nearest_dist_n1,20,nearest_dist,BASE_gbtree,1,n1
coda_20_9722_direction_n1,20,direction,BASE_gbtree,0,n1
coda_20_9725_path_object_n1,20,path_object,BASE_gbtree,0,n1
coda_20_9727_counting_n1,20,counting,BASE_gbtree,0,n1
coda_20_9728_nearest_class_n1,20,nearest_class,BASE_gbtree,0,n1
coda_20_973_direction_n1,20,direction,BASE_gbtree,0,n1
coda_20_9736_direction_n1,20,direction,BASE_gbtree,0,n1
coda_20_9737_path_object_n1,20,path_object,BASE_gbtree,1,n1
coda_20_9745_counting_n1,20,counting,BASE_gbtree,0,n1
coda_20_9746_nearest_class_n1,20,nearest_class,BASE_gbtree,0,n1
coda_20_9754_nearest_dist_n1,20,nearest_dist,BASE_gbtree,1,n1
coda_20_9785_direction_n1,20,direction,BASE_gbtree,0,n1
coda_20_9787_path_object_n1,20,path_object,BASE_gbtree,1,n1
coda_20_9788_counting_n1,20,counting,BASE_gbtree,1,n1
coda_20_9790_nearest_class_n1,20,nearest_class,BASE_gbtree,0,n1
coda_20_9927_nearest_dist_n1,20,nearest_dist,BASE_gbtree,0,n1
coda_20_9928_direction_n1,20,direction,BASE_gbtree,0,n1
coda_20_9958_path_object_n1,20,path_object,BASE_gbtree,1,n1
coda_20_9959_counting_n1,20,counting,BASE_gbtree,1,n1
coda_2_2441_nearest_class_n1,2,nearest_class,BASE_gbtree,1,n1
coda_2_2442_nearest_dist_n1,2,nearest_dist,BASE_gbtree,0,n1
coda_2_2443_direction_n1,2,direction,BASE_gbtree,0,n1
coda_2_2457_path_object_n1,2,path_object,BASE_gbtree,0,n1
coda_2_2459_counting_n1,2,counting,BASE_gbtree,0,n1
coda_2_2460_nearest_class_n1,2,nearest_class,BASE_gbtree,0,n1
coda_2_2465_nearest_dist_n1,2,nearest_dist,BASE_gbtree,0,n1
coda_2_2468_path_object_n1,2,path_object,BASE_gbtree,1,n1
coda_2_2537_path_object_n1,2,path_object,BASE_gbtree,0,n1
coda_2_2539_counting_n1,2,counting,BASE_gbtree,1,n1
coda_2_2541_nearest_class_n1,2,nearest_class,BASE_gbtree,1,n1
coda_2_2544_nearest_dist_n1,2,nearest_dist,BASE_gbtree,0,n1
coda_2_2545_direction_n1,2,direction,BASE_gbtree,0,n1
coda_2_5041_path_object_n1,2,path_object,BASE_gbtree,1,n1
coda_2_5044_counting_n1,2,counting,BASE_gbtree,0,n1
coda_2_5046_nearest_dist_n1,2,nearest_dist,BASE_gbtree,1,n1
coda_2_5048_nearest_dist_n1,2,nearest_dist,BASE_gbtree,1,n1
coda_2_5051_path_object_n1,2,path_object,BASE_gbtree,1,n1
coda_2_5058_path_object_n1,2,path_object,BASE_gbtree,0,n1
coda_2_5060_counting_n1,2,counting,BASE_gbtree,0,n1
coda_2_5081_direction_n1,2,direction,BASE_gbtree,0,n1
coda_2_5084_direction_n1,2,direction,BASE_gbtree,1,n1
coda_2_5086_direction_n1,2,direction,BASE_gbtree,1,n1
coda_2_5091_path_object_n1,2,path_object,BASE_gbtree,0,n1
coda_2_5093_counting_n1,2,counting,BASE_gbtree,0,n1
coda_2_5094_nearest_class_n1,2,nearest_class,BASE_gbtree,1,n1
coda_2_5101_direction_n1,2,direction,BASE_gbtree,1,n1
coda_2_5104_direction_n1,2,direction,BASE_gbtree,0,n1
coda_2_5109_path_object_n1,2,path_object,BASE_gbtree,0,n1
coda_2_5111_counting_n1,2,counting,BASE_gbtree,0,n1
coda_2_5112_nearest_class_n1,2,nearest_class,BASE_gbtree,1,n1
coda_2_5114_nearest_dist_n1,2,nearest_dist,BASE_gbtree,0,n1
coda_2_5120_path_object_n1,2,path_object,BASE_gbtree,1,n1
coda_2_5122_path_object_n1,2,path_object,BASE_gbtree,1,n1
coda_2_5126_counting_n1,2,counting,BASE_gbtree,0,n1
coda_2_5129_nearest_class_n1,2,nearest_class,BASE_gbtree,1,n1
coda_2_5198_nearest_dist_n1,2,nearest_dist,BASE_gbtree,0,n1
coda_2_5202_path_object_n1,2,path_object,BASE_gbtree,0,n1
coda_2_5203_counting_n1,2,counting,BASE_gbtree,1,n1
coda_2_5205_counting_n1,2,counting,BASE_gbtree,0,n1
coda_2_5289_nearest_dist_n1,2,nearest_dist,BASE_gbtree,0,n1
coda_2_5293_nearest_dist_n1,2,nearest_dist,BASE_gbtree,1,n1
coda_2_5338_direction_n1,2,direction,BASE_gbtree,0,n1
coda_2_5339_path_object_n1,2,path_object,BASE_gbtree,0,n1
coda_2_5587_counting_n1,2,counting,BASE_gbtree,0,n1
coda_2_5589_nearest_class_n1,2,nearest_class,BASE_gbtree,0,n1
coda_2_5591_nearest_dist_n1,2,nearest_dist,BASE_gbtree,0,n1
coda_2_5593_direction_n1,2,direction,BASE_gbtree,0,n1
coda_2_5595_path_object_n1,2,path_object,BASE_gbtree,0,n1
coda_2_6852_counting_n1,2,counting,BASE_gbtree,0,n1
coda_2_6962_nearest_class_n1,2,nearest_class,BASE_gbtree,0,n1
coda_2_6968_direction_n1,2,direction,BASE_gbtree,0,n1
coda_2_6970_direction_n1,2,direction,BASE_gbtree,0,n1
coda_2_6974_path_object_n1,2,path_object,BASE_gbtree,1,n1
coda_2_6975_counting_n1,2,counting,BASE_gbtree,0,n1
coda_2_6988_nearest_dist_n1,2,nearest_dist,BASE_gbtree,1,n1
coda_2_6990_direction_n1,2,direction,BASE_gbtree,1,n1
coda_2_7032_counting_n1,2,counting,BASE_gbtree,0,n1
coda_2_7141_path_object_n1,2,path_object,BASE_gbtree,0,n1
coda_2_7142_counting_n1,2,counting,BASE_gbtree,0,n1
coda_2_7149_nearest_class_n1,2,nearest_class,BASE_gbtree,0,n1
coda_3_11984_nearest_dist_n1,3,nearest_dist,BASE_gbtree,0,n1
coda_3_12067_direction_n1,3,direction,BASE_gbtree,1,n1
coda_3_12069_path_object_n1,3,path_object,BASE_gbtree,0,n1
coda_3_12072_counting_n1,3,counting,BASE_gbtree,1,n1
coda_3_12075_nearest_class_n1,3,nearest_class,BASE_gbtree,1,n1
coda_3_12137_direction_n1,3,direction,BASE_gbtree,0,n1
coda_3_12145_direction_n1,3,direction,BASE_gbtree,0,n1
coda_3_12149_path_object_n1,3,path_object,BASE_gbtree,1,n1
coda_3_1820_counting_n1,3,counting,BASE_gbtree,1,n1
coda_3_1825_nearest_class_n1,3,nearest_class,BASE_gbtree,0,n1
coda_3_1826_nearest_dist_n1,3,nearest_dist,BASE_gbtree,0,n1
coda_3_1837_path_object_n1,3,path_object,BASE_gbtree,1,n1
coda_3_1840_path_object_n1,3,path_object,BASE_gbtree,0,n1
coda_3_1842_counting_n1,3,counting,BASE_gbtree,0,n1
coda_3_1844_nearest_class_n1,3,nearest_class,BASE_gbtree,1,n1
coda_3_1933_nearest_dist_n1,3,nearest_dist,BASE_gbtree,0,n1
coda_3_1934_direction_n1,3,direction,BASE_gbtree,0,n1
coda_3_1937_path_object_n1,3,path_object,BASE_gbtree,1,n1
coda_3_1942_counting_n1,3,counting,BASE_gbtree,0,n1
coda_3_1996_nearest_class_n1,3,nearest_class,BASE_gbtree,0,n1
coda_3_2000_direction_n1,3,direction,BASE_gbtree,0,n1
coda_3_2001_direction_n1,3,direction,BASE_gbtree,1,n1
coda_3_2009_path_object_n1,3,path_object,BASE_gbtree,0,n1
coda_3_2015_counting_n1,3,counting,BASE_gbtree,0,n1
coda_3_2026_nearest_class_n1,3,nearest_class,BASE_gbtree,1,n1
coda_3_2027_direction_n1,3,direction,BASE_gbtree,1,n1
coda_3_2033_direction_n1,3,direction,BASE_gbtree,0,n1
coda_4_1337_path_object_n1,4,path_object,BASE_gbtree,1,n1
coda_4_1340_counting_n1,4,counting,BASE_gbtree,1,n1
coda_4_1343_nearest_class_n1,4,nearest_class,BASE_gbtree,0,n1
coda_4_1427_nearest_dist_n1,4,nearest_dist,BASE_gbtree,1,n1
coda_4_1431_path_object_n1,4,path_object,BASE_gbtree,1,n1
coda_4_1475_path_object_n1,4,path_object,BASE_gbtree,1,n1
coda_4_1476_counting_n1,4,counting,BASE_gbtree,0,n1
coda_4_6639_nearest_class_n1,4,nearest_class,BASE_gbtree,0,n1
coda_4_6640_direction_n1,4,direction,BASE_gbtree,0,n1
coda_4_6644_path_object_n1,4,path_object,BASE_gbtree,0,n1
coda_4_6651_path_object_n1,4,path_object,BASE_gbtree,0,n1
coda_4_6653_counting_n1,4,counting,BASE_gbtree,0,n1
coda_4_6656_nearest_class_n1,4,nearest_class,BASE_gbtree,0,n1
coda_4_6663_nearest_dist_n1,4,nearest_dist,BASE_gbtree,0,n1
coda_4_6694_direction_n1,4,direction,BASE_gbtree,1,n1
coda_4_6769_path_object_n1,4,path_object,BASE_gbtree,0,n1
coda_4_6774_counting_n1,4,counting,BASE_gbtree,1,n1
coda_4_6777_nearest_class_n1,4,nearest_class,BASE_gbtree,1,n1
coda_4_6782_nearest_dist_n1,4,nearest_dist,BASE_gbtree,0,n1
coda_4_6796_direction_n1,4,direction,BASE_gbtree,0,n1
coda_4_6799_nearest_class_n1,4,nearest_class,BASE_gbtree,1,n1
coda_4_6804_counting_n1,4,counting,BASE_gbtree,0,n1
coda_4_6807_nearest_class_n1,4,nearest_class,BASE_gbtree,0,n1
coda_4_6875_nearest_dist_n1,4,nearest_dist,BASE_gbtree,0,n1
coda_4_6880_direction_n1,4,direction,BASE_gbtree,0,n1
coda_4_6882_path_object_n1,4,path_object,BASE_gbtree,0,n1
coda_4_6883_counting_n1,4,counting,BASE_gbtree,0,n1
coda_4_6895_nearest_dist_n1,4,nearest_dist,BASE_gbtree,1,n1
coda_4_6903_nearest_dist_n1,4,nearest_dist,BASE_gbtree,0,n1
coda_4_6906_direction_n1,4,direction,BASE_gbtree,0,n1
coda_4_6909_path_object_n1,4,path_object,BASE_gbtree,1,n1
coda_4_6912_counting_n1,4,counting,BASE_gbtree,0,n1
coda_4_6923_nearest_class_n1,4,nearest_class,BASE_gbtree,0,n1
coda_4_6926_direction_n1,4,direction,BASE_gbtree,0,n1
coda_4_6933_direction_n1,4,direction,BASE_gbtree,0,n1
coda_5_1803_counting_n1,5,counting,BASE_gbtree,0,n1
coda_5_1810_counting_n1,5,counting,BASE_gbtree,0,n1
coda_5_1848_nearest_class_n1,5,nearest_class,BASE_gbtree,0,n1
coda_6_10385_nearest_dist_n1,6,nearest_dist,BASE_gbtree,0,n1
coda_6_10386_direction_n1,6,direction,BASE_gbtree,0,n1
coda_6_10388_counting_n1,6,counting,BASE_gbtree,0,n1
coda_6_10393_counting_n1,6,counting,BASE_gbtree,1,n1
coda_6_10395_nearest_class_n1,6,nearest_class,BASE_gbtree,1,n1
coda_6_10430_nearest_dist_n1,6,nearest_dist,BASE_gbtree,1,n1
coda_6_10434_counting_n1,6,counting,BASE_gbtree,0,n1
coda_6_10440_counting_n1,6,counting,BASE_gbtree,0,n1
coda_6_10441_counting_n1,6,counting,BASE_gbtree,0,n1
coda_6_10442_nearest_class_n1,6,nearest_class,BASE_gbtree,0,n1
coda_6_10453_direction_n1,6,direction,BASE_gbtree,0,n1
coda_6_10457_direction_n1,6,direction,BASE_gbtree,1,n1
coda_6_10465_path_object_n1,6,path_object,BASE_gbtree,0,n1
coda_6_10471_counting_n1,6,counting,BASE_gbtree,1,n1
coda_6_10472_nearest_class_n1,6,nearest_class,BASE_gbtree,0,n1
coda_6_10478_nearest_dist_n1,6,nearest_dist,BASE_gbtree,0,n1
coda_6_10563_direction_n1,6,direction,BASE_gbtree,1,n1
coda_6_1243_path_object_n1,6,path_object,BASE_gbtree,0,n1
coda_6_1245_counting_n1,6,counting,BASE_gbtree,0,n1
coda_6_1253_nearest_dist_n1,6,nearest_dist,BASE_gbtree,1,n1
coda_6_1254_nearest_dist_n1,6,nearest_dist,BASE_gbtree,0,n1
coda_6_1322_path_object_n1,6,path_object,BASE_gbtree,0,n1
coda_6_1324_path_object_n1,6,path_object,BASE_gbtree,0,n1
coda_6_1421_counting_n1,6,counting,BASE_gbtree,0,n1
coda_6_2601_nearest_class_n1,6,nearest_class,BASE_gbtree,0,n1
coda_6_2641_nearest_dist_n1,6,nearest_dist,BASE_gbtree,1,n1
coda_6_2649_direction_n1,6,direction,BASE_gbtree,1,n1
coda_6_2654_path_object_n1,6,path_object,BASE_gbtree,0,n1
coda_6_2655_counting_n1,6,counting,BASE_gbtree,0,n1
coda_6_2656_nearest_dist_n1,6,nearest_dist,BASE_gbtree,0,n1
coda_6_2657_nearest_dist_n1,6,nearest_dist,BASE_gbtree,0,n1
coda_6_2747_direction_n1,6,direction,BASE_gbtree,1,n1
coda_6_2759_counting_n1,6,counting,BASE_gbtree,0,n1
coda_6_2760_counting_n1,6,counting,BASE_gbtree,1,n1
coda_6_2761_nearest_class_n1,6,nearest_class,BASE_gbtree,1,n1
coda_6_2774_nearest_dist_n1,6,nearest_dist,BASE_gbtree,0,n1
coda_6_2784_direction_n1,6,direction,BASE_gbtree,0,n1
coda_6_2794_path_object_n1,6,path_object,BASE_gbtree,0,n1
coda_6_2796_counting_n1,6,counting,BASE_gbtree,0,n1
coda_6_2828_nearest_class_n1,6,nearest_class,BASE_gbtree,0,n1
coda_6_2831_direction_n1,6,direction,BASE_gbtree,0,n1
coda_6_2834_direction_n1,6,direction,BASE_gbtree,0,n1
coda_6_2839_path_object_n1,6,path_object,BASE_gbtree,0,n1
coda_6_2840_counting_n1,6,counting,BASE_gbtree,0,n1
coda_6_2841_nearest_class_n1,6,nearest_class,BASE_gbtree,0,n1
coda_6_2846_nearest_dist_n1,6,nearest_dist,BASE_gbtree,0,n1
coda_6_2854_direction_n1,6,direction,BASE_gbtree,1,n1
coda_6_2855_counting_n1,6,counting,BASE_gbtree,0,n1
coda_6_2857_counting_n1,6,counting,BASE_gbtree,0,n1
coda_6_2859_nearest_class_n1,6,nearest_class,BASE_gbtree,0,n1
coda_6_4502_nearest_dist_n1,6,nearest_dist,BASE_gbtree,0,n1
coda_6_4509_direction_n1,6,direction,BASE_gbtree,0,n1
coda_6_4515_path_object_n1,6,path_object,BASE_gbtree,0,n1
coda_6_4524_counting_n1,6,counting,BASE_gbtree,0,n1
coda_6_4529_nearest_class_n1,6,nearest_class,BASE_gbtree,0,n1
coda_6_4533_nearest_dist_n1,6,nearest_dist,BASE_gbtree,1,n1
coda_6_4601_counting_n1,6,counting,BASE_gbtree,0,n1
coda_6_4603_counting_n1,6,counting,BASE_gbtree,1,n1
coda_6_4607_counting_n1,6,counting,BASE_gbtree,0,n1
coda_6_4611_direction_n1,6,direction,BASE_gbtree,0,n1
coda_6_4618_nearest_dist_n1,6,nearest_dist,BASE_gbtree,1,n1
coda_6_4619_direction_n1,6,direction,BASE_gbtree,0,n1
coda_6_4662_counting_n1,6,counting,BASE_gbtree,0,n1
coda_6_4664_counting_n1,6,counting,BASE_gbtree,0,n1
coda_6_4740_nearest_class_n1,6,nearest_class,BASE_gbtree,0,n1
coda_6_4741_nearest_dist_n1,6,nearest_dist,BASE_gbtree,0,n1
coda_6_4747_direction_n1,6,direction,BASE_gbtree,1,n1
coda_6_4750_counting_n1,6,counting,BASE_gbtree,0,n1
coda_6_4756_counting_n1,6,counting,BASE_gbtree,1,n1
coda_6_4757_nearest_class_n1,6,nearest_class,BASE_gbtree,0,n1
coda_6_4764_nearest_dist_n1,6,nearest_dist,BASE_gbtree,0,n1
coda_6_4769_direction_n1,6,direction,BASE_gbtree,0,n1
coda_6_4772_counting_n1,6,counting,BASE_gbtree,1,n1
coda_6_4773_counting_n1,6,counting,BASE_gbtree,1,n1
coda_6_4776_nearest_class_n1,6,nearest_class,BASE_gbtree,0,n1
coda_6_5518_nearest_dist_n1,6,nearest_dist,BASE_gbtree,0,n1
coda_6_5526_direction_n1,6,direction,BASE_gbtree,1,n1
coda_6_5528_counting_n1,6,counting,BASE_gbtree,0,n1
coda_6_5534_counting_n1,6,counting,BASE_gbtree,0,n1
coda_6_5578_direction_n1,6,direction,BASE_gbtree,1,n1
coda_6_5581_direction_n1,6,direction,BASE_gbtree,1,n1
coda_6_5584_direction_n1,6,direction,BASE_gbtree,1,n1
coda_6_5632_counting_n1,6,counting,BASE_gbtree,1,n1
coda_6_5634_counting_n1,6,counting,BASE_gbtree,0,n1
coda_6_5635_nearest_class_n1,6,nearest_class,BASE_gbtree,0,n1
coda_6_5645_nearest_dist_n1,6,nearest_dist,BASE_gbtree,0,n1
coda_6_5646_direction_n1,6,direction,BASE_gbtree,0,n1
coda_6_5680_nearest_class_n1,6,nearest_class,BASE_gbtree,0,n1
coda_6_5685_counting_n1,6,counting,BASE_gbtree,1,n1
coda_6_5691_nearest_class_n1,6,nearest_class,BASE_gbtree,0,n1
coda_6_5692_nearest_dist_n1,6,nearest_dist,BASE_gbtree,1,n1
coda_6_5693_direction_n1,6,direction,BASE_gbtree,0,n1
coda_6_5702_nearest_class_n1,6,nearest_class,BASE_gbtree,0,n1
coda_6_5705_counting_n1,6,counting,BASE_gbtree,0,n1
coda_6_5707_nearest_class_n1,6,nearest_class,BASE_gbtree,0,n1
coda_6_5710_nearest_dist_n1,6,nearest_dist,BASE_gbtree,0,n1
coda_6_5714_direction_n1,6,direction,BASE_gbtree,1,n1
coda_6_5716_counting_n1,6,counting,BASE_gbtree,0,n1
coda_6_5717_counting_n1,6,counting,BASE_gbtree,0,n1
coda_6_5721_nearest_dist_n1,6,nearest_dist,BASE_gbtree,1,n1
coda_6_5723_nearest_dist_n1,6,nearest_dist,BASE_gbtree,0,n1
coda_6_5730_direction_n1,6,direction,BASE_gbtree,0,n1
coda_6_5734_counting_n1,6,counting,BASE_gbtree,0,n1
coda_6_8483_counting_n1,6,counting,BASE_gbtree,0,n1
coda_6_8484_nearest_class_n1,6,nearest_class,BASE_gbtree,0,n1
coda_6_8485_nearest_dist_n1,6,nearest_dist,BASE_gbtree,0,n1
coda_6_8487_direction_n1,6,direction,BASE_gbtree,0,n1
coda_6_8494_path_object_n1,6,path_object,BASE_gbtree,0,n1
coda_6_8495_counting_n1,6,counting,BASE_gbtree,0,n1
coda_6_8500_nearest_class_n1,6,nearest_class,BASE_gbtree,0,n1
coda_6_8504_nearest_dist_n1,6,nearest_dist,BASE_gbtree,1,n1
coda_6_8509_path_object_n1,6,path_object,BASE_gbtree,0,n1
coda_6_8656_path_object_n1,6,path_object,BASE_gbtree,1,n1
coda_6_8657_nearest_dist_n1,6,nearest_dist,BASE_gbtree,1,n1
coda_6_8660_nearest_dist_n1,6,nearest_dist,BASE_gbtree,0,n1
coda_6_8822_direction_n1,6,direction,BASE_gbtree,0,n1
coda_6_8824_direction_n1,6,direction,BASE_gbtree,1,n1
coda_6_8829_nearest_dist_n1,6,nearest_dist,BASE_gbtree,1,n1
coda_6_8835_counting_n1,6,counting,BASE_gbtree,0,n1
coda_6_8839_nearest_dist_n1,6,nearest_dist,BASE_gbtree,0,n1
coda_6_8840_nearest_dist_n1,6,nearest_dist,BASE_gbtree,0,n1
coda_6_8852_direction_n1,6,direction,BASE_gbtree,1,n1
coda_6_8920_path_object_n1,6,path_object,BASE_gbtree,0,n1
coda_6_8922_counting_n1,6,counting,BASE_gbtree,1,n1
coda_6_9135_direction_n1,6,direction,BASE_gbtree,0,n1
coda_6_9141_nearest_dist_n1,6,nearest_dist,BASE_gbtree,1,n1
coda_7_12955_direction_n1,7,direction,BASE_gbtree,0,n1
coda_7_12956_path_object_n1,7,path_object,BASE_gbtree,1,n1
coda_7_12957_nearest_class_n1,7,nearest_class,BASE_gbtree,0,n1
coda_7_12967_nearest_class_n1,7,nearest_class,BASE_gbtree,1,n1
coda_7_12971_nearest_dist_n1,7,nearest_dist,BASE_gbtree,0,n1
coda_7_12975_direction_n1,7,direction,BASE_gbtree,0,n1
coda_7_12979_path_object_n1,7,path_object,BASE_gbtree,0,n1
coda_7_13023_counting_n1,7,counting,BASE_gbtree,0,n1
coda_7_13027_nearest_class_n1,7,nearest_class,BASE_gbtree,1,n1
coda_7_13028_path_object_n1,7,path_object,BASE_gbtree,1,n1
coda_7_13030_path_object_n1,7,path_object,BASE_gbtree,0,n1
coda_7_13040_path_object_n1,7,path_object,BASE_gbtree,1,n1
coda_7_13045_counting_n1,7,counting,BASE_gbtree,1,n1
coda_7_13047_nearest_class_n1,7,nearest_class,BASE_gbtree,0,n1
coda_7_14701_direction_n1,7,direction,BASE_gbtree,1,n1
coda_7_14879_direction_n1,7,direction,BASE_gbtree,1,n1
coda_7_14924_counting_n1,7,counting,BASE_gbtree,0,n1
coda_7_14927_counting_n1,7,counting,BASE_gbtree,0,n1
coda_7_14972_nearest_class_n1,7,nearest_class,BASE_gbtree,0,n1
coda_7_14973_nearest_dist_n1,7,nearest_dist,BASE_gbtree,1,n1
coda_7_14975_direction_n1,7,direction,BASE_gbtree,0,n1
coda_7_14985_path_object_n1,7,path_object,BASE_gbtree,0,n1
coda_7_14986_nearest_class_n1,7,nearest_class,BASE_gbtree,1,n1
coda_7_15069_nearest_class_n1,7,nearest_class,BASE_gbtree,0,n1
coda_7_15070_nearest_dist_n1,7,nearest_dist,BASE_gbtree,1,n1
coda_7_15072_direction_n1,7,direction,BASE_gbtree,0,n1
coda_7_15075_path_object_n1,7,path_object,BASE_gbtree,0,n1
coda_7_15079_counting_n1,7,counting,BASE_gbtree,0,n1
coda_7_15084_nearest_class_n1,7,nearest_class,BASE_gbtree,0,n1
coda_7_15088_nearest_dist_n1,7,nearest_dist,BASE_gbtree,1,n1
coda_7_15101_direction_n1,7,direction,BASE_gbtree,1,n1
coda_7_15111_path_object_n1,7,path_object,BASE_gbtree,0,n1
coda_7_15114_counting_n1,7,counting,BASE_gbtree,0,n1
coda_7_15199_nearest_class_n1,7,nearest_class,BASE_gbtree,0,n1
coda_7_15206_nearest_dist_n1,7,nearest_dist,BASE_gbtree,1,n1
coda_7_15212_direction_n1,7,direction,BASE_gbtree,0,n1
coda_7_15219_path_object_n1,7,path_object,BASE_gbtree,0,n1
coda_7_15258_counting_n1,7,counting,BASE_gbtree,1,n1
coda_7_15308_nearest_class_n1,7,nearest_class,BASE_gbtree,1,n1
coda_7_15313_direction_n1,7,direction,BASE_gbtree,0,n1
coda_7_15316_direction_n1,7,direction,BASE_gbtree,1,n1
coda_7_15318_path_object_n1,7,path_object,BASE_gbtree,0,n1
coda_7_15322_counting_n1,7,counting,BASE_gbtree,0,n1
coda_7_15331_nearest_class_n1,7,nearest_class,BASE_gbtree,0,n1
coda_7_15333_direction_n1,7,direction,BASE_gbtree,0,n1
coda_7_4781_direction_n1,7,direction,BASE_gbtree,0,n1
coda_7_4850_counting_n1,7,counting,BASE_gbtree,0,n1
coda_7_4853_counting_n1,7,counting,BASE_gbtree,0,n1
coda_7_4971_nearest_class_n1,7,nearest_class,BASE_gbtree,0,n1
coda_7_6615_nearest_dist_n1,7,nearest_dist,BASE_gbtree,1,n1
coda_7_6622_direction_n1,7,direction,BASE_gbtree,0,n1
coda_7_6623_path_object_n1,7,path_object,BASE_gbtree,1,n1
coda_7_6625_counting_n1,7,counting,BASE_gbtree,0,n1
coda_7_6686_nearest_class_n1,7,nearest_class,BASE_gbtree,1,n1
coda_7_6693_nearest_dist_n1,7,nearest_dist,BASE_gbtree,0,n1
coda_7_6698_direction_n1,7,direction,BASE_gbtree,0,n1
coda_7_6699_path_object_n1,7,path_object,BASE_gbtree,1,n1
coda_7_6701_counting_n1,7,counting,BASE_gbtree,0,n1
coda_7_6711_nearest_class_n1,7,nearest_class,BASE_gbtree,0,n1
coda_7_6712_direction_n1,7,direction,BASE_gbtree,0,n1
coda_7_6714_direction_n1,7,direction,BASE_gbtree,1,n1
coda_7_6772_nearest_dist_n1,7,nearest_dist,BASE_gbtree,1,n1
coda_7_6775_counting_n1,7,counting,BASE_gbtree,0,n1
coda_7_6777_nearest_dist_n1,7,nearest_dist,BASE_gbtree,0,n1
coda_7_6780_counting_n1,7,counting,BASE_gbtree,0,n1
coda_7_6790_direction_n1,7,direction,BASE_gbtree,1,n1
coda_7_8412_counting_n1,7,counting,BASE_gbtree,1,n1
coda_7_8414_counting_n1,7,counting,BASE_gbtree,1,n1
coda_7_8415_nearest_dist_n1,7,nearest_dist,BASE_gbtree,0,n1
coda_7_8418_nearest_dist_n1,7,nearest_dist,BASE_gbtree,0,n1
coda_7_8421_direction_n1,7,direction,BASE_gbtree,0,n1
coda_7_8425_counting_n1,7,counting,BASE_gbtree,1,n1
coda_8_631_counting_n1,8,counting,BASE_gbtree,0,n1
coda_9_1531_nearest_dist_n1,9,nearest_dist,BASE_gbtree,0,n1
coda_9_1532_nearest_dist_n1,9,nearest_dist,BASE_gbtree,0,n1
coda_9_1538_direction_n1,9,direction,BASE_gbtree,0,n1
coda_9_1539_path_object_n1,9,path_object,BASE_gbtree,0,n1
coda_9_1549_counting_n1,9,counting,BASE_gbtree,1,n1
coda_9_1550_nearest_class_n1,9,nearest_class,BASE_gbtree,0,n1
coda_9_1551_nearest_dist_n1,9,nearest_dist,BASE_gbtree,0,n1
coda_9_1552_direction_n1,9,direction,BASE_gbtree,1,n1
coda_9_1586_counting_n1,9,counting,BASE_gbtree,1,n1
coda_9_1637_counting_n1,9,counting,BASE_gbtree,0,n1
coda_9_1641_nearest_class_n1,9,nearest_class,BASE_gbtree,0,n1
coda_9_1644_nearest_dist_n1,9,nearest_dist,BASE_gbtree,0,n1
coda_9_1646_direction_n1,9,direction,BASE_gbtree,0,n1
coda_9_1648_counting_n1,9,counting,BASE_gbtree,0,n1
coda_9_2495_counting_n1,9,counting,BASE_gbtree,1,n1
coda_9_2501_nearest_class_n1,9,nearest_class,BASE_gbtree,1,n1
coda_9_2505_nearest_dist_n1,9,nearest_dist,BASE_gbtree,0,n1
coda_9_2506_direction_n1,9,direction,BASE_gbtree,0,n1
coda_9_2507_counting_n1,9,counting,BASE_gbtree,0,n1
coda_9_2644_counting_n1,9,counting,BASE_gbtree,0,n1
coda_9_2647_nearest_dist_n1,9,nearest_dist,BASE_gbtree,0,n1
coda_9_6680_direction_n1,9,direction,BASE_gbtree,0,n1
coda_9_6719_direction_n1,9,direction,BASE_gbtree,1,n1
coda_9_6720_path_object_n1,9,path_object,BASE_gbtree,0,n1
coda_9_6728_counting_n1,9,counting,BASE_gbtree,0,n1
coda_9_6785_nearest_class_n1,9,nearest_class,BASE_gbtree,0,n1
coda_9_6787_nearest_dist_n1,9,nearest_dist,BASE_gbtree,1,n1
coda_9_6797_direction_n1,9,direction,BASE_gbtree,1,n1
coda_9_6798_path_object_n1,9,path_object,BASE_gbtree,0,n1
coda_9_6800_counting_n1,9,counting,BASE_gbtree,0,n1
coda_9_8515_nearest_class_n1,9,nearest_class,BASE_gbtree,0,n1
coda_9_8519_nearest_dist_n1,9,nearest_dist,BASE_gbtree,0,n1
coda_9_8536_direction_n1,9,direction,BASE_gbtree,0,n1
coda_9_8537_path_object_n1,9,path_object,BASE_gbtree,0,n1
coda_9_8540_counting_n1,9,counting,BASE_gbtree,1,n1
coda_9_8545_nearest_class_n1,9,nearest_class,BASE_gbtree,1,n1
coda_9_8551_nearest_dist_n1,9,nearest_dist,BASE_gbtree,0,n1
coda_9_8553_direction_n1,9,direction,BASE_gbtree,0,n1
coda_9_8559_counting_n1,9,counting,BASE_gbtree,1,n1
coda_9_8561_counting_n1,9,counting,BASE_gbtree,1,n1
coda_9_8562_nearest_class_n1,9,nearest_class,BASE_gbtree,1,n1
coda_9_8566_nearest_dist_n1,9,nearest_dist,BASE_gbtree,0,n1
coda_9_8567_direction_n1,9,direction,BASE_gbtree,0,n1
coda_9_8571_path_object_n1,9,path_object,BASE_gbtree,0,n1
coda_9_8604_counting_n1,9,counting,BASE_gbtree,1,n1
coda_9_8606_nearest_dist_n1,9,nearest_dist,BASE_gbtree,1,n1
coda_9_8612_nearest_dist_n1,9,nearest_dist,BASE_gbtree,0,n1
coda_9_8616_direction_n1,9,direction,BASE_gbtree,0,n1
coda_9_8681_counting_n1,9,counting,BASE_gbtree,1,n1
coda_9_8684_counting_n1,9,counting,BASE_gbtree,1,n1
coda_9_8838_nearest_class_n1,9,nearest_class,BASE_gbtree,1,n1
coda_9_8841_nearest_dist_n1,9,nearest_dist,BASE_gbtree,0,n1
coda_9_8842_direction_n1,9,direction,BASE_gbtree,0,n1
coda_9_8845_counting_n1,9,counting,BASE_gbtree,0,n1
coda_9_9352_counting_n1,9,counting,BASE_gbtree,1,n1
coda_9_9354_nearest_class_n1,9,nearest_class,BASE_gbtree,1,n1
coda_9_9361_nearest_dist_n1,9,nearest_dist,BASE_gbtree,1,n1
coda_9_9363_direction_n1,9,direction,BASE_gbtree,1,n1
coda_9_9368_path_object_n1,9,path_object,BASE_gbtree,1,n1
coda_9_9371_counting_n1,9,counting,BASE_gbtree,0,n1
coda_9_9372_nearest_dist_n1,9,nearest_dist,BASE_gbtree,0,n1
coda_9_9377_direction_n1,9,direction,BASE_gbtree,0,n1
coda_9_9380_direction_n1,9,direction,BASE_gbtree,0,n1
coda_9_9382_path_object_n1,9,path_object,BASE_gbtree,1,n1
coda_9_9394_counting_n1,9,counting,BASE_gbtree,0,n1
coda_9_9398_direction_n1,9,direction,BASE_gbtree,0,n1
coda_9_9466_nearest_dist_n1,9,nearest_dist,BASE_gbtree,1,n1
coda_9_9467_direction_n1,9,direction,BASE_gbtree,1,n1
coda_9_9469_counting_n1,9,counting,BASE_gbtree,0,n1
coda_9_9471_counting_n1,9,counting,BASE_gbtree,0,n1
coda_9_9577_nearest_class_n1,9,nearest_class,BASE_gbtree,1,n1
coda_9_9578_nearest_dist_n1,9,nearest_dist,BASE_gbtree,0,n1
coda_9_9579_counting_n1,9,counting,BASE_gbtree,1,n1
coda_9_9582_counting_n1,9,counting,BASE_gbtree,0,n1
coda_9_9588_counting_n1,9,counting,BASE_gbtree,0,n1
coda_9_9589_nearest_class_n1,9,nearest_class,BASE_gbtree,0,n1
coda_9_9595_nearest_dist_n1,9,nearest_dist,BASE_gbtree,1,n1
0_421_N2A-novelband1,0,nearest_dist,BASE_rule,0,n2
0_421_N2B-ordinal1,0,nearest_class,BASE_rule,0,n2
0_421_N2C-radius1,0,counting,BASE_rule,1,n2
0_422_N2A-novelband1,0,nearest_dist,BASE_rule,0,n2
0_422_N2B-ordinal1,0,nearest_class,BASE_rule,0,n2
0_422_N2C-radius1,0,counting,BASE_rule,1,n2
0_429_N2A-novelband1,0,nearest_dist,BASE_rule,1,n2
0_429_N2B-ordinal1,0,nearest_class,BASE_rule,0,n2
0_429_N2C-radius1,0,counting,BASE_rule,0,n2
0_436_N2A-novelband1,0,nearest_dist,BASE_rule,1,n2
0_436_N2B-ordinal1,0,nearest_class,BASE_rule,0,n2
0_436_N2C-radius1,0,counting,BASE_rule,0,n2
0_4797_N2A-novelband1,0,nearest_dist,BASE_rule,1,n2
0_4797_N2B-ordinal1,0,nearest_class,BASE_rule,0,n2
0_4797_N2C-radius1,0,counting,BASE_rule,1,n2
0_4803_N2A-novelband1,0,nearest_dist,BASE_rule,0,n2
0_4803_N2B-ordinal1,0,nearest_class,BASE_rule,0,n2
0_4803_N2C-radius1,0,counting,BASE_rule,1,n2
0_4804_N2A-novelband1,0,nearest_dist,BASE_rule,1,n2
0_4804_N2B-ordinal1,0,nearest_class,BASE_rule,0,n2
0_4804_N2C-radius1,0,counting,BASE_rule,1,n2
0_4805_N2A-novelband1,0,nearest_dist,BASE_rule,0,n2
0_4805_N2B-ordinal1,0,nearest_class,BASE_rule,0,n2
0_4805_N2C-radius1,0,counting,BASE_rule,0,n2
0_4809_N2A-novelband1,0,nearest_dist,BASE_rule,0,n2
0_4809_N2B-ordinal1,0,nearest_class,BASE_rule,0,n2
0_4809_N2C-radius1,0,counting,BASE_rule,1,n2
0_4813_N2A-novelband1,0,nearest_dist,BASE_rule,0,n2
0_4813_N2B-ordinal1,0,nearest_class,BASE_rule,1,n2
0_4813_N2C-radius1,0,counting,BASE_rule,1,n2
0_4815_N2A-novelband1,0,nearest_dist,BASE_rule,0,n2
0_4815_N2B-ordinal1,0,nearest_class,BASE_rule,0,n2
0_4815_N2C-radius1,0,counting,BASE_rule,0,n2
0_4818_N2A-novelband1,0,nearest_dist,BASE_rule,0,n2
0_4818_N2B-ordinal1,0,nearest_class,BASE_rule,0,n2
0_4818_N2C-radius1,0,counting,BASE_rule,1,n2
0_4821_N2A-novelband1,0,nearest_dist,BASE_rule,0,n2
0_4821_N2B-ordinal1,0,nearest_class,BASE_rule,0,n2
0_4821_N2C-radius1,0,counting,BASE_rule,0,n2
0_4902_N2A-novelband1,0,nearest_dist,BASE_rule,0,n2
0_4902_N2B-ordinal1,0,nearest_class,BASE_rule,0,n2
0_4902_N2C-radius1,0,counting,BASE_rule,0,n2
0_4907_N2A-novelband1,0,nearest_dist,BASE_rule,0,n2
0_4907_N2B-ordinal1,0,nearest_class,BASE_rule,0,n2
0_4907_N2C-radius1,0,counting,BASE_rule,0,n2
0_4908_N2A-novelband1,0,nearest_dist,BASE_rule,0,n2
0_4908_N2B-ordinal1,0,nearest_class,BASE_rule,0,n2
0_4908_N2C-radius1,0,counting,BASE_rule,1,n2
0_4910_N2A-novelband1,0,nearest_dist,BASE_rule,1,n2
0_4910_N2B-ordinal1,0,nearest_class,BASE_rule,0,n2
0_4910_N2C-radius1,0,counting,BASE_rule,1,n2
0_4914_N2A-novelband1,0,nearest_dist,BASE_rule,0,n2
0_4914_N2B-ordinal1,0,nearest_class,BASE_rule,1,n2
0_4914_N2C-radius1,0,counting,BASE_rule,0,n2
0_4916_N2A-novelband1,0,nearest_dist,BASE_rule,0,n2
0_4916_N2B-ordinal1,0,nearest_class,BASE_rule,0,n2
0_4916_N2C-radius1,0,counting,BASE_rule,0,n2
0_4924_N2A-novelband1,0,nearest_dist,BASE_rule,0,n2
0_4924_N2B-ordinal1,0,nearest_class,BASE_rule,1,n2
0_4924_N2C-radius1,0,counting,BASE_rule,0,n2
0_4925_N2A-novelband1,0,nearest_dist,BASE_rule,0,n2
0_4925_N2B-ordinal1,0,nearest_class,BASE_rule,1,n2
0_4925_N2C-radius1,0,counting,BASE_rule,0,n2
0_4926_N2A-novelband1,0,nearest_dist,BASE_rule,0,n2
0_4926_N2B-ordinal1,0,nearest_class,BASE_rule,0,n2
0_4926_N2C-radius1,0,counting,BASE_rule,0,n2
0_4930_N2A-novelband1,0,nearest_dist,BASE_rule,0,n2
0_4930_N2B-ordinal1,0,nearest_class,BASE_rule,1,n2
0_4930_N2C-radius1,0,counting,BASE_rule,0,n2
0_507_N2A-novelband1,0,nearest_dist,BASE_rule,0,n2
0_507_N2B-ordinal1,0,nearest_class,BASE_rule,0,n2
0_507_N2C-radius1,0,counting,BASE_rule,0,n2
0_508_N2A-novelband1,0,nearest_dist,BASE_rule,0,n2
0_508_N2B-ordinal1,0,nearest_class,BASE_rule,0,n2
0_508_N2C-radius1,0,counting,BASE_rule,0,n2
0_514_N2A-novelband1,0,nearest_dist,BASE_rule,0,n2
0_514_N2B-ordinal1,0,nearest_class,BASE_rule,0,n2
0_514_N2C-radius1,0,counting,BASE_rule,1,n2
0_520_N2A-novelband1,0,nearest_dist,BASE_rule,0,n2
0_520_N2B-ordinal1,0,nearest_class,BASE_rule,0,n2
0_520_N2C-radius1,0,counting,BASE_rule,0,n2
0_525_N2A-novelband1,0,nearest_dist,BASE_rule,0,n2
0_525_N2B-ordinal1,0,nearest_class,BASE_rule,0,n2
0_525_N2C-radius1,0,counting,BASE_rule,0,n2
0_526_N2A-novelband1,0,nearest_dist,BASE_rule,1,n2
0_526_N2B-ordinal1,0,nearest_class,BASE_rule,0,n2
0_526_N2C-radius1,0,counting,BASE_rule,0,n2
0_570_N2A-novelband1,0,nearest_dist,BASE_rule,0,n2
0_570_N2B-ordinal1,0,nearest_class,BASE_rule,1,n2
0_570_N2C-radius1,0,counting,BASE_rule,0,n2
0_5704_N2A-novelband1,0,nearest_dist,BASE_rule,0,n2
0_5704_N2B-ordinal1,0,nearest_class,BASE_rule,1,n2
0_5704_N2C-radius1,0,counting,BASE_rule,1,n2
0_5707_N2A-novelband1,0,nearest_dist,BASE_rule,1,n2
0_5707_N2B-ordinal1,0,nearest_class,BASE_rule,1,n2
0_5707_N2C-radius1,0,counting,BASE_rule,1,n2
0_571_N2A-novelband1,0,nearest_dist,BASE_rule,1,n2
0_571_N2B-ordinal1,0,nearest_class,BASE_rule,1,n2
0_571_N2C-radius1,0,counting,BASE_rule,0,n2
0_5710_N2A-novelband1,0,nearest_dist,BASE_rule,1,n2
0_5710_N2B-ordinal1,0,nearest_class,BASE_rule,0,n2
0_5710_N2C-radius1,0,counting,BASE_rule,0,n2
0_5712_N2A-novelband1,0,nearest_dist,BASE_rule,0,n2
0_5712_N2B-ordinal1,0,nearest_class,BASE_rule,0,n2
0_5712_N2C-radius1,0,counting,BASE_rule,0,n2
0_572_N2A-novelband1,0,nearest_dist,BASE_rule,1,n2
0_572_N2B-ordinal1,0,nearest_class,BASE_rule,1,n2
0_572_N2C-radius1,0,counting,BASE_rule,1,n2
0_5752_N2A-novelband1,0,nearest_dist,BASE_rule,0,n2
0_5752_N2B-ordinal1,0,nearest_class,BASE_rule,1,n2
0_5752_N2C-radius1,0,counting,BASE_rule,1,n2
0_5753_N2A-novelband1,0,nearest_dist,BASE_rule,0,n2
0_5753_N2B-ordinal1,0,nearest_class,BASE_rule,0,n2
0_5753_N2C-radius1,0,counting,BASE_rule,1,n2
0_5754_N2A-novelband1,0,nearest_dist,BASE_rule,0,n2
0_5754_N2B-ordinal1,0,nearest_class,BASE_rule,0,n2
0_5754_N2C-radius1,0,counting,BASE_rule,1,n2
0_5787_N2A-novelband1,0,nearest_dist,BASE_rule,0,n2
0_5787_N2B-ordinal1,0,nearest_class,BASE_rule,0,n2
0_5787_N2C-radius1,0,counting,BASE_rule,1,n2
0_5788_N2A-novelband1,0,nearest_dist,BASE_rule,0,n2
0_5788_N2B-ordinal1,0,nearest_class,BASE_rule,1,n2
0_5788_N2C-radius1,0,counting,BASE_rule,1,n2
0_583_N2A-novelband1,0,nearest_dist,BASE_rule,1,n2
0_583_N2B-ordinal1,0,nearest_class,BASE_rule,0,n2
0_583_N2C-radius1,0,counting,BASE_rule,0,n2
0_621_N2A-novelband1,0,nearest_dist,BASE_rule,0,n2
0_621_N2B-ordinal1,0,nearest_class,BASE_rule,0,n2
0_621_N2C-radius1,0,counting,BASE_rule,0,n2
0_634_N2A-novelband1,0,nearest_dist,BASE_rule,1,n2
0_634_N2B-ordinal1,0,nearest_class,BASE_rule,0,n2
0_634_N2C-radius1,0,counting,BASE_rule,0,n2
10_11540_N2A-novelband1,10,nearest_dist,BASE_rule,0,n2
10_11540_N2B-ordinal1,10,nearest_class,BASE_rule,0,n2
10_11540_N2C-radius1,10,counting,BASE_rule,0,n2
10_11542_N2A-novelband1,10,nearest_dist,BASE_rule,1,n2
10_11542_N2B-ordinal1,10,nearest_class,BASE_rule,1,n2
10_11542_N2C-radius1,10,counting,BASE_rule,1,n2
10_11546_N2A-novelband1,10,nearest_dist,BASE_rule,1,n2
10_11546_N2B-ordinal1,10,nearest_class,BASE_rule,1,n2
10_11546_N2C-radius1,10,counting,BASE_rule,0,n2
10_11584_N2A-novelband1,10,nearest_dist,BASE_rule,0,n2
10_11584_N2B-ordinal1,10,nearest_class,BASE_rule,0,n2
10_11584_N2C-radius1,10,counting,BASE_rule,0,n2
10_2039_N2A-novelband1,10,nearest_dist,BASE_rule,0,n2
10_2039_N2B-ordinal1,10,nearest_class,BASE_rule,0,n2
10_2039_N2C-radius1,10,counting,BASE_rule,1,n2
10_2043_N2A-novelband1,10,nearest_dist,BASE_rule,0,n2
10_2043_N2B-ordinal1,10,nearest_class,BASE_rule,1,n2
10_2043_N2C-radius1,10,counting,BASE_rule,1,n2
10_2044_N2A-novelband1,10,nearest_dist,BASE_rule,0,n2
10_2044_N2B-ordinal1,10,nearest_class,BASE_rule,0,n2
10_2044_N2C-radius1,10,counting,BASE_rule,0,n2
10_2051_N2A-novelband1,10,nearest_dist,BASE_rule,1,n2
10_2051_N2B-ordinal1,10,nearest_class,BASE_rule,0,n2
10_2051_N2C-radius1,10,counting,BASE_rule,0,n2
10_2114_N2A-novelband1,10,nearest_dist,BASE_rule,1,n2
10_2114_N2B-ordinal1,10,nearest_class,BASE_rule,0,n2
10_2114_N2C-radius1,10,counting,BASE_rule,1,n2
10_2123_N2A-novelband1,10,nearest_dist,BASE_rule,1,n2
10_2123_N2B-ordinal1,10,nearest_class,BASE_rule,0,n2
10_2123_N2C-radius1,10,counting,BASE_rule,1,n2
10_2124_N2A-novelband1,10,nearest_dist,BASE_rule,0,n2
10_2124_N2B-ordinal1,10,nearest_class,BASE_rule,0,n2
10_2124_N2C-radius1,10,counting,BASE_rule,0,n2
10_2129_N2A-novelband1,10,nearest_dist,BASE_rule,1,n2
10_2129_N2B-ordinal1,10,nearest_class,BASE_rule,1,n2
10_2129_N2C-radius1,10,counting,BASE_rule,0,n2
10_2131_N2A-novelband1,10,nearest_dist,BASE_rule,1,n2
10_2131_N2B-ordinal1,10,nearest_class,BASE_rule,0,n2
10_2131_N2C-radius1,10,counting,BASE_rule,0,n2
10_2132_N2A-novelband1,10,nearest_dist,BASE_rule,0,n2
10_2132_N2B-ordinal1,10,nearest_class,BASE_rule,0,n2
10_2132_N2C-radius1,10,counting,BASE_rule,1,n2
10_2133_N2A-novelband1,10,nearest_dist,BASE_rule,0,n2
10_2133_N2B-ordinal1,10,nearest_class,BASE_rule,0,n2
10_2133_N2C-radius1,10,counting,BASE_rule,1,n2
10_2137_N2A-novelband1,10,nearest_dist,BASE_rule,0,n2
10_2137_N2B-ordinal1,10,nearest_class,BASE_rule,1,n2
10_2137_N2C-radius1,10,counting,BASE_rule,1,n2
10_2144_N2A-novelband1,10,nearest_dist,BASE_rule,0,n2
10_2144_N2B-ordinal1,10,nearest_class,BASE_rule,0,n2
10_2144_N2C-radius1,10,counting,BASE_rule,1,n2
10_5816_N2A-novelband1,10,nearest_dist,BASE_rule,0,n2
10_5816_N2B-ordinal1,10,nearest_class,BASE_rule,0,n2
10_5816_N2C-radius1,10,counting,BASE_rule,0,n2
10_5819_N2A-novelband1,10,nearest_dist,BASE_rule,0,n2
10_5819_N2B-ordinal1,10,nearest_class,BASE_rule,0,n2
10_5819_N2C-radius1,10,counting,BASE_rule,0,n2
10_5862_N2A-novelband1,10,nearest_dist,BASE_rule,0,n2
10_5862_N2B-ordinal1,10,nearest_class,BASE_rule,0,n2
10_5862_N2C-radius1,10,counting,BASE_rule,0,n2
10_5863_N2A-novelband1,10,nearest_dist,BASE_rule,0,n2
10_5863_N2B-ordinal1,10,nearest_class,BASE_rule,0,n2
10_5863_N2C-radius1,10,counting,BASE_rule,0,n2
10_5865_N2A-novelband1,10,nearest_dist,BASE_rule,0,n2
10_5865_N2B-ordinal1,10,nearest_class,BASE_rule,0,n2
10_5865_N2C-radius1,10,counting,BASE_rule,0,n2
10_5866_N2A-novelband1,10,nearest_dist,BASE_rule,0,n2
10_5866_N2B-ordinal1,10,nearest_class,BASE_rule,0,n2
10_5866_N2C-radius1,10,counting,BASE_rule,0,n2
10_5872_N2A-novelband1,10,nearest_dist,BASE_rule,0,n2
10_5872_N2B-ordinal1,10,nearest_class,BASE_rule,1,n2
10_5872_N2C-radius1,10,counting,BASE_rule,0,n2
10_6000_N2A-novelband1,10,nearest_dist,BASE_rule,1,n2
10_6000_N2B-ordinal1,10,nearest_class,BASE_rule,1,n2
10_6000_N2C-radius1,10,counting,BASE_rule,0,n2
10_6001_N2A-novelband1,10,nearest_dist,BASE_rule,0,n2
10_6001_N2B-ordinal1,10,nearest_class,BASE_rule,0,n2
10_6001_N2C-radius1,10,counting,BASE_rule,0,n2
10_6004_N2A-novelband1,10,nearest_dist,BASE_rule,0,n2
10_6004_N2B-ordinal1,10,nearest_class,BASE_rule,0,n2
10_6004_N2C-radius1,10,counting,BASE_rule,0,n2
10_8369_N2A-novelband1,10,nearest_dist,BASE_rule,1,n2
10_8369_N2B-ordinal1,10,nearest_class,BASE_rule,0,n2
10_8369_N2C-radius1,10,counting,BASE_rule,1,n2
10_8372_N2A-novelband1,10,nearest_dist,BASE_rule,1,n2
10_8372_N2B-ordinal1,10,nearest_class,BASE_rule,1,n2
10_8372_N2C-radius1,10,counting,BASE_rule,0,n2
10_8378_N2A-novelband1,10,nearest_dist,BASE_rule,0,n2
10_8378_N2B-ordinal1,10,nearest_class,BASE_rule,1,n2
10_8378_N2C-radius1,10,counting,BASE_rule,1,n2
10_8424_N2A-novelband1,10,nearest_dist,BASE_rule,0,n2
10_8424_N2B-ordinal1,10,nearest_class,BASE_rule,1,n2
10_8424_N2C-radius1,10,counting,BASE_rule,0,n2
10_8429_N2A-novelband1,10,nearest_dist,BASE_rule,1,n2
10_8429_N2B-ordinal1,10,nearest_class,BASE_rule,1,n2
10_8429_N2C-radius1,10,counting,BASE_rule,0,n2
10_8430_N2A-novelband1,10,nearest_dist,BASE_rule,0,n2
10_8430_N2B-ordinal1,10,nearest_class,BASE_rule,1,n2
10_8430_N2C-radius1,10,counting,BASE_rule,0,n2
10_8431_N2A-novelband1,10,nearest_dist,BASE_rule,0,n2
10_8431_N2B-ordinal1,10,nearest_class,BASE_rule,0,n2
10_8431_N2C-radius1,10,counting,BASE_rule,0,n2
10_8433_N2A-novelband1,10,nearest_dist,BASE_rule,1,n2
10_8433_N2B-ordinal1,10,nearest_class,BASE_rule,1,n2
10_8433_N2C-radius1,10,counting,BASE_rule,0,n2
10_9306_N2A-novelband1,10,nearest_dist,BASE_rule,0,n2
10_9306_N2B-ordinal1,10,nearest_class,BASE_rule,0,n2
10_9306_N2C-radius1,10,counting,BASE_rule,1,n2
10_9309_N2A-novelband1,10,nearest_dist,BASE_rule,0,n2
10_9309_N2B-ordinal1,10,nearest_class,BASE_rule,0,n2
10_9309_N2C-radius1,10,counting,BASE_rule,1,n2
10_9347_N2A-novelband1,10,nearest_dist,BASE_rule,0,n2
10_9347_N2B-ordinal1,10,nearest_class,BASE_rule,0,n2
10_9347_N2C-radius1,10,counting,BASE_rule,1,n2
10_9350_N2A-novelband1,10,nearest_dist,BASE_rule,0,n2
10_9350_N2B-ordinal1,10,nearest_class,BASE_rule,0,n2
10_9350_N2C-radius1,10,counting,BASE_rule,1,n2
10_9356_N2A-novelband1,10,nearest_dist,BASE_rule,0,n2
10_9356_N2B-ordinal1,10,nearest_class,BASE_rule,1,n2
10_9356_N2C-radius1,10,counting,BASE_rule,0,n2
10_9392_N2A-novelband1,10,nearest_dist,BASE_rule,1,n2
10_9392_N2B-ordinal1,10,nearest_class,BASE_rule,0,n2
10_9392_N2C-radius1,10,counting,BASE_rule,1,n2
10_9395_N2A-novelband1,10,nearest_dist,BASE_rule,0,n2
10_9395_N2B-ordinal1,10,nearest_class,BASE_rule,1,n2
10_9395_N2C-radius1,10,counting,BASE_rule,0,n2
10_9396_N2A-novelband1,10,nearest_dist,BASE_rule,0,n2
10_9396_N2B-ordinal1,10,nearest_class,BASE_rule,0,n2
10_9396_N2C-radius1,10,counting,BASE_rule,0,n2
11_1747_N2A-novelband1,11,nearest_dist,BASE_rule,0,n2
11_1747_N2B-ordinal1,11,nearest_class,BASE_rule,0,n2
11_1747_N2C-radius1,11,counting,BASE_rule,1,n2
11_1749_N2A-novelband1,11,nearest_dist,BASE_rule,0,n2
11_1749_N2B-ordinal1,11,nearest_class,BASE_rule,0,n2
11_1749_N2C-radius1,11,counting,BASE_rule,0,n2
11_1756_N2A-novelband1,11,nearest_dist,BASE_rule,1,n2
11_1756_N2B-ordinal1,11,nearest_class,BASE_rule,0,n2
11_1756_N2C-radius1,11,counting,BASE_rule,0,n2
11_1760_N2A-novelband1,11,nearest_dist,BASE_rule,1,n2
11_1760_N2B-ordinal1,11,nearest_class,BASE_rule,0,n2
11_1760_N2C-radius1,11,counting,BASE_rule,0,n2
11_1768_N2A-novelband1,11,nearest_dist,BASE_rule,0,n2
11_1768_N2B-ordinal1,11,nearest_class,BASE_rule,0,n2
11_1768_N2C-radius1,11,counting,BASE_rule,0,n2
11_1777_N2A-novelband1,11,nearest_dist,BASE_rule,0,n2
11_1777_N2B-ordinal1,11,nearest_class,BASE_rule,1,n2
11_1777_N2C-radius1,11,counting,BASE_rule,0,n2
11_1783_N2A-novelband1,11,nearest_dist,BASE_rule,0,n2
11_1783_N2B-ordinal1,11,nearest_class,BASE_rule,0,n2
11_1783_N2C-radius1,11,counting,BASE_rule,1,n2
11_1787_N2A-novelband1,11,nearest_dist,BASE_rule,0,n2
11_1787_N2B-ordinal1,11,nearest_class,BASE_rule,0,n2
11_1787_N2C-radius1,11,counting,BASE_rule,1,n2
11_1790_N2A-novelband1,11,nearest_dist,BASE_rule,0,n2
11_1790_N2B-ordinal1,11,nearest_class,BASE_rule,1,n2
11_1790_N2C-radius1,11,counting,BASE_rule,0,n2
11_1792_N2A-novelband1,11,nearest_dist,BASE_rule,0,n2
11_1792_N2B-ordinal1,11,nearest_class,BASE_rule,0,n2
11_1792_N2C-radius1,11,counting,BASE_rule,0,n2
11_1793_N2A-novelband1,11,nearest_dist,BASE_rule,0,n2
11_1793_N2B-ordinal1,11,nearest_class,BASE_rule,0,n2
11_1793_N2C-radius1,11,counting,BASE_rule,1,n2
11_1794_N2A-novelband1,11,nearest_dist,BASE_rule,0,n2
11_1794_N2B-ordinal1,11,nearest_class,BASE_rule,0,n2
11_1794_N2C-radius1,11,counting,BASE_rule,0,n2
11_1799_N2A-novelband1,11,nearest_dist,BASE_rule,0,n2
11_1799_N2B-ordinal1,11,nearest_class,BASE_rule,0,n2
11_1799_N2C-radius1,11,counting,BASE_rule,0,n2
11_1800_N2A-novelband1,11,nearest_dist,BASE_rule,1,n2
11_1800_N2B-ordinal1,11,nearest_class,BASE_rule,0,n2
11_1800_N2C-radius1,11,counting,BASE_rule,1,n2
11_1906_N2A-novelband1,11,nearest_dist,BASE_rule,0,n2
11_1906_N2B-ordinal1,11,nearest_class,BASE_rule,0,n2
11_1906_N2C-radius1,11,counting,BASE_rule,0,n2
11_1907_N2A-novelband1,11,nearest_dist,BASE_rule,1,n2
11_1907_N2B-ordinal1,11,nearest_class,BASE_rule,1,n2
11_1907_N2C-radius1,11,counting,BASE_rule,1,n2
11_1914_N2A-novelband1,11,nearest_dist,BASE_rule,0,n2
11_1914_N2B-ordinal1,11,nearest_class,BASE_rule,1,n2
11_1914_N2C-radius1,11,counting,BASE_rule,0,n2
11_1916_N2A-novelband1,11,nearest_dist,BASE_rule,1,n2
11_1916_N2B-ordinal1,11,nearest_class,BASE_rule,0,n2
11_1916_N2C-radius1,11,counting,BASE_rule,0,n2
11_1924_N2A-novelband1,11,nearest_dist,BASE_rule,1,n2
11_1924_N2B-ordinal1,11,nearest_class,BASE_rule,0,n2
11_1924_N2C-radius1,11,counting,BASE_rule,1,n2
11_1928_N2A-novelband1,11,nearest_dist,BASE_rule,0,n2
11_1928_N2B-ordinal1,11,nearest_class,BASE_rule,0,n2
11_1928_N2C-radius1,11,counting,BASE_rule,1,n2
11_1932_N2A-novelband1,11,nearest_dist,BASE_rule,0,n2
11_1932_N2B-ordinal1,11,nearest_class,BASE_rule,1,n2
11_1932_N2C-radius1,11,counting,BASE_rule,1,n2
11_1935_N2A-novelband1,11,nearest_dist,BASE_rule,1,n2
11_1935_N2B-ordinal1,11,nearest_class,BASE_rule,0,n2
11_1935_N2C-radius1,11,counting,BASE_rule,1,n2
11_1939_N2A-novelband1,11,nearest_dist,BASE_rule,0,n2
11_1939_N2B-ordinal1,11,nearest_class,BASE_rule,0,n2
11_1939_N2C-radius1,11,counting,BASE_rule,0,n2
11_1942_N2A-novelband1,11,nearest_dist,BASE_rule,0,n2
11_1942_N2B-ordinal1,11,nearest_class,BASE_rule,0,n2
11_1942_N2C-radius1,11,counting,BASE_rule,0,n2
11_2057_N2A-novelband1,11,nearest_dist,BASE_rule,0,n2
11_2057_N2B-ordinal1,11,nearest_class,BASE_rule,0,n2
11_2057_N2C-radius1,11,counting,BASE_rule,0,n2
11_2064_N2A-novelband1,11,nearest_dist,BASE_rule,0,n2
11_2064_N2B-ordinal1,11,nearest_class,BASE_rule,0,n2
11_2064_N2C-radius1,11,counting,BASE_rule,1,n2
11_2073_N2A-novelband1,11,nearest_dist,BASE_rule,1,n2
11_2073_N2B-ordinal1,11,nearest_class,BASE_rule,0,n2
11_2073_N2C-radius1,11,counting,BASE_rule,1,n2
11_2081_N2A-novelband1,11,nearest_dist,BASE_rule,0,n2
11_2081_N2B-ordinal1,11,nearest_class,BASE_rule,0,n2
11_2081_N2C-radius1,11,counting,BASE_rule,1,n2
11_2082_N2A-novelband1,11,nearest_dist,BASE_rule,1,n2
11_2082_N2B-ordinal1,11,nearest_class,BASE_rule,1,n2
11_2082_N2C-radius1,11,counting,BASE_rule,1,n2
11_2084_N2A-novelband1,11,nearest_dist,BASE_rule,0,n2
11_2084_N2B-ordinal1,11,nearest_class,BASE_rule,0,n2
11_2084_N2C-radius1,11,counting,BASE_rule,1,n2
11_2085_N2A-novelband1,11,nearest_dist,BASE_rule,0,n2
11_2085_N2B-ordinal1,11,nearest_class,BASE_rule,0,n2
11_2085_N2C-radius1,11,counting,BASE_rule,1,n2
11_5174_N2A-novelband1,11,nearest_dist,BASE_rule,0,n2
11_5174_N2B-ordinal1,11,nearest_class,BASE_rule,0,n2
11_5174_N2C-radius1,11,counting,BASE_rule,1,n2
11_5176_N2A-novelband1,11,nearest_dist,BASE_rule,0,n2
11_5176_N2B-ordinal1,11,nearest_class,BASE_rule,0,n2
11_5176_N2C-radius1,11,counting,BASE_rule,0,n2
11_5179_N2A-novelband1,11,nearest_dist,BASE_rule,1,n2
11_5179_N2B-ordinal1,11,nearest_class,BASE_rule,0,n2
11_5179_N2C-radius1,11,counting,BASE_rule,1,n2
11_5184_N2A-novelband1,11,nearest_dist,BASE_rule,0,n2
11_5184_N2B-ordinal1,11,nearest_class,BASE_rule,1,n2
11_5184_N2C-radius1,11,counting,BASE_rule,1,n2
11_5185_N2A-novelband1,11,nearest_dist,BASE_rule,0,n2
11_5185_N2B-ordinal1,11,nearest_class,BASE_rule,0,n2
11_5185_N2C-radius1,11,counting,BASE_rule,0,n2
11_5186_N2A-novelband1,11,nearest_dist,BASE_rule,0,n2
11_5186_N2B-ordinal1,11,nearest_class,BASE_rule,1,n2
11_5186_N2C-radius1,11,counting,BASE_rule,1,n2
11_5188_N2A-novelband1,11,nearest_dist,BASE_rule,0,n2
11_5188_N2B-ordinal1,11,nearest_class,BASE_rule,1,n2
11_5188_N2C-radius1,11,counting,BASE_rule,0,n2
11_5190_N2A-novelband1,11,nearest_dist,BASE_rule,0,n2
11_5190_N2B-ordinal1,11,nearest_class,BASE_rule,1,n2
11_5190_N2C-radius1,11,counting,BASE_rule,1,n2
11_5194_N2A-novelband1,11,nearest_dist,BASE_rule,1,n2
11_5194_N2B-ordinal1,11,nearest_class,BASE_rule,1,n2
11_5194_N2C-radius1,11,counting,BASE_rule,0,n2
11_5197_N2A-novelband1,11,nearest_dist,BASE_rule,0,n2
11_5197_N2B-ordinal1,11,nearest_class,BASE_rule,0,n2
11_5197_N2C-radius1,11,counting,BASE_rule,0,n2
11_5205_N2A-novelband1,11,nearest_dist,BASE_rule,0,n2
11_5205_N2B-ordinal1,11,nearest_class,BASE_rule,0,n2
11_5205_N2C-radius1,11,counting,BASE_rule,0,n2
11_5207_N2A-novelband1,11,nearest_dist,BASE_rule,0,n2
11_5207_N2B-ordinal1,11,nearest_class,BASE_rule,0,n2
11_5207_N2C-radius1,11,counting,BASE_rule,1,n2
11_5627_N2A-novelband1,11,nearest_dist,BASE_rule,0,n2
11_5627_N2B-ordinal1,11,nearest_class,BASE_rule,0,n2
11_5627_N2C-radius1,11,counting,BASE_rule,0,n2
11_5660_N2A-novelband1,11,nearest_dist,BASE_rule,0,n2
11_5660_N2B-ordinal1,11,nearest_class,BASE_rule,0,n2
11_5660_N2C-radius1,11,counting,BASE_rule,0,n2
11_5661_N2A-novelband1,11,nearest_dist,BASE_rule,1,n2
11_5661_N2B-ordinal1,11,nearest_class,BASE_rule,0,n2
11_5661_N2C-radius1,11,counting,BASE_rule,0,n2
11_5667_N2A-novelband1,11,nearest_dist,BASE_rule,0,n2
11_5667_N2B-ordinal1,11,nearest_class,BASE_rule,0,n2
11_5667_N2C-radius1,11,counting,BASE_rule,0,n2
11_5668_N2A-novelband1,11,nearest_dist,BASE_rule,1,n2
11_5668_N2B-ordinal1,11,nearest_class,BASE_rule,0,n2
11_5668_N2C-radius1,11,counting,BASE_rule,0,n2
11_5671_N2A-novelband1,11,nearest_dist,BASE_rule,0,n2
11_5671_N2B-ordinal1,11,nearest_class,BASE_rule,0,n2
11_5671_N2C-radius1,11,counting,BASE_rule,0,n2
11_5674_N2A-novelband1,11,nearest_dist,BASE_rule,0,n2
11_5674_N2B-ordinal1,11,nearest_class,BASE_rule,0,n2
11_5674_N2C-radius1,11,counting,BASE_rule,1,n2
11_5769_N2A-novelband1,11,nearest_dist,BASE_rule,1,n2
11_5769_N2B-ordinal1,11,nearest_class,BASE_rule,1,n2
11_5769_N2C-radius1,11,counting,BASE_rule,0,n2
11_5776_N2A-novelband1,11,nearest_dist,BASE_rule,1,n2
11_5776_N2B-ordinal1,11,nearest_class,BASE_rule,0,n2
11_5776_N2C-radius1,11,counting,BASE_rule,0,n2
11_5785_N2A-novelband1,11,nearest_dist,BASE_rule,1,n2
11_5785_N2B-ordinal1,11,nearest_class,BASE_rule,0,n2
11_5785_N2C-radius1,11,counting,BASE_rule,0,n2
12_10418_N2A-novelband1,12,nearest_dist,BASE_rule,0,n2
12_10418_N2B-ordinal1,12,nearest_class,BASE_rule,0,n2
12_10418_N2C-radius1,12,counting,BASE_rule,1,n2
12_10422_N2A-novelband1,12,nearest_dist,BASE_rule,0,n2
12_10422_N2B-ordinal1,12,nearest_class,BASE_rule,0,n2
12_10422_N2C-radius1,12,counting,BASE_rule,0,n2
12_10423_N2A-novelband1,12,nearest_dist,BASE_rule,1,n2
12_10423_N2B-ordinal1,12,nearest_class,BASE_rule,1,n2
12_10423_N2C-radius1,12,counting,BASE_rule,1,n2
12_10428_N2A-novelband1,12,nearest_dist,BASE_rule,0,n2
12_10428_N2B-ordinal1,12,nearest_class,BASE_rule,1,n2
12_10428_N2C-radius1,12,counting,BASE_rule,0,n2
12_10438_N2A-novelband1,12,nearest_dist,BASE_rule,1,n2
12_10438_N2C-radius1,12,counting,BASE_rule,1,n2
12_10442_N2A-novelband1,12,nearest_dist,BASE_rule,1,n2
12_10442_N2C-radius1,12,counting,BASE_rule,0,n2
12_10445_N2A-novelband1,12,nearest_dist,BASE_rule,0,n2
12_10445_N2C-radius1,12,counting,BASE_rule,0,n2
12_10446_N2A-novelband1,12,nearest_dist,BASE_rule,1,n2
12_10446_N2C-radius1,12,counting,BASE_rule,0,n2
12_10537_N2A-novelband1,12,nearest_dist,BASE_rule,1,n2
12_10537_N2B-ordinal1,12,nearest_class,BASE_rule,0,n2
12_10537_N2C-radius1,12,counting,BASE_rule,0,n2
12_10550_N2A-novelband1,12,nearest_dist,BASE_rule,0,n2
12_10550_N2B-ordinal1,12,nearest_class,BASE_rule,0,n2
12_10550_N2C-radius1,12,counting,BASE_rule,1,n2
12_11507_N2A-novelband1,12,nearest_dist,BASE_rule,0,n2
12_11507_N2B-ordinal1,12,nearest_class,BASE_rule,1,n2
12_11507_N2C-radius1,12,counting,BASE_rule,1,n2
12_11508_N2A-novelband1,12,nearest_dist,BASE_rule,0,n2
12_11508_N2B-ordinal1,12,nearest_class,BASE_rule,1,n2
12_11508_N2C-radius1,12,counting,BASE_rule,1,n2
12_11526_N2A-novelband1,12,nearest_dist,BASE_rule,0,n2
12_11526_N2B-ordinal1,12,nearest_class,BASE_rule,1,n2
12_11526_N2C-radius1,12,counting,BASE_rule,1,n2
12_11529_N2A-novelband1,12,nearest_dist,BASE_rule,0,n2
12_11529_N2B-ordinal1,12,nearest_class,BASE_rule,0,n2
12_11529_N2C-radius1,12,counting,BASE_rule,0,n2
12_11592_N2A-novelband1,12,nearest_dist,BASE_rule,1,n2
12_11592_N2B-ordinal1,12,nearest_class,BASE_rule,0,n2
12_11592_N2C-radius1,12,counting,BASE_rule,1,n2
12_11594_N2A-novelband1,12,nearest_dist,BASE_rule,0,n2
12_11594_N2B-ordinal1,12,nearest_class,BASE_rule,0,n2
12_11594_N2C-radius1,12,counting,BASE_rule,0,n2
12_11599_N2A-novelband1,12,nearest_dist,BASE_rule,1,n2
12_11599_N2B-ordinal1,12,nearest_class,BASE_rule,0,n2
12_11599_N2C-radius1,12,counting,BASE_rule,1,n2
12_11600_N2A-novelband1,12,nearest_dist,BASE_rule,0,n2
12_11600_N2B-ordinal1,12,nearest_class,BASE_rule,0,n2
12_11600_N2C-radius1,12,counting,BASE_rule,0,n2
12_11605_N2A-novelband1,12,nearest_dist,BASE_rule,0,n2
12_11605_N2B-ordinal1,12,nearest_class,BASE_rule,1,n2
12_11605_N2C-radius1,12,counting,BASE_rule,1,n2
12_11618_N2A-novelband1,12,nearest_dist,BASE_rule,0,n2
12_11618_N2B-ordinal1,12,nearest_class,BASE_rule,0,n2
12_11618_N2C-radius1,12,counting,BASE_rule,0,n2
12_2675_N2A-novelband1,12,nearest_dist,BASE_rule,0,n2
12_2675_N2B-ordinal1,12,nearest_class,BASE_rule,0,n2
12_2675_N2C-radius1,12,counting,BASE_rule,1,n2
12_2676_N2A-novelband1,12,nearest_dist,BASE_rule,1,n2
12_2676_N2B-ordinal1,12,nearest_class,BASE_rule,1,n2
12_2676_N2C-radius1,12,counting,BASE_rule,0,n2
12_2681_N2A-novelband1,12,nearest_dist,BASE_rule,1,n2
12_2681_N2B-ordinal1,12,nearest_class,BASE_rule,0,n2
12_2681_N2C-radius1,12,counting,BASE_rule,1,n2
12_2687_N2A-novelband1,12,nearest_dist,BASE_rule,1,n2
12_2687_N2B-ordinal1,12,nearest_class,BASE_rule,0,n2
12_2687_N2C-radius1,12,counting,BASE_rule,1,n2
12_2697_N2A-novelband1,12,nearest_dist,BASE_rule,0,n2
12_2697_N2B-ordinal1,12,nearest_class,BASE_rule,0,n2
12_2697_N2C-radius1,12,counting,BASE_rule,0,n2
12_2700_N2A-novelband1,12,nearest_dist,BASE_rule,0,n2
12_2700_N2B-ordinal1,12,nearest_class,BASE_rule,1,n2
12_2700_N2C-radius1,12,counting,BASE_rule,1,n2
12_2863_N2A-novelband1,12,nearest_dist,BASE_rule,1,n2
12_2863_N2B-ordinal1,12,nearest_class,BASE_rule,0,n2
12_2863_N2C-radius1,12,counting,BASE_rule,1,n2
12_2864_N2A-novelband1,12,nearest_dist,BASE_rule,0,n2
12_2864_N2B-ordinal1,12,nearest_class,BASE_rule,0,n2
12_2864_N2C-radius1,12,counting,BASE_rule,0,n2
12_2867_N2A-novelband1,12,nearest_dist,BASE_rule,0,n2
12_2867_N2B-ordinal1,12,nearest_class,BASE_rule,0,n2
12_2867_N2C-radius1,12,counting,BASE_rule,0,n2
12_2871_N2A-novelband1,12,nearest_dist,BASE_rule,0,n2
12_2871_N2B-ordinal1,12,nearest_class,BASE_rule,0,n2
12_2871_N2C-radius1,12,counting,BASE_rule,0,n2
12_2877_N2A-novelband1,12,nearest_dist,BASE_rule,0,n2
12_2877_N2B-ordinal1,12,nearest_class,BASE_rule,1,n2
12_2877_N2C-radius1,12,counting,BASE_rule,0,n2
12_2883_N2A-novelband1,12,nearest_dist,BASE_rule,0,n2
12_2883_N2B-ordinal1,12,nearest_class,BASE_rule,0,n2
12_2883_N2C-radius1,12,counting,BASE_rule,0,n2
12_2887_N2A-novelband1,12,nearest_dist,BASE_rule,1,n2
12_2887_N2B-ordinal1,12,nearest_class,BASE_rule,0,n2
12_2887_N2C-radius1,12,counting,BASE_rule,0,n2
12_2890_N2A-novelband1,12,nearest_dist,BASE_rule,0,n2
12_2890_N2B-ordinal1,12,nearest_class,BASE_rule,0,n2
12_2890_N2C-radius1,12,counting,BASE_rule,0,n2
12_2892_N2A-novelband1,12,nearest_dist,BASE_rule,1,n2
12_2892_N2B-ordinal1,12,nearest_class,BASE_rule,0,n2
12_2892_N2C-radius1,12,counting,BASE_rule,0,n2
12_2893_N2A-novelband1,12,nearest_dist,BASE_rule,1,n2
12_2893_N2B-ordinal1,12,nearest_class,BASE_rule,0,n2
12_2893_N2C-radius1,12,counting,BASE_rule,0,n2
12_2896_N2A-novelband1,12,nearest_dist,BASE_rule,1,n2
12_2896_N2B-ordinal1,12,nearest_class,BASE_rule,1,n2
12_2896_N2C-radius1,12,counting,BASE_rule,1,n2
12_2903_N2A-novelband1,12,nearest_dist,BASE_rule,1,n2
12_2903_N2B-ordinal1,12,nearest_class,BASE_rule,0,n2
12_2903_N2C-radius1,12,counting,BASE_rule,0,n2
12_2905_N2A-novelband1,12,nearest_dist,BASE_rule,0,n2
12_2905_N2B-ordinal1,12,nearest_class,BASE_rule,1,n2
12_2905_N2C-radius1,12,counting,BASE_rule,1,n2
13_10067_N2A-novelband1,13,nearest_dist,BASE_rule,1,n2
13_10067_N2B-ordinal1,13,nearest_class,BASE_rule,0,n2
13_10067_N2C-radius1,13,counting,BASE_rule,1,n2
13_10070_N2A-novelband1,13,nearest_dist,BASE_rule,0,n2
13_10070_N2B-ordinal1,13,nearest_class,BASE_rule,0,n2
13_10070_N2C-radius1,13,counting,BASE_rule,1,n2
13_10072_N2A-novelband1,13,nearest_dist,BASE_rule,0,n2
13_10072_N2B-ordinal1,13,nearest_class,BASE_rule,0,n2
13_10072_N2C-radius1,13,counting,BASE_rule,0,n2
13_10081_N2A-novelband1,13,nearest_dist,BASE_rule,0,n2
13_10081_N2B-ordinal1,13,nearest_class,BASE_rule,0,n2
13_10081_N2C-radius1,13,counting,BASE_rule,0,n2
13_10414_N2A-novelband1,13,nearest_dist,BASE_rule,1,n2
13_10414_N2B-ordinal1,13,nearest_class,BASE_rule,0,n2
13_10414_N2C-radius1,13,counting,BASE_rule,1,n2
13_10415_N2A-novelband1,13,nearest_dist,BASE_rule,0,n2
13_10415_N2B-ordinal1,13,nearest_class,BASE_rule,1,n2
13_10415_N2C-radius1,13,counting,BASE_rule,1,n2
13_10426_N2A-novelband1,13,nearest_dist,BASE_rule,0,n2
13_10426_N2B-ordinal1,13,nearest_class,BASE_rule,1,n2
13_10426_N2C-radius1,13,counting,BASE_rule,0,n2
13_10431_N2A-novelband1,13,nearest_dist,BASE_rule,1,n2
13_10431_N2B-ordinal1,13,nearest_class,BASE_rule,0,n2
13_10431_N2C-radius1,13,counting,BASE_rule,0,n2
13_10441_N2A-novelband1,13,nearest_dist,BASE_rule,0,n2
13_10441_N2B-ordinal1,13,nearest_class,BASE_rule,0,n2
13_10441_N2C-radius1,13,counting,BASE_rule,1,n2
13_10449_N2A-novelband1,13,nearest_dist,BASE_rule,0,n2
13_10449_N2B-ordinal1,13,nearest_class,BASE_rule,1,n2
13_10449_N2C-radius1,13,counting,BASE_rule,0,n2
13_10457_N2A-novelband1,13,nearest_dist,BASE_rule,1,n2
13_10457_N2B-ordinal1,13,nearest_class,BASE_rule,1,n2
13_10457_N2C-radius1,13,counting,BASE_rule,1,n2
13_10458_N2A-novelband1,13,nearest_dist,BASE_rule,0,n2
13_10458_N2B-ordinal1,13,nearest_class,BASE_rule,0,n2
13_10458_N2C-radius1,13,counting,BASE_rule,0,n2
13_10462_N2A-novelband1,13,nearest_dist,BASE_rule,0,n2
13_10462_N2B-ordinal1,13,nearest_class,BASE_rule,1,n2
13_10462_N2C-radius1,13,counting,BASE_rule,1,n2
13_10470_N2A-novelband1,13,nearest_dist,BASE_rule,1,n2
13_10470_N2B-ordinal1,13,nearest_class,BASE_rule,0,n2
13_10470_N2C-radius1,13,counting,BASE_rule,0,n2
13_10472_N2A-novelband1,13,nearest_dist,BASE_rule,1,n2
13_10472_N2B-ordinal1,13,nearest_class,BASE_rule,0,n2
13_10472_N2C-radius1,13,counting,BASE_rule,1,n2
13_10477_N2A-novelband1,13,nearest_dist,BASE_rule,0,n2
13_10477_N2B-ordinal1,13,nearest_class,BASE_rule,0,n2
13_10477_N2C-radius1,13,counting,BASE_rule,0,n2
13_10478_N2A-novelband1,13,nearest_dist,BASE_rule,1,n2
13_10478_N2B-ordinal1,13,nearest_class,BASE_rule,0,n2
13_10478_N2C-radius1,13,counting,BASE_rule,1,n2
13_10479_N2A-novelband1,13,nearest_dist,BASE_rule,0,n2
13_10479_N2B-ordinal1,13,nearest_class,BASE_rule,0,n2
13_10479_N2C-radius1,13,counting,BASE_rule,1,n2
13_10487_N2A-novelband1,13,nearest_dist,BASE_rule,0,n2
13_10487_N2B-ordinal1,13,nearest_class,BASE_rule,0,n2
13_10487_N2C-radius1,13,counting,BASE_rule,0,n2
13_10489_N2A-novelband1,13,nearest_dist,BASE_rule,0,n2
13_10489_N2B-ordinal1,13,nearest_class,BASE_rule,0,n2
13_10489_N2C-radius1,13,counting,BASE_rule,1,n2
13_10490_N2A-novelband1,13,nearest_dist,BASE_rule,0,n2
13_10490_N2B-ordinal1,13,nearest_class,BASE_rule,0,n2
13_10490_N2C-radius1,13,counting,BASE_rule,1,n2
13_10494_N2A-novelband1,13,nearest_dist,BASE_rule,1,n2
13_10494_N2B-ordinal1,13,nearest_class,BASE_rule,1,n2
13_10494_N2C-radius1,13,counting,BASE_rule,0,n2
13_1050_N2A-novelband1,13,nearest_dist,BASE_rule,1,n2
13_1050_N2B-ordinal1,13,nearest_class,BASE_rule,0,n2
13_1050_N2C-radius1,13,counting,BASE_rule,0,n2
13_10500_N2A-novelband1,13,nearest_dist,BASE_rule,0,n2
13_10500_N2B-ordinal1,13,nearest_class,BASE_rule,0,n2
13_10500_N2C-radius1,13,counting,BASE_rule,1,n2
13_10518_N2A-novelband1,13,nearest_dist,BASE_rule,1,n2
13_10518_N2B-ordinal1,13,nearest_class,BASE_rule,1,n2
13_10518_N2C-radius1,13,counting,BASE_rule,0,n2
13_10522_N2A-novelband1,13,nearest_dist,BASE_rule,0,n2
13_10522_N2B-ordinal1,13,nearest_class,BASE_rule,1,n2
13_10522_N2C-radius1,13,counting,BASE_rule,0,n2
13_10526_N2A-novelband1,13,nearest_dist,BASE_rule,0,n2
13_10526_N2B-ordinal1,13,nearest_class,BASE_rule,1,n2
13_10526_N2C-radius1,13,counting,BASE_rule,1,n2
13_10576_N2A-novelband1,13,nearest_dist,BASE_rule,0,n2
13_10576_N2B-ordinal1,13,nearest_class,BASE_rule,0,n2
13_10576_N2C-radius1,13,counting,BASE_rule,0,n2
13_10578_N2A-novelband1,13,nearest_dist,BASE_rule,1,n2
13_10578_N2B-ordinal1,13,nearest_class,BASE_rule,0,n2
13_10578_N2C-radius1,13,counting,BASE_rule,0,n2
13_10612_N2A-novelband1,13,nearest_dist,BASE_rule,1,n2
13_10612_N2B-ordinal1,13,nearest_class,BASE_rule,0,n2
13_10612_N2C-radius1,13,counting,BASE_rule,0,n2
13_10670_N2A-novelband1,13,nearest_dist,BASE_rule,0,n2
13_10670_N2B-ordinal1,13,nearest_class,BASE_rule,0,n2
13_10670_N2C-radius1,13,counting,BASE_rule,0,n2
13_10677_N2A-novelband1,13,nearest_dist,BASE_rule,0,n2
13_10677_N2B-ordinal1,13,nearest_class,BASE_rule,1,n2
13_10677_N2C-radius1,13,counting,BASE_rule,0,n2
13_10679_N2A-novelband1,13,nearest_dist,BASE_rule,0,n2
13_10679_N2B-ordinal1,13,nearest_class,BASE_rule,0,n2
13_10679_N2C-radius1,13,counting,BASE_rule,1,n2
13_10683_N2A-novelband1,13,nearest_dist,BASE_rule,0,n2
13_10683_N2B-ordinal1,13,nearest_class,BASE_rule,1,n2
13_10683_N2C-radius1,13,counting,BASE_rule,0,n2
13_10686_N2A-novelband1,13,nearest_dist,BASE_rule,1,n2
13_10686_N2B-ordinal1,13,nearest_class,BASE_rule,1,n2
13_10686_N2C-radius1,13,counting,BASE_rule,1,n2
13_10694_N2A-novelband1,13,nearest_dist,BASE_rule,0,n2
13_10694_N2B-ordinal1,13,nearest_class,BASE_rule,0,n2
13_10694_N2C-radius1,13,counting,BASE_rule,1,n2
13_10733_N2A-novelband1,13,nearest_dist,BASE_rule,1,n2
13_10733_N2B-ordinal1,13,nearest_class,BASE_rule,1,n2
13_10733_N2C-radius1,13,counting,BASE_rule,0,n2
13_10834_N2A-novelband1,13,nearest_dist,BASE_rule,0,n2
13_10834_N2B-ordinal1,13,nearest_class,BASE_rule,0,n2
13_10834_N2C-radius1,13,counting,BASE_rule,1,n2
13_10838_N2A-novelband1,13,nearest_dist,BASE_rule,1,n2
13_10838_N2B-ordinal1,13,nearest_class,BASE_rule,0,n2
13_10838_N2C-radius1,13,counting,BASE_rule,0,n2
13_1092_N2A-novelband1,13,nearest_dist,BASE_rule,0,n2
13_1092_N2B-ordinal1,13,nearest_class,BASE_rule,0,n2
13_1092_N2C-radius1,13,counting,BASE_rule,1,n2
13_11003_N2A-novelband1,13,nearest_dist,BASE_rule,0,n2
13_11003_N2B-ordinal1,13,nearest_class,BASE_rule,0,n2
13_11003_N2C-radius1,13,counting,BASE_rule,0,n2
13_11005_N2A-novelband1,13,nearest_dist,BASE_rule,1,n2
13_11005_N2B-ordinal1,13,nearest_class,BASE_rule,1,n2
13_11005_N2C-radius1,13,counting,BASE_rule,0,n2
13_11072_N2A-novelband1,13,nearest_dist,BASE_rule,0,n2
13_11072_N2B-ordinal1,13,nearest_class,BASE_rule,0,n2
13_11072_N2C-radius1,13,counting,BASE_rule,0,n2
13_11077_N2A-novelband1,13,nearest_dist,BASE_rule,1,n2
13_11077_N2B-ordinal1,13,nearest_class,BASE_rule,1,n2
13_11077_N2C-radius1,13,counting,BASE_rule,0,n2
13_11088_N2A-novelband1,13,nearest_dist,BASE_rule,1,n2
13_11088_N2B-ordinal1,13,nearest_class,BASE_rule,1,n2
13_11088_N2C-radius1,13,counting,BASE_rule,1,n2
13_11093_N2A-novelband1,13,nearest_dist,BASE_rule,0,n2
13_11093_N2B-ordinal1,13,nearest_class,BASE_rule,0,n2
13_11093_N2C-radius1,13,counting,BASE_rule,0,n2
13_11105_N2A-novelband1,13,nearest_dist,BASE_rule,1,n2
13_11105_N2B-ordinal1,13,nearest_class,BASE_rule,0,n2
13_11105_N2C-radius1,13,counting,BASE_rule,0,n2
13_11107_N2A-novelband1,13,nearest_dist,BASE_rule,0,n2
13_11107_N2B-ordinal1,13,nearest_class,BASE_rule,0,n2
13_11107_N2C-radius1,13,counting,BASE_rule,0,n2
13_11110_N2A-novelband1,13,nearest_dist,BASE_rule,0,n2
13_11110_N2B-ordinal1,13,nearest_class,BASE_rule,0,n2
13_11110_N2C-radius1,13,counting,BASE_rule,0,n2
13_11140_N2A-novelband1,13,nearest_dist,BASE_rule,0,n2
13_11140_N2B-ordinal1,13,nearest_class,BASE_rule,0,n2
13_11140_N2C-radius1,13,counting,BASE_rule,0,n2
13_11148_N2A-novelband1,13,nearest_dist,BASE_rule,0,n2
13_11148_N2B-ordinal1,13,nearest_class,BASE_rule,1,n2
13_11148_N2C-radius1,13,counting,BASE_rule,1,n2
13_11152_N2A-novelband1,13,nearest_dist,BASE_rule,1,n2
13_11152_N2B-ordinal1,13,nearest_class,BASE_rule,0,n2
13_11152_N2C-radius1,13,counting,BASE_rule,0,n2
13_11158_N2A-novelband1,13,nearest_dist,BASE_rule,0,n2
13_11158_N2B-ordinal1,13,nearest_class,BASE_rule,1,n2
13_11158_N2C-radius1,13,counting,BASE_rule,1,n2
13_11163_N2A-novelband1,13,nearest_dist,BASE_rule,1,n2
13_11163_N2B-ordinal1,13,nearest_class,BASE_rule,0,n2
13_11163_N2C-radius1,13,counting,BASE_rule,0,n2
13_11167_N2A-novelband1,13,nearest_dist,BASE_rule,0,n2
13_11167_N2B-ordinal1,13,nearest_class,BASE_rule,1,n2
13_11167_N2C-radius1,13,counting,BASE_rule,1,n2
13_11202_N2A-novelband1,13,nearest_dist,BASE_rule,0,n2
13_11202_N2B-ordinal1,13,nearest_class,BASE_rule,0,n2
13_11202_N2C-radius1,13,counting,BASE_rule,0,n2
13_11204_N2A-novelband1,13,nearest_dist,BASE_rule,0,n2
13_11204_N2B-ordinal1,13,nearest_class,BASE_rule,0,n2
13_11204_N2C-radius1,13,counting,BASE_rule,1,n2
13_11205_N2A-novelband1,13,nearest_dist,BASE_rule,0,n2
13_11205_N2B-ordinal1,13,nearest_class,BASE_rule,0,n2
13_11205_N2C-radius1,13,counting,BASE_rule,0,n2
13_11206_N2A-novelband1,13,nearest_dist,BASE_rule,0,n2
13_11206_N2B-ordinal1,13,nearest_class,BASE_rule,0,n2
13_11206_N2C-radius1,13,counting,BASE_rule,0,n2
13_11215_N2A-novelband1,13,nearest_dist,BASE_rule,0,n2
13_11215_N2B-ordinal1,13,nearest_class,BASE_rule,0,n2
13_11215_N2C-radius1,13,counting,BASE_rule,1,n2
13_11222_N2A-novelband1,13,nearest_dist,BASE_rule,1,n2
13_11222_N2B-ordinal1,13,nearest_class,BASE_rule,0,n2
13_11222_N2C-radius1,13,counting,BASE_rule,0,n2
13_11226_N2A-novelband1,13,nearest_dist,BASE_rule,0,n2
13_11226_N2B-ordinal1,13,nearest_class,BASE_rule,0,n2
13_11226_N2C-radius1,13,counting,BASE_rule,1,n2
13_11229_N2A-novelband1,13,nearest_dist,BASE_rule,0,n2
13_11229_N2B-ordinal1,13,nearest_class,BASE_rule,0,n2
13_11229_N2C-radius1,13,counting,BASE_rule,1,n2
13_11230_N2A-novelband1,13,nearest_dist,BASE_rule,0,n2
13_11230_N2B-ordinal1,13,nearest_class,BASE_rule,1,n2
13_11230_N2C-radius1,13,counting,BASE_rule,1,n2
13_1126_N2A-novelband1,13,nearest_dist,BASE_rule,0,n2
13_1126_N2B-ordinal1,13,nearest_class,BASE_rule,1,n2
13_1126_N2C-radius1,13,counting,BASE_rule,1,n2
13_11266_N2A-novelband1,13,nearest_dist,BASE_rule,0,n2
13_11266_N2B-ordinal1,13,nearest_class,BASE_rule,1,n2
13_11266_N2C-radius1,13,counting,BASE_rule,1,n2
13_1129_N2A-novelband1,13,nearest_dist,BASE_rule,0,n2
13_1129_N2B-ordinal1,13,nearest_class,BASE_rule,1,n2
13_1129_N2C-radius1,13,counting,BASE_rule,1,n2
13_1130_N2A-novelband1,13,nearest_dist,BASE_rule,1,n2
13_1130_N2B-ordinal1,13,nearest_class,BASE_rule,1,n2
13_1130_N2C-radius1,13,counting,BASE_rule,0,n2
13_1131_N2A-novelband1,13,nearest_dist,BASE_rule,1,n2
13_1131_N2B-ordinal1,13,nearest_class,BASE_rule,0,n2
13_1131_N2C-radius1,13,counting,BASE_rule,1,n2
13_1139_N2A-novelband1,13,nearest_dist,BASE_rule,0,n2
13_1139_N2B-ordinal1,13,nearest_class,BASE_rule,1,n2
13_1139_N2C-radius1,13,counting,BASE_rule,0,n2
13_1141_N2A-novelband1,13,nearest_dist,BASE_rule,0,n2
13_1141_N2B-ordinal1,13,nearest_class,BASE_rule,0,n2
13_1141_N2C-radius1,13,counting,BASE_rule,0,n2
13_1142_N2A-novelband1,13,nearest_dist,BASE_rule,0,n2
13_1142_N2B-ordinal1,13,nearest_class,BASE_rule,0,n2
13_1142_N2C-radius1,13,counting,BASE_rule,0,n2
13_1146_N2A-novelband1,13,nearest_dist,BASE_rule,1,n2
13_1146_N2B-ordinal1,13,nearest_class,BASE_rule,1,n2
13_1146_N2C-radius1,13,counting,BASE_rule,0,n2
13_1148_N2A-novelband1,13,nearest_dist,BASE_rule,1,n2
13_1148_N2B-ordinal1,13,nearest_class,BASE_rule,1,n2
13_1148_N2C-radius1,13,counting,BASE_rule,1,n2
13_1149_N2A-novelband1,13,nearest_dist,BASE_rule,0,n2
13_1149_N2B-ordinal1,13,nearest_class,BASE_rule,0,n2
13_1149_N2C-radius1,13,counting,BASE_rule,1,n2
13_1181_N2A-novelband1,13,nearest_dist,BASE_rule,0,n2
13_1181_N2B-ordinal1,13,nearest_class,BASE_rule,0,n2
13_1181_N2C-radius1,13,counting,BASE_rule,1,n2
13_11900_N2A-novelband1,13,nearest_dist,BASE_rule,0,n2
13_11900_N2B-ordinal1,13,nearest_class,BASE_rule,0,n2
13_11900_N2C-radius1,13,counting,BASE_rule,0,n2
13_11909_N2A-novelband1,13,nearest_dist,BASE_rule,1,n2
13_11909_N2B-ordinal1,13,nearest_class,BASE_rule,1,n2
13_11909_N2C-radius1,13,counting,BASE_rule,0,n2
13_1191_N2A-novelband1,13,nearest_dist,BASE_rule,0,n2
13_1191_N2B-ordinal1,13,nearest_class,BASE_rule,1,n2
13_1191_N2C-radius1,13,counting,BASE_rule,0,n2
13_1198_N2A-novelband1,13,nearest_dist,BASE_rule,0,n2
13_1198_N2B-ordinal1,13,nearest_class,BASE_rule,1,n2
13_1198_N2C-radius1,13,counting,BASE_rule,0,n2
13_11996_N2A-novelband1,13,nearest_dist,BASE_rule,0,n2
13_11996_N2B-ordinal1,13,nearest_class,BASE_rule,1,n2
13_11996_N2C-radius1,13,counting,BASE_rule,0,n2
13_11998_N2A-novelband1,13,nearest_dist,BASE_rule,1,n2
13_11998_N2B-ordinal1,13,nearest_class,BASE_rule,0,n2
13_11998_N2C-radius1,13,counting,BASE_rule,0,n2
13_12012_N2A-novelband1,13,nearest_dist,BASE_rule,0,n2
13_12012_N2B-ordinal1,13,nearest_class,BASE_rule,1,n2
13_12012_N2C-radius1,13,counting,BASE_rule,0,n2
13_12015_N2A-novelband1,13,nearest_dist,BASE_rule,0,n2
13_12015_N2B-ordinal1,13,nearest_class,BASE_rule,0,n2
13_12015_N2C-radius1,13,counting,BASE_rule,0,n2
13_12016_N2A-novelband1,13,nearest_dist,BASE_rule,0,n2
13_12016_N2B-ordinal1,13,nearest_class,BASE_rule,0,n2
13_12016_N2C-radius1,13,counting,BASE_rule,0,n2
13_12022_N2A-novelband1,13,nearest_dist,BASE_rule,1,n2
13_12022_N2B-ordinal1,13,nearest_class,BASE_rule,0,n2
13_12022_N2C-radius1,13,counting,BASE_rule,0,n2
13_12025_N2A-novelband1,13,nearest_dist,BASE_rule,0,n2
13_12025_N2B-ordinal1,13,nearest_class,BASE_rule,0,n2
13_12025_N2C-radius1,13,counting,BASE_rule,0,n2
13_12026_N2A-novelband1,13,nearest_dist,BASE_rule,0,n2
13_12026_N2B-ordinal1,13,nearest_class,BASE_rule,1,n2
13_12026_N2C-radius1,13,counting,BASE_rule,0,n2
13_12033_N2A-novelband1,13,nearest_dist,BASE_rule,1,n2
13_12033_N2B-ordinal1,13,nearest_class,BASE_rule,0,n2
13_12033_N2C-radius1,13,counting,BASE_rule,1,n2
13_12036_N2A-novelband1,13,nearest_dist,BASE_rule,0,n2
13_12036_N2B-ordinal1,13,nearest_class,BASE_rule,1,n2
13_12036_N2C-radius1,13,counting,BASE_rule,1,n2
13_12038_N2A-novelband1,13,nearest_dist,BASE_rule,0,n2
13_12038_N2B-ordinal1,13,nearest_class,BASE_rule,1,n2
13_12038_N2C-radius1,13,counting,BASE_rule,0,n2
13_12255_N2A-novelband1,13,nearest_dist,BASE_rule,0,n2
13_12255_N2B-ordinal1,13,nearest_class,BASE_rule,1,n2
13_12255_N2C-radius1,13,counting,BASE_rule,0,n2
13_12258_N2A-novelband1,13,nearest_dist,BASE_rule,1,n2
13_12258_N2B-ordinal1,13,nearest_class,BASE_rule,0,n2
13_12258_N2C-radius1,13,counting,BASE_rule,1,n2
13_12260_N2A-novelband1,13,nearest_dist,BASE_rule,0,n2
13_12260_N2B-ordinal1,13,nearest_class,BASE_rule,0,n2
13_12260_N2C-radius1,13,counting,BASE_rule,1,n2
13_12275_N2A-novelband1,13,nearest_dist,BASE_rule,0,n2
13_12275_N2B-ordinal1,13,nearest_class,BASE_rule,0,n2
13_12275_N2C-radius1,13,counting,BASE_rule,0,n2
13_12281_N2A-novelband1,13,nearest_dist,BASE_rule,0,n2
13_12281_N2B-ordinal1,13,nearest_class,BASE_rule,1,n2
13_12281_N2C-radius1,13,counting,BASE_rule,1,n2
13_12287_N2A-novelband1,13,nearest_dist,BASE_rule,1,n2
13_12287_N2B-ordinal1,13,nearest_class,BASE_rule,0,n2
13_12287_N2C-radius1,13,counting,BASE_rule,0,n2
13_12288_N2A-novelband1,13,nearest_dist,BASE_rule,1,n2
13_12288_N2B-ordinal1,13,nearest_class,BASE_rule,0,n2
13_12288_N2C-radius1,13,counting,BASE_rule,0,n2
13_12291_N2A-novelband1,13,nearest_dist,BASE_rule,1,n2
13_12291_N2B-ordinal1,13,nearest_class,BASE_rule,0,n2
13_12291_N2C-radius1,13,counting,BASE_rule,0,n2
13_12292_N2A-novelband1,13,nearest_dist,BASE_rule,0,n2
13_12292_N2B-ordinal1,13,nearest_class,BASE_rule,0,n2
13_12292_N2C-radius1,13,counting,BASE_rule,0,n2
13_12295_N2A-novelband1,13,nearest_dist,BASE_rule,1,n2
13_12295_N2B-ordinal1,13,nearest_class,BASE_rule,1,n2
13_12295_N2C-radius1,13,counting,BASE_rule,0,n2
13_12298_N2A-novelband1,13,nearest_dist,BASE_rule,0,n2
13_12298_N2B-ordinal1,13,nearest_class,BASE_rule,0,n2
13_12298_N2C-radius1,13,counting,BASE_rule,0,n2
13_12299_N2A-novelband1,13,nearest_dist,BASE_rule,0,n2
13_12299_N2B-ordinal1,13,nearest_class,BASE_rule,0,n2
13_12299_N2C-radius1,13,counting,BASE_rule,1,n2
13_12354_N2A-novelband1,13,nearest_dist,BASE_rule,0,n2
13_12354_N2B-ordinal1,13,nearest_class,BASE_rule,0,n2
13_12354_N2C-radius1,13,counting,BASE_rule,0,n2
13_12355_N2A-novelband1,13,nearest_dist,BASE_rule,0,n2
13_12355_N2B-ordinal1,13,nearest_class,BASE_rule,1,n2
13_12355_N2C-radius1,13,counting,BASE_rule,0,n2
13_12363_N2A-novelband1,13,nearest_dist,BASE_rule,0,n2
13_12363_N2B-ordinal1,13,nearest_class,BASE_rule,0,n2
13_12363_N2C-radius1,13,counting,BASE_rule,0,n2
13_12367_N2A-novelband1,13,nearest_dist,BASE_rule,0,n2
13_12367_N2B-ordinal1,13,nearest_class,BASE_rule,1,n2
13_12367_N2C-radius1,13,counting,BASE_rule,0,n2
13_12368_N2A-novelband1,13,nearest_dist,BASE_rule,1,n2
13_12368_N2B-ordinal1,13,nearest_class,BASE_rule,0,n2
13_12368_N2C-radius1,13,counting,BASE_rule,0,n2
13_12372_N2A-novelband1,13,nearest_dist,BASE_rule,0,n2
13_12372_N2B-ordinal1,13,nearest_class,BASE_rule,0,n2
13_12372_N2C-radius1,13,counting,BASE_rule,0,n2
13_1801_N2A-novelband1,13,nearest_dist,BASE_rule,0,n2
13_1801_N2B-ordinal1,13,nearest_class,BASE_rule,0,n2
13_1801_N2C-radius1,13,counting,BASE_rule,1,n2
13_1803_N2A-novelband1,13,nearest_dist,BASE_rule,1,n2
13_1803_N2B-ordinal1,13,nearest_class,BASE_rule,1,n2
13_1803_N2C-radius1,13,counting,BASE_rule,0,n2
13_1808_N2A-novelband1,13,nearest_dist,BASE_rule,1,n2
13_1808_N2B-ordinal1,13,nearest_class,BASE_rule,0,n2
13_1808_N2C-radius1,13,counting,BASE_rule,0,n2
13_1812_N2A-novelband1,13,nearest_dist,BASE_rule,1,n2
13_1812_N2B-ordinal1,13,nearest_class,BASE_rule,0,n2
13_1812_N2C-radius1,13,counting,BASE_rule,0,n2
13_1814_N2A-novelband1,13,nearest_dist,BASE_rule,0,n2
13_1814_N2B-ordinal1,13,nearest_class,BASE_rule,0,n2
13_1814_N2C-radius1,13,counting,BASE_rule,0,n2
13_1844_N2A-novelband1,13,nearest_dist,BASE_rule,0,n2
13_1844_N2B-ordinal1,13,nearest_class,BASE_rule,0,n2
13_1844_N2C-radius1,13,counting,BASE_rule,0,n2
13_1875_N2A-novelband1,13,nearest_dist,BASE_rule,0,n2
13_1875_N2B-ordinal1,13,nearest_class,BASE_rule,0,n2
13_1875_N2C-radius1,13,counting,BASE_rule,1,n2
13_1878_N2A-novelband1,13,nearest_dist,BASE_rule,0,n2
13_1878_N2B-ordinal1,13,nearest_class,BASE_rule,0,n2
13_1878_N2C-radius1,13,counting,BASE_rule,0,n2
13_1882_N2A-novelband1,13,nearest_dist,BASE_rule,0,n2
13_1882_N2B-ordinal1,13,nearest_class,BASE_rule,1,n2
13_1882_N2C-radius1,13,counting,BASE_rule,0,n2
13_1944_N2A-novelband1,13,nearest_dist,BASE_rule,1,n2
13_1944_N2B-ordinal1,13,nearest_class,BASE_rule,0,n2
13_1944_N2C-radius1,13,counting,BASE_rule,0,n2
13_2034_N2A-novelband1,13,nearest_dist,BASE_rule,1,n2
13_2034_N2B-ordinal1,13,nearest_class,BASE_rule,0,n2
13_2034_N2C-radius1,13,counting,BASE_rule,0,n2
13_2037_N2A-novelband1,13,nearest_dist,BASE_rule,0,n2
13_2037_N2B-ordinal1,13,nearest_class,BASE_rule,1,n2
13_2037_N2C-radius1,13,counting,BASE_rule,0,n2
13_2041_N2A-novelband1,13,nearest_dist,BASE_rule,1,n2
13_2041_N2B-ordinal1,13,nearest_class,BASE_rule,0,n2
13_2041_N2C-radius1,13,counting,BASE_rule,0,n2
13_2054_N2A-novelband1,13,nearest_dist,BASE_rule,0,n2
13_2054_N2B-ordinal1,13,nearest_class,BASE_rule,0,n2
13_2054_N2C-radius1,13,counting,BASE_rule,1,n2
13_2085_N2A-novelband1,13,nearest_dist,BASE_rule,0,n2
13_2085_N2B-ordinal1,13,nearest_class,BASE_rule,0,n2
13_2085_N2C-radius1,13,counting,BASE_rule,0,n2
13_2087_N2A-novelband1,13,nearest_dist,BASE_rule,0,n2
13_2087_N2B-ordinal1,13,nearest_class,BASE_rule,1,n2
13_2087_N2C-radius1,13,counting,BASE_rule,1,n2
13_2097_N2A-novelband1,13,nearest_dist,BASE_rule,0,n2
13_2097_N2B-ordinal1,13,nearest_class,BASE_rule,1,n2
13_2097_N2C-radius1,13,counting,BASE_rule,0,n2
13_2099_N2A-novelband1,13,nearest_dist,BASE_rule,0,n2
13_2099_N2B-ordinal1,13,nearest_class,BASE_rule,1,n2
13_2099_N2C-radius1,13,counting,BASE_rule,0,n2
13_2175_N2A-novelband1,13,nearest_dist,BASE_rule,1,n2
13_2175_N2B-ordinal1,13,nearest_class,BASE_rule,0,n2
13_2175_N2C-radius1,13,counting,BASE_rule,1,n2
13_2181_N2A-novelband1,13,nearest_dist,BASE_rule,0,n2
13_2181_N2B-ordinal1,13,nearest_class,BASE_rule,0,n2
13_2181_N2C-radius1,13,counting,BASE_rule,0,n2
13_2188_N2A-novelband1,13,nearest_dist,BASE_rule,0,n2
13_2188_N2B-ordinal1,13,nearest_class,BASE_rule,0,n2
13_2188_N2C-radius1,13,counting,BASE_rule,0,n2
13_2190_N2A-novelband1,13,nearest_dist,BASE_rule,0,n2
13_2190_N2B-ordinal1,13,nearest_class,BASE_rule,0,n2
13_2190_N2C-radius1,13,counting,BASE_rule,0,n2
13_5550_N2A-novelband1,13,nearest_dist,BASE_rule,1,n2
13_5550_N2B-ordinal1,13,nearest_class,BASE_rule,1,n2
13_5550_N2C-radius1,13,counting,BASE_rule,0,n2
13_5671_N2A-novelband1,13,nearest_dist,BASE_rule,1,n2
13_5671_N2B-ordinal1,13,nearest_class,BASE_rule,0,n2
13_5671_N2C-radius1,13,counting,BASE_rule,1,n2
13_5674_N2A-novelband1,13,nearest_dist,BASE_rule,1,n2
13_5674_N2B-ordinal1,13,nearest_class,BASE_rule,1,n2
13_5674_N2C-radius1,13,counting,BASE_rule,1,n2
13_5684_N2A-novelband1,13,nearest_dist,BASE_rule,1,n2
13_5684_N2B-ordinal1,13,nearest_class,BASE_rule,1,n2
13_5684_N2C-radius1,13,counting,BASE_rule,0,n2
13_5722_N2A-novelband1,13,nearest_dist,BASE_rule,0,n2
13_5722_N2B-ordinal1,13,nearest_class,BASE_rule,1,n2
13_5722_N2C-radius1,13,counting,BASE_rule,0,n2
13_5727_N2A-novelband1,13,nearest_dist,BASE_rule,0,n2
13_5727_N2B-ordinal1,13,nearest_class,BASE_rule,0,n2
13_5727_N2C-radius1,13,counting,BASE_rule,1,n2
13_5729_N2A-novelband1,13,nearest_dist,BASE_rule,0,n2
13_5729_N2B-ordinal1,13,nearest_class,BASE_rule,0,n2
13_5729_N2C-radius1,13,counting,BASE_rule,1,n2
13_5737_N2A-novelband1,13,nearest_dist,BASE_rule,0,n2
13_5737_N2B-ordinal1,13,nearest_class,BASE_rule,0,n2
13_5737_N2C-radius1,13,counting,BASE_rule,0,n2
13_5820_N2A-novelband1,13,nearest_dist,BASE_rule,0,n2
13_5820_N2B-ordinal1,13,nearest_class,BASE_rule,0,n2
13_5820_N2C-radius1,13,counting,BASE_rule,0,n2
13_5822_N2A-novelband1,13,nearest_dist,BASE_rule,0,n2
13_5822_N2B-ordinal1,13,nearest_class,BASE_rule,1,n2
13_5822_N2C-radius1,13,counting,BASE_rule,0,n2
13_5826_N2A-novelband1,13,nearest_dist,BASE_rule,0,n2
13_5826_N2B-ordinal1,13,nearest_class,BASE_rule,1,n2
13_5826_N2C-radius1,13,counting,BASE_rule,1,n2
13_5829_N2A-novelband1,13,nearest_dist,BASE_rule,0,n2
13_5829_N2B-ordinal1,13,nearest_class,BASE_rule,0,n2
13_5829_N2C-radius1,13,counting,BASE_rule,0,n2
13_5831_N2A-novelband1,13,nearest_dist,BASE_rule,0,n2
13_5831_N2B-ordinal1,13,nearest_class,BASE_rule,0,n2
13_5831_N2C-radius1,13,counting,BASE_rule,0,n2
13_5893_N2A-novelband1,13,nearest_dist,BASE_rule,0,n2
13_5893_N2B-ordinal1,13,nearest_class,BASE_rule,0,n2
13_5893_N2C-radius1,13,counting,BASE_rule,0,n2
13_5896_N2A-novelband1,13,nearest_dist,BASE_rule,1,n2
13_5896_N2B-ordinal1,13,nearest_class,BASE_rule,1,n2
13_5896_N2C-radius1,13,counting,BASE_rule,0,n2
13_5900_N2A-novelband1,13,nearest_dist,BASE_rule,0,n2
13_5900_N2B-ordinal1,13,nearest_class,BASE_rule,1,n2
13_5900_N2C-radius1,13,counting,BASE_rule,0,n2
13_5901_N2A-novelband1,13,nearest_dist,BASE_rule,1,n2
13_5901_N2B-ordinal1,13,nearest_class,BASE_rule,0,n2
13_5901_N2C-radius1,13,counting,BASE_rule,1,n2
13_6073_N2A-novelband1,13,nearest_dist,BASE_rule,1,n2
13_6073_N2B-ordinal1,13,nearest_class,BASE_rule,1,n2
13_6073_N2C-radius1,13,counting,BASE_rule,0,n2
13_6075_N2A-novelband1,13,nearest_dist,BASE_rule,0,n2
13_6075_N2B-ordinal1,13,nearest_class,BASE_rule,0,n2
13_6075_N2C-radius1,13,counting,BASE_rule,0,n2
13_6085_N2A-novelband1,13,nearest_dist,BASE_rule,0,n2
13_6085_N2B-ordinal1,13,nearest_class,BASE_rule,1,n2
13_6085_N2C-radius1,13,counting,BASE_rule,0,n2
13_6089_N2A-novelband1,13,nearest_dist,BASE_rule,0,n2
13_6089_N2B-ordinal1,13,nearest_class,BASE_rule,0,n2
13_6089_N2C-radius1,13,counting,BASE_rule,0,n2
13_6122_N2A-novelband1,13,nearest_dist,BASE_rule,1,n2
13_6122_N2B-ordinal1,13,nearest_class,BASE_rule,0,n2
13_6122_N2C-radius1,13,counting,BASE_rule,1,n2
13_6125_N2A-novelband1,13,nearest_dist,BASE_rule,0,n2
13_6125_N2B-ordinal1,13,nearest_class,BASE_rule,0,n2
13_6125_N2C-radius1,13,counting,BASE_rule,0,n2
13_6190_N2A-novelband1,13,nearest_dist,BASE_rule,0,n2
13_6190_N2B-ordinal1,13,nearest_class,BASE_rule,0,n2
13_6190_N2C-radius1,13,counting,BASE_rule,0,n2
13_6193_N2A-novelband1,13,nearest_dist,BASE_rule,0,n2
13_6193_N2B-ordinal1,13,nearest_class,BASE_rule,0,n2
13_6193_N2C-radius1,13,counting,BASE_rule,0,n2
13_6203_N2A-novelband1,13,nearest_dist,BASE_rule,1,n2
13_6203_N2B-ordinal1,13,nearest_class,BASE_rule,0,n2
13_6203_N2C-radius1,13,counting,BASE_rule,0,n2
13_6216_N2A-novelband1,13,nearest_dist,BASE_rule,0,n2
13_6216_N2B-ordinal1,13,nearest_class,BASE_rule,0,n2
13_6216_N2C-radius1,13,counting,BASE_rule,0,n2
13_6220_N2A-novelband1,13,nearest_dist,BASE_rule,0,n2
13_6220_N2B-ordinal1,13,nearest_class,BASE_rule,1,n2
13_6220_N2C-radius1,13,counting,BASE_rule,0,n2
13_6293_N2A-novelband1,13,nearest_dist,BASE_rule,1,n2
13_6293_N2B-ordinal1,13,nearest_class,BASE_rule,1,n2
13_6293_N2C-radius1,13,counting,BASE_rule,0,n2
13_6305_N2A-novelband1,13,nearest_dist,BASE_rule,0,n2
13_6305_N2B-ordinal1,13,nearest_class,BASE_rule,0,n2
13_6305_N2C-radius1,13,counting,BASE_rule,1,n2
13_6308_N2A-novelband1,13,nearest_dist,BASE_rule,0,n2
13_6308_N2B-ordinal1,13,nearest_class,BASE_rule,0,n2
13_6308_N2C-radius1,13,counting,BASE_rule,0,n2
13_6312_N2A-novelband1,13,nearest_dist,BASE_rule,0,n2
13_6312_N2B-ordinal1,13,nearest_class,BASE_rule,0,n2
13_6312_N2C-radius1,13,counting,BASE_rule,0,n2
13_6314_N2A-novelband1,13,nearest_dist,BASE_rule,0,n2
13_6314_N2B-ordinal1,13,nearest_class,BASE_rule,0,n2
13_6314_N2C-radius1,13,counting,BASE_rule,0,n2
13_9083_N2A-novelband1,13,nearest_dist,BASE_rule,0,n2
13_9083_N2B-ordinal1,13,nearest_class,BASE_rule,1,n2
13_9083_N2C-radius1,13,counting,BASE_rule,1,n2
13_9119_N2A-novelband1,13,nearest_dist,BASE_rule,0,n2
13_9119_N2B-ordinal1,13,nearest_class,BASE_rule,0,n2
13_9119_N2C-radius1,13,counting,BASE_rule,1,n2
13_9120_N2A-novelband1,13,nearest_dist,BASE_rule,1,n2
13_9120_N2B-ordinal1,13,nearest_class,BASE_rule,1,n2
13_9120_N2C-radius1,13,counting,BASE_rule,1,n2
13_9125_N2A-novelband1,13,nearest_dist,BASE_rule,0,n2
13_9125_N2B-ordinal1,13,nearest_class,BASE_rule,0,n2
13_9125_N2C-radius1,13,counting,BASE_rule,1,n2
13_9241_N2A-novelband1,13,nearest_dist,BASE_rule,1,n2
13_9241_N2B-ordinal1,13,nearest_class,BASE_rule,1,n2
13_9241_N2C-radius1,13,counting,BASE_rule,1,n2
13_9242_N2A-novelband1,13,nearest_dist,BASE_rule,1,n2
13_9242_N2B-ordinal1,13,nearest_class,BASE_rule,0,n2
13_9242_N2C-radius1,13,counting,BASE_rule,1,n2
13_9244_N2A-novelband1,13,nearest_dist,BASE_rule,0,n2
13_9244_N2B-ordinal1,13,nearest_class,BASE_rule,1,n2
13_9244_N2C-radius1,13,counting,BASE_rule,1,n2
13_9443_N2A-novelband1,13,nearest_dist,BASE_rule,0,n2
13_9443_N2B-ordinal1,13,nearest_class,BASE_rule,0,n2
13_9443_N2C-radius1,13,counting,BASE_rule,0,n2
13_9444_N2A-novelband1,13,nearest_dist,BASE_rule,0,n2
13_9444_N2B-ordinal1,13,nearest_class,BASE_rule,0,n2
13_9444_N2C-radius1,13,counting,BASE_rule,0,n2
13_9451_N2A-novelband1,13,nearest_dist,BASE_rule,0,n2
13_9451_N2B-ordinal1,13,nearest_class,BASE_rule,1,n2
13_9451_N2C-radius1,13,counting,BASE_rule,0,n2
13_9562_N2A-novelband1,13,nearest_dist,BASE_rule,1,n2
13_9562_N2B-ordinal1,13,nearest_class,BASE_rule,0,n2
13_9562_N2C-radius1,13,counting,BASE_rule,0,n2
13_9662_N2A-novelband1,13,nearest_dist,BASE_rule,0,n2
13_9662_N2B-ordinal1,13,nearest_class,BASE_rule,1,n2
13_9662_N2C-radius1,13,counting,BASE_rule,1,n2
13_9668_N2A-novelband1,13,nearest_dist,BASE_rule,1,n2
13_9668_N2B-ordinal1,13,nearest_class,BASE_rule,1,n2
13_9668_N2C-radius1,13,counting,BASE_rule,1,n2
13_9800_N2A-novelband1,13,nearest_dist,BASE_rule,1,n2
13_9800_N2B-ordinal1,13,nearest_class,BASE_rule,0,n2
13_9800_N2C-radius1,13,counting,BASE_rule,1,n2
13_9801_N2A-novelband1,13,nearest_dist,BASE_rule,1,n2
13_9801_N2B-ordinal1,13,nearest_class,BASE_rule,1,n2
13_9801_N2C-radius1,13,counting,BASE_rule,1,n2
13_9802_N2A-novelband1,13,nearest_dist,BASE_rule,0,n2
13_9802_N2B-ordinal1,13,nearest_class,BASE_rule,0,n2
13_9802_N2C-radius1,13,counting,BASE_rule,0,n2
13_9803_N2A-novelband1,13,nearest_dist,BASE_rule,1,n2
13_9803_N2B-ordinal1,13,nearest_class,BASE_rule,0,n2
13_9803_N2C-radius1,13,counting,BASE_rule,0,n2
13_9863_N2A-novelband1,13,nearest_dist,BASE_rule,0,n2
13_9863_N2B-ordinal1,13,nearest_class,BASE_rule,0,n2
13_9863_N2C-radius1,13,counting,BASE_rule,0,n2
13_9880_N2A-novelband1,13,nearest_dist,BASE_rule,1,n2
13_9880_N2B-ordinal1,13,nearest_class,BASE_rule,1,n2
13_9880_N2C-radius1,13,counting,BASE_rule,1,n2
13_9888_N2A-novelband1,13,nearest_dist,BASE_rule,0,n2
13_9888_N2B-ordinal1,13,nearest_class,BASE_rule,0,n2
13_9888_N2C-radius1,13,counting,BASE_rule,0,n2
13_9894_N2A-novelband1,13,nearest_dist,BASE_rule,0,n2
13_9894_N2B-ordinal1,13,nearest_class,BASE_rule,0,n2
13_9894_N2C-radius1,13,counting,BASE_rule,1,n2
13_9900_N2A-novelband1,13,nearest_dist,BASE_rule,1,n2
13_9900_N2B-ordinal1,13,nearest_class,BASE_rule,0,n2
13_9900_N2C-radius1,13,counting,BASE_rule,1,n2
13_9977_N2A-novelband1,13,nearest_dist,BASE_rule,0,n2
13_9977_N2B-ordinal1,13,nearest_class,BASE_rule,1,n2
13_9977_N2C-radius1,13,counting,BASE_rule,0,n2
13_9979_N2A-novelband1,13,nearest_dist,BASE_rule,0,n2
13_9979_N2B-ordinal1,13,nearest_class,BASE_rule,0,n2
13_9979_N2C-radius1,13,counting,BASE_rule,0,n2
14_3847_N2A-novelband1,14,nearest_dist,BASE_rule,0,n2
14_3847_N2B-ordinal1,14,nearest_class,BASE_rule,0,n2
14_3847_N2C-radius1,14,counting,BASE_rule,0,n2
14_3851_N2A-novelband1,14,nearest_dist,BASE_rule,1,n2
14_3851_N2B-ordinal1,14,nearest_class,BASE_rule,0,n2
14_3851_N2C-radius1,14,counting,BASE_rule,0,n2
14_3852_N2A-novelband1,14,nearest_dist,BASE_rule,0,n2
14_3852_N2B-ordinal1,14,nearest_class,BASE_rule,0,n2
14_3852_N2C-radius1,14,counting,BASE_rule,0,n2
14_3855_N2A-novelband1,14,nearest_dist,BASE_rule,0,n2
14_3855_N2B-ordinal1,14,nearest_class,BASE_rule,0,n2
14_3855_N2C-radius1,14,counting,BASE_rule,0,n2
14_3857_N2A-novelband1,14,nearest_dist,BASE_rule,0,n2
14_3857_N2B-ordinal1,14,nearest_class,BASE_rule,0,n2
14_3857_N2C-radius1,14,counting,BASE_rule,0,n2
14_3867_N2A-novelband1,14,nearest_dist,BASE_rule,1,n2
14_3867_N2B-ordinal1,14,nearest_class,BASE_rule,1,n2
14_3867_N2C-radius1,14,counting,BASE_rule,0,n2
14_3868_N2A-novelband1,14,nearest_dist,BASE_rule,1,n2
14_3868_N2B-ordinal1,14,nearest_class,BASE_rule,1,n2
14_3868_N2C-radius1,14,counting,BASE_rule,0,n2
14_3869_N2A-novelband1,14,nearest_dist,BASE_rule,0,n2
14_3869_N2B-ordinal1,14,nearest_class,BASE_rule,1,n2
14_3869_N2C-radius1,14,counting,BASE_rule,0,n2
14_3870_N2A-novelband1,14,nearest_dist,BASE_rule,0,n2
14_3870_N2B-ordinal1,14,nearest_class,BASE_rule,1,n2
14_3870_N2C-radius1,14,counting,BASE_rule,0,n2
14_3878_N2A-novelband1,14,nearest_dist,BASE_rule,0,n2
14_3878_N2B-ordinal1,14,nearest_class,BASE_rule,1,n2
14_3878_N2C-radius1,14,counting,BASE_rule,0,n2
14_3889_N2A-novelband1,14,nearest_dist,BASE_rule,0,n2
14_3889_N2B-ordinal1,14,nearest_class,BASE_rule,1,n2
14_3889_N2C-radius1,14,counting,BASE_rule,1,n2
14_3891_N2A-novelband1,14,nearest_dist,BASE_rule,0,n2
14_3891_N2B-ordinal1,14,nearest_class,BASE_rule,1,n2
14_3891_N2C-radius1,14,counting,BASE_rule,0,n2
14_3894_N2A-novelband1,14,nearest_dist,BASE_rule,0,n2
14_3894_N2B-ordinal1,14,nearest_class,BASE_rule,0,n2
14_3894_N2C-radius1,14,counting,BASE_rule,1,n2
15_145_N2A-novelband1,15,nearest_dist,BASE_rule,0,n2
15_145_N2B-ordinal1,15,nearest_class,BASE_rule,1,n2
15_145_N2C-radius1,15,counting,BASE_rule,1,n2
15_147_N2A-novelband1,15,nearest_dist,BASE_rule,1,n2
15_147_N2B-ordinal1,15,nearest_class,BASE_rule,0,n2
15_147_N2C-radius1,15,counting,BASE_rule,1,n2
15_187_N2A-novelband1,15,nearest_dist,BASE_rule,0,n2
15_187_N2B-ordinal1,15,nearest_class,BASE_rule,0,n2
15_187_N2C-radius1,15,counting,BASE_rule,0,n2
15_191_N2A-novelband1,15,nearest_dist,BASE_rule,1,n2
15_191_N2B-ordinal1,15,nearest_class,BASE_rule,0,n2
15_191_N2C-radius1,15,counting,BASE_rule,1,n2
15_195_N2A-novelband1,15,nearest_dist,BASE_rule,0,n2
15_195_N2B-ordinal1,15,nearest_class,BASE_rule,0,n2
15_195_N2C-radius1,15,counting,BASE_rule,1,n2
15_202_N2A-novelband1,15,nearest_dist,BASE_rule,0,n2
15_202_N2B-ordinal1,15,nearest_class,BASE_rule,0,n2
15_202_N2C-radius1,15,counting,BASE_rule,0,n2
15_205_N2A-novelband1,15,nearest_dist,BASE_rule,1,n2
15_205_N2B-ordinal1,15,nearest_class,BASE_rule,0,n2
15_205_N2C-radius1,15,counting,BASE_rule,0,n2
15_209_N2A-novelband1,15,nearest_dist,BASE_rule,1,n2
15_209_N2B-ordinal1,15,nearest_class,BASE_rule,1,n2
15_209_N2C-radius1,15,counting,BASE_rule,1,n2
15_210_N2A-novelband1,15,nearest_dist,BASE_rule,1,n2
15_210_N2B-ordinal1,15,nearest_class,BASE_rule,0,n2
15_210_N2C-radius1,15,counting,BASE_rule,1,n2
15_212_N2A-novelband1,15,nearest_dist,BASE_rule,0,n2
15_212_N2B-ordinal1,15,nearest_class,BASE_rule,0,n2
15_212_N2C-radius1,15,counting,BASE_rule,1,n2
15_238_N2A-novelband1,15,nearest_dist,BASE_rule,0,n2
15_238_N2B-ordinal1,15,nearest_class,BASE_rule,1,n2
15_238_N2C-radius1,15,counting,BASE_rule,1,n2
15_240_N2A-novelband1,15,nearest_dist,BASE_rule,0,n2
15_240_N2B-ordinal1,15,nearest_class,BASE_rule,0,n2
15_240_N2C-radius1,15,counting,BASE_rule,1,n2
15_241_N2A-novelband1,15,nearest_dist,BASE_rule,1,n2
15_241_N2B-ordinal1,15,nearest_class,BASE_rule,0,n2
15_241_N2C-radius1,15,counting,BASE_rule,1,n2
15_242_N2A-novelband1,15,nearest_dist,BASE_rule,0,n2
15_242_N2B-ordinal1,15,nearest_class,BASE_rule,1,n2
15_242_N2C-radius1,15,counting,BASE_rule,0,n2
15_243_N2A-novelband1,15,nearest_dist,BASE_rule,0,n2
15_243_N2B-ordinal1,15,nearest_class,BASE_rule,0,n2
15_243_N2C-radius1,15,counting,BASE_rule,1,n2
15_296_N2A-novelband1,15,nearest_dist,BASE_rule,1,n2
15_296_N2B-ordinal1,15,nearest_class,BASE_rule,0,n2
15_296_N2C-radius1,15,counting,BASE_rule,0,n2
15_297_N2A-novelband1,15,nearest_dist,BASE_rule,1,n2
15_297_N2B-ordinal1,15,nearest_class,BASE_rule,1,n2
15_297_N2C-radius1,15,counting,BASE_rule,0,n2
16_10663_N2A-novelband1,16,nearest_dist,BASE_rule,1,n2
16_10663_N2B-ordinal1,16,nearest_class,BASE_rule,0,n2
16_10663_N2C-radius1,16,counting,BASE_rule,0,n2
16_10665_N2A-novelband1,16,nearest_dist,BASE_rule,0,n2
16_10665_N2B-ordinal1,16,nearest_class,BASE_rule,1,n2
16_10665_N2C-radius1,16,counting,BASE_rule,0,n2
16_10670_N2A-novelband1,16,nearest_dist,BASE_rule,0,n2
16_10670_N2B-ordinal1,16,nearest_class,BASE_rule,1,n2
16_10670_N2C-radius1,16,counting,BASE_rule,1,n2
16_10673_N2A-novelband1,16,nearest_dist,BASE_rule,1,n2
16_10673_N2B-ordinal1,16,nearest_class,BASE_rule,0,n2
16_10673_N2C-radius1,16,counting,BASE_rule,1,n2
16_10674_N2A-novelband1,16,nearest_dist,BASE_rule,0,n2
16_10674_N2B-ordinal1,16,nearest_class,BASE_rule,0,n2
16_10674_N2C-radius1,16,counting,BASE_rule,0,n2
16_10679_N2A-novelband1,16,nearest_dist,BASE_rule,0,n2
16_10679_N2B-ordinal1,16,nearest_class,BASE_rule,0,n2
16_10679_N2C-radius1,16,counting,BASE_rule,0,n2
16_10685_N2A-novelband1,16,nearest_dist,BASE_rule,0,n2
16_10685_N2B-ordinal1,16,nearest_class,BASE_rule,0,n2
16_10685_N2C-radius1,16,counting,BASE_rule,1,n2
16_10692_N2A-novelband1,16,nearest_dist,BASE_rule,1,n2
16_10692_N2B-ordinal1,16,nearest_class,BASE_rule,0,n2
16_10692_N2C-radius1,16,counting,BASE_rule,1,n2
16_10701_N2A-novelband1,16,nearest_dist,BASE_rule,0,n2
16_10701_N2B-ordinal1,16,nearest_class,BASE_rule,0,n2
16_10701_N2C-radius1,16,counting,BASE_rule,0,n2
16_10704_N2A-novelband1,16,nearest_dist,BASE_rule,0,n2
16_10704_N2B-ordinal1,16,nearest_class,BASE_rule,0,n2
16_10704_N2C-radius1,16,counting,BASE_rule,0,n2
16_10706_N2A-novelband1,16,nearest_dist,BASE_rule,1,n2
16_10706_N2B-ordinal1,16,nearest_class,BASE_rule,1,n2
16_10706_N2C-radius1,16,counting,BASE_rule,0,n2
16_10820_N2A-novelband1,16,nearest_dist,BASE_rule,0,n2
16_10820_N2B-ordinal1,16,nearest_class,BASE_rule,1,n2
16_10820_N2C-radius1,16,counting,BASE_rule,1,n2
16_10932_N2A-novelband1,16,nearest_dist,BASE_rule,1,n2
16_10932_N2B-ordinal1,16,nearest_class,BASE_rule,1,n2
16_10932_N2C-radius1,16,counting,BASE_rule,1,n2
16_10934_N2A-novelband1,16,nearest_dist,BASE_rule,0,n2
16_10934_N2B-ordinal1,16,nearest_class,BASE_rule,0,n2
16_10934_N2C-radius1,16,counting,BASE_rule,1,n2
16_10935_N2A-novelband1,16,nearest_dist,BASE_rule,0,n2
16_10935_N2B-ordinal1,16,nearest_class,BASE_rule,0,n2
16_10935_N2C-radius1,16,counting,BASE_rule,1,n2
16_10937_N2A-novelband1,16,nearest_dist,BASE_rule,0,n2
16_10937_N2B-ordinal1,16,nearest_class,BASE_rule,0,n2
16_10937_N2C-radius1,16,counting,BASE_rule,1,n2
16_10939_N2A-novelband1,16,nearest_dist,BASE_rule,1,n2
16_10939_N2B-ordinal1,16,nearest_class,BASE_rule,0,n2
16_10939_N2C-radius1,16,counting,BASE_rule,0,n2
16_10946_N2A-novelband1,16,nearest_dist,BASE_rule,0,n2
16_10946_N2B-ordinal1,16,nearest_class,BASE_rule,0,n2
16_10946_N2C-radius1,16,counting,BASE_rule,1,n2
16_10950_N2A-novelband1,16,nearest_dist,BASE_rule,0,n2
16_10950_N2B-ordinal1,16,nearest_class,BASE_rule,0,n2
16_10950_N2C-radius1,16,counting,BASE_rule,0,n2
16_10958_N2A-novelband1,16,nearest_dist,BASE_rule,0,n2
16_10958_N2B-ordinal1,16,nearest_class,BASE_rule,0,n2
16_10958_N2C-radius1,16,counting,BASE_rule,1,n2
16_10959_N2A-novelband1,16,nearest_dist,BASE_rule,0,n2
16_10959_N2B-ordinal1,16,nearest_class,BASE_rule,0,n2
16_10959_N2C-radius1,16,counting,BASE_rule,0,n2
16_10961_N2A-novelband1,16,nearest_dist,BASE_rule,1,n2
16_10961_N2B-ordinal1,16,nearest_class,BASE_rule,1,n2
16_10961_N2C-radius1,16,counting,BASE_rule,1,n2
16_11014_N2A-novelband1,16,nearest_dist,BASE_rule,0,n2
16_11014_N2B-ordinal1,16,nearest_class,BASE_rule,0,n2
16_11014_N2C-radius1,16,counting,BASE_rule,0,n2
16_11016_N2A-novelband1,16,nearest_dist,BASE_rule,1,n2
16_11016_N2B-ordinal1,16,nearest_class,BASE_rule,0,n2
16_11016_N2C-radius1,16,counting,BASE_rule,0,n2
16_11024_N2A-novelband1,16,nearest_dist,BASE_rule,0,n2
16_11024_N2B-ordinal1,16,nearest_class,BASE_rule,1,n2
16_11024_N2C-radius1,16,counting,BASE_rule,0,n2
16_11030_N2A-novelband1,16,nearest_dist,BASE_rule,1,n2
16_11030_N2B-ordinal1,16,nearest_class,BASE_rule,0,n2
16_11030_N2C-radius1,16,counting,BASE_rule,1,n2
16_11031_N2A-novelband1,16,nearest_dist,BASE_rule,0,n2
16_11031_N2B-ordinal1,16,nearest_class,BASE_rule,0,n2
16_11031_N2C-radius1,16,counting,BASE_rule,1,n2
16_11063_N2A-novelband1,16,nearest_dist,BASE_rule,0,n2
16_11063_N2B-ordinal1,16,nearest_class,BASE_rule,0,n2
16_11063_N2C-radius1,16,counting,BASE_rule,0,n2
16_11065_N2A-novelband1,16,nearest_dist,BASE_rule,0,n2
16_11065_N2B-ordinal1,16,nearest_class,BASE_rule,0,n2
16_11065_N2C-radius1,16,counting,BASE_rule,0,n2
16_11066_N2A-novelband1,16,nearest_dist,BASE_rule,0,n2
16_11066_N2B-ordinal1,16,nearest_class,BASE_rule,0,n2
16_11066_N2C-radius1,16,counting,BASE_rule,0,n2
16_11067_N2A-novelband1,16,nearest_dist,BASE_rule,0,n2
16_11067_N2B-ordinal1,16,nearest_class,BASE_rule,0,n2
16_11067_N2C-radius1,16,counting,BASE_rule,1,n2
16_11070_N2A-novelband1,16,nearest_dist,BASE_rule,0,n2
16_11070_N2B-ordinal1,16,nearest_class,BASE_rule,1,n2
16_11070_N2C-radius1,16,counting,BASE_rule,1,n2
16_11071_N2A-novelband1,16,nearest_dist,BASE_rule,0,n2
16_11071_N2B-ordinal1,16,nearest_class,BASE_rule,1,n2
16_11071_N2C-radius1,16,counting,BASE_rule,0,n2
16_11076_N2A-novelband1,16,nearest_dist,BASE_rule,0,n2
16_11076_N2B-ordinal1,16,nearest_class,BASE_rule,0,n2
16_11076_N2C-radius1,16,counting,BASE_rule,1,n2
16_11077_N2A-novelband1,16,nearest_dist,BASE_rule,0,n2
16_11077_N2B-ordinal1,16,nearest_class,BASE_rule,0,n2
16_11077_N2C-radius1,16,counting,BASE_rule,1,n2
16_11080_N2A-novelband1,16,nearest_dist,BASE_rule,1,n2
16_11080_N2B-ordinal1,16,nearest_class,BASE_rule,0,n2
16_11080_N2C-radius1,16,counting,BASE_rule,0,n2
16_11082_N2A-novelband1,16,nearest_dist,BASE_rule,0,n2
16_11082_N2B-ordinal1,16,nearest_class,BASE_rule,1,n2
16_11082_N2C-radius1,16,counting,BASE_rule,0,n2
16_11083_N2A-novelband1,16,nearest_dist,BASE_rule,0,n2
16_11083_N2B-ordinal1,16,nearest_class,BASE_rule,1,n2
16_11083_N2C-radius1,16,counting,BASE_rule,0,n2
16_11131_N2A-novelband1,16,nearest_dist,BASE_rule,0,n2
16_11131_N2B-ordinal1,16,nearest_class,BASE_rule,0,n2
16_11131_N2C-radius1,16,counting,BASE_rule,0,n2
16_11133_N2A-novelband1,16,nearest_dist,BASE_rule,0,n2
16_11133_N2B-ordinal1,16,nearest_class,BASE_rule,0,n2
16_11133_N2C-radius1,16,counting,BASE_rule,0,n2
16_11170_N2A-novelband1,16,nearest_dist,BASE_rule,1,n2
16_11170_N2B-ordinal1,16,nearest_class,BASE_rule,0,n2
16_11170_N2C-radius1,16,counting,BASE_rule,0,n2
16_11171_N2A-novelband1,16,nearest_dist,BASE_rule,0,n2
16_11171_N2B-ordinal1,16,nearest_class,BASE_rule,1,n2
16_11171_N2C-radius1,16,counting,BASE_rule,0,n2
16_11272_N2A-novelband1,16,nearest_dist,BASE_rule,1,n2
16_11272_N2B-ordinal1,16,nearest_class,BASE_rule,0,n2
16_11272_N2C-radius1,16,counting,BASE_rule,0,n2
16_11275_N2A-novelband1,16,nearest_dist,BASE_rule,0,n2
16_11275_N2B-ordinal1,16,nearest_class,BASE_rule,0,n2
16_11275_N2C-radius1,16,counting,BASE_rule,0,n2
16_11282_N2A-novelband1,16,nearest_dist,BASE_rule,1,n2
16_11282_N2B-ordinal1,16,nearest_class,BASE_rule,0,n2
16_11282_N2C-radius1,16,counting,BASE_rule,0,n2
16_11307_N2A-novelband1,16,nearest_dist,BASE_rule,0,n2
16_11307_N2B-ordinal1,16,nearest_class,BASE_rule,1,n2
16_11307_N2C-radius1,16,counting,BASE_rule,1,n2
16_11429_N2A-novelband1,16,nearest_dist,BASE_rule,0,n2
16_11429_N2B-ordinal1,16,nearest_class,BASE_rule,1,n2
16_11429_N2C-radius1,16,counting,BASE_rule,0,n2
16_11516_N2A-novelband1,16,nearest_dist,BASE_rule,0,n2
16_11516_N2B-ordinal1,16,nearest_class,BASE_rule,0,n2
16_11516_N2C-radius1,16,counting,BASE_rule,1,n2
16_11517_N2A-novelband1,16,nearest_dist,BASE_rule,0,n2
16_11517_N2B-ordinal1,16,nearest_class,BASE_rule,0,n2
16_11517_N2C-radius1,16,counting,BASE_rule,0,n2
16_11518_N2A-novelband1,16,nearest_dist,BASE_rule,0,n2
16_11518_N2B-ordinal1,16,nearest_class,BASE_rule,0,n2
16_11518_N2C-radius1,16,counting,BASE_rule,0,n2
16_11528_N2A-novelband1,16,nearest_dist,BASE_rule,1,n2
16_11528_N2B-ordinal1,16,nearest_class,BASE_rule,1,n2
16_11528_N2C-radius1,16,counting,BASE_rule,0,n2
16_11536_N2A-novelband1,16,nearest_dist,BASE_rule,1,n2
16_11536_N2B-ordinal1,16,nearest_class,BASE_rule,1,n2
16_11536_N2C-radius1,16,counting,BASE_rule,0,n2
16_11540_N2A-novelband1,16,nearest_dist,BASE_rule,0,n2
16_11540_N2B-ordinal1,16,nearest_class,BASE_rule,1,n2
16_11540_N2C-radius1,16,counting,BASE_rule,0,n2
16_11541_N2A-novelband1,16,nearest_dist,BASE_rule,0,n2
16_11541_N2B-ordinal1,16,nearest_class,BASE_rule,0,n2
16_11541_N2C-radius1,16,counting,BASE_rule,1,n2
16_11542_N2A-novelband1,16,nearest_dist,BASE_rule,1,n2
16_11542_N2B-ordinal1,16,nearest_class,BASE_rule,1,n2
16_11542_N2C-radius1,16,counting,BASE_rule,0,n2
16_14901_N2A-novelband1,16,nearest_dist,BASE_rule,0,n2
16_14901_N2B-ordinal1,16,nearest_class,BASE_rule,1,n2
16_14901_N2C-radius1,16,counting,BASE_rule,0,n2
16_14908_N2A-novelband1,16,nearest_dist,BASE_rule,1,n2
16_14908_N2B-ordinal1,16,nearest_class,BASE_rule,0,n2
16_14908_N2C-radius1,16,counting,BASE_rule,1,n2
16_14909_N2A-novelband1,16,nearest_dist,BASE_rule,0,n2
16_14909_N2B-ordinal1,16,nearest_class,BASE_rule,0,n2
16_14909_N2C-radius1,16,counting,BASE_rule,1,n2
16_14910_N2A-novelband1,16,nearest_dist,BASE_rule,1,n2
16_14910_N2B-ordinal1,16,nearest_class,BASE_rule,1,n2
16_14910_N2C-radius1,16,counting,BASE_rule,1,n2
16_14911_N2A-novelband1,16,nearest_dist,BASE_rule,0,n2
16_14911_N2B-ordinal1,16,nearest_class,BASE_rule,1,n2
16_14911_N2C-radius1,16,counting,BASE_rule,1,n2
16_14916_N2A-novelband1,16,nearest_dist,BASE_rule,0,n2
16_14916_N2B-ordinal1,16,nearest_class,BASE_rule,0,n2
16_14916_N2C-radius1,16,counting,BASE_rule,0,n2
16_14919_N2A-novelband1,16,nearest_dist,BASE_rule,0,n2
16_14919_N2B-ordinal1,16,nearest_class,BASE_rule,0,n2
16_14919_N2C-radius1,16,counting,BASE_rule,0,n2
16_14920_N2A-novelband1,16,nearest_dist,BASE_rule,0,n2
16_14920_N2B-ordinal1,16,nearest_class,BASE_rule,0,n2
16_14920_N2C-radius1,16,counting,BASE_rule,0,n2
16_14921_N2A-novelband1,16,nearest_dist,BASE_rule,0,n2
16_14921_N2B-ordinal1,16,nearest_class,BASE_rule,0,n2
16_14921_N2C-radius1,16,counting,BASE_rule,0,n2
16_14927_N2A-novelband1,16,nearest_dist,BASE_rule,1,n2
16_14927_N2B-ordinal1,16,nearest_class,BASE_rule,1,n2
16_14927_N2C-radius1,16,counting,BASE_rule,0,n2
16_14931_N2A-novelband1,16,nearest_dist,BASE_rule,0,n2
16_14931_N2B-ordinal1,16,nearest_class,BASE_rule,0,n2
16_14931_N2C-radius1,16,counting,BASE_rule,1,n2
16_15019_N2A-novelband1,16,nearest_dist,BASE_rule,0,n2
16_15019_N2B-ordinal1,16,nearest_class,BASE_rule,1,n2
16_15019_N2C-radius1,16,counting,BASE_rule,0,n2
16_15027_N2A-novelband1,16,nearest_dist,BASE_rule,0,n2
16_15027_N2B-ordinal1,16,nearest_class,BASE_rule,1,n2
16_15027_N2C-radius1,16,counting,BASE_rule,0,n2
16_15100_N2A-novelband1,16,nearest_dist,BASE_rule,0,n2
16_15100_N2B-ordinal1,16,nearest_class,BASE_rule,0,n2
16_15100_N2C-radius1,16,counting,BASE_rule,0,n2
16_15137_N2A-novelband1,16,nearest_dist,BASE_rule,0,n2
16_15137_N2B-ordinal1,16,nearest_class,BASE_rule,0,n2
16_15137_N2C-radius1,16,counting,BASE_rule,1,n2
16_15138_N2A-novelband1,16,nearest_dist,BASE_rule,1,n2
16_15138_N2B-ordinal1,16,nearest_class,BASE_rule,0,n2
16_15138_N2C-radius1,16,counting,BASE_rule,1,n2
16_15217_N2A-novelband1,16,nearest_dist,BASE_rule,0,n2
16_15217_N2B-ordinal1,16,nearest_class,BASE_rule,1,n2
16_15217_N2C-radius1,16,counting,BASE_rule,0,n2
16_15218_N2A-novelband1,16,nearest_dist,BASE_rule,1,n2
16_15218_N2B-ordinal1,16,nearest_class,BASE_rule,1,n2
16_15218_N2C-radius1,16,counting,BASE_rule,1,n2
16_15750_N2A-novelband1,16,nearest_dist,BASE_rule,0,n2
16_15750_N2B-ordinal1,16,nearest_class,BASE_rule,1,n2
16_15750_N2C-radius1,16,counting,BASE_rule,0,n2
16_3206_N2A-novelband1,16,nearest_dist,BASE_rule,1,n2
16_3206_N2B-ordinal1,16,nearest_class,BASE_rule,1,n2
16_3206_N2C-radius1,16,counting,BASE_rule,0,n2
16_3269_N2A-novelband1,16,nearest_dist,BASE_rule,0,n2
16_3269_N2B-ordinal1,16,nearest_class,BASE_rule,0,n2
16_3269_N2C-radius1,16,counting,BASE_rule,0,n2
16_3299_N2A-novelband1,16,nearest_dist,BASE_rule,1,n2
16_3299_N2B-ordinal1,16,nearest_class,BASE_rule,0,n2
16_3299_N2C-radius1,16,counting,BASE_rule,0,n2
16_3301_N2A-novelband1,16,nearest_dist,BASE_rule,0,n2
16_3301_N2B-ordinal1,16,nearest_class,BASE_rule,0,n2
16_3301_N2C-radius1,16,counting,BASE_rule,1,n2
16_3352_N2A-novelband1,16,nearest_dist,BASE_rule,0,n2
16_3352_N2B-ordinal1,16,nearest_class,BASE_rule,0,n2
16_3352_N2C-radius1,16,counting,BASE_rule,1,n2
16_3355_N2A-novelband1,16,nearest_dist,BASE_rule,1,n2
16_3355_N2B-ordinal1,16,nearest_class,BASE_rule,1,n2
16_3355_N2C-radius1,16,counting,BASE_rule,1,n2
16_3362_N2A-novelband1,16,nearest_dist,BASE_rule,1,n2
16_3362_N2B-ordinal1,16,nearest_class,BASE_rule,0,n2
16_3362_N2C-radius1,16,counting,BASE_rule,0,n2
16_3367_N2A-novelband1,16,nearest_dist,BASE_rule,0,n2
16_3367_N2B-ordinal1,16,nearest_class,BASE_rule,0,n2
16_3367_N2C-radius1,16,counting,BASE_rule,0,n2
16_3368_N2A-novelband1,16,nearest_dist,BASE_rule,1,n2
16_3368_N2B-ordinal1,16,nearest_class,BASE_rule,0,n2
16_3368_N2C-radius1,16,counting,BASE_rule,1,n2
16_3464_N2A-novelband1,16,nearest_dist,BASE_rule,0,n2
16_3464_N2B-ordinal1,16,nearest_class,BASE_rule,0,n2
16_3464_N2C-radius1,16,counting,BASE_rule,0,n2
16_3466_N2A-novelband1,16,nearest_dist,BASE_rule,0,n2
16_3466_N2B-ordinal1,16,nearest_class,BASE_rule,1,n2
16_3466_N2C-radius1,16,counting,BASE_rule,0,n2
16_3658_N2A-novelband1,16,nearest_dist,BASE_rule,1,n2
16_3658_N2B-ordinal1,16,nearest_class,BASE_rule,0,n2
16_3658_N2C-radius1,16,counting,BASE_rule,0,n2
16_3743_N2A-novelband1,16,nearest_dist,BASE_rule,1,n2
16_3743_N2B-ordinal1,16,nearest_class,BASE_rule,0,n2
16_3743_N2C-radius1,16,counting,BASE_rule,1,n2
16_4069_N2A-novelband1,16,nearest_dist,BASE_rule,0,n2
16_4069_N2B-ordinal1,16,nearest_class,BASE_rule,0,n2
16_4069_N2C-radius1,16,counting,BASE_rule,1,n2
16_4075_N2A-novelband1,16,nearest_dist,BASE_rule,0,n2
16_4075_N2B-ordinal1,16,nearest_class,BASE_rule,0,n2
16_4075_N2C-radius1,16,counting,BASE_rule,0,n2
16_4256_N2A-novelband1,16,nearest_dist,BASE_rule,0,n2
16_4256_N2B-ordinal1,16,nearest_class,BASE_rule,1,n2
16_4256_N2C-radius1,16,counting,BASE_rule,0,n2
16_4259_N2A-novelband1,16,nearest_dist,BASE_rule,0,n2
16_4259_N2B-ordinal1,16,nearest_class,BASE_rule,0,n2
16_4259_N2C-radius1,16,counting,BASE_rule,1,n2
16_4263_N2A-novelband1,16,nearest_dist,BASE_rule,0,n2
16_4263_N2B-ordinal1,16,nearest_class,BASE_rule,0,n2
16_4263_N2C-radius1,16,counting,BASE_rule,1,n2
16_4264_N2A-novelband1,16,nearest_dist,BASE_rule,0,n2
16_4264_N2B-ordinal1,16,nearest_class,BASE_rule,1,n2
16_4264_N2C-radius1,16,counting,BASE_rule,1,n2
16_4267_N2A-novelband1,16,nearest_dist,BASE_rule,1,n2
16_4267_N2B-ordinal1,16,nearest_class,BASE_rule,1,n2
16_4267_N2C-radius1,16,counting,BASE_rule,0,n2
16_4268_N2A-novelband1,16,nearest_dist,BASE_rule,0,n2
16_4268_N2B-ordinal1,16,nearest_class,BASE_rule,0,n2
16_4268_N2C-radius1,16,counting,BASE_rule,1,n2
16_4271_N2A-novelband1,16,nearest_dist,BASE_rule,1,n2
16_4271_N2B-ordinal1,16,nearest_class,BASE_rule,0,n2
16_4271_N2C-radius1,16,counting,BASE_rule,0,n2
16_5839_N2A-novelband1,16,nearest_dist,BASE_rule,1,n2
16_5839_N2B-ordinal1,16,nearest_class,BASE_rule,0,n2
16_5839_N2C-radius1,16,counting,BASE_rule,0,n2
16_5849_N2A-novelband1,16,nearest_dist,BASE_rule,0,n2
16_5849_N2B-ordinal1,16,nearest_class,BASE_rule,1,n2
16_5849_N2C-radius1,16,counting,BASE_rule,1,n2
16_6029_N2A-novelband1,16,nearest_dist,BASE_rule,1,n2
16_6029_N2B-ordinal1,16,nearest_class,BASE_rule,0,n2
16_6029_N2C-radius1,16,counting,BASE_rule,0,n2
16_6030_N2A-novelband1,16,nearest_dist,BASE_rule,1,n2
16_6030_N2B-ordinal1,16,nearest_class,BASE_rule,0,n2
16_6030_N2C-radius1,16,counting,BASE_rule,0,n2
16_6033_N2A-novelband1,16,nearest_dist,BASE_rule,0,n2
16_6033_N2B-ordinal1,16,nearest_class,BASE_rule,0,n2
16_6033_N2C-radius1,16,counting,BASE_rule,1,n2
16_6035_N2A-novelband1,16,nearest_dist,BASE_rule,1,n2
16_6035_N2B-ordinal1,16,nearest_class,BASE_rule,0,n2
16_6035_N2C-radius1,16,counting,BASE_rule,0,n2
16_6039_N2A-novelband1,16,nearest_dist,BASE_rule,0,n2
16_6039_N2B-ordinal1,16,nearest_class,BASE_rule,0,n2
16_6039_N2C-radius1,16,counting,BASE_rule,0,n2
16_6085_N2A-novelband1,16,nearest_dist,BASE_rule,0,n2
16_6085_N2B-ordinal1,16,nearest_class,BASE_rule,1,n2
16_6085_N2C-radius1,16,counting,BASE_rule,1,n2
16_6087_N2A-novelband1,16,nearest_dist,BASE_rule,1,n2
16_6087_N2B-ordinal1,16,nearest_class,BASE_rule,1,n2
16_6087_N2C-radius1,16,counting,BASE_rule,0,n2
16_7061_N2A-novelband1,16,nearest_dist,BASE_rule,0,n2
16_7061_N2B-ordinal1,16,nearest_class,BASE_rule,1,n2
16_7061_N2C-radius1,16,counting,BASE_rule,0,n2
16_7062_N2A-novelband1,16,nearest_dist,BASE_rule,1,n2
16_7062_N2B-ordinal1,16,nearest_class,BASE_rule,0,n2
16_7062_N2C-radius1,16,counting,BASE_rule,0,n2
16_7070_N2A-novelband1,16,nearest_dist,BASE_rule,1,n2
16_7070_N2B-ordinal1,16,nearest_class,BASE_rule,0,n2
16_7070_N2C-radius1,16,counting,BASE_rule,0,n2
16_7071_N2A-novelband1,16,nearest_dist,BASE_rule,1,n2
16_7071_N2B-ordinal1,16,nearest_class,BASE_rule,0,n2
16_7071_N2C-radius1,16,counting,BASE_rule,0,n2
16_7072_N2A-novelband1,16,nearest_dist,BASE_rule,0,n2
16_7072_N2B-ordinal1,16,nearest_class,BASE_rule,1,n2
16_7072_N2C-radius1,16,counting,BASE_rule,0,n2
16_7078_N2A-novelband1,16,nearest_dist,BASE_rule,1,n2
16_7078_N2B-ordinal1,16,nearest_class,BASE_rule,1,n2
16_7078_N2C-radius1,16,counting,BASE_rule,0,n2
16_7146_N2A-novelband1,16,nearest_dist,BASE_rule,0,n2
16_7146_N2B-ordinal1,16,nearest_class,BASE_rule,1,n2
16_7146_N2C-radius1,16,counting,BASE_rule,0,n2
16_7148_N2A-novelband1,16,nearest_dist,BASE_rule,0,n2
16_7148_N2B-ordinal1,16,nearest_class,BASE_rule,1,n2
16_7148_N2C-radius1,16,counting,BASE_rule,0,n2
16_7149_N2A-novelband1,16,nearest_dist,BASE_rule,0,n2
16_7149_N2B-ordinal1,16,nearest_class,BASE_rule,1,n2
16_7149_N2C-radius1,16,counting,BASE_rule,0,n2
16_7253_N2A-novelband1,16,nearest_dist,BASE_rule,0,n2
16_7253_N2C-radius1,16,counting,BASE_rule,0,n2
16_7350_N2A-novelband1,16,nearest_dist,BASE_rule,1,n2
16_7350_N2B-ordinal1,16,nearest_class,BASE_rule,0,n2
16_7350_N2C-radius1,16,counting,BASE_rule,1,n2
16_7351_N2A-novelband1,16,nearest_dist,BASE_rule,0,n2
16_7351_N2B-ordinal1,16,nearest_class,BASE_rule,1,n2
16_7351_N2C-radius1,16,counting,BASE_rule,0,n2
16_7355_N2A-novelband1,16,nearest_dist,BASE_rule,0,n2
16_7355_N2B-ordinal1,16,nearest_class,BASE_rule,1,n2
16_7355_N2C-radius1,16,counting,BASE_rule,1,n2
16_7356_N2A-novelband1,16,nearest_dist,BASE_rule,1,n2
16_7356_N2B-ordinal1,16,nearest_class,BASE_rule,0,n2
16_7356_N2C-radius1,16,counting,BASE_rule,1,n2
16_7358_N2A-novelband1,16,nearest_dist,BASE_rule,0,n2
16_7358_N2B-ordinal1,16,nearest_class,BASE_rule,0,n2
16_7358_N2C-radius1,16,counting,BASE_rule,0,n2
16_7402_N2A-novelband1,16,nearest_dist,BASE_rule,1,n2
16_7402_N2B-ordinal1,16,nearest_class,BASE_rule,0,n2
16_7402_N2C-radius1,16,counting,BASE_rule,0,n2
16_7457_N2A-novelband1,16,nearest_dist,BASE_rule,1,n2
16_7457_N2B-ordinal1,16,nearest_class,BASE_rule,0,n2
16_7457_N2C-radius1,16,counting,BASE_rule,0,n2
16_7458_N2A-novelband1,16,nearest_dist,BASE_rule,0,n2
16_7458_N2B-ordinal1,16,nearest_class,BASE_rule,1,n2
16_7458_N2C-radius1,16,counting,BASE_rule,1,n2
16_7467_N2A-novelband1,16,nearest_dist,BASE_rule,0,n2
16_7467_N2B-ordinal1,16,nearest_class,BASE_rule,0,n2
16_7467_N2C-radius1,16,counting,BASE_rule,0,n2
16_7472_N2A-novelband1,16,nearest_dist,BASE_rule,0,n2
16_7472_N2B-ordinal1,16,nearest_class,BASE_rule,0,n2
16_7472_N2C-radius1,16,counting,BASE_rule,0,n2
16_7473_N2A-novelband1,16,nearest_dist,BASE_rule,0,n2
16_7473_N2B-ordinal1,16,nearest_class,BASE_rule,1,n2
16_7473_N2C-radius1,16,counting,BASE_rule,1,n2
16_7477_N2A-novelband1,16,nearest_dist,BASE_rule,1,n2
16_7477_N2B-ordinal1,16,nearest_class,BASE_rule,1,n2
16_7477_N2C-radius1,16,counting,BASE_rule,0,n2
16_7481_N2A-novelband1,16,nearest_dist,BASE_rule,0,n2
16_7481_N2B-ordinal1,16,nearest_class,BASE_rule,1,n2
16_7481_N2C-radius1,16,counting,BASE_rule,0,n2
16_7482_N2A-novelband1,16,nearest_dist,BASE_rule,0,n2
16_7482_N2B-ordinal1,16,nearest_class,BASE_rule,0,n2
16_7482_N2C-radius1,16,counting,BASE_rule,0,n2
16_7492_N2A-novelband1,16,nearest_dist,BASE_rule,0,n2
16_7492_N2B-ordinal1,16,nearest_class,BASE_rule,0,n2
16_7492_N2C-radius1,16,counting,BASE_rule,0,n2
16_7494_N2A-novelband1,16,nearest_dist,BASE_rule,0,n2
16_7494_N2B-ordinal1,16,nearest_class,BASE_rule,0,n2
16_7494_N2C-radius1,16,counting,BASE_rule,1,n2
16_8699_N2A-novelband1,16,nearest_dist,BASE_rule,0,n2
16_8699_N2B-ordinal1,16,nearest_class,BASE_rule,0,n2
16_8699_N2C-radius1,16,counting,BASE_rule,0,n2
16_8705_N2A-novelband1,16,nearest_dist,BASE_rule,0,n2
16_8705_N2B-ordinal1,16,nearest_class,BASE_rule,1,n2
16_8705_N2C-radius1,16,counting,BASE_rule,0,n2
16_8708_N2A-novelband1,16,nearest_dist,BASE_rule,0,n2
16_8708_N2B-ordinal1,16,nearest_class,BASE_rule,0,n2
16_8708_N2C-radius1,16,counting,BASE_rule,1,n2
16_8710_N2A-novelband1,16,nearest_dist,BASE_rule,1,n2
16_8710_N2B-ordinal1,16,nearest_class,BASE_rule,0,n2
16_8710_N2C-radius1,16,counting,BASE_rule,1,n2
16_8766_N2A-novelband1,16,nearest_dist,BASE_rule,0,n2
16_8766_N2B-ordinal1,16,nearest_class,BASE_rule,0,n2
16_8766_N2C-radius1,16,counting,BASE_rule,0,n2
16_8767_N2A-novelband1,16,nearest_dist,BASE_rule,0,n2
16_8767_N2B-ordinal1,16,nearest_class,BASE_rule,0,n2
16_8767_N2C-radius1,16,counting,BASE_rule,0,n2
16_8769_N2A-novelband1,16,nearest_dist,BASE_rule,0,n2
16_8769_N2B-ordinal1,16,nearest_class,BASE_rule,0,n2
16_8769_N2C-radius1,16,counting,BASE_rule,0,n2
16_8775_N2A-novelband1,16,nearest_dist,BASE_rule,0,n2
16_8775_N2B-ordinal1,16,nearest_class,BASE_rule,0,n2
16_8775_N2C-radius1,16,counting,BASE_rule,0,n2
16_8781_N2A-novelband1,16,nearest_dist,BASE_rule,0,n2
16_8781_N2B-ordinal1,16,nearest_class,BASE_rule,1,n2
16_8781_N2C-radius1,16,counting,BASE_rule,1,n2
16_8787_N2A-novelband1,16,nearest_dist,BASE_rule,0,n2
16_8787_N2B-ordinal1,16,nearest_class,BASE_rule,0,n2
16_8787_N2C-radius1,16,counting,BASE_rule,0,n2
16_8825_N2A-novelband1,16,nearest_dist,BASE_rule,0,n2
16_8825_N2B-ordinal1,16,nearest_class,BASE_rule,0,n2
16_8825_N2C-radius1,16,counting,BASE_rule,0,n2
16_8828_N2A-novelband1,16,nearest_dist,BASE_rule,0,n2
16_8828_N2B-ordinal1,16,nearest_class,BASE_rule,0,n2
16_8828_N2C-radius1,16,counting,BASE_rule,0,n2
16_8955_N2A-novelband1,16,nearest_dist,BASE_rule,1,n2
16_8955_N2B-ordinal1,16,nearest_class,BASE_rule,0,n2
16_8955_N2C-radius1,16,counting,BASE_rule,0,n2
16_9027_N2A-novelband1,16,nearest_dist,BASE_rule,1,n2
16_9027_N2B-ordinal1,16,nearest_class,BASE_rule,1,n2
16_9027_N2C-radius1,16,counting,BASE_rule,0,n2
16_9034_N2A-novelband1,16,nearest_dist,BASE_rule,0,n2
16_9034_N2B-ordinal1,16,nearest_class,BASE_rule,0,n2
16_9034_N2C-radius1,16,counting,BASE_rule,1,n2
16_9035_N2A-novelband1,16,nearest_dist,BASE_rule,1,n2
16_9035_N2B-ordinal1,16,nearest_class,BASE_rule,0,n2
16_9035_N2C-radius1,16,counting,BASE_rule,1,n2
16_9038_N2A-novelband1,16,nearest_dist,BASE_rule,0,n2
16_9038_N2B-ordinal1,16,nearest_class,BASE_rule,0,n2
16_9038_N2C-radius1,16,counting,BASE_rule,0,n2
16_9041_N2A-novelband1,16,nearest_dist,BASE_rule,0,n2
16_9041_N2B-ordinal1,16,nearest_class,BASE_rule,1,n2
16_9041_N2C-radius1,16,counting,BASE_rule,1,n2
16_9051_N2A-novelband1,16,nearest_dist,BASE_rule,0,n2
16_9051_N2B-ordinal1,16,nearest_class,BASE_rule,0,n2
16_9051_N2C-radius1,16,counting,BASE_rule,1,n2
16_9127_N2A-novelband1,16,nearest_dist,BASE_rule,1,n2
16_9127_N2B-ordinal1,16,nearest_class,BASE_rule,0,n2
16_9127_N2C-radius1,16,counting,BASE_rule,1,n2
16_9130_N2A-novelband1,16,nearest_dist,BASE_rule,0,n2
16_9130_N2B-ordinal1,16,nearest_class,BASE_rule,0,n2
16_9130_N2C-radius1,16,counting,BASE_rule,0,n2
16_9135_N2A-novelband1,16,nearest_dist,BASE_rule,0,n2
16_9135_N2B-ordinal1,16,nearest_class,BASE_rule,0,n2
16_9135_N2C-radius1,16,counting,BASE_rule,0,n2
16_9138_N2A-novelband1,16,nearest_dist,BASE_rule,0,n2
16_9138_N2B-ordinal1,16,nearest_class,BASE_rule,0,n2
16_9138_N2C-radius1,16,counting,BASE_rule,0,n2
16_9229_N2A-novelband1,16,nearest_dist,BASE_rule,0,n2
16_9229_N2B-ordinal1,16,nearest_class,BASE_rule,0,n2
16_9229_N2C-radius1,16,counting,BASE_rule,1,n2
17_10197_N2A-novelband1,17,nearest_dist,BASE_rule,0,n2
17_10197_N2B-ordinal1,17,nearest_class,BASE_rule,1,n2
17_10197_N2C-radius1,17,counting,BASE_rule,0,n2
17_10199_N2A-novelband1,17,nearest_dist,BASE_rule,0,n2
17_10199_N2B-ordinal1,17,nearest_class,BASE_rule,1,n2
17_10199_N2C-radius1,17,counting,BASE_rule,0,n2
17_10201_N2A-novelband1,17,nearest_dist,BASE_rule,0,n2
17_10201_N2B-ordinal1,17,nearest_class,BASE_rule,0,n2
17_10201_N2C-radius1,17,counting,BASE_rule,1,n2
17_10930_N2A-novelband1,17,nearest_dist,BASE_rule,1,n2
17_10930_N2B-ordinal1,17,nearest_class,BASE_rule,1,n2
17_10930_N2C-radius1,17,counting,BASE_rule,1,n2
17_10931_N2A-novelband1,17,nearest_dist,BASE_rule,0,n2
17_10931_N2B-ordinal1,17,nearest_class,BASE_rule,1,n2
17_10931_N2C-radius1,17,counting,BASE_rule,1,n2
17_10934_N2A-novelband1,17,nearest_dist,BASE_rule,0,n2
17_10934_N2B-ordinal1,17,nearest_class,BASE_rule,0,n2
17_10934_N2C-radius1,17,counting,BASE_rule,1,n2
17_10935_N2A-novelband1,17,nearest_dist,BASE_rule,0,n2
17_10935_N2B-ordinal1,17,nearest_class,BASE_rule,0,n2
17_10935_N2C-radius1,17,counting,BASE_rule,1,n2
17_10940_N2A-novelband1,17,nearest_dist,BASE_rule,1,n2
17_10940_N2B-ordinal1,17,nearest_class,BASE_rule,0,n2
17_10940_N2C-radius1,17,counting,BASE_rule,1,n2
17_10943_N2A-novelband1,17,nearest_dist,BASE_rule,1,n2
17_10943_N2B-ordinal1,17,nearest_class,BASE_rule,1,n2
17_10943_N2C-radius1,17,counting,BASE_rule,1,n2
17_10951_N2A-novelband1,17,nearest_dist,BASE_rule,0,n2
17_10951_N2B-ordinal1,17,nearest_class,BASE_rule,0,n2
17_10951_N2C-radius1,17,counting,BASE_rule,0,n2
17_10955_N2A-novelband1,17,nearest_dist,BASE_rule,0,n2
17_10955_N2B-ordinal1,17,nearest_class,BASE_rule,0,n2
17_10955_N2C-radius1,17,counting,BASE_rule,0,n2
17_10961_N2A-novelband1,17,nearest_dist,BASE_rule,0,n2
17_10961_N2B-ordinal1,17,nearest_class,BASE_rule,0,n2
17_10961_N2C-radius1,17,counting,BASE_rule,1,n2
17_10962_N2A-novelband1,17,nearest_dist,BASE_rule,1,n2
17_10962_N2B-ordinal1,17,nearest_class,BASE_rule,0,n2
17_10962_N2C-radius1,17,counting,BASE_rule,0,n2
17_10967_N2A-novelband1,17,nearest_dist,BASE_rule,1,n2
17_10967_N2B-ordinal1,17,nearest_class,BASE_rule,0,n2
17_10967_N2C-radius1,17,counting,BASE_rule,1,n2
17_11006_N2A-novelband1,17,nearest_dist,BASE_rule,0,n2
17_11006_N2B-ordinal1,17,nearest_class,BASE_rule,0,n2
17_11006_N2C-radius1,17,counting,BASE_rule,1,n2
17_2050_N2A-novelband1,17,nearest_dist,BASE_rule,1,n2
17_2050_N2B-ordinal1,17,nearest_class,BASE_rule,1,n2
17_2050_N2C-radius1,17,counting,BASE_rule,1,n2
17_2051_N2A-novelband1,17,nearest_dist,BASE_rule,0,n2
17_2051_N2B-ordinal1,17,nearest_class,BASE_rule,0,n2
17_2051_N2C-radius1,17,counting,BASE_rule,0,n2
17_2064_N2A-novelband1,17,nearest_dist,BASE_rule,1,n2
17_2064_N2B-ordinal1,17,nearest_class,BASE_rule,1,n2
17_2064_N2C-radius1,17,counting,BASE_rule,0,n2
17_2098_N2A-novelband1,17,nearest_dist,BASE_rule,0,n2
17_2098_N2B-ordinal1,17,nearest_class,BASE_rule,0,n2
17_2098_N2C-radius1,17,counting,BASE_rule,0,n2
17_2104_N2A-novelband1,17,nearest_dist,BASE_rule,0,n2
17_2104_N2B-ordinal1,17,nearest_class,BASE_rule,0,n2
17_2104_N2C-radius1,17,counting,BASE_rule,1,n2
17_2120_N2A-novelband1,17,nearest_dist,BASE_rule,0,n2
17_2120_N2B-ordinal1,17,nearest_class,BASE_rule,1,n2
17_2120_N2C-radius1,17,counting,BASE_rule,1,n2
17_2122_N2A-novelband1,17,nearest_dist,BASE_rule,0,n2
17_2122_N2B-ordinal1,17,nearest_class,BASE_rule,0,n2
17_2122_N2C-radius1,17,counting,BASE_rule,1,n2
17_2173_N2A-novelband1,17,nearest_dist,BASE_rule,0,n2
17_2173_N2B-ordinal1,17,nearest_class,BASE_rule,0,n2
17_2173_N2C-radius1,17,counting,BASE_rule,1,n2
17_6027_N2A-novelband1,17,nearest_dist,BASE_rule,0,n2
17_6027_N2B-ordinal1,17,nearest_class,BASE_rule,0,n2
17_6027_N2C-radius1,17,counting,BASE_rule,0,n2
17_6183_N2A-novelband1,17,nearest_dist,BASE_rule,1,n2
17_6183_N2B-ordinal1,17,nearest_class,BASE_rule,0,n2
17_6183_N2C-radius1,17,counting,BASE_rule,1,n2
17_6187_N2A-novelband1,17,nearest_dist,BASE_rule,0,n2
17_6187_N2B-ordinal1,17,nearest_class,BASE_rule,0,n2
17_6187_N2C-radius1,17,counting,BASE_rule,0,n2
17_6192_N2A-novelband1,17,nearest_dist,BASE_rule,0,n2
17_6192_N2B-ordinal1,17,nearest_class,BASE_rule,1,n2
17_6192_N2C-radius1,17,counting,BASE_rule,1,n2
17_6194_N2A-novelband1,17,nearest_dist,BASE_rule,1,n2
17_6194_N2B-ordinal1,17,nearest_class,BASE_rule,1,n2
17_6194_N2C-radius1,17,counting,BASE_rule,1,n2
17_6197_N2A-novelband1,17,nearest_dist,BASE_rule,0,n2
17_6197_N2B-ordinal1,17,nearest_class,BASE_rule,1,n2
17_6197_N2C-radius1,17,counting,BASE_rule,0,n2
17_6198_N2A-novelband1,17,nearest_dist,BASE_rule,0,n2
17_6198_N2B-ordinal1,17,nearest_class,BASE_rule,1,n2
17_6198_N2C-radius1,17,counting,BASE_rule,1,n2
17_6201_N2A-novelband1,17,nearest_dist,BASE_rule,0,n2
17_6201_N2B-ordinal1,17,nearest_class,BASE_rule,0,n2
17_6201_N2C-radius1,17,counting,BASE_rule,0,n2
17_6203_N2A-novelband1,17,nearest_dist,BASE_rule,1,n2
17_6203_N2B-ordinal1,17,nearest_class,BASE_rule,0,n2
17_6203_N2C-radius1,17,counting,BASE_rule,0,n2
17_6207_N2A-novelband1,17,nearest_dist,BASE_rule,0,n2
17_6207_N2B-ordinal1,17,nearest_class,BASE_rule,0,n2
17_6207_N2C-radius1,17,counting,BASE_rule,1,n2
17_6208_N2A-novelband1,17,nearest_dist,BASE_rule,1,n2
17_6208_N2B-ordinal1,17,nearest_class,BASE_rule,0,n2
17_6208_N2C-radius1,17,counting,BASE_rule,1,n2
17_6209_N2A-novelband1,17,nearest_dist,BASE_rule,1,n2
17_6209_N2B-ordinal1,17,nearest_class,BASE_rule,1,n2
17_6209_N2C-radius1,17,counting,BASE_rule,1,n2
17_6210_N2A-novelband1,17,nearest_dist,BASE_rule,0,n2
17_6210_N2B-ordinal1,17,nearest_class,BASE_rule,0,n2
17_6210_N2C-radius1,17,counting,BASE_rule,1,n2
17_6216_N2A-novelband1,17,nearest_dist,BASE_rule,1,n2
17_6216_N2B-ordinal1,17,nearest_class,BASE_rule,0,n2
17_6216_N2C-radius1,17,counting,BASE_rule,0,n2
17_6336_N2A-novelband1,17,nearest_dist,BASE_rule,0,n2
17_6336_N2B-ordinal1,17,nearest_class,BASE_rule,0,n2
17_6336_N2C-radius1,17,counting,BASE_rule,0,n2
17_6337_N2A-novelband1,17,nearest_dist,BASE_rule,1,n2
17_6337_N2B-ordinal1,17,nearest_class,BASE_rule,0,n2
17_6337_N2C-radius1,17,counting,BASE_rule,0,n2
17_6341_N2A-novelband1,17,nearest_dist,BASE_rule,0,n2
17_6341_N2B-ordinal1,17,nearest_class,BASE_rule,0,n2
17_6341_N2C-radius1,17,counting,BASE_rule,0,n2
17_7781_N2A-novelband1,17,nearest_dist,BASE_rule,0,n2
17_7781_N2B-ordinal1,17,nearest_class,BASE_rule,0,n2
17_7781_N2C-radius1,17,counting,BASE_rule,0,n2
17_7786_N2A-novelband1,17,nearest_dist,BASE_rule,0,n2
17_7786_N2B-ordinal1,17,nearest_class,BASE_rule,1,n2
17_7786_N2C-radius1,17,counting,BASE_rule,1,n2
17_7793_N2A-novelband1,17,nearest_dist,BASE_rule,1,n2
17_7793_N2B-ordinal1,17,nearest_class,BASE_rule,0,n2
17_7793_N2C-radius1,17,counting,BASE_rule,1,n2
17_7800_N2A-novelband1,17,nearest_dist,BASE_rule,0,n2
17_7800_N2B-ordinal1,17,nearest_class,BASE_rule,0,n2
17_7800_N2C-radius1,17,counting,BASE_rule,0,n2
17_7807_N2A-novelband1,17,nearest_dist,BASE_rule,1,n2
17_7807_N2B-ordinal1,17,nearest_class,BASE_rule,0,n2
17_7807_N2C-radius1,17,counting,BASE_rule,0,n2
17_8272_N2A-novelband1,17,nearest_dist,BASE_rule,1,n2
17_8272_N2B-ordinal1,17,nearest_class,BASE_rule,0,n2
17_8272_N2C-radius1,17,counting,BASE_rule,1,n2
17_8275_N2A-novelband1,17,nearest_dist,BASE_rule,1,n2
17_8275_N2B-ordinal1,17,nearest_class,BASE_rule,0,n2
17_8275_N2C-radius1,17,counting,BASE_rule,0,n2
17_8276_N2A-novelband1,17,nearest_dist,BASE_rule,0,n2
17_8276_N2B-ordinal1,17,nearest_class,BASE_rule,0,n2
17_8276_N2C-radius1,17,counting,BASE_rule,0,n2
17_9866_N2A-novelband1,17,nearest_dist,BASE_rule,1,n2
17_9866_N2B-ordinal1,17,nearest_class,BASE_rule,1,n2
17_9866_N2C-radius1,17,counting,BASE_rule,0,n2
17_9874_N2A-novelband1,17,nearest_dist,BASE_rule,0,n2
17_9874_N2B-ordinal1,17,nearest_class,BASE_rule,0,n2
17_9874_N2C-radius1,17,counting,BASE_rule,0,n2
17_9875_N2A-novelband1,17,nearest_dist,BASE_rule,1,n2
17_9875_N2B-ordinal1,17,nearest_class,BASE_rule,0,n2
17_9875_N2C-radius1,17,counting,BASE_rule,0,n2
17_9876_N2A-novelband1,17,nearest_dist,BASE_rule,0,n2
17_9876_N2B-ordinal1,17,nearest_class,BASE_rule,0,n2
17_9876_N2C-radius1,17,counting,BASE_rule,1,n2
18_1654_N2A-novelband1,18,nearest_dist,BASE_rule,0,n2
18_1654_N2B-ordinal1,18,nearest_class,BASE_rule,0,n2
18_1654_N2C-radius1,18,counting,BASE_rule,0,n2
18_1657_N2A-novelband1,18,nearest_dist,BASE_rule,1,n2
18_1657_N2B-ordinal1,18,nearest_class,BASE_rule,0,n2
18_1657_N2C-radius1,18,counting,BASE_rule,1,n2
18_1660_N2A-novelband1,18,nearest_dist,BASE_rule,1,n2
18_1660_N2B-ordinal1,18,nearest_class,BASE_rule,1,n2
18_1660_N2C-radius1,18,counting,BASE_rule,0,n2
18_1663_N2A-novelband1,18,nearest_dist,BASE_rule,0,n2
18_1663_N2B-ordinal1,18,nearest_class,BASE_rule,0,n2
18_1663_N2C-radius1,18,counting,BASE_rule,0,n2
18_1705_N2A-novelband1,18,nearest_dist,BASE_rule,0,n2
18_1705_N2B-ordinal1,18,nearest_class,BASE_rule,1,n2
18_1705_N2C-radius1,18,counting,BASE_rule,1,n2
18_1711_N2A-novelband1,18,nearest_dist,BASE_rule,0,n2
18_1711_N2B-ordinal1,18,nearest_class,BASE_rule,0,n2
18_1711_N2C-radius1,18,counting,BASE_rule,0,n2
18_1716_N2A-novelband1,18,nearest_dist,BASE_rule,0,n2
18_1716_N2B-ordinal1,18,nearest_class,BASE_rule,0,n2
18_1716_N2C-radius1,18,counting,BASE_rule,0,n2
18_1722_N2A-novelband1,18,nearest_dist,BASE_rule,0,n2
18_1722_N2B-ordinal1,18,nearest_class,BASE_rule,1,n2
18_1722_N2C-radius1,18,counting,BASE_rule,0,n2
18_6581_N2A-novelband1,18,nearest_dist,BASE_rule,0,n2
18_6581_N2B-ordinal1,18,nearest_class,BASE_rule,0,n2
18_6581_N2C-radius1,18,counting,BASE_rule,0,n2
18_6634_N2A-novelband1,18,nearest_dist,BASE_rule,0,n2
18_6634_N2B-ordinal1,18,nearest_class,BASE_rule,0,n2
18_6634_N2C-radius1,18,counting,BASE_rule,1,n2
18_6648_N2A-novelband1,18,nearest_dist,BASE_rule,1,n2
18_6648_N2B-ordinal1,18,nearest_class,BASE_rule,0,n2
18_6648_N2C-radius1,18,counting,BASE_rule,0,n2
18_6652_N2A-novelband1,18,nearest_dist,BASE_rule,1,n2
18_6652_N2B-ordinal1,18,nearest_class,BASE_rule,1,n2
18_6652_N2C-radius1,18,counting,BASE_rule,0,n2
18_6653_N2A-novelband1,18,nearest_dist,BASE_rule,1,n2
18_6653_N2B-ordinal1,18,nearest_class,BASE_rule,0,n2
18_6653_N2C-radius1,18,counting,BASE_rule,1,n2
19_2757_N2A-novelband1,19,nearest_dist,BASE_rule,0,n2
19_2757_N2B-ordinal1,19,nearest_class,BASE_rule,1,n2
19_2757_N2C-radius1,19,counting,BASE_rule,0,n2
19_2759_N2A-novelband1,19,nearest_dist,BASE_rule,1,n2
19_2759_N2B-ordinal1,19,nearest_class,BASE_rule,0,n2
19_2759_N2C-radius1,19,counting,BASE_rule,0,n2
19_2768_N2A-novelband1,19,nearest_dist,BASE_rule,0,n2
19_2768_N2B-ordinal1,19,nearest_class,BASE_rule,1,n2
19_2768_N2C-radius1,19,counting,BASE_rule,0,n2
19_2770_N2A-novelband1,19,nearest_dist,BASE_rule,1,n2
19_2770_N2B-ordinal1,19,nearest_class,BASE_rule,1,n2
19_2770_N2C-radius1,19,counting,BASE_rule,0,n2
19_2775_N2A-novelband1,19,nearest_dist,BASE_rule,0,n2
19_2775_N2B-ordinal1,19,nearest_class,BASE_rule,0,n2
19_2775_N2C-radius1,19,counting,BASE_rule,0,n2
19_2786_N2A-novelband1,19,nearest_dist,BASE_rule,0,n2
19_2786_N2B-ordinal1,19,nearest_class,BASE_rule,0,n2
19_2786_N2C-radius1,19,counting,BASE_rule,1,n2
19_2795_N2A-novelband1,19,nearest_dist,BASE_rule,0,n2
19_2795_N2B-ordinal1,19,nearest_class,BASE_rule,0,n2
19_2795_N2C-radius1,19,counting,BASE_rule,1,n2
19_2799_N2A-novelband1,19,nearest_dist,BASE_rule,1,n2
19_2799_N2B-ordinal1,19,nearest_class,BASE_rule,0,n2
19_2799_N2C-radius1,19,counting,BASE_rule,0,n2
19_2800_N2A-novelband1,19,nearest_dist,BASE_rule,0,n2
19_2800_N2B-ordinal1,19,nearest_class,BASE_rule,1,n2
19_2800_N2C-radius1,19,counting,BASE_rule,1,n2
19_2801_N2A-novelband1,19,nearest_dist,BASE_rule,0,n2
19_2801_N2B-ordinal1,19,nearest_class,BASE_rule,1,n2
19_2801_N2C-radius1,19,counting,BASE_rule,0,n2
19_2806_N2A-novelband1,19,nearest_dist,BASE_rule,0,n2
19_2806_N2B-ordinal1,19,nearest_class,BASE_rule,0,n2
19_2806_N2C-radius1,19,counting,BASE_rule,0,n2
19_2814_N2A-novelband1,19,nearest_dist,BASE_rule,1,n2
19_2814_N2B-ordinal1,19,nearest_class,BASE_rule,0,n2
19_2814_N2C-radius1,19,counting,BASE_rule,0,n2
19_2816_N2A-novelband1,19,nearest_dist,BASE_rule,1,n2
19_2816_N2B-ordinal1,19,nearest_class,BASE_rule,1,n2
19_2816_N2C-radius1,19,counting,BASE_rule,1,n2
19_2820_N2A-novelband1,19,nearest_dist,BASE_rule,0,n2
19_2820_N2B-ordinal1,19,nearest_class,BASE_rule,0,n2
19_2820_N2C-radius1,19,counting,BASE_rule,0,n2
19_2824_N2A-novelband1,19,nearest_dist,BASE_rule,1,n2
19_2824_N2B-ordinal1,19,nearest_class,BASE_rule,0,n2
19_2824_N2C-radius1,19,counting,BASE_rule,0,n2
19_2892_N2A-novelband1,19,nearest_dist,BASE_rule,0,n2
19_2892_N2B-ordinal1,19,nearest_class,BASE_rule,0,n2
19_2892_N2C-radius1,19,counting,BASE_rule,1,n2
1_1851_N2A-novelband1,1,nearest_dist,BASE_rule,0,n2
1_1851_N2B-ordinal1,1,nearest_class,BASE_rule,0,n2
1_1851_N2C-radius1,1,counting,BASE_rule,0,n2
1_1852_N2A-novelband1,1,nearest_dist,BASE_rule,0,n2
1_1852_N2B-ordinal1,1,nearest_class,BASE_rule,1,n2
1_1852_N2C-radius1,1,counting,BASE_rule,0,n2
1_1857_N2A-novelband1,1,nearest_dist,BASE_rule,0,n2
1_1857_N2B-ordinal1,1,nearest_class,BASE_rule,1,n2
1_1857_N2C-radius1,1,counting,BASE_rule,0,n2
1_1858_N2A-novelband1,1,nearest_dist,BASE_rule,0,n2
1_1858_N2B-ordinal1,1,nearest_class,BASE_rule,1,n2
1_1858_N2C-radius1,1,counting,BASE_rule,0,n2
1_1864_N2A-novelband1,1,nearest_dist,BASE_rule,1,n2
1_1864_N2B-ordinal1,1,nearest_class,BASE_rule,1,n2
1_1864_N2C-radius1,1,counting,BASE_rule,0,n2
1_1908_N2A-novelband1,1,nearest_dist,BASE_rule,0,n2
1_1908_N2B-ordinal1,1,nearest_class,BASE_rule,0,n2
1_1908_N2C-radius1,1,counting,BASE_rule,1,n2
1_1915_N2A-novelband1,1,nearest_dist,BASE_rule,0,n2
1_1915_N2B-ordinal1,1,nearest_class,BASE_rule,0,n2
1_1915_N2C-radius1,1,counting,BASE_rule,0,n2
1_2006_N2A-novelband1,1,nearest_dist,BASE_rule,1,n2
1_2006_N2B-ordinal1,1,nearest_class,BASE_rule,0,n2
1_2006_N2C-radius1,1,counting,BASE_rule,0,n2
1_2045_N2A-novelband1,1,nearest_dist,BASE_rule,1,n2
1_2045_N2B-ordinal1,1,nearest_class,BASE_rule,1,n2
1_2045_N2C-radius1,1,counting,BASE_rule,1,n2
1_2078_N2A-novelband1,1,nearest_dist,BASE_rule,0,n2
1_2078_N2B-ordinal1,1,nearest_class,BASE_rule,0,n2
1_2078_N2C-radius1,1,counting,BASE_rule,0,n2
1_2081_N2A-novelband1,1,nearest_dist,BASE_rule,0,n2
1_2081_N2B-ordinal1,1,nearest_class,BASE_rule,0,n2
1_2081_N2C-radius1,1,counting,BASE_rule,0,n2
1_2083_N2A-novelband1,1,nearest_dist,BASE_rule,0,n2
1_2083_N2B-ordinal1,1,nearest_class,BASE_rule,1,n2
1_2083_N2C-radius1,1,counting,BASE_rule,0,n2
1_2085_N2A-novelband1,1,nearest_dist,BASE_rule,1,n2
1_2085_N2B-ordinal1,1,nearest_class,BASE_rule,0,n2
1_2085_N2C-radius1,1,counting,BASE_rule,0,n2
1_2088_N2A-novelband1,1,nearest_dist,BASE_rule,1,n2
1_2088_N2B-ordinal1,1,nearest_class,BASE_rule,0,n2
1_2088_N2C-radius1,1,counting,BASE_rule,0,n2
1_2092_N2A-novelband1,1,nearest_dist,BASE_rule,1,n2
1_2092_N2B-ordinal1,1,nearest_class,BASE_rule,1,n2
1_2092_N2C-radius1,1,counting,BASE_rule,0,n2
1_2093_N2A-novelband1,1,nearest_dist,BASE_rule,1,n2
1_2093_N2B-ordinal1,1,nearest_class,BASE_rule,0,n2
1_2093_N2C-radius1,1,counting,BASE_rule,0,n2
1_2099_N2A-novelband1,1,nearest_dist,BASE_rule,1,n2
1_2099_N2B-ordinal1,1,nearest_class,BASE_rule,1,n2
1_2099_N2C-radius1,1,counting,BASE_rule,1,n2
1_2105_N2A-novelband1,1,nearest_dist,BASE_rule,1,n2
1_2105_N2B-ordinal1,1,nearest_class,BASE_rule,0,n2
1_2105_N2C-radius1,1,counting,BASE_rule,0,n2
1_2106_N2A-novelband1,1,nearest_dist,BASE_rule,1,n2
1_2106_N2B-ordinal1,1,nearest_class,BASE_rule,0,n2
1_2106_N2C-radius1,1,counting,BASE_rule,1,n2
1_2109_N2A-novelband1,1,nearest_dist,BASE_rule,0,n2
1_2109_N2B-ordinal1,1,nearest_class,BASE_rule,0,n2
1_2109_N2C-radius1,1,counting,BASE_rule,0,n2
1_2111_N2A-novelband1,1,nearest_dist,BASE_rule,0,n2
1_2111_N2B-ordinal1,1,nearest_class,BASE_rule,0,n2
1_2111_N2C-radius1,1,counting,BASE_rule,0,n2
1_2157_N2A-novelband1,1,nearest_dist,BASE_rule,1,n2
1_2157_N2B-ordinal1,1,nearest_class,BASE_rule,0,n2
1_2157_N2C-radius1,1,counting,BASE_rule,1,n2
1_2161_N2A-novelband1,1,nearest_dist,BASE_rule,0,n2
1_2161_N2B-ordinal1,1,nearest_class,BASE_rule,0,n2
1_2161_N2C-radius1,1,counting,BASE_rule,1,n2
1_2166_N2A-novelband1,1,nearest_dist,BASE_rule,0,n2
1_2166_N2B-ordinal1,1,nearest_class,BASE_rule,0,n2
1_2166_N2C-radius1,1,counting,BASE_rule,0,n2
1_2232_N2A-novelband1,1,nearest_dist,BASE_rule,0,n2
1_2232_N2B-ordinal1,1,nearest_class,BASE_rule,0,n2
1_2232_N2C-radius1,1,counting,BASE_rule,1,n2
1_2234_N2A-novelband1,1,nearest_dist,BASE_rule,1,n2
1_2234_N2B-ordinal1,1,nearest_class,BASE_rule,0,n2
1_2234_N2C-radius1,1,counting,BASE_rule,1,n2
1_2236_N2A-novelband1,1,nearest_dist,BASE_rule,1,n2
1_2236_N2B-ordinal1,1,nearest_class,BASE_rule,0,n2
1_2236_N2C-radius1,1,counting,BASE_rule,1,n2
1_2237_N2A-novelband1,1,nearest_dist,BASE_rule,0,n2
1_2237_N2B-ordinal1,1,nearest_class,BASE_rule,0,n2
1_2237_N2C-radius1,1,counting,BASE_rule,0,n2
1_2238_N2A-novelband1,1,nearest_dist,BASE_rule,1,n2
1_2238_N2B-ordinal1,1,nearest_class,BASE_rule,0,n2
1_2238_N2C-radius1,1,counting,BASE_rule,1,n2
1_2244_N2A-novelband1,1,nearest_dist,BASE_rule,1,n2
1_2244_N2B-ordinal1,1,nearest_class,BASE_rule,0,n2
1_2244_N2C-radius1,1,counting,BASE_rule,0,n2
1_2245_N2A-novelband1,1,nearest_dist,BASE_rule,1,n2
1_2245_N2B-ordinal1,1,nearest_class,BASE_rule,1,n2
1_2245_N2C-radius1,1,counting,BASE_rule,1,n2
1_2937_N2A-novelband1,1,nearest_dist,BASE_rule,1,n2
1_2937_N2B-ordinal1,1,nearest_class,BASE_rule,0,n2
1_2937_N2C-radius1,1,counting,BASE_rule,0,n2
1_2939_N2A-novelband1,1,nearest_dist,BASE_rule,1,n2
1_2939_N2B-ordinal1,1,nearest_class,BASE_rule,0,n2
1_2939_N2C-radius1,1,counting,BASE_rule,0,n2
1_2952_N2A-novelband1,1,nearest_dist,BASE_rule,0,n2
1_2952_N2B-ordinal1,1,nearest_class,BASE_rule,0,n2
1_2952_N2C-radius1,1,counting,BASE_rule,1,n2
1_2955_N2A-novelband1,1,nearest_dist,BASE_rule,0,n2
1_2955_N2B-ordinal1,1,nearest_class,BASE_rule,0,n2
1_2955_N2C-radius1,1,counting,BASE_rule,0,n2
1_2968_N2A-novelband1,1,nearest_dist,BASE_rule,1,n2
1_2968_N2B-ordinal1,1,nearest_class,BASE_rule,0,n2
1_2968_N2C-radius1,1,counting,BASE_rule,1,n2
1_2983_N2A-novelband1,1,nearest_dist,BASE_rule,1,n2
1_2983_N2B-ordinal1,1,nearest_class,BASE_rule,1,n2
1_2983_N2C-radius1,1,counting,BASE_rule,1,n2
1_2984_N2A-novelband1,1,nearest_dist,BASE_rule,1,n2
1_2984_N2B-ordinal1,1,nearest_class,BASE_rule,0,n2
1_2984_N2C-radius1,1,counting,BASE_rule,1,n2
1_3371_N2A-novelband1,1,nearest_dist,BASE_rule,0,n2
1_3371_N2B-ordinal1,1,nearest_class,BASE_rule,1,n2
1_3371_N2C-radius1,1,counting,BASE_rule,1,n2
20_10010_N2A-novelband1,20,nearest_dist,BASE_rule,1,n2
20_10010_N2B-ordinal1,20,nearest_class,BASE_rule,1,n2
20_10010_N2C-radius1,20,counting,BASE_rule,0,n2
20_10011_N2A-novelband1,20,nearest_dist,BASE_rule,0,n2
20_10011_N2B-ordinal1,20,nearest_class,BASE_rule,0,n2
20_10011_N2C-radius1,20,counting,BASE_rule,1,n2
20_10012_N2A-novelband1,20,nearest_dist,BASE_rule,0,n2
20_10012_N2B-ordinal1,20,nearest_class,BASE_rule,1,n2
20_10012_N2C-radius1,20,counting,BASE_rule,0,n2
20_10026_N2A-novelband1,20,nearest_dist,BASE_rule,0,n2
20_10026_N2B-ordinal1,20,nearest_class,BASE_rule,0,n2
20_10026_N2C-radius1,20,counting,BASE_rule,0,n2
20_10032_N2A-novelband1,20,nearest_dist,BASE_rule,1,n2
20_10032_N2B-ordinal1,20,nearest_class,BASE_rule,0,n2
20_10032_N2C-radius1,20,counting,BASE_rule,1,n2
20_10033_N2A-novelband1,20,nearest_dist,BASE_rule,0,n2
20_10033_N2B-ordinal1,20,nearest_class,BASE_rule,0,n2
20_10033_N2C-radius1,20,counting,BASE_rule,1,n2
20_10034_N2A-novelband1,20,nearest_dist,BASE_rule,0,n2
20_10034_N2B-ordinal1,20,nearest_class,BASE_rule,0,n2
20_10034_N2C-radius1,20,counting,BASE_rule,0,n2
20_10117_N2A-novelband1,20,nearest_dist,BASE_rule,1,n2
20_10117_N2B-ordinal1,20,nearest_class,BASE_rule,0,n2
20_10117_N2C-radius1,20,counting,BASE_rule,1,n2
20_10118_N2A-novelband1,20,nearest_dist,BASE_rule,0,n2
20_10118_N2B-ordinal1,20,nearest_class,BASE_rule,1,n2
20_10118_N2C-radius1,20,counting,BASE_rule,1,n2
20_10193_N2A-novelband1,20,nearest_dist,BASE_rule,0,n2
20_10193_N2B-ordinal1,20,nearest_class,BASE_rule,0,n2
20_10193_N2C-radius1,20,counting,BASE_rule,1,n2
20_10203_N2A-novelband1,20,nearest_dist,BASE_rule,0,n2
20_10203_N2B-ordinal1,20,nearest_class,BASE_rule,0,n2
20_10203_N2C-radius1,20,counting,BASE_rule,1,n2
20_10212_N2A-novelband1,20,nearest_dist,BASE_rule,0,n2
20_10212_N2B-ordinal1,20,nearest_class,BASE_rule,0,n2
20_10212_N2C-radius1,20,counting,BASE_rule,0,n2
20_10325_N2A-novelband1,20,nearest_dist,BASE_rule,0,n2
20_10325_N2B-ordinal1,20,nearest_class,BASE_rule,0,n2
20_10325_N2C-radius1,20,counting,BASE_rule,1,n2
20_10328_N2A-novelband1,20,nearest_dist,BASE_rule,1,n2
20_10328_N2B-ordinal1,20,nearest_class,BASE_rule,0,n2
20_10328_N2C-radius1,20,counting,BASE_rule,1,n2
20_10333_N2A-novelband1,20,nearest_dist,BASE_rule,0,n2
20_10333_N2B-ordinal1,20,nearest_class,BASE_rule,0,n2
20_10333_N2C-radius1,20,counting,BASE_rule,1,n2
20_10334_N2A-novelband1,20,nearest_dist,BASE_rule,0,n2
20_10334_N2B-ordinal1,20,nearest_class,BASE_rule,1,n2
20_10334_N2C-radius1,20,counting,BASE_rule,1,n2
20_10335_N2A-novelband1,20,nearest_dist,BASE_rule,1,n2
20_10335_N2B-ordinal1,20,nearest_class,BASE_rule,0,n2
20_10335_N2C-radius1,20,counting,BASE_rule,0,n2
20_10340_N2A-novelband1,20,nearest_dist,BASE_rule,0,n2
20_10340_N2B-ordinal1,20,nearest_class,BASE_rule,0,n2
20_10340_N2C-radius1,20,counting,BASE_rule,0,n2
20_10378_N2A-novelband1,20,nearest_dist,BASE_rule,0,n2
20_10378_N2B-ordinal1,20,nearest_class,BASE_rule,1,n2
20_10378_N2C-radius1,20,counting,BASE_rule,1,n2
20_10380_N2A-novelband1,20,nearest_dist,BASE_rule,1,n2
20_10380_N2B-ordinal1,20,nearest_class,BASE_rule,0,n2
20_10380_N2C-radius1,20,counting,BASE_rule,1,n2
20_10386_N2A-novelband1,20,nearest_dist,BASE_rule,1,n2
20_10386_N2B-ordinal1,20,nearest_class,BASE_rule,1,n2
20_10386_N2C-radius1,20,counting,BASE_rule,1,n2
20_10387_N2A-novelband1,20,nearest_dist,BASE_rule,1,n2
20_10387_N2B-ordinal1,20,nearest_class,BASE_rule,0,n2
20_10387_N2C-radius1,20,counting,BASE_rule,1,n2
20_10388_N2A-novelband1,20,nearest_dist,BASE_rule,0,n2
20_10388_N2B-ordinal1,20,nearest_class,BASE_rule,0,n2
20_10388_N2C-radius1,20,counting,BASE_rule,0,n2
20_10393_N2A-novelband1,20,nearest_dist,BASE_rule,1,n2
20_10393_N2B-ordinal1,20,nearest_class,BASE_rule,0,n2
20_10393_N2C-radius1,20,counting,BASE_rule,0,n2
20_10394_N2A-novelband1,20,nearest_dist,BASE_rule,1,n2
20_10394_N2B-ordinal1,20,nearest_class,BASE_rule,1,n2
20_10394_N2C-radius1,20,counting,BASE_rule,0,n2
20_10396_N2A-novelband1,20,nearest_dist,BASE_rule,0,n2
20_10396_N2B-ordinal1,20,nearest_class,BASE_rule,0,n2
20_10396_N2C-radius1,20,counting,BASE_rule,0,n2
20_10397_N2A-novelband1,20,nearest_dist,BASE_rule,0,n2
20_10397_N2B-ordinal1,20,nearest_class,BASE_rule,0,n2
20_10397_N2C-radius1,20,counting,BASE_rule,0,n2
20_10399_N2A-novelband1,20,nearest_dist,BASE_rule,0,n2
20_10399_N2B-ordinal1,20,nearest_class,BASE_rule,1,n2
20_10399_N2C-radius1,20,counting,BASE_rule,0,n2
20_10409_N2A-novelband1,20,nearest_dist,BASE_rule,0,n2
20_10409_N2B-ordinal1,20,nearest_class,BASE_rule,0,n2
20_10409_N2C-radius1,20,counting,BASE_rule,0,n2
20_10414_N2A-novelband1,20,nearest_dist,BASE_rule,1,n2
20_10414_N2B-ordinal1,20,nearest_class,BASE_rule,0,n2
20_10414_N2C-radius1,20,counting,BASE_rule,0,n2
20_10415_N2A-novelband1,20,nearest_dist,BASE_rule,1,n2
20_10415_N2B-ordinal1,20,nearest_class,BASE_rule,1,n2
20_10415_N2C-radius1,20,counting,BASE_rule,0,n2
20_10425_N2A-novelband1,20,nearest_dist,BASE_rule,0,n2
20_10425_N2B-ordinal1,20,nearest_class,BASE_rule,0,n2
20_10425_N2C-radius1,20,counting,BASE_rule,0,n2
20_10426_N2A-novelband1,20,nearest_dist,BASE_rule,1,n2
20_10426_N2B-ordinal1,20,nearest_class,BASE_rule,0,n2
20_10426_N2C-radius1,20,counting,BASE_rule,0,n2
20_10427_N2A-novelband1,20,nearest_dist,BASE_rule,0,n2
20_10427_N2B-ordinal1,20,nearest_class,BASE_rule,1,n2
20_10427_N2C-radius1,20,counting,BASE_rule,0,n2
20_10428_N2A-novelband1,20,nearest_dist,BASE_rule,0,n2
20_10428_N2B-ordinal1,20,nearest_class,BASE_rule,1,n2
20_10428_N2C-radius1,20,counting,BASE_rule,0,n2
20_1076_N2A-novelband1,20,nearest_dist,BASE_rule,1,n2
20_1076_N2B-ordinal1,20,nearest_class,BASE_rule,0,n2
20_1076_N2C-radius1,20,counting,BASE_rule,0,n2
20_1077_N2A-novelband1,20,nearest_dist,BASE_rule,0,n2
20_1077_N2B-ordinal1,20,nearest_class,BASE_rule,0,n2
20_1077_N2C-radius1,20,counting,BASE_rule,0,n2
20_1078_N2A-novelband1,20,nearest_dist,BASE_rule,0,n2
20_1078_N2B-ordinal1,20,nearest_class,BASE_rule,1,n2
20_1078_N2C-radius1,20,counting,BASE_rule,0,n2
20_1137_N2A-novelband1,20,nearest_dist,BASE_rule,0,n2
20_1137_N2B-ordinal1,20,nearest_class,BASE_rule,0,n2
20_1137_N2C-radius1,20,counting,BASE_rule,0,n2
20_1140_N2A-novelband1,20,nearest_dist,BASE_rule,0,n2
20_1140_N2B-ordinal1,20,nearest_class,BASE_rule,0,n2
20_1140_N2C-radius1,20,counting,BASE_rule,0,n2
20_1144_N2A-novelband1,20,nearest_dist,BASE_rule,1,n2
20_1144_N2B-ordinal1,20,nearest_class,BASE_rule,1,n2
20_1144_N2C-radius1,20,counting,BASE_rule,0,n2
20_11920_N2A-novelband1,20,nearest_dist,BASE_rule,1,n2
20_11920_N2B-ordinal1,20,nearest_class,BASE_rule,1,n2
20_11920_N2C-radius1,20,counting,BASE_rule,0,n2
20_12092_N2A-novelband1,20,nearest_dist,BASE_rule,0,n2
20_12092_N2B-ordinal1,20,nearest_class,BASE_rule,0,n2
20_12092_N2C-radius1,20,counting,BASE_rule,0,n2
20_12095_N2A-novelband1,20,nearest_dist,BASE_rule,1,n2
20_12095_N2B-ordinal1,20,nearest_class,BASE_rule,1,n2
20_12095_N2C-radius1,20,counting,BASE_rule,0,n2
20_12099_N2A-novelband1,20,nearest_dist,BASE_rule,0,n2
20_12099_N2B-ordinal1,20,nearest_class,BASE_rule,1,n2
20_12099_N2C-radius1,20,counting,BASE_rule,0,n2
20_12100_N2A-novelband1,20,nearest_dist,BASE_rule,1,n2
20_12100_N2B-ordinal1,20,nearest_class,BASE_rule,0,n2
20_12100_N2C-radius1,20,counting,BASE_rule,0,n2
20_12104_N2A-novelband1,20,nearest_dist,BASE_rule,0,n2
20_12104_N2B-ordinal1,20,nearest_class,BASE_rule,1,n2
20_12104_N2C-radius1,20,counting,BASE_rule,0,n2
20_12106_N2A-novelband1,20,nearest_dist,BASE_rule,1,n2
20_12106_N2B-ordinal1,20,nearest_class,BASE_rule,1,n2
20_12106_N2C-radius1,20,counting,BASE_rule,0,n2
20_12108_N2A-novelband1,20,nearest_dist,BASE_rule,0,n2
20_12108_N2B-ordinal1,20,nearest_class,BASE_rule,0,n2
20_12108_N2C-radius1,20,counting,BASE_rule,0,n2
20_1219_N2A-novelband1,20,nearest_dist,BASE_rule,0,n2
20_1219_N2B-ordinal1,20,nearest_class,BASE_rule,0,n2
20_1219_N2C-radius1,20,counting,BASE_rule,1,n2
20_1222_N2A-novelband1,20,nearest_dist,BASE_rule,0,n2
20_1222_N2B-ordinal1,20,nearest_class,BASE_rule,0,n2
20_1222_N2C-radius1,20,counting,BASE_rule,0,n2
20_12638_N2A-novelband1,20,nearest_dist,BASE_rule,1,n2
20_12638_N2B-ordinal1,20,nearest_class,BASE_rule,0,n2
20_12638_N2C-radius1,20,counting,BASE_rule,0,n2
20_12643_N2A-novelband1,20,nearest_dist,BASE_rule,1,n2
20_12643_N2B-ordinal1,20,nearest_class,BASE_rule,0,n2
20_12643_N2C-radius1,20,counting,BASE_rule,0,n2
20_12771_N2A-novelband1,20,nearest_dist,BASE_rule,0,n2
20_12771_N2B-ordinal1,20,nearest_class,BASE_rule,1,n2
20_12771_N2C-radius1,20,counting,BASE_rule,1,n2
20_12810_N2A-novelband1,20,nearest_dist,BASE_rule,1,n2
20_12810_N2B-ordinal1,20,nearest_class,BASE_rule,1,n2
20_12810_N2C-radius1,20,counting,BASE_rule,0,n2
20_12868_N2A-novelband1,20,nearest_dist,BASE_rule,0,n2
20_12868_N2B-ordinal1,20,nearest_class,BASE_rule,0,n2
20_12868_N2C-radius1,20,counting,BASE_rule,1,n2
20_12869_N2A-novelband1,20,nearest_dist,BASE_rule,1,n2
20_12869_N2B-ordinal1,20,nearest_class,BASE_rule,1,n2
20_12869_N2C-radius1,20,counting,BASE_rule,0,n2
20_12872_N2A-novelband1,20,nearest_dist,BASE_rule,0,n2
20_12872_N2B-ordinal1,20,nearest_class,BASE_rule,0,n2
20_12872_N2C-radius1,20,counting,BASE_rule,0,n2
20_12874_N2A-novelband1,20,nearest_dist,BASE_rule,0,n2
20_12874_N2B-ordinal1,20,nearest_class,BASE_rule,1,n2
20_12874_N2C-radius1,20,counting,BASE_rule,1,n2
20_12883_N2A-novelband1,20,nearest_dist,BASE_rule,1,n2
20_12883_N2B-ordinal1,20,nearest_class,BASE_rule,0,n2
20_12883_N2C-radius1,20,counting,BASE_rule,1,n2
20_12892_N2A-novelband1,20,nearest_dist,BASE_rule,1,n2
20_12892_N2B-ordinal1,20,nearest_class,BASE_rule,1,n2
20_12892_N2C-radius1,20,counting,BASE_rule,1,n2
20_12895_N2A-novelband1,20,nearest_dist,BASE_rule,0,n2
20_12895_N2B-ordinal1,20,nearest_class,BASE_rule,0,n2
20_12895_N2C-radius1,20,counting,BASE_rule,0,n2
20_12897_N2A-novelband1,20,nearest_dist,BASE_rule,1,n2
20_12897_N2B-ordinal1,20,nearest_class,BASE_rule,0,n2
20_12897_N2C-radius1,20,counting,BASE_rule,1,n2
20_12900_N2A-novelband1,20,nearest_dist,BASE_rule,0,n2
20_12900_N2B-ordinal1,20,nearest_class,BASE_rule,0,n2
20_12900_N2C-radius1,20,counting,BASE_rule,1,n2
20_12901_N2A-novelband1,20,nearest_dist,BASE_rule,0,n2
20_12901_N2B-ordinal1,20,nearest_class,BASE_rule,0,n2
20_12901_N2C-radius1,20,counting,BASE_rule,1,n2
20_12982_N2A-novelband1,20,nearest_dist,BASE_rule,0,n2
20_12982_N2B-ordinal1,20,nearest_class,BASE_rule,0,n2
20_12982_N2C-radius1,20,counting,BASE_rule,0,n2
20_12984_N2A-novelband1,20,nearest_dist,BASE_rule,0,n2
20_12984_N2B-ordinal1,20,nearest_class,BASE_rule,1,n2
20_12984_N2C-radius1,20,counting,BASE_rule,1,n2
20_12986_N2A-novelband1,20,nearest_dist,BASE_rule,0,n2
20_12986_N2B-ordinal1,20,nearest_class,BASE_rule,0,n2
20_12986_N2C-radius1,20,counting,BASE_rule,1,n2
20_12987_N2A-novelband1,20,nearest_dist,BASE_rule,0,n2
20_12987_N2B-ordinal1,20,nearest_class,BASE_rule,1,n2
20_12987_N2C-radius1,20,counting,BASE_rule,1,n2
20_12988_N2A-novelband1,20,nearest_dist,BASE_rule,1,n2
20_12988_N2B-ordinal1,20,nearest_class,BASE_rule,0,n2
20_12988_N2C-radius1,20,counting,BASE_rule,1,n2
20_12996_N2A-novelband1,20,nearest_dist,BASE_rule,0,n2
20_12996_N2B-ordinal1,20,nearest_class,BASE_rule,0,n2
20_12996_N2C-radius1,20,counting,BASE_rule,0,n2
20_13003_N2A-novelband1,20,nearest_dist,BASE_rule,0,n2
20_13003_N2B-ordinal1,20,nearest_class,BASE_rule,0,n2
20_13003_N2C-radius1,20,counting,BASE_rule,1,n2
20_13013_N2A-novelband1,20,nearest_dist,BASE_rule,1,n2
20_13013_N2B-ordinal1,20,nearest_class,BASE_rule,1,n2
20_13013_N2C-radius1,20,counting,BASE_rule,1,n2
20_13016_N2A-novelband1,20,nearest_dist,BASE_rule,0,n2
20_13016_N2B-ordinal1,20,nearest_class,BASE_rule,0,n2
20_13016_N2C-radius1,20,counting,BASE_rule,1,n2
20_13019_N2A-novelband1,20,nearest_dist,BASE_rule,0,n2
20_13019_N2B-ordinal1,20,nearest_class,BASE_rule,0,n2
20_13019_N2C-radius1,20,counting,BASE_rule,0,n2
20_13025_N2A-novelband1,20,nearest_dist,BASE_rule,1,n2
20_13025_N2B-ordinal1,20,nearest_class,BASE_rule,0,n2
20_13025_N2C-radius1,20,counting,BASE_rule,1,n2
20_13029_N2A-novelband1,20,nearest_dist,BASE_rule,0,n2
20_13029_N2B-ordinal1,20,nearest_class,BASE_rule,0,n2
20_13029_N2C-radius1,20,counting,BASE_rule,0,n2
20_13038_N2A-novelband1,20,nearest_dist,BASE_rule,1,n2
20_13038_N2B-ordinal1,20,nearest_class,BASE_rule,0,n2
20_13038_N2C-radius1,20,counting,BASE_rule,1,n2
20_13039_N2A-novelband1,20,nearest_dist,BASE_rule,0,n2
20_13039_N2B-ordinal1,20,nearest_class,BASE_rule,0,n2
20_13039_N2C-radius1,20,counting,BASE_rule,0,n2
20_13048_N2A-novelband1,20,nearest_dist,BASE_rule,0,n2
20_13048_N2B-ordinal1,20,nearest_class,BASE_rule,0,n2
20_13048_N2C-radius1,20,counting,BASE_rule,1,n2
20_13054_N2A-novelband1,20,nearest_dist,BASE_rule,1,n2
20_13054_N2B-ordinal1,20,nearest_class,BASE_rule,0,n2
20_13054_N2C-radius1,20,counting,BASE_rule,1,n2
20_13060_N2A-novelband1,20,nearest_dist,BASE_rule,0,n2
20_13060_N2B-ordinal1,20,nearest_class,BASE_rule,0,n2
20_13060_N2C-radius1,20,counting,BASE_rule,0,n2
20_13064_N2A-novelband1,20,nearest_dist,BASE_rule,0,n2
20_13064_N2B-ordinal1,20,nearest_class,BASE_rule,0,n2
20_13064_N2C-radius1,20,counting,BASE_rule,0,n2
20_13071_N2A-novelband1,20,nearest_dist,BASE_rule,0,n2
20_13071_N2B-ordinal1,20,nearest_class,BASE_rule,1,n2
20_13071_N2C-radius1,20,counting,BASE_rule,1,n2
20_13079_N2A-novelband1,20,nearest_dist,BASE_rule,0,n2
20_13079_N2B-ordinal1,20,nearest_class,BASE_rule,0,n2
20_13079_N2C-radius1,20,counting,BASE_rule,0,n2
20_13081_N2A-novelband1,20,nearest_dist,BASE_rule,0,n2
20_13081_N2B-ordinal1,20,nearest_class,BASE_rule,1,n2
20_13081_N2C-radius1,20,counting,BASE_rule,0,n2
20_13143_N2A-novelband1,20,nearest_dist,BASE_rule,0,n2
20_13143_N2B-ordinal1,20,nearest_class,BASE_rule,0,n2
20_13143_N2C-radius1,20,counting,BASE_rule,0,n2
20_13146_N2A-novelband1,20,nearest_dist,BASE_rule,1,n2
20_13146_N2B-ordinal1,20,nearest_class,BASE_rule,0,n2
20_13146_N2C-radius1,20,counting,BASE_rule,0,n2
20_13210_N2A-novelband1,20,nearest_dist,BASE_rule,0,n2
20_13210_N2B-ordinal1,20,nearest_class,BASE_rule,0,n2
20_13210_N2C-radius1,20,counting,BASE_rule,0,n2
20_13211_N2A-novelband1,20,nearest_dist,BASE_rule,0,n2
20_13211_N2B-ordinal1,20,nearest_class,BASE_rule,1,n2
20_13211_N2C-radius1,20,counting,BASE_rule,0,n2
20_13212_N2A-novelband1,20,nearest_dist,BASE_rule,0,n2
20_13212_N2B-ordinal1,20,nearest_class,BASE_rule,0,n2
20_13212_N2C-radius1,20,counting,BASE_rule,0,n2
20_13214_N2A-novelband1,20,nearest_dist,BASE_rule,1,n2
20_13214_N2B-ordinal1,20,nearest_class,BASE_rule,1,n2
20_13214_N2C-radius1,20,counting,BASE_rule,1,n2
20_13215_N2A-novelband1,20,nearest_dist,BASE_rule,0,n2
20_13215_N2B-ordinal1,20,nearest_class,BASE_rule,0,n2
20_13215_N2C-radius1,20,counting,BASE_rule,0,n2
20_13251_N2A-novelband1,20,nearest_dist,BASE_rule,0,n2
20_13251_N2B-ordinal1,20,nearest_class,BASE_rule,0,n2
20_13251_N2C-radius1,20,counting,BASE_rule,0,n2
20_13261_N2A-novelband1,20,nearest_dist,BASE_rule,1,n2
20_13261_N2B-ordinal1,20,nearest_class,BASE_rule,0,n2
20_13261_N2C-radius1,20,counting,BASE_rule,1,n2
20_13262_N2A-novelband1,20,nearest_dist,BASE_rule,0,n2
20_13262_N2B-ordinal1,20,nearest_class,BASE_rule,0,n2
20_13262_N2C-radius1,20,counting,BASE_rule,1,n2
20_13263_N2A-novelband1,20,nearest_dist,BASE_rule,0,n2
20_13263_N2B-ordinal1,20,nearest_class,BASE_rule,0,n2
20_13263_N2C-radius1,20,counting,BASE_rule,1,n2
20_13269_N2A-novelband1,20,nearest_dist,BASE_rule,0,n2
20_13269_N2B-ordinal1,20,nearest_class,BASE_rule,0,n2
20_13269_N2C-radius1,20,counting,BASE_rule,1,n2
20_13270_N2A-novelband1,20,nearest_dist,BASE_rule,0,n2
20_13270_N2B-ordinal1,20,nearest_class,BASE_rule,1,n2
20_13270_N2C-radius1,20,counting,BASE_rule,1,n2
20_13271_N2A-novelband1,20,nearest_dist,BASE_rule,1,n2
20_13271_N2B-ordinal1,20,nearest_class,BASE_rule,0,n2
20_13271_N2C-radius1,20,counting,BASE_rule,0,n2
20_3056_N2A-novelband1,20,nearest_dist,BASE_rule,0,n2
20_3056_N2B-ordinal1,20,nearest_class,BASE_rule,0,n2
20_3056_N2C-radius1,20,counting,BASE_rule,0,n2
20_3066_N2A-novelband1,20,nearest_dist,BASE_rule,0,n2
20_3066_N2B-ordinal1,20,nearest_class,BASE_rule,1,n2
20_3066_N2C-radius1,20,counting,BASE_rule,0,n2
20_3067_N2A-novelband1,20,nearest_dist,BASE_rule,0,n2
20_3067_N2B-ordinal1,20,nearest_class,BASE_rule,0,n2
20_3067_N2C-radius1,20,counting,BASE_rule,0,n2
20_3174_N2A-novelband1,20,nearest_dist,BASE_rule,1,n2
20_3174_N2B-ordinal1,20,nearest_class,BASE_rule,1,n2
20_3174_N2C-radius1,20,counting,BASE_rule,0,n2
20_3292_N2A-novelband1,20,nearest_dist,BASE_rule,1,n2
20_3292_N2B-ordinal1,20,nearest_class,BASE_rule,0,n2
20_3292_N2C-radius1,20,counting,BASE_rule,0,n2
20_3293_N2A-novelband1,20,nearest_dist,BASE_rule,1,n2
20_3293_N2B-ordinal1,20,nearest_class,BASE_rule,0,n2
20_3293_N2C-radius1,20,counting,BASE_rule,1,n2
20_3305_N2A-novelband1,20,nearest_dist,BASE_rule,0,n2
20_3305_N2B-ordinal1,20,nearest_class,BASE_rule,1,n2
20_3305_N2C-radius1,20,counting,BASE_rule,0,n2
20_3311_N2A-novelband1,20,nearest_dist,BASE_rule,1,n2
20_3311_N2B-ordinal1,20,nearest_class,BASE_rule,0,n2
20_3311_N2C-radius1,20,counting,BASE_rule,1,n2
20_3387_N2A-novelband1,20,nearest_dist,BASE_rule,0,n2
20_3387_N2B-ordinal1,20,nearest_class,BASE_rule,1,n2
20_3387_N2C-radius1,20,counting,BASE_rule,0,n2
20_3453_N2A-novelband1,20,nearest_dist,BASE_rule,0,n2
20_3453_N2B-ordinal1,20,nearest_class,BASE_rule,0,n2
20_3453_N2C-radius1,20,counting,BASE_rule,0,n2
20_3486_N2A-novelband1,20,nearest_dist,BASE_rule,0,n2
20_3486_N2B-ordinal1,20,nearest_class,BASE_rule,0,n2
20_3486_N2C-radius1,20,counting,BASE_rule,0,n2
20_3489_N2A-novelband1,20,nearest_dist,BASE_rule,0,n2
20_3489_N2B-ordinal1,20,nearest_class,BASE_rule,0,n2
20_3489_N2C-radius1,20,counting,BASE_rule,1,n2
20_3494_N2A-novelband1,20,nearest_dist,BASE_rule,1,n2
20_3494_N2B-ordinal1,20,nearest_class,BASE_rule,1,n2
20_3494_N2C-radius1,20,counting,BASE_rule,0,n2
20_3497_N2A-novelband1,20,nearest_dist,BASE_rule,0,n2
20_3497_N2B-ordinal1,20,nearest_class,BASE_rule,1,n2
20_3497_N2C-radius1,20,counting,BASE_rule,0,n2
20_4243_N2A-novelband1,20,nearest_dist,BASE_rule,0,n2
20_4243_N2B-ordinal1,20,nearest_class,BASE_rule,1,n2
20_4243_N2C-radius1,20,counting,BASE_rule,1,n2
20_4250_N2A-novelband1,20,nearest_dist,BASE_rule,0,n2
20_4250_N2B-ordinal1,20,nearest_class,BASE_rule,0,n2
20_4250_N2C-radius1,20,counting,BASE_rule,0,n2
20_4256_N2A-novelband1,20,nearest_dist,BASE_rule,0,n2
20_4256_N2B-ordinal1,20,nearest_class,BASE_rule,0,n2
20_4256_N2C-radius1,20,counting,BASE_rule,1,n2
20_4260_N2A-novelband1,20,nearest_dist,BASE_rule,0,n2
20_4260_N2B-ordinal1,20,nearest_class,BASE_rule,0,n2
20_4260_N2C-radius1,20,counting,BASE_rule,0,n2
20_4261_N2A-novelband1,20,nearest_dist,BASE_rule,1,n2
20_4261_N2B-ordinal1,20,nearest_class,BASE_rule,0,n2
20_4261_N2C-radius1,20,counting,BASE_rule,0,n2
20_4262_N2A-novelband1,20,nearest_dist,BASE_rule,0,n2
20_4262_N2B-ordinal1,20,nearest_class,BASE_rule,0,n2
20_4262_N2C-radius1,20,counting,BASE_rule,0,n2
20_4267_N2A-novelband1,20,nearest_dist,BASE_rule,1,n2
20_4267_N2B-ordinal1,20,nearest_class,BASE_rule,0,n2
20_4267_N2C-radius1,20,counting,BASE_rule,0,n2
20_4300_N2A-novelband1,20,nearest_dist,BASE_rule,0,n2
20_4300_N2B-ordinal1,20,nearest_class,BASE_rule,0,n2
20_4300_N2C-radius1,20,counting,BASE_rule,1,n2
20_4303_N2A-novelband1,20,nearest_dist,BASE_rule,0,n2
20_4303_N2B-ordinal1,20,nearest_class,BASE_rule,1,n2
20_4303_N2C-radius1,20,counting,BASE_rule,1,n2
20_4356_N2A-novelband1,20,nearest_dist,BASE_rule,0,n2
20_4356_N2B-ordinal1,20,nearest_class,BASE_rule,1,n2
20_4356_N2C-radius1,20,counting,BASE_rule,0,n2
20_4357_N2A-novelband1,20,nearest_dist,BASE_rule,0,n2
20_4357_N2B-ordinal1,20,nearest_class,BASE_rule,1,n2
20_4357_N2C-radius1,20,counting,BASE_rule,0,n2
20_4554_N2A-novelband1,20,nearest_dist,BASE_rule,0,n2
20_4554_N2B-ordinal1,20,nearest_class,BASE_rule,1,n2
20_4554_N2C-radius1,20,counting,BASE_rule,0,n2
20_4566_N2A-novelband1,20,nearest_dist,BASE_rule,1,n2
20_4566_N2B-ordinal1,20,nearest_class,BASE_rule,1,n2
20_4566_N2C-radius1,20,counting,BASE_rule,0,n2
20_4567_N2A-novelband1,20,nearest_dist,BASE_rule,0,n2
20_4567_N2B-ordinal1,20,nearest_class,BASE_rule,0,n2
20_4567_N2C-radius1,20,counting,BASE_rule,0,n2
20_4573_N2A-novelband1,20,nearest_dist,BASE_rule,0,n2
20_4573_N2B-ordinal1,20,nearest_class,BASE_rule,0,n2
20_4573_N2C-radius1,20,counting,BASE_rule,1,n2
20_4630_N2A-novelband1,20,nearest_dist,BASE_rule,1,n2
20_4630_N2B-ordinal1,20,nearest_class,BASE_rule,1,n2
20_4630_N2C-radius1,20,counting,BASE_rule,0,n2
20_4876_N2A-novelband1,20,nearest_dist,BASE_rule,0,n2
20_4876_N2B-ordinal1,20,nearest_class,BASE_rule,1,n2
20_4876_N2C-radius1,20,counting,BASE_rule,1,n2
20_4877_N2A-novelband1,20,nearest_dist,BASE_rule,0,n2
20_4877_N2B-ordinal1,20,nearest_class,BASE_rule,1,n2
20_4877_N2C-radius1,20,counting,BASE_rule,0,n2
20_4883_N2A-novelband1,20,nearest_dist,BASE_rule,0,n2
20_4883_N2B-ordinal1,20,nearest_class,BASE_rule,1,n2
20_4883_N2C-radius1,20,counting,BASE_rule,0,n2
20_4885_N2A-novelband1,20,nearest_dist,BASE_rule,1,n2
20_4885_N2B-ordinal1,20,nearest_class,BASE_rule,1,n2
20_4885_N2C-radius1,20,counting,BASE_rule,0,n2
20_4890_N2A-novelband1,20,nearest_dist,BASE_rule,0,n2
20_4890_N2B-ordinal1,20,nearest_class,BASE_rule,0,n2
20_4890_N2C-radius1,20,counting,BASE_rule,0,n2
20_4894_N2A-novelband1,20,nearest_dist,BASE_rule,1,n2
20_4894_N2B-ordinal1,20,nearest_class,BASE_rule,0,n2
20_4894_N2C-radius1,20,counting,BASE_rule,0,n2
20_4926_N2A-novelband1,20,nearest_dist,BASE_rule,0,n2
20_4926_N2B-ordinal1,20,nearest_class,BASE_rule,1,n2
20_4926_N2C-radius1,20,counting,BASE_rule,1,n2
20_4928_N2A-novelband1,20,nearest_dist,BASE_rule,1,n2
20_4928_N2B-ordinal1,20,nearest_class,BASE_rule,0,n2
20_4928_N2C-radius1,20,counting,BASE_rule,1,n2
20_4932_N2A-novelband1,20,nearest_dist,BASE_rule,1,n2
20_4932_N2B-ordinal1,20,nearest_class,BASE_rule,0,n2
20_4932_N2C-radius1,20,counting,BASE_rule,0,n2
20_4934_N2A-novelband1,20,nearest_dist,BASE_rule,0,n2
20_4934_N2B-ordinal1,20,nearest_class,BASE_rule,0,n2
20_4934_N2C-radius1,20,counting,BASE_rule,0,n2
20_4938_N2A-novelband1,20,nearest_dist,BASE_rule,1,n2
20_4938_N2B-ordinal1,20,nearest_class,BASE_rule,0,n2
20_4938_N2C-radius1,20,counting,BASE_rule,0,n2
20_4939_N2A-novelband1,20,nearest_dist,BASE_rule,1,n2
20_4939_N2B-ordinal1,20,nearest_class,BASE_rule,0,n2
20_4939_N2C-radius1,20,counting,BASE_rule,1,n2
20_4943_N2A-novelband1,20,nearest_dist,BASE_rule,1,n2
20_4943_N2B-ordinal1,20,nearest_class,BASE_rule,0,n2
20_4943_N2C-radius1,20,counting,BASE_rule,0,n2
20_4944_N2A-novelband1,20,nearest_dist,BASE_rule,1,n2
20_4944_N2B-ordinal1,20,nearest_class,BASE_rule,1,n2
20_4944_N2C-radius1,20,counting,BASE_rule,0,n2
20_4948_N2A-novelband1,20,nearest_dist,BASE_rule,1,n2
20_4948_N2B-ordinal1,20,nearest_class,BASE_rule,0,n2
20_4948_N2C-radius1,20,counting,BASE_rule,1,n2
20_4952_N2A-novelband1,20,nearest_dist,BASE_rule,0,n2
20_4952_N2B-ordinal1,20,nearest_class,BASE_rule,0,n2
20_4952_N2C-radius1,20,counting,BASE_rule,0,n2
20_4953_N2A-novelband1,20,nearest_dist,BASE_rule,0,n2
20_4953_N2B-ordinal1,20,nearest_class,BASE_rule,0,n2
20_4953_N2C-radius1,20,counting,BASE_rule,1,n2
20_5288_N2A-novelband1,20,nearest_dist,BASE_rule,0,n2
20_5288_N2B-ordinal1,20,nearest_class,BASE_rule,0,n2
20_5288_N2C-radius1,20,counting,BASE_rule,0,n2
20_5293_N2A-novelband1,20,nearest_dist,BASE_rule,0,n2
20_5293_N2C-radius1,20,counting,BASE_rule,0,n2
20_5300_N2A-novelband1,20,nearest_dist,BASE_rule,1,n2
20_5300_N2B-ordinal1,20,nearest_class,BASE_rule,1,n2
20_5300_N2C-radius1,20,counting,BASE_rule,0,n2
20_5354_N2A-novelband1,20,nearest_dist,BASE_rule,1,n2
20_5354_N2B-ordinal1,20,nearest_class,BASE_rule,0,n2
20_5354_N2C-radius1,20,counting,BASE_rule,1,n2
20_5357_N2A-novelband1,20,nearest_dist,BASE_rule,1,n2
20_5357_N2B-ordinal1,20,nearest_class,BASE_rule,0,n2
20_5357_N2C-radius1,20,counting,BASE_rule,1,n2
20_5359_N2A-novelband1,20,nearest_dist,BASE_rule,1,n2
20_5359_N2B-ordinal1,20,nearest_class,BASE_rule,0,n2
20_5359_N2C-radius1,20,counting,BASE_rule,0,n2
20_5361_N2A-novelband1,20,nearest_dist,BASE_rule,0,n2
20_5361_N2B-ordinal1,20,nearest_class,BASE_rule,0,n2
20_5361_N2C-radius1,20,counting,BASE_rule,0,n2
20_5476_N2A-novelband1,20,nearest_dist,BASE_rule,0,n2
20_5476_N2B-ordinal1,20,nearest_class,BASE_rule,1,n2
20_5476_N2C-radius1,20,counting,BASE_rule,0,n2
20_5477_N2A-novelband1,20,nearest_dist,BASE_rule,1,n2
20_5477_N2B-ordinal1,20,nearest_class,BASE_rule,0,n2
20_5477_N2C-radius1,20,counting,BASE_rule,0,n2
20_5489_N2A-novelband1,20,nearest_dist,BASE_rule,1,n2
20_5489_N2B-ordinal1,20,nearest_class,BASE_rule,1,n2
20_5489_N2C-radius1,20,counting,BASE_rule,0,n2
20_5611_N2A-novelband1,20,nearest_dist,BASE_rule,1,n2
20_5611_N2B-ordinal1,20,nearest_class,BASE_rule,0,n2
20_5611_N2C-radius1,20,counting,BASE_rule,0,n2
20_5674_N2A-novelband1,20,nearest_dist,BASE_rule,0,n2
20_5674_N2B-ordinal1,20,nearest_class,BASE_rule,0,n2
20_5674_N2C-radius1,20,counting,BASE_rule,0,n2
20_5684_N2A-novelband1,20,nearest_dist,BASE_rule,0,n2
20_5684_N2B-ordinal1,20,nearest_class,BASE_rule,0,n2
20_5684_N2C-radius1,20,counting,BASE_rule,0,n2
20_5689_N2A-novelband1,20,nearest_dist,BASE_rule,1,n2
20_5689_N2B-ordinal1,20,nearest_class,BASE_rule,1,n2
20_5689_N2C-radius1,20,counting,BASE_rule,0,n2
20_5690_N2A-novelband1,20,nearest_dist,BASE_rule,0,n2
20_5690_N2B-ordinal1,20,nearest_class,BASE_rule,0,n2
20_5690_N2C-radius1,20,counting,BASE_rule,0,n2
20_5701_N2A-novelband1,20,nearest_dist,BASE_rule,1,n2
20_5701_N2B-ordinal1,20,nearest_class,BASE_rule,0,n2
20_5701_N2C-radius1,20,counting,BASE_rule,0,n2
20_5702_N2A-novelband1,20,nearest_dist,BASE_rule,0,n2
20_5702_N2B-ordinal1,20,nearest_class,BASE_rule,0,n2
20_5702_N2C-radius1,20,counting,BASE_rule,0,n2
20_5703_N2A-novelband1,20,nearest_dist,BASE_rule,1,n2
20_5703_N2B-ordinal1,20,nearest_class,BASE_rule,0,n2
20_5703_N2C-radius1,20,counting,BASE_rule,1,n2
20_5704_N2A-novelband1,20,nearest_dist,BASE_rule,1,n2
20_5704_N2B-ordinal1,20,nearest_class,BASE_rule,0,n2
20_5704_N2C-radius1,20,counting,BASE_rule,1,n2
20_5752_N2A-novelband1,20,nearest_dist,BASE_rule,0,n2
20_5752_N2B-ordinal1,20,nearest_class,BASE_rule,0,n2
20_5752_N2C-radius1,20,counting,BASE_rule,0,n2
20_7488_N2A-novelband1,20,nearest_dist,BASE_rule,1,n2
20_7488_N2B-ordinal1,20,nearest_class,BASE_rule,0,n2
20_7488_N2C-radius1,20,counting,BASE_rule,1,n2
20_7489_N2A-novelband1,20,nearest_dist,BASE_rule,1,n2
20_7489_N2B-ordinal1,20,nearest_class,BASE_rule,1,n2
20_7489_N2C-radius1,20,counting,BASE_rule,0,n2
20_7493_N2A-novelband1,20,nearest_dist,BASE_rule,0,n2
20_7493_N2B-ordinal1,20,nearest_class,BASE_rule,1,n2
20_7493_N2C-radius1,20,counting,BASE_rule,1,n2
20_7526_N2A-novelband1,20,nearest_dist,BASE_rule,0,n2
20_7526_N2B-ordinal1,20,nearest_class,BASE_rule,0,n2
20_7526_N2C-radius1,20,counting,BASE_rule,1,n2
20_7534_N2A-novelband1,20,nearest_dist,BASE_rule,1,n2
20_7534_N2B-ordinal1,20,nearest_class,BASE_rule,0,n2
20_7534_N2C-radius1,20,counting,BASE_rule,1,n2
20_7536_N2A-novelband1,20,nearest_dist,BASE_rule,0,n2
20_7536_N2B-ordinal1,20,nearest_class,BASE_rule,0,n2
20_7536_N2C-radius1,20,counting,BASE_rule,0,n2
20_7542_N2A-novelband1,20,nearest_dist,BASE_rule,0,n2
20_7542_N2B-ordinal1,20,nearest_class,BASE_rule,0,n2
20_7542_N2C-radius1,20,counting,BASE_rule,1,n2
20_7544_N2A-novelband1,20,nearest_dist,BASE_rule,0,n2
20_7544_N2B-ordinal1,20,nearest_class,BASE_rule,0,n2
20_7544_N2C-radius1,20,counting,BASE_rule,0,n2
20_7630_N2A-novelband1,20,nearest_dist,BASE_rule,0,n2
20_7630_N2B-ordinal1,20,nearest_class,BASE_rule,0,n2
20_7630_N2C-radius1,20,counting,BASE_rule,0,n2
20_7703_N2A-novelband1,20,nearest_dist,BASE_rule,1,n2
20_7703_N2B-ordinal1,20,nearest_class,BASE_rule,1,n2
20_7703_N2C-radius1,20,counting,BASE_rule,1,n2
20_7710_N2A-novelband1,20,nearest_dist,BASE_rule,1,n2
20_7710_N2B-ordinal1,20,nearest_class,BASE_rule,0,n2
20_7710_N2C-radius1,20,counting,BASE_rule,1,n2
20_7712_N2A-novelband1,20,nearest_dist,BASE_rule,0,n2
20_7712_N2B-ordinal1,20,nearest_class,BASE_rule,0,n2
20_7712_N2C-radius1,20,counting,BASE_rule,0,n2
20_7715_N2A-novelband1,20,nearest_dist,BASE_rule,1,n2
20_7715_N2B-ordinal1,20,nearest_class,BASE_rule,0,n2
20_7715_N2C-radius1,20,counting,BASE_rule,1,n2
20_7751_N2A-novelband1,20,nearest_dist,BASE_rule,0,n2
20_7751_N2B-ordinal1,20,nearest_class,BASE_rule,0,n2
20_7751_N2C-radius1,20,counting,BASE_rule,0,n2
20_7923_N2A-novelband1,20,nearest_dist,BASE_rule,1,n2
20_7923_N2C-radius1,20,counting,BASE_rule,0,n2
20_7927_N2A-novelband1,20,nearest_dist,BASE_rule,0,n2
20_7927_N2C-radius1,20,counting,BASE_rule,0,n2
20_7928_N2A-novelband1,20,nearest_dist,BASE_rule,0,n2
20_7928_N2C-radius1,20,counting,BASE_rule,1,n2
20_7936_N2A-novelband1,20,nearest_dist,BASE_rule,0,n2
20_7936_N2C-radius1,20,counting,BASE_rule,1,n2
20_7937_N2A-novelband1,20,nearest_dist,BASE_rule,0,n2
20_7937_N2C-radius1,20,counting,BASE_rule,0,n2
20_7938_N2A-novelband1,20,nearest_dist,BASE_rule,0,n2
20_7938_N2C-radius1,20,counting,BASE_rule,0,n2
20_7968_N2A-novelband1,20,nearest_dist,BASE_rule,0,n2
20_7968_N2B-ordinal1,20,nearest_class,BASE_rule,0,n2
20_7968_N2C-radius1,20,counting,BASE_rule,1,n2
20_8176_N2A-novelband1,20,nearest_dist,BASE_rule,1,n2
20_8176_N2B-ordinal1,20,nearest_class,BASE_rule,0,n2
20_8176_N2C-radius1,20,counting,BASE_rule,0,n2
20_8178_N2A-novelband1,20,nearest_dist,BASE_rule,0,n2
20_8178_N2B-ordinal1,20,nearest_class,BASE_rule,0,n2
20_8178_N2C-radius1,20,counting,BASE_rule,1,n2
20_8181_N2A-novelband1,20,nearest_dist,BASE_rule,0,n2
20_8181_N2B-ordinal1,20,nearest_class,BASE_rule,1,n2
20_8181_N2C-radius1,20,counting,BASE_rule,1,n2
20_8182_N2A-novelband1,20,nearest_dist,BASE_rule,0,n2
20_8182_N2B-ordinal1,20,nearest_class,BASE_rule,0,n2
20_8182_N2C-radius1,20,counting,BASE_rule,0,n2
20_8183_N2A-novelband1,20,nearest_dist,BASE_rule,0,n2
20_8183_N2B-ordinal1,20,nearest_class,BASE_rule,0,n2
20_8183_N2C-radius1,20,counting,BASE_rule,0,n2
20_8185_N2A-novelband1,20,nearest_dist,BASE_rule,0,n2
20_8185_N2B-ordinal1,20,nearest_class,BASE_rule,0,n2
20_8185_N2C-radius1,20,counting,BASE_rule,1,n2
20_8196_N2A-novelband1,20,nearest_dist,BASE_rule,1,n2
20_8196_N2B-ordinal1,20,nearest_class,BASE_rule,1,n2
20_8196_N2C-radius1,20,counting,BASE_rule,0,n2
20_8198_N2A-novelband1,20,nearest_dist,BASE_rule,0,n2
20_8198_N2B-ordinal1,20,nearest_class,BASE_rule,0,n2
20_8198_N2C-radius1,20,counting,BASE_rule,0,n2
20_8466_N2A-novelband1,20,nearest_dist,BASE_rule,0,n2
20_8466_N2B-ordinal1,20,nearest_class,BASE_rule,0,n2
20_8466_N2C-radius1,20,counting,BASE_rule,1,n2
20_8467_N2A-novelband1,20,nearest_dist,BASE_rule,1,n2
20_8467_N2B-ordinal1,20,nearest_class,BASE_rule,0,n2
20_8467_N2C-radius1,20,counting,BASE_rule,0,n2
20_8474_N2A-novelband1,20,nearest_dist,BASE_rule,1,n2
20_8474_N2B-ordinal1,20,nearest_class,BASE_rule,1,n2
20_8474_N2C-radius1,20,counting,BASE_rule,1,n2
20_8475_N2A-novelband1,20,nearest_dist,BASE_rule,0,n2
20_8475_N2B-ordinal1,20,nearest_class,BASE_rule,0,n2
20_8475_N2C-radius1,20,counting,BASE_rule,0,n2
20_8483_N2A-novelband1,20,nearest_dist,BASE_rule,0,n2
20_8483_N2B-ordinal1,20,nearest_class,BASE_rule,1,n2
20_8483_N2C-radius1,20,counting,BASE_rule,0,n2
20_8519_N2A-novelband1,20,nearest_dist,BASE_rule,0,n2
20_8519_N2B-ordinal1,20,nearest_class,BASE_rule,0,n2
20_8519_N2C-radius1,20,counting,BASE_rule,1,n2
20_8613_N2A-novelband1,20,nearest_dist,BASE_rule,0,n2
20_8613_N2B-ordinal1,20,nearest_class,BASE_rule,0,n2
20_8613_N2C-radius1,20,counting,BASE_rule,0,n2
20_8618_N2A-novelband1,20,nearest_dist,BASE_rule,0,n2
20_8618_N2B-ordinal1,20,nearest_class,BASE_rule,0,n2
20_8618_N2C-radius1,20,counting,BASE_rule,1,n2
20_8619_N2A-novelband1,20,nearest_dist,BASE_rule,1,n2
20_8619_N2B-ordinal1,20,nearest_class,BASE_rule,0,n2
20_8619_N2C-radius1,20,counting,BASE_rule,1,n2
20_8738_N2A-novelband1,20,nearest_dist,BASE_rule,1,n2
20_8738_N2B-ordinal1,20,nearest_class,BASE_rule,0,n2
20_8738_N2C-radius1,20,counting,BASE_rule,0,n2
20_8741_N2A-novelband1,20,nearest_dist,BASE_rule,0,n2
20_8741_N2B-ordinal1,20,nearest_class,BASE_rule,0,n2
20_8741_N2C-radius1,20,counting,BASE_rule,1,n2
20_8742_N2A-novelband1,20,nearest_dist,BASE_rule,0,n2
20_8742_N2B-ordinal1,20,nearest_class,BASE_rule,0,n2
20_8742_N2C-radius1,20,counting,BASE_rule,1,n2
20_8744_N2A-novelband1,20,nearest_dist,BASE_rule,0,n2
20_8744_N2B-ordinal1,20,nearest_class,BASE_rule,1,n2
20_8744_N2C-radius1,20,counting,BASE_rule,1,n2
20_8746_N2A-novelband1,20,nearest_dist,BASE_rule,0,n2
20_8746_N2B-ordinal1,20,nearest_class,BASE_rule,0,n2
20_8746_N2C-radius1,20,counting,BASE_rule,0,n2
20_8747_N2A-novelband1,20,nearest_dist,BASE_rule,1,n2
20_8747_N2B-ordinal1,20,nearest_class,BASE_rule,0,n2
20_8747_N2C-radius1,20,counting,BASE_rule,0,n2
20_8751_N2A-novelband1,20,nearest_dist,BASE_rule,0,n2
20_8751_N2B-ordinal1,20,nearest_class,BASE_rule,0,n2
20_8751_N2C-radius1,20,counting,BASE_rule,0,n2
20_8783_N2A-novelband1,20,nearest_dist,BASE_rule,0,n2
20_8783_N2B-ordinal1,20,nearest_class,BASE_rule,0,n2
20_8783_N2C-radius1,20,counting,BASE_rule,1,n2
20_8792_N2A-novelband1,20,nearest_dist,BASE_rule,0,n2
20_8792_N2B-ordinal1,20,nearest_class,BASE_rule,1,n2
20_8792_N2C-radius1,20,counting,BASE_rule,0,n2
20_8795_N2A-novelband1,20,nearest_dist,BASE_rule,0,n2
20_8795_N2B-ordinal1,20,nearest_class,BASE_rule,1,n2
20_8795_N2C-radius1,20,counting,BASE_rule,0,n2
20_8803_N2A-novelband1,20,nearest_dist,BASE_rule,0,n2
20_8803_N2B-ordinal1,20,nearest_class,BASE_rule,1,n2
20_8803_N2C-radius1,20,counting,BASE_rule,1,n2
20_8806_N2A-novelband1,20,nearest_dist,BASE_rule,0,n2
20_8806_N2B-ordinal1,20,nearest_class,BASE_rule,0,n2
20_8806_N2C-radius1,20,counting,BASE_rule,0,n2
20_8808_N2A-novelband1,20,nearest_dist,BASE_rule,1,n2
20_8808_N2B-ordinal1,20,nearest_class,BASE_rule,0,n2
20_8808_N2C-radius1,20,counting,BASE_rule,1,n2
20_8813_N2A-novelband1,20,nearest_dist,BASE_rule,0,n2
20_8813_N2B-ordinal1,20,nearest_class,BASE_rule,1,n2
20_8813_N2C-radius1,20,counting,BASE_rule,0,n2
20_8824_N2A-novelband1,20,nearest_dist,BASE_rule,1,n2
20_8824_N2B-ordinal1,20,nearest_class,BASE_rule,1,n2
20_8824_N2C-radius1,20,counting,BASE_rule,1,n2
20_8845_N2A-novelband1,20,nearest_dist,BASE_rule,0,n2
20_8845_N2B-ordinal1,20,nearest_class,BASE_rule,0,n2
20_8845_N2C-radius1,20,counting,BASE_rule,1,n2
20_9392_N2A-novelband1,20,nearest_dist,BASE_rule,1,n2
20_9392_N2B-ordinal1,20,nearest_class,BASE_rule,1,n2
20_9392_N2C-radius1,20,counting,BASE_rule,0,n2
20_9393_N2A-novelband1,20,nearest_dist,BASE_rule,1,n2
20_9393_N2B-ordinal1,20,nearest_class,BASE_rule,0,n2
20_9393_N2C-radius1,20,counting,BASE_rule,1,n2
20_9397_N2A-novelband1,20,nearest_dist,BASE_rule,1,n2
20_9397_N2B-ordinal1,20,nearest_class,BASE_rule,0,n2
20_9397_N2C-radius1,20,counting,BASE_rule,1,n2
20_9406_N2A-novelband1,20,nearest_dist,BASE_rule,0,n2
20_9406_N2B-ordinal1,20,nearest_class,BASE_rule,0,n2
20_9406_N2C-radius1,20,counting,BASE_rule,0,n2
20_9411_N2A-novelband1,20,nearest_dist,BASE_rule,0,n2
20_9411_N2B-ordinal1,20,nearest_class,BASE_rule,0,n2
20_9411_N2C-radius1,20,counting,BASE_rule,0,n2
20_9412_N2A-novelband1,20,nearest_dist,BASE_rule,0,n2
20_9412_N2B-ordinal1,20,nearest_class,BASE_rule,0,n2
20_9412_N2C-radius1,20,counting,BASE_rule,0,n2
20_9424_N2A-novelband1,20,nearest_dist,BASE_rule,0,n2
20_9424_N2B-ordinal1,20,nearest_class,BASE_rule,0,n2
20_9424_N2C-radius1,20,counting,BASE_rule,0,n2
20_9429_N2A-novelband1,20,nearest_dist,BASE_rule,0,n2
20_9429_N2B-ordinal1,20,nearest_class,BASE_rule,0,n2
20_9429_N2C-radius1,20,counting,BASE_rule,0,n2
20_9432_N2A-novelband1,20,nearest_dist,BASE_rule,0,n2
20_9432_N2B-ordinal1,20,nearest_class,BASE_rule,0,n2
20_9432_N2C-radius1,20,counting,BASE_rule,0,n2
20_9436_N2A-novelband1,20,nearest_dist,BASE_rule,0,n2
20_9436_N2B-ordinal1,20,nearest_class,BASE_rule,0,n2
20_9436_N2C-radius1,20,counting,BASE_rule,0,n2
20_9471_N2A-novelband1,20,nearest_dist,BASE_rule,0,n2
20_9471_N2B-ordinal1,20,nearest_class,BASE_rule,0,n2
20_9471_N2C-radius1,20,counting,BASE_rule,0,n2
20_9474_N2A-novelband1,20,nearest_dist,BASE_rule,1,n2
20_9474_N2B-ordinal1,20,nearest_class,BASE_rule,0,n2
20_9474_N2C-radius1,20,counting,BASE_rule,0,n2
20_9478_N2A-novelband1,20,nearest_dist,BASE_rule,0,n2
20_9478_N2B-ordinal1,20,nearest_class,BASE_rule,0,n2
20_9478_N2C-radius1,20,counting,BASE_rule,0,n2
20_9479_N2A-novelband1,20,nearest_dist,BASE_rule,0,n2
20_9479_N2B-ordinal1,20,nearest_class,BASE_rule,0,n2
20_9479_N2C-radius1,20,counting,BASE_rule,0,n2
20_9612_N2A-novelband1,20,nearest_dist,BASE_rule,1,n2
20_9612_N2B-ordinal1,20,nearest_class,BASE_rule,0,n2
20_9612_N2C-radius1,20,counting,BASE_rule,0,n2
20_9722_N2A-novelband1,20,nearest_dist,BASE_rule,1,n2
20_9722_N2B-ordinal1,20,nearest_class,BASE_rule,0,n2
20_9722_N2C-radius1,20,counting,BASE_rule,1,n2
20_9725_N2A-novelband1,20,nearest_dist,BASE_rule,0,n2
20_9725_N2B-ordinal1,20,nearest_class,BASE_rule,1,n2
20_9725_N2C-radius1,20,counting,BASE_rule,0,n2
20_9727_N2A-novelband1,20,nearest_dist,BASE_rule,0,n2
20_9727_N2B-ordinal1,20,nearest_class,BASE_rule,0,n2
20_9727_N2C-radius1,20,counting,BASE_rule,0,n2
20_9728_N2A-novelband1,20,nearest_dist,BASE_rule,0,n2
20_9728_N2B-ordinal1,20,nearest_class,BASE_rule,1,n2
20_9728_N2C-radius1,20,counting,BASE_rule,0,n2
20_973_N2A-novelband1,20,nearest_dist,BASE_rule,0,n2
20_973_N2B-ordinal1,20,nearest_class,BASE_rule,0,n2
20_973_N2C-radius1,20,counting,BASE_rule,1,n2
20_9736_N2A-novelband1,20,nearest_dist,BASE_rule,0,n2
20_9736_N2B-ordinal1,20,nearest_class,BASE_rule,0,n2
20_9736_N2C-radius1,20,counting,BASE_rule,0,n2
20_9737_N2A-novelband1,20,nearest_dist,BASE_rule,0,n2
20_9737_N2B-ordinal1,20,nearest_class,BASE_rule,0,n2
20_9737_N2C-radius1,20,counting,BASE_rule,0,n2
20_9745_N2A-novelband1,20,nearest_dist,BASE_rule,0,n2
20_9745_N2B-ordinal1,20,nearest_class,BASE_rule,1,n2
20_9745_N2C-radius1,20,counting,BASE_rule,0,n2
20_9746_N2A-novelband1,20,nearest_dist,BASE_rule,1,n2
20_9746_N2B-ordinal1,20,nearest_class,BASE_rule,0,n2
20_9746_N2C-radius1,20,counting,BASE_rule,0,n2
20_9754_N2A-novelband1,20,nearest_dist,BASE_rule,0,n2
20_9754_N2B-ordinal1,20,nearest_class,BASE_rule,1,n2
20_9754_N2C-radius1,20,counting,BASE_rule,1,n2
20_9785_N2A-novelband1,20,nearest_dist,BASE_rule,0,n2
20_9785_N2B-ordinal1,20,nearest_class,BASE_rule,0,n2
20_9785_N2C-radius1,20,counting,BASE_rule,0,n2
20_9787_N2A-novelband1,20,nearest_dist,BASE_rule,0,n2
20_9787_N2B-ordinal1,20,nearest_class,BASE_rule,1,n2
20_9787_N2C-radius1,20,counting,BASE_rule,0,n2
20_9788_N2A-novelband1,20,nearest_dist,BASE_rule,1,n2
20_9788_N2B-ordinal1,20,nearest_class,BASE_rule,0,n2
20_9788_N2C-radius1,20,counting,BASE_rule,1,n2
20_9790_N2A-novelband1,20,nearest_dist,BASE_rule,1,n2
20_9790_N2B-ordinal1,20,nearest_class,BASE_rule,1,n2
20_9790_N2C-radius1,20,counting,BASE_rule,0,n2
20_9927_N2A-novelband1,20,nearest_dist,BASE_rule,1,n2
20_9927_N2B-ordinal1,20,nearest_class,BASE_rule,0,n2
20_9927_N2C-radius1,20,counting,BASE_rule,1,n2
20_9928_N2A-novelband1,20,nearest_dist,BASE_rule,1,n2
20_9928_N2B-ordinal1,20,nearest_class,BASE_rule,1,n2
20_9928_N2C-radius1,20,counting,BASE_rule,0,n2
20_9958_N2A-novelband1,20,nearest_dist,BASE_rule,0,n2
20_9958_N2B-ordinal1,20,nearest_class,BASE_rule,0,n2
20_9958_N2C-radius1,20,counting,BASE_rule,0,n2
20_9959_N2A-novelband1,20,nearest_dist,BASE_rule,0,n2
20_9959_N2B-ordinal1,20,nearest_class,BASE_rule,0,n2
20_9959_N2C-radius1,20,counting,BASE_rule,0,n2
2_2441_N2A-novelband1,2,nearest_dist,BASE_rule,1,n2
2_2441_N2B-ordinal1,2,nearest_class,BASE_rule,1,n2
2_2441_N2C-radius1,2,counting,BASE_rule,0,n2
2_2442_N2A-novelband1,2,nearest_dist,BASE_rule,0,n2
2_2442_N2B-ordinal1,2,nearest_class,BASE_rule,0,n2
2_2442_N2C-radius1,2,counting,BASE_rule,0,n2
2_2443_N2A-novelband1,2,nearest_dist,BASE_rule,1,n2
2_2443_N2B-ordinal1,2,nearest_class,BASE_rule,1,n2
2_2443_N2C-radius1,2,counting,BASE_rule,0,n2
2_2457_N2A-novelband1,2,nearest_dist,BASE_rule,1,n2
2_2457_N2B-ordinal1,2,nearest_class,BASE_rule,0,n2
2_2457_N2C-radius1,2,counting,BASE_rule,0,n2
2_2459_N2A-novelband1,2,nearest_dist,BASE_rule,0,n2
2_2459_N2B-ordinal1,2,nearest_class,BASE_rule,0,n2
2_2459_N2C-radius1,2,counting,BASE_rule,0,n2
2_2460_N2A-novelband1,2,nearest_dist,BASE_rule,1,n2
2_2460_N2B-ordinal1,2,nearest_class,BASE_rule,0,n2
2_2460_N2C-radius1,2,counting,BASE_rule,1,n2
2_2465_N2A-novelband1,2,nearest_dist,BASE_rule,0,n2
2_2465_N2B-ordinal1,2,nearest_class,BASE_rule,1,n2
2_2465_N2C-radius1,2,counting,BASE_rule,0,n2
2_2468_N2A-novelband1,2,nearest_dist,BASE_rule,0,n2
2_2468_N2B-ordinal1,2,nearest_class,BASE_rule,1,n2
2_2468_N2C-radius1,2,counting,BASE_rule,1,n2
2_2537_N2A-novelband1,2,nearest_dist,BASE_rule,0,n2
2_2537_N2B-ordinal1,2,nearest_class,BASE_rule,1,n2
2_2537_N2C-radius1,2,counting,BASE_rule,0,n2
2_2539_N2A-novelband1,2,nearest_dist,BASE_rule,0,n2
2_2539_N2B-ordinal1,2,nearest_class,BASE_rule,1,n2
2_2539_N2C-radius1,2,counting,BASE_rule,1,n2
2_2541_N2A-novelband1,2,nearest_dist,BASE_rule,0,n2
2_2541_N2B-ordinal1,2,nearest_class,BASE_rule,0,n2
2_2541_N2C-radius1,2,counting,BASE_rule,1,n2
2_2544_N2A-novelband1,2,nearest_dist,BASE_rule,0,n2
2_2544_N2B-ordinal1,2,nearest_class,BASE_rule,1,n2
2_2544_N2C-radius1,2,counting,BASE_rule,1,n2
2_2545_N2A-novelband1,2,nearest_dist,BASE_rule,1,n2
2_2545_N2B-ordinal1,2,nearest_class,BASE_rule,0,n2
2_2545_N2C-radius1,2,counting,BASE_rule,1,n2
2_5041_N2A-novelband1,2,nearest_dist,BASE_rule,0,n2
2_5041_N2B-ordinal1,2,nearest_class,BASE_rule,1,n2
2_5041_N2C-radius1,2,counting,BASE_rule,1,n2
2_5044_N2A-novelband1,2,nearest_dist,BASE_rule,0,n2
2_5044_N2B-ordinal1,2,nearest_class,BASE_rule,0,n2
2_5044_N2C-radius1,2,counting,BASE_rule,0,n2
2_5046_N2A-novelband1,2,nearest_dist,BASE_rule,1,n2
2_5046_N2B-ordinal1,2,nearest_class,BASE_rule,0,n2
2_5046_N2C-radius1,2,counting,BASE_rule,0,n2
2_5048_N2A-novelband1,2,nearest_dist,BASE_rule,0,n2
2_5048_N2B-ordinal1,2,nearest_class,BASE_rule,1,n2
2_5048_N2C-radius1,2,counting,BASE_rule,1,n2
2_5051_N2A-novelband1,2,nearest_dist,BASE_rule,1,n2
2_5051_N2B-ordinal1,2,nearest_class,BASE_rule,1,n2
2_5051_N2C-radius1,2,counting,BASE_rule,1,n2
2_5058_N2A-novelband1,2,nearest_dist,BASE_rule,0,n2
2_5058_N2B-ordinal1,2,nearest_class,BASE_rule,0,n2
2_5058_N2C-radius1,2,counting,BASE_rule,0,n2
2_5060_N2A-novelband1,2,nearest_dist,BASE_rule,0,n2
2_5060_N2B-ordinal1,2,nearest_class,BASE_rule,1,n2
2_5060_N2C-radius1,2,counting,BASE_rule,1,n2
2_5081_N2A-novelband1,2,nearest_dist,BASE_rule,0,n2
2_5081_N2B-ordinal1,2,nearest_class,BASE_rule,1,n2
2_5081_N2C-radius1,2,counting,BASE_rule,0,n2
2_5084_N2A-novelband1,2,nearest_dist,BASE_rule,0,n2
2_5084_N2B-ordinal1,2,nearest_class,BASE_rule,1,n2
2_5084_N2C-radius1,2,counting,BASE_rule,0,n2
2_5086_N2A-novelband1,2,nearest_dist,BASE_rule,0,n2
2_5086_N2B-ordinal1,2,nearest_class,BASE_rule,0,n2
2_5086_N2C-radius1,2,counting,BASE_rule,0,n2
2_5091_N2A-novelband1,2,nearest_dist,BASE_rule,1,n2
2_5091_N2B-ordinal1,2,nearest_class,BASE_rule,1,n2
2_5091_N2C-radius1,2,counting,BASE_rule,0,n2
2_5093_N2A-novelband1,2,nearest_dist,BASE_rule,1,n2
2_5093_N2B-ordinal1,2,nearest_class,BASE_rule,1,n2
2_5093_N2C-radius1,2,counting,BASE_rule,0,n2
2_5094_N2A-novelband1,2,nearest_dist,BASE_rule,1,n2
2_5094_N2B-ordinal1,2,nearest_class,BASE_rule,1,n2
2_5094_N2C-radius1,2,counting,BASE_rule,1,n2
2_5101_N2A-novelband1,2,nearest_dist,BASE_rule,1,n2
2_5101_N2B-ordinal1,2,nearest_class,BASE_rule,0,n2
2_5101_N2C-radius1,2,counting,BASE_rule,0,n2
2_5104_N2A-novelband1,2,nearest_dist,BASE_rule,1,n2
2_5104_N2B-ordinal1,2,nearest_class,BASE_rule,0,n2
2_5104_N2C-radius1,2,counting,BASE_rule,0,n2
2_5109_N2A-novelband1,2,nearest_dist,BASE_rule,1,n2
2_5109_N2B-ordinal1,2,nearest_class,BASE_rule,1,n2
2_5109_N2C-radius1,2,counting,BASE_rule,1,n2
2_5111_N2A-novelband1,2,nearest_dist,BASE_rule,1,n2
2_5111_N2B-ordinal1,2,nearest_class,BASE_rule,0,n2
2_5111_N2C-radius1,2,counting,BASE_rule,0,n2
2_5112_N2A-novelband1,2,nearest_dist,BASE_rule,1,n2
2_5112_N2B-ordinal1,2,nearest_class,BASE_rule,0,n2
2_5112_N2C-radius1,2,counting,BASE_rule,1,n2
2_5114_N2A-novelband1,2,nearest_dist,BASE_rule,1,n2
2_5114_N2B-ordinal1,2,nearest_class,BASE_rule,1,n2
2_5114_N2C-radius1,2,counting,BASE_rule,1,n2
2_5120_N2A-novelband1,2,nearest_dist,BASE_rule,0,n2
2_5120_N2B-ordinal1,2,nearest_class,BASE_rule,0,n2
2_5120_N2C-radius1,2,counting,BASE_rule,0,n2
2_5122_N2A-novelband1,2,nearest_dist,BASE_rule,0,n2
2_5122_N2B-ordinal1,2,nearest_class,BASE_rule,0,n2
2_5122_N2C-radius1,2,counting,BASE_rule,0,n2
2_5126_N2A-novelband1,2,nearest_dist,BASE_rule,0,n2
2_5126_N2B-ordinal1,2,nearest_class,BASE_rule,0,n2
2_5126_N2C-radius1,2,counting,BASE_rule,1,n2
2_5129_N2A-novelband1,2,nearest_dist,BASE_rule,0,n2
2_5129_N2B-ordinal1,2,nearest_class,BASE_rule,0,n2
2_5129_N2C-radius1,2,counting,BASE_rule,0,n2
2_5198_N2A-novelband1,2,nearest_dist,BASE_rule,1,n2
2_5198_N2B-ordinal1,2,nearest_class,BASE_rule,0,n2
2_5198_N2C-radius1,2,counting,BASE_rule,0,n2
2_5202_N2A-novelband1,2,nearest_dist,BASE_rule,0,n2
2_5202_N2B-ordinal1,2,nearest_class,BASE_rule,0,n2
2_5202_N2C-radius1,2,counting,BASE_rule,1,n2
2_5203_N2A-novelband1,2,nearest_dist,BASE_rule,0,n2
2_5203_N2B-ordinal1,2,nearest_class,BASE_rule,1,n2
2_5203_N2C-radius1,2,counting,BASE_rule,1,n2
2_5205_N2A-novelband1,2,nearest_dist,BASE_rule,0,n2
2_5205_N2B-ordinal1,2,nearest_class,BASE_rule,0,n2
2_5205_N2C-radius1,2,counting,BASE_rule,1,n2
2_5289_N2A-novelband1,2,nearest_dist,BASE_rule,0,n2
2_5289_N2B-ordinal1,2,nearest_class,BASE_rule,0,n2
2_5289_N2C-radius1,2,counting,BASE_rule,1,n2
2_5293_N2A-novelband1,2,nearest_dist,BASE_rule,1,n2
2_5293_N2B-ordinal1,2,nearest_class,BASE_rule,1,n2
2_5293_N2C-radius1,2,counting,BASE_rule,1,n2
2_5338_N2A-novelband1,2,nearest_dist,BASE_rule,0,n2
2_5338_N2B-ordinal1,2,nearest_class,BASE_rule,1,n2
2_5338_N2C-radius1,2,counting,BASE_rule,0,n2
2_5339_N2A-novelband1,2,nearest_dist,BASE_rule,0,n2
2_5339_N2B-ordinal1,2,nearest_class,BASE_rule,0,n2
2_5339_N2C-radius1,2,counting,BASE_rule,1,n2
2_5587_N2A-novelband1,2,nearest_dist,BASE_rule,0,n2
2_5587_N2B-ordinal1,2,nearest_class,BASE_rule,1,n2
2_5587_N2C-radius1,2,counting,BASE_rule,0,n2
2_5589_N2A-novelband1,2,nearest_dist,BASE_rule,1,n2
2_5589_N2B-ordinal1,2,nearest_class,BASE_rule,0,n2
2_5589_N2C-radius1,2,counting,BASE_rule,0,n2
2_5591_N2A-novelband1,2,nearest_dist,BASE_rule,1,n2
2_5591_N2B-ordinal1,2,nearest_class,BASE_rule,0,n2
2_5591_N2C-radius1,2,counting,BASE_rule,1,n2
2_5593_N2A-novelband1,2,nearest_dist,BASE_rule,1,n2
2_5593_N2B-ordinal1,2,nearest_class,BASE_rule,0,n2
2_5593_N2C-radius1,2,counting,BASE_rule,0,n2
2_5595_N2A-novelband1,2,nearest_dist,BASE_rule,0,n2
2_5595_N2B-ordinal1,2,nearest_class,BASE_rule,1,n2
2_5595_N2C-radius1,2,counting,BASE_rule,0,n2
2_6852_N2A-novelband1,2,nearest_dist,BASE_rule,1,n2
2_6852_N2B-ordinal1,2,nearest_class,BASE_rule,0,n2
2_6852_N2C-radius1,2,counting,BASE_rule,0,n2
2_6962_N2A-novelband1,2,nearest_dist,BASE_rule,0,n2
2_6962_N2B-ordinal1,2,nearest_class,BASE_rule,0,n2
2_6962_N2C-radius1,2,counting,BASE_rule,1,n2
2_6968_N2A-novelband1,2,nearest_dist,BASE_rule,0,n2
2_6968_N2B-ordinal1,2,nearest_class,BASE_rule,1,n2
2_6968_N2C-radius1,2,counting,BASE_rule,0,n2
2_6970_N2A-novelband1,2,nearest_dist,BASE_rule,0,n2
2_6970_N2B-ordinal1,2,nearest_class,BASE_rule,0,n2
2_6970_N2C-radius1,2,counting,BASE_rule,1,n2
2_6974_N2A-novelband1,2,nearest_dist,BASE_rule,1,n2
2_6974_N2B-ordinal1,2,nearest_class,BASE_rule,1,n2
2_6974_N2C-radius1,2,counting,BASE_rule,0,n2
2_6975_N2A-novelband1,2,nearest_dist,BASE_rule,0,n2
2_6975_N2B-ordinal1,2,nearest_class,BASE_rule,1,n2
2_6975_N2C-radius1,2,counting,BASE_rule,0,n2
2_6988_N2A-novelband1,2,nearest_dist,BASE_rule,0,n2
2_6988_N2B-ordinal1,2,nearest_class,BASE_rule,1,n2
2_6988_N2C-radius1,2,counting,BASE_rule,0,n2
2_6990_N2A-novelband1,2,nearest_dist,BASE_rule,0,n2
2_6990_N2B-ordinal1,2,nearest_class,BASE_rule,0,n2
2_6990_N2C-radius1,2,counting,BASE_rule,0,n2
2_7032_N2A-novelband1,2,nearest_dist,BASE_rule,0,n2
2_7032_N2B-ordinal1,2,nearest_class,BASE_rule,0,n2
2_7032_N2C-radius1,2,counting,BASE_rule,1,n2
2_7141_N2A-novelband1,2,nearest_dist,BASE_rule,0,n2
2_7141_N2B-ordinal1,2,nearest_class,BASE_rule,1,n2
2_7141_N2C-radius1,2,counting,BASE_rule,0,n2
2_7142_N2A-novelband1,2,nearest_dist,BASE_rule,1,n2
2_7142_N2B-ordinal1,2,nearest_class,BASE_rule,1,n2
2_7142_N2C-radius1,2,counting,BASE_rule,1,n2
2_7149_N2A-novelband1,2,nearest_dist,BASE_rule,0,n2
2_7149_N2B-ordinal1,2,nearest_class,BASE_rule,1,n2
2_7149_N2C-radius1,2,counting,BASE_rule,0,n2
3_11984_N2A-novelband1,3,nearest_dist,BASE_rule,0,n2
3_11984_N2B-ordinal1,3,nearest_class,BASE_rule,1,n2
3_11984_N2C-radius1,3,counting,BASE_rule,0,n2
3_12067_N2A-novelband1,3,nearest_dist,BASE_rule,0,n2
3_12067_N2B-ordinal1,3,nearest_class,BASE_rule,0,n2
3_12067_N2C-radius1,3,counting,BASE_rule,0,n2
3_12069_N2A-novelband1,3,nearest_dist,BASE_rule,0,n2
3_12069_N2B-ordinal1,3,nearest_class,BASE_rule,1,n2
3_12069_N2C-radius1,3,counting,BASE_rule,0,n2
3_12072_N2A-novelband1,3,nearest_dist,BASE_rule,0,n2
3_12072_N2B-ordinal1,3,nearest_class,BASE_rule,0,n2
3_12072_N2C-radius1,3,counting,BASE_rule,0,n2
3_12075_N2A-novelband1,3,nearest_dist,BASE_rule,0,n2
3_12075_N2B-ordinal1,3,nearest_class,BASE_rule,0,n2
3_12075_N2C-radius1,3,counting,BASE_rule,0,n2
3_12137_N2A-novelband1,3,nearest_dist,BASE_rule,0,n2
3_12137_N2B-ordinal1,3,nearest_class,BASE_rule,0,n2
3_12137_N2C-radius1,3,counting,BASE_rule,1,n2
3_12145_N2A-novelband1,3,nearest_dist,BASE_rule,1,n2
3_12145_N2B-ordinal1,3,nearest_class,BASE_rule,1,n2
3_12145_N2C-radius1,3,counting,BASE_rule,1,n2
3_12149_N2A-novelband1,3,nearest_dist,BASE_rule,1,n2
3_12149_N2B-ordinal1,3,nearest_class,BASE_rule,1,n2
3_12149_N2C-radius1,3,counting,BASE_rule,1,n2
3_1820_N2A-novelband1,3,nearest_dist,BASE_rule,0,n2
3_1820_N2B-ordinal1,3,nearest_class,BASE_rule,1,n2
3_1820_N2C-radius1,3,counting,BASE_rule,0,n2
3_1825_N2A-novelband1,3,nearest_dist,BASE_rule,0,n2
3_1825_N2B-ordinal1,3,nearest_class,BASE_rule,0,n2
3_1825_N2C-radius1,3,counting,BASE_rule,1,n2
3_1826_N2A-novelband1,3,nearest_dist,BASE_rule,0,n2
3_1826_N2B-ordinal1,3,nearest_class,BASE_rule,1,n2
3_1826_N2C-radius1,3,counting,BASE_rule,1,n2
3_1837_N2A-novelband1,3,nearest_dist,BASE_rule,0,n2
3_1837_N2B-ordinal1,3,nearest_class,BASE_rule,0,n2
3_1837_N2C-radius1,3,counting,BASE_rule,1,n2
3_1840_N2A-novelband1,3,nearest_dist,BASE_rule,0,n2
3_1840_N2B-ordinal1,3,nearest_class,BASE_rule,0,n2
3_1840_N2C-radius1,3,counting,BASE_rule,1,n2
3_1842_N2A-novelband1,3,nearest_dist,BASE_rule,1,n2
3_1842_N2B-ordinal1,3,nearest_class,BASE_rule,0,n2
3_1842_N2C-radius1,3,counting,BASE_rule,1,n2
3_1844_N2A-novelband1,3,nearest_dist,BASE_rule,1,n2
3_1844_N2B-ordinal1,3,nearest_class,BASE_rule,1,n2
3_1844_N2C-radius1,3,counting,BASE_rule,0,n2
3_1933_N2A-novelband1,3,nearest_dist,BASE_rule,0,n2
3_1933_N2B-ordinal1,3,nearest_class,BASE_rule,0,n2
3_1933_N2C-radius1,3,counting,BASE_rule,0,n2
3_1934_N2A-novelband1,3,nearest_dist,BASE_rule,1,n2
3_1934_N2B-ordinal1,3,nearest_class,BASE_rule,1,n2
3_1934_N2C-radius1,3,counting,BASE_rule,0,n2
3_1937_N2A-novelband1,3,nearest_dist,BASE_rule,1,n2
3_1937_N2B-ordinal1,3,nearest_class,BASE_rule,0,n2
3_1937_N2C-radius1,3,counting,BASE_rule,0,n2
3_1942_N2A-novelband1,3,nearest_dist,BASE_rule,1,n2
3_1942_N2B-ordinal1,3,nearest_class,BASE_rule,0,n2
3_1942_N2C-radius1,3,counting,BASE_rule,1,n2
3_1996_N2A-novelband1,3,nearest_dist,BASE_rule,0,n2
3_1996_N2B-ordinal1,3,nearest_class,BASE_rule,1,n2
3_1996_N2C-radius1,3,counting,BASE_rule,0,n2
3_2000_N2A-novelband1,3,nearest_dist,BASE_rule,1,n2
3_2000_N2B-ordinal1,3,nearest_class,BASE_rule,1,n2
3_2000_N2C-radius1,3,counting,BASE_rule,0,n2
3_2001_N2A-novelband1,3,nearest_dist,BASE_rule,0,n2
3_2001_N2B-ordinal1,3,nearest_class,BASE_rule,0,n2
3_2001_N2C-radius1,3,counting,BASE_rule,0,n2
3_2009_N2A-novelband1,3,nearest_dist,BASE_rule,0,n2
3_2009_N2B-ordinal1,3,nearest_class,BASE_rule,0,n2
3_2009_N2C-radius1,3,counting,BASE_rule,0,n2
3_2015_N2A-novelband1,3,nearest_dist,BASE_rule,0,n2
3_2015_N2B-ordinal1,3,nearest_class,BASE_rule,1,n2
3_2015_N2C-radius1,3,counting,BASE_rule,0,n2
3_2026_N2A-novelband1,3,nearest_dist,BASE_rule,0,n2
3_2026_N2B-ordinal1,3,nearest_class,BASE_rule,0,n2
3_2026_N2C-radius1,3,counting,BASE_rule,1,n2
3_2027_N2A-novelband1,3,nearest_dist,BASE_rule,0,n2
3_2027_N2B-ordinal1,3,nearest_class,BASE_rule,1,n2
3_2027_N2C-radius1,3,counting,BASE_rule,0,n2
3_2033_N2A-novelband1,3,nearest_dist,BASE_rule,1,n2
3_2033_N2B-ordinal1,3,nearest_class,BASE_rule,0,n2
3_2033_N2C-radius1,3,counting,BASE_rule,0,n2
4_1337_N2A-novelband1,4,nearest_dist,BASE_rule,0,n2
4_1337_N2B-ordinal1,4,nearest_class,BASE_rule,0,n2
4_1337_N2C-radius1,4,counting,BASE_rule,0,n2
4_1340_N2A-novelband1,4,nearest_dist,BASE_rule,0,n2
4_1340_N2B-ordinal1,4,nearest_class,BASE_rule,1,n2
4_1340_N2C-radius1,4,counting,BASE_rule,0,n2
4_1343_N2A-novelband1,4,nearest_dist,BASE_rule,0,n2
4_1343_N2B-ordinal1,4,nearest_class,BASE_rule,0,n2
4_1343_N2C-radius1,4,counting,BASE_rule,0,n2
4_1427_N2A-novelband1,4,nearest_dist,BASE_rule,1,n2
4_1427_N2B-ordinal1,4,nearest_class,BASE_rule,0,n2
4_1427_N2C-radius1,4,counting,BASE_rule,0,n2
4_1431_N2A-novelband1,4,nearest_dist,BASE_rule,1,n2
4_1431_N2B-ordinal1,4,nearest_class,BASE_rule,0,n2
4_1431_N2C-radius1,4,counting,BASE_rule,1,n2
4_1475_N2A-novelband1,4,nearest_dist,BASE_rule,1,n2
4_1475_N2B-ordinal1,4,nearest_class,BASE_rule,0,n2
4_1475_N2C-radius1,4,counting,BASE_rule,1,n2
4_1476_N2A-novelband1,4,nearest_dist,BASE_rule,0,n2
4_1476_N2B-ordinal1,4,nearest_class,BASE_rule,0,n2
4_1476_N2C-radius1,4,counting,BASE_rule,1,n2
4_6639_N2A-novelband1,4,nearest_dist,BASE_rule,0,n2
4_6639_N2B-ordinal1,4,nearest_class,BASE_rule,0,n2
4_6639_N2C-radius1,4,counting,BASE_rule,0,n2
4_6640_N2A-novelband1,4,nearest_dist,BASE_rule,1,n2
4_6640_N2B-ordinal1,4,nearest_class,BASE_rule,0,n2
4_6640_N2C-radius1,4,counting,BASE_rule,1,n2
4_6644_N2A-novelband1,4,nearest_dist,BASE_rule,0,n2
4_6644_N2B-ordinal1,4,nearest_class,BASE_rule,0,n2
4_6644_N2C-radius1,4,counting,BASE_rule,0,n2
4_6651_N2A-novelband1,4,nearest_dist,BASE_rule,1,n2
4_6651_N2B-ordinal1,4,nearest_class,BASE_rule,0,n2
4_6651_N2C-radius1,4,counting,BASE_rule,0,n2
4_6653_N2A-novelband1,4,nearest_dist,BASE_rule,0,n2
4_6653_N2B-ordinal1,4,nearest_class,BASE_rule,0,n2
4_6653_N2C-radius1,4,counting,BASE_rule,0,n2
4_6656_N2A-novelband1,4,nearest_dist,BASE_rule,0,n2
4_6656_N2B-ordinal1,4,nearest_class,BASE_rule,0,n2
4_6656_N2C-radius1,4,counting,BASE_rule,1,n2
4_6663_N2A-novelband1,4,nearest_dist,BASE_rule,0,n2
4_6663_N2B-ordinal1,4,nearest_class,BASE_rule,1,n2
4_6663_N2C-radius1,4,counting,BASE_rule,1,n2
4_6694_N2A-novelband1,4,nearest_dist,BASE_rule,0,n2
4_6694_N2B-ordinal1,4,nearest_class,BASE_rule,0,n2
4_6694_N2C-radius1,4,counting,BASE_rule,0,n2
4_6769_N2A-novelband1,4,nearest_dist,BASE_rule,0,n2
4_6769_N2B-ordinal1,4,nearest_class,BASE_rule,0,n2
4_6769_N2C-radius1,4,counting,BASE_rule,0,n2
4_6774_N2A-novelband1,4,nearest_dist,BASE_rule,0,n2
4_6774_N2B-ordinal1,4,nearest_class,BASE_rule,1,n2
4_6774_N2C-radius1,4,counting,BASE_rule,0,n2
4_6777_N2A-novelband1,4,nearest_dist,BASE_rule,0,n2
4_6777_N2B-ordinal1,4,nearest_class,BASE_rule,1,n2
4_6777_N2C-radius1,4,counting,BASE_rule,0,n2
4_6782_N2A-novelband1,4,nearest_dist,BASE_rule,0,n2
4_6782_N2B-ordinal1,4,nearest_class,BASE_rule,0,n2
4_6782_N2C-radius1,4,counting,BASE_rule,0,n2
4_6796_N2A-novelband1,4,nearest_dist,BASE_rule,0,n2
4_6796_N2B-ordinal1,4,nearest_class,BASE_rule,0,n2
4_6796_N2C-radius1,4,counting,BASE_rule,0,n2
4_6799_N2A-novelband1,4,nearest_dist,BASE_rule,0,n2
4_6799_N2B-ordinal1,4,nearest_class,BASE_rule,1,n2
4_6799_N2C-radius1,4,counting,BASE_rule,1,n2
4_6804_N2A-novelband1,4,nearest_dist,BASE_rule,0,n2
4_6804_N2B-ordinal1,4,nearest_class,BASE_rule,0,n2
4_6804_N2C-radius1,4,counting,BASE_rule,0,n2
4_6807_N2A-novelband1,4,nearest_dist,BASE_rule,0,n2
4_6807_N2B-ordinal1,4,nearest_class,BASE_rule,0,n2
4_6807_N2C-radius1,4,counting,BASE_rule,1,n2
4_6875_N2A-novelband1,4,nearest_dist,BASE_rule,0,n2
4_6875_N2B-ordinal1,4,nearest_class,BASE_rule,1,n2
4_6875_N2C-radius1,4,counting,BASE_rule,0,n2
4_6880_N2A-novelband1,4,nearest_dist,BASE_rule,0,n2
4_6880_N2B-ordinal1,4,nearest_class,BASE_rule,1,n2
4_6880_N2C-radius1,4,counting,BASE_rule,0,n2
4_6882_N2A-novelband1,4,nearest_dist,BASE_rule,0,n2
4_6882_N2B-ordinal1,4,nearest_class,BASE_rule,0,n2
4_6882_N2C-radius1,4,counting,BASE_rule,0,n2
4_6883_N2A-novelband1,4,nearest_dist,BASE_rule,1,n2
4_6883_N2B-ordinal1,4,nearest_class,BASE_rule,0,n2
4_6883_N2C-radius1,4,counting,BASE_rule,0,n2
4_6895_N2A-novelband1,4,nearest_dist,BASE_rule,0,n2
4_6895_N2B-ordinal1,4,nearest_class,BASE_rule,0,n2
4_6895_N2C-radius1,4,counting,BASE_rule,0,n2
4_6903_N2A-novelband1,4,nearest_dist,BASE_rule,1,n2
4_6903_N2B-ordinal1,4,nearest_class,BASE_rule,1,n2
4_6903_N2C-radius1,4,counting,BASE_rule,0,n2
4_6906_N2A-novelband1,4,nearest_dist,BASE_rule,1,n2
4_6906_N2B-ordinal1,4,nearest_class,BASE_rule,0,n2
4_6906_N2C-radius1,4,counting,BASE_rule,1,n2
4_6909_N2A-novelband1,4,nearest_dist,BASE_rule,0,n2
4_6909_N2B-ordinal1,4,nearest_class,BASE_rule,1,n2
4_6909_N2C-radius1,4,counting,BASE_rule,0,n2
4_6912_N2A-novelband1,4,nearest_dist,BASE_rule,0,n2
4_6912_N2B-ordinal1,4,nearest_class,BASE_rule,0,n2
4_6912_N2C-radius1,4,counting,BASE_rule,0,n2
4_6923_N2A-novelband1,4,nearest_dist,BASE_rule,0,n2
4_6923_N2B-ordinal1,4,nearest_class,BASE_rule,0,n2
4_6923_N2C-radius1,4,counting,BASE_rule,0,n2
4_6926_N2A-novelband1,4,nearest_dist,BASE_rule,1,n2
4_6926_N2B-ordinal1,4,nearest_class,BASE_rule,1,n2
4_6926_N2C-radius1,4,counting,BASE_rule,0,n2
4_6933_N2A-novelband1,4,nearest_dist,BASE_rule,0,n2
4_6933_N2B-ordinal1,4,nearest_class,BASE_rule,0,n2
4_6933_N2C-radius1,4,counting,BASE_rule,1,n2
5_1803_N2A-novelband1,5,nearest_dist,BASE_rule,0,n2
5_1803_N2B-ordinal1,5,nearest_class,BASE_rule,1,n2
5_1803_N2C-radius1,5,counting,BASE_rule,0,n2
5_1810_N2A-novelband1,5,nearest_dist,BASE_rule,0,n2
5_1810_N2B-ordinal1,5,nearest_class,BASE_rule,1,n2
5_1810_N2C-radius1,5,counting,BASE_rule,1,n2
5_1848_N2A-novelband1,5,nearest_dist,BASE_rule,0,n2
5_1848_N2B-ordinal1,5,nearest_class,BASE_rule,1,n2
5_1848_N2C-radius1,5,counting,BASE_rule,0,n2
6_10385_N2A-novelband1,6,nearest_dist,BASE_rule,1,n2
6_10385_N2B-ordinal1,6,nearest_class,BASE_rule,1,n2
6_10385_N2C-radius1,6,counting,BASE_rule,0,n2
6_10386_N2A-novelband1,6,nearest_dist,BASE_rule,1,n2
6_10386_N2B-ordinal1,6,nearest_class,BASE_rule,1,n2
6_10386_N2C-radius1,6,counting,BASE_rule,0,n2
6_10388_N2A-novelband1,6,nearest_dist,BASE_rule,0,n2
6_10388_N2B-ordinal1,6,nearest_class,BASE_rule,0,n2
6_10388_N2C-radius1,6,counting,BASE_rule,0,n2
6_10393_N2A-novelband1,6,nearest_dist,BASE_rule,0,n2
6_10393_N2B-ordinal1,6,nearest_class,BASE_rule,1,n2
6_10393_N2C-radius1,6,counting,BASE_rule,1,n2
6_10395_N2A-novelband1,6,nearest_dist,BASE_rule,1,n2
6_10395_N2B-ordinal1,6,nearest_class,BASE_rule,0,n2
6_10395_N2C-radius1,6,counting,BASE_rule,0,n2
6_10430_N2A-novelband1,6,nearest_dist,BASE_rule,0,n2
6_10430_N2B-ordinal1,6,nearest_class,BASE_rule,1,n2
6_10430_N2C-radius1,6,counting,BASE_rule,0,n2
6_10434_N2A-novelband1,6,nearest_dist,BASE_rule,0,n2
6_10434_N2B-ordinal1,6,nearest_class,BASE_rule,0,n2
6_10434_N2C-radius1,6,counting,BASE_rule,1,n2
6_10440_N2A-novelband1,6,nearest_dist,BASE_rule,0,n2
6_10440_N2B-ordinal1,6,nearest_class,BASE_rule,0,n2
6_10440_N2C-radius1,6,counting,BASE_rule,1,n2
6_10441_N2A-novelband1,6,nearest_dist,BASE_rule,0,n2
6_10441_N2B-ordinal1,6,nearest_class,BASE_rule,0,n2
6_10441_N2C-radius1,6,counting,BASE_rule,1,n2
6_10442_N2A-novelband1,6,nearest_dist,BASE_rule,0,n2
6_10442_N2B-ordinal1,6,nearest_class,BASE_rule,1,n2
6_10442_N2C-radius1,6,counting,BASE_rule,0,n2
6_10453_N2A-novelband1,6,nearest_dist,BASE_rule,1,n2
6_10453_N2B-ordinal1,6,nearest_class,BASE_rule,1,n2
6_10453_N2C-radius1,6,counting,BASE_rule,0,n2
6_10457_N2A-novelband1,6,nearest_dist,BASE_rule,1,n2
6_10457_N2B-ordinal1,6,nearest_class,BASE_rule,0,n2
6_10457_N2C-radius1,6,counting,BASE_rule,0,n2
6_10465_N2A-novelband1,6,nearest_dist,BASE_rule,0,n2
6_10465_N2B-ordinal1,6,nearest_class,BASE_rule,0,n2
6_10465_N2C-radius1,6,counting,BASE_rule,0,n2
6_10471_N2A-novelband1,6,nearest_dist,BASE_rule,0,n2
6_10471_N2B-ordinal1,6,nearest_class,BASE_rule,1,n2
6_10471_N2C-radius1,6,counting,BASE_rule,0,n2
6_10472_N2A-novelband1,6,nearest_dist,BASE_rule,1,n2
6_10472_N2B-ordinal1,6,nearest_class,BASE_rule,0,n2
6_10472_N2C-radius1,6,counting,BASE_rule,1,n2
6_10478_N2A-novelband1,6,nearest_dist,BASE_rule,0,n2
6_10478_N2B-ordinal1,6,nearest_class,BASE_rule,0,n2
6_10478_N2C-radius1,6,counting,BASE_rule,1,n2
6_10563_N2A-novelband1,6,nearest_dist,BASE_rule,0,n2
6_10563_N2B-ordinal1,6,nearest_class,BASE_rule,0,n2
6_10563_N2C-radius1,6,counting,BASE_rule,0,n2
6_1243_N2A-novelband1,6,nearest_dist,BASE_rule,0,n2
6_1243_N2B-ordinal1,6,nearest_class,BASE_rule,0,n2
6_1243_N2C-radius1,6,counting,BASE_rule,0,n2
6_1245_N2A-novelband1,6,nearest_dist,BASE_rule,1,n2
6_1245_N2B-ordinal1,6,nearest_class,BASE_rule,0,n2
6_1245_N2C-radius1,6,counting,BASE_rule,0,n2
6_1253_N2A-novelband1,6,nearest_dist,BASE_rule,1,n2
6_1253_N2B-ordinal1,6,nearest_class,BASE_rule,0,n2
6_1253_N2C-radius1,6,counting,BASE_rule,0,n2
6_1254_N2A-novelband1,6,nearest_dist,BASE_rule,0,n2
6_1254_N2B-ordinal1,6,nearest_class,BASE_rule,0,n2
6_1254_N2C-radius1,6,counting,BASE_rule,1,n2
6_1322_N2A-novelband1,6,nearest_dist,BASE_rule,0,n2
6_1322_N2B-ordinal1,6,nearest_class,BASE_rule,0,n2
6_1322_N2C-radius1,6,counting,BASE_rule,1,n2
6_1324_N2A-novelband1,6,nearest_dist,BASE_rule,0,n2
6_1324_N2B-ordinal1,6,nearest_class,BASE_rule,0,n2
6_1324_N2C-radius1,6,counting,BASE_rule,0,n2
6_1421_N2A-novelband1,6,nearest_dist,BASE_rule,0,n2
6_1421_N2B-ordinal1,6,nearest_class,BASE_rule,1,n2
6_1421_N2C-radius1,6,counting,BASE_rule,1,n2
6_2601_N2A-novelband1,6,nearest_dist,BASE_rule,0,n2
6_2601_N2B-ordinal1,6,nearest_class,BASE_rule,1,n2
6_2601_N2C-radius1,6,counting,BASE_rule,1,n2
6_2641_N2A-novelband1,6,nearest_dist,BASE_rule,0,n2
6_2641_N2B-ordinal1,6,nearest_class,BASE_rule,1,n2
6_2641_N2C-radius1,6,counting,BASE_rule,0,n2
6_2649_N2A-novelband1,6,nearest_dist,BASE_rule,0,n2
6_2649_N2B-ordinal1,6,nearest_class,BASE_rule,0,n2
6_2649_N2C-radius1,6,counting,BASE_rule,0,n2
6_2654_N2A-novelband1,6,nearest_dist,BASE_rule,1,n2
6_2654_N2B-ordinal1,6,nearest_class,BASE_rule,0,n2
6_2654_N2C-radius1,6,counting,BASE_rule,0,n2
6_2655_N2A-novelband1,6,nearest_dist,BASE_rule,1,n2
6_2655_N2B-ordinal1,6,nearest_class,BASE_rule,0,n2
6_2655_N2C-radius1,6,counting,BASE_rule,0,n2
6_2656_N2A-novelband1,6,nearest_dist,BASE_rule,0,n2
6_2656_N2B-ordinal1,6,nearest_class,BASE_rule,0,n2
6_2656_N2C-radius1,6,counting,BASE_rule,0,n2
6_2657_N2A-novelband1,6,nearest_dist,BASE_rule,1,n2
6_2657_N2B-ordinal1,6,nearest_class,BASE_rule,0,n2
6_2657_N2C-radius1,6,counting,BASE_rule,0,n2
6_2747_N2A-novelband1,6,nearest_dist,BASE_rule,1,n2
6_2747_N2B-ordinal1,6,nearest_class,BASE_rule,0,n2
6_2747_N2C-radius1,6,counting,BASE_rule,0,n2
6_2759_N2A-novelband1,6,nearest_dist,BASE_rule,0,n2
6_2759_N2B-ordinal1,6,nearest_class,BASE_rule,0,n2
6_2759_N2C-radius1,6,counting,BASE_rule,0,n2
6_2760_N2A-novelband1,6,nearest_dist,BASE_rule,1,n2
6_2760_N2B-ordinal1,6,nearest_class,BASE_rule,0,n2
6_2760_N2C-radius1,6,counting,BASE_rule,0,n2
6_2761_N2A-novelband1,6,nearest_dist,BASE_rule,0,n2
6_2761_N2B-ordinal1,6,nearest_class,BASE_rule,0,n2
6_2761_N2C-radius1,6,counting,BASE_rule,0,n2
6_2774_N2A-novelband1,6,nearest_dist,BASE_rule,0,n2
6_2774_N2B-ordinal1,6,nearest_class,BASE_rule,0,n2
6_2774_N2C-radius1,6,counting,BASE_rule,0,n2
6_2784_N2A-novelband1,6,nearest_dist,BASE_rule,1,n2
6_2784_N2B-ordinal1,6,nearest_class,BASE_rule,0,n2
6_2784_N2C-radius1,6,counting,BASE_rule,0,n2
6_2794_N2A-novelband1,6,nearest_dist,BASE_rule,0,n2
6_2794_N2B-ordinal1,6,nearest_class,BASE_rule,0,n2
6_2794_N2C-radius1,6,counting,BASE_rule,1,n2
6_2796_N2A-novelband1,6,nearest_dist,BASE_rule,0,n2
6_2796_N2B-ordinal1,6,nearest_class,BASE_rule,1,n2
6_2796_N2C-radius1,6,counting,BASE_rule,0,n2
6_2828_N2A-novelband1,6,nearest_dist,BASE_rule,1,n2
6_2828_N2B-ordinal1,6,nearest_class,BASE_rule,0,n2
6_2828_N2C-radius1,6,counting,BASE_rule,1,n2
6_2831_N2A-novelband1,6,nearest_dist,BASE_rule,0,n2
6_2831_N2B-ordinal1,6,nearest_class,BASE_rule,0,n2
6_2831_N2C-radius1,6,counting,BASE_rule,1,n2
6_2834_N2A-novelband1,6,nearest_dist,BASE_rule,1,n2
6_2834_N2B-ordinal1,6,nearest_class,BASE_rule,0,n2
6_2834_N2C-radius1,6,counting,BASE_rule,0,n2
6_2839_N2A-novelband1,6,nearest_dist,BASE_rule,0,n2
6_2839_N2B-ordinal1,6,nearest_class,BASE_rule,0,n2
6_2839_N2C-radius1,6,counting,BASE_rule,0,n2
6_2840_N2A-novelband1,6,nearest_dist,BASE_rule,0,n2
6_2840_N2B-ordinal1,6,nearest_class,BASE_rule,1,n2
6_2840_N2C-radius1,6,counting,BASE_rule,0,n2
6_2841_N2A-novelband1,6,nearest_dist,BASE_rule,1,n2
6_2841_N2B-ordinal1,6,nearest_class,BASE_rule,0,n2
6_2841_N2C-radius1,6,counting,BASE_rule,0,n2
6_2846_N2A-novelband1,6,nearest_dist,BASE_rule,1,n2
6_2846_N2B-ordinal1,6,nearest_class,BASE_rule,0,n2
6_2846_N2C-radius1,6,counting,BASE_rule,0,n2
6_2854_N2A-novelband1,6,nearest_dist,BASE_rule,1,n2
6_2854_N2B-ordinal1,6,nearest_class,BASE_rule,0,n2
6_2854_N2C-radius1,6,counting,BASE_rule,1,n2
6_2855_N2A-novelband1,6,nearest_dist,BASE_rule,0,n2
6_2855_N2B-ordinal1,6,nearest_class,BASE_rule,1,n2
6_2855_N2C-radius1,6,counting,BASE_rule,0,n2
6_2857_N2A-novelband1,6,nearest_dist,BASE_rule,0,n2
6_2857_N2B-ordinal1,6,nearest_class,BASE_rule,0,n2
6_2857_N2C-radius1,6,counting,BASE_rule,0,n2
6_2859_N2A-novelband1,6,nearest_dist,BASE_rule,1,n2
6_2859_N2B-ordinal1,6,nearest_class,BASE_rule,0,n2
6_2859_N2C-radius1,6,counting,BASE_rule,1,n2
6_4502_N2A-novelband1,6,nearest_dist,BASE_rule,0,n2
6_4502_N2B-ordinal1,6,nearest_class,BASE_rule,0,n2
6_4502_N2C-radius1,6,counting,BASE_rule,0,n2
6_4509_N2A-novelband1,6,nearest_dist,BASE_rule,0,n2
6_4509_N2B-ordinal1,6,nearest_class,BASE_rule,1,n2
6_4509_N2C-radius1,6,counting,BASE_rule,1,n2
6_4515_N2A-novelband1,6,nearest_dist,BASE_rule,1,n2
6_4515_N2B-ordinal1,6,nearest_class,BASE_rule,0,n2
6_4515_N2C-radius1,6,counting,BASE_rule,0,n2
6_4524_N2A-novelband1,6,nearest_dist,BASE_rule,1,n2
6_4524_N2B-ordinal1,6,nearest_class,BASE_rule,0,n2
6_4524_N2C-radius1,6,counting,BASE_rule,0,n2
6_4529_N2A-novelband1,6,nearest_dist,BASE_rule,0,n2
6_4529_N2B-ordinal1,6,nearest_class,BASE_rule,0,n2
6_4529_N2C-radius1,6,counting,BASE_rule,1,n2
6_4533_N2A-novelband1,6,nearest_dist,BASE_rule,0,n2
6_4533_N2B-ordinal1,6,nearest_class,BASE_rule,0,n2
6_4533_N2C-radius1,6,counting,BASE_rule,0,n2
6_4601_N2A-novelband1,6,nearest_dist,BASE_rule,1,n2
6_4601_N2B-ordinal1,6,nearest_class,BASE_rule,0,n2
6_4601_N2C-radius1,6,counting,BASE_rule,1,n2
6_4603_N2A-novelband1,6,nearest_dist,BASE_rule,1,n2
6_4603_N2B-ordinal1,6,nearest_class,BASE_rule,1,n2
6_4603_N2C-radius1,6,counting,BASE_rule,1,n2
6_4607_N2A-novelband1,6,nearest_dist,BASE_rule,0,n2
6_4607_N2B-ordinal1,6,nearest_class,BASE_rule,1,n2
6_4607_N2C-radius1,6,counting,BASE_rule,1,n2
6_4611_N2A-novelband1,6,nearest_dist,BASE_rule,0,n2
6_4611_N2B-ordinal1,6,nearest_class,BASE_rule,0,n2
6_4611_N2C-radius1,6,counting,BASE_rule,0,n2
6_4618_N2A-novelband1,6,nearest_dist,BASE_rule,1,n2
6_4618_N2B-ordinal1,6,nearest_class,BASE_rule,1,n2
6_4618_N2C-radius1,6,counting,BASE_rule,0,n2
6_4619_N2A-novelband1,6,nearest_dist,BASE_rule,0,n2
6_4619_N2B-ordinal1,6,nearest_class,BASE_rule,0,n2
6_4619_N2C-radius1,6,counting,BASE_rule,1,n2
6_4662_N2A-novelband1,6,nearest_dist,BASE_rule,0,n2
6_4662_N2B-ordinal1,6,nearest_class,BASE_rule,1,n2
6_4662_N2C-radius1,6,counting,BASE_rule,0,n2
6_4664_N2A-novelband1,6,nearest_dist,BASE_rule,0,n2
6_4664_N2B-ordinal1,6,nearest_class,BASE_rule,1,n2
6_4664_N2C-radius1,6,counting,BASE_rule,0,n2
6_4740_N2A-novelband1,6,nearest_dist,BASE_rule,1,n2
6_4740_N2B-ordinal1,6,nearest_class,BASE_rule,1,n2
6_4740_N2C-radius1,6,counting,BASE_rule,1,n2
6_4741_N2A-novelband1,6,nearest_dist,BASE_rule,0,n2
6_4741_N2B-ordinal1,6,nearest_class,BASE_rule,0,n2
6_4741_N2C-radius1,6,counting,BASE_rule,1,n2
6_4747_N2A-novelband1,6,nearest_dist,BASE_rule,0,n2
6_4747_N2B-ordinal1,6,nearest_class,BASE_rule,0,n2
6_4747_N2C-radius1,6,counting,BASE_rule,1,n2
6_4750_N2A-novelband1,6,nearest_dist,BASE_rule,0,n2
6_4750_N2B-ordinal1,6,nearest_class,BASE_rule,1,n2
6_4750_N2C-radius1,6,counting,BASE_rule,0,n2
6_4756_N2A-novelband1,6,nearest_dist,BASE_rule,0,n2
6_4756_N2B-ordinal1,6,nearest_class,BASE_rule,0,n2
6_4756_N2C-radius1,6,counting,BASE_rule,1,n2
6_4757_N2A-novelband1,6,nearest_dist,BASE_rule,0,n2
6_4757_N2B-ordinal1,6,nearest_class,BASE_rule,0,n2
6_4757_N2C-radius1,6,counting,BASE_rule,1,n2
6_4764_N2A-novelband1,6,nearest_dist,BASE_rule,0,n2
6_4764_N2B-ordinal1,6,nearest_class,BASE_rule,0,n2
6_4764_N2C-radius1,6,counting,BASE_rule,1,n2
6_4769_N2A-novelband1,6,nearest_dist,BASE_rule,0,n2
6_4769_N2B-ordinal1,6,nearest_class,BASE_rule,0,n2
6_4769_N2C-radius1,6,counting,BASE_rule,1,n2
6_4772_N2A-novelband1,6,nearest_dist,BASE_rule,0,n2
6_4772_N2B-ordinal1,6,nearest_class,BASE_rule,1,n2
6_4772_N2C-radius1,6,counting,BASE_rule,1,n2
6_4773_N2A-novelband1,6,nearest_dist,BASE_rule,0,n2
6_4773_N2B-ordinal1,6,nearest_class,BASE_rule,0,n2
6_4773_N2C-radius1,6,counting,BASE_rule,0,n2
6_4776_N2A-novelband1,6,nearest_dist,BASE_rule,0,n2
6_4776_N2B-ordinal1,6,nearest_class,BASE_rule,0,n2
6_4776_N2C-radius1,6,counting,BASE_rule,1,n2
6_5518_N2A-novelband1,6,nearest_dist,BASE_rule,1,n2
6_5518_N2B-ordinal1,6,nearest_class,BASE_rule,0,n2
6_5518_N2C-radius1,6,counting,BASE_rule,1,n2
6_5526_N2A-novelband1,6,nearest_dist,BASE_rule,1,n2
6_5526_N2B-ordinal1,6,nearest_class,BASE_rule,0,n2
6_5526_N2C-radius1,6,counting,BASE_rule,1,n2
6_5528_N2A-novelband1,6,nearest_dist,BASE_rule,1,n2
6_5528_N2B-ordinal1,6,nearest_class,BASE_rule,0,n2
6_5528_N2C-radius1,6,counting,BASE_rule,1,n2
6_5534_N2A-novelband1,6,nearest_dist,BASE_rule,1,n2
6_5534_N2B-ordinal1,6,nearest_class,BASE_rule,0,n2
6_5534_N2C-radius1,6,counting,BASE_rule,0,n2
6_5578_N2A-novelband1,6,nearest_dist,BASE_rule,0,n2
6_5578_N2B-ordinal1,6,nearest_class,BASE_rule,0,n2
6_5578_N2C-radius1,6,counting,BASE_rule,0,n2
6_5581_N2A-novelband1,6,nearest_dist,BASE_rule,1,n2
6_5581_N2B-ordinal1,6,nearest_class,BASE_rule,0,n2
6_5581_N2C-radius1,6,counting,BASE_rule,0,n2
6_5584_N2A-novelband1,6,nearest_dist,BASE_rule,0,n2
6_5584_N2B-ordinal1,6,nearest_class,BASE_rule,0,n2
6_5584_N2C-radius1,6,counting,BASE_rule,0,n2
6_5632_N2A-novelband1,6,nearest_dist,BASE_rule,1,n2
6_5632_N2B-ordinal1,6,nearest_class,BASE_rule,1,n2
6_5632_N2C-radius1,6,counting,BASE_rule,0,n2
6_5634_N2A-novelband1,6,nearest_dist,BASE_rule,1,n2
6_5634_N2B-ordinal1,6,nearest_class,BASE_rule,0,n2
6_5634_N2C-radius1,6,counting,BASE_rule,0,n2
6_5635_N2A-novelband1,6,nearest_dist,BASE_rule,0,n2
6_5635_N2B-ordinal1,6,nearest_class,BASE_rule,0,n2
6_5635_N2C-radius1,6,counting,BASE_rule,0,n2
6_5645_N2A-novelband1,6,nearest_dist,BASE_rule,1,n2
6_5645_N2B-ordinal1,6,nearest_class,BASE_rule,0,n2
6_5645_N2C-radius1,6,counting,BASE_rule,1,n2
6_5646_N2A-novelband1,6,nearest_dist,BASE_rule,0,n2
6_5646_N2B-ordinal1,6,nearest_class,BASE_rule,0,n2
6_5646_N2C-radius1,6,counting,BASE_rule,0,n2
6_5680_N2A-novelband1,6,nearest_dist,BASE_rule,1,n2
6_5680_N2B-ordinal1,6,nearest_class,BASE_rule,0,n2
6_5680_N2C-radius1,6,counting,BASE_rule,0,n2
6_5685_N2A-novelband1,6,nearest_dist,BASE_rule,0,n2
6_5685_N2B-ordinal1,6,nearest_class,BASE_rule,0,n2
6_5685_N2C-radius1,6,counting,BASE_rule,0,n2
6_5691_N2A-novelband1,6,nearest_dist,BASE_rule,1,n2
6_5691_N2B-ordinal1,6,nearest_class,BASE_rule,0,n2
6_5691_N2C-radius1,6,counting,BASE_rule,0,n2
6_5692_N2A-novelband1,6,nearest_dist,BASE_rule,0,n2
6_5692_N2B-ordinal1,6,nearest_class,BASE_rule,1,n2
6_5692_N2C-radius1,6,counting,BASE_rule,0,n2
6_5693_N2A-novelband1,6,nearest_dist,BASE_rule,1,n2
6_5693_N2B-ordinal1,6,nearest_class,BASE_rule,1,n2
6_5693_N2C-radius1,6,counting,BASE_rule,0,n2
6_5702_N2A-novelband1,6,nearest_dist,BASE_rule,1,n2
6_5702_N2B-ordinal1,6,nearest_class,BASE_rule,0,n2
6_5702_N2C-radius1,6,counting,BASE_rule,0,n2
6_5705_N2A-novelband1,6,nearest_dist,BASE_rule,0,n2
6_5705_N2B-ordinal1,6,nearest_class,BASE_rule,0,n2
6_5705_N2C-radius1,6,counting,BASE_rule,0,n2
6_5707_N2A-novelband1,6,nearest_dist,BASE_rule,0,n2
6_5707_N2B-ordinal1,6,nearest_class,BASE_rule,1,n2
6_5707_N2C-radius1,6,counting,BASE_rule,0,n2
6_5710_N2A-novelband1,6,nearest_dist,BASE_rule,0,n2
6_5710_N2B-ordinal1,6,nearest_class,BASE_rule,0,n2
6_5710_N2C-radius1,6,counting,BASE_rule,0,n2
6_5714_N2A-novelband1,6,nearest_dist,BASE_rule,1,n2
6_5714_N2B-ordinal1,6,nearest_class,BASE_rule,1,n2
6_5714_N2C-radius1,6,counting,BASE_rule,1,n2
6_5716_N2A-novelband1,6,nearest_dist,BASE_rule,0,n2
6_5716_N2B-ordinal1,6,nearest_class,BASE_rule,0,n2
6_5716_N2C-radius1,6,counting,BASE_rule,1,n2
6_5717_N2A-novelband1,6,nearest_dist,BASE_rule,1,n2
6_5717_N2B-ordinal1,6,nearest_class,BASE_rule,0,n2
6_5717_N2C-radius1,6,counting,BASE_rule,0,n2
6_5721_N2A-novelband1,6,nearest_dist,BASE_rule,0,n2
6_5721_N2B-ordinal1,6,nearest_class,BASE_rule,1,n2
6_5721_N2C-radius1,6,counting,BASE_rule,0,n2
6_5723_N2A-novelband1,6,nearest_dist,BASE_rule,1,n2
6_5723_N2B-ordinal1,6,nearest_class,BASE_rule,1,n2
6_5723_N2C-radius1,6,counting,BASE_rule,0,n2
6_5730_N2A-novelband1,6,nearest_dist,BASE_rule,0,n2
6_5730_N2B-ordinal1,6,nearest_class,BASE_rule,0,n2
6_5730_N2C-radius1,6,counting,BASE_rule,0,n2
6_5734_N2A-novelband1,6,nearest_dist,BASE_rule,0,n2
6_5734_N2B-ordinal1,6,nearest_class,BASE_rule,0,n2
6_5734_N2C-radius1,6,counting,BASE_rule,1,n2
6_8483_N2A-novelband1,6,nearest_dist,BASE_rule,0,n2
6_8483_N2B-ordinal1,6,nearest_class,BASE_rule,0,n2
6_8483_N2C-radius1,6,counting,BASE_rule,0,n2
6_8484_N2A-novelband1,6,nearest_dist,BASE_rule,0,n2
6_8484_N2B-ordinal1,6,nearest_class,BASE_rule,1,n2
6_8484_N2C-radius1,6,counting,BASE_rule,0,n2
6_8485_N2A-novelband1,6,nearest_dist,BASE_rule,1,n2
6_8485_N2B-ordinal1,6,nearest_class,BASE_rule,0,n2
6_8485_N2C-radius1,6,counting,BASE_rule,0,n2
6_8487_N2A-novelband1,6,nearest_dist,BASE_rule,0,n2
6_8487_N2B-ordinal1,6,nearest_class,BASE_rule,1,n2
6_8487_N2C-radius1,6,counting,BASE_rule,1,n2
6_8494_N2A-novelband1,6,nearest_dist,BASE_rule,0,n2
6_8494_N2B-ordinal1,6,nearest_class,BASE_rule,0,n2
6_8494_N2C-radius1,6,counting,BASE_rule,0,n2
6_8495_N2A-novelband1,6,nearest_dist,BASE_rule,0,n2
6_8495_N2B-ordinal1,6,nearest_class,BASE_rule,0,n2
6_8495_N2C-radius1,6,counting,BASE_rule,0,n2
6_8500_N2A-novelband1,6,nearest_dist,BASE_rule,1,n2
6_8500_N2B-ordinal1,6,nearest_class,BASE_rule,1,n2
6_8500_N2C-radius1,6,counting,BASE_rule,0,n2
6_8504_N2A-novelband1,6,nearest_dist,BASE_rule,0,n2
6_8504_N2B-ordinal1,6,nearest_class,BASE_rule,0,n2
6_8504_N2C-radius1,6,counting,BASE_rule,0,n2
6_8509_N2A-novelband1,6,nearest_dist,BASE_rule,0,n2
6_8509_N2B-ordinal1,6,nearest_class,BASE_rule,0,n2
6_8509_N2C-radius1,6,counting,BASE_rule,0,n2
6_8656_N2A-novelband1,6,nearest_dist,BASE_rule,0,n2
6_8656_N2B-ordinal1,6,nearest_class,BASE_rule,0,n2
6_8656_N2C-radius1,6,counting,BASE_rule,0,n2
6_8657_N2A-novelband1,6,nearest_dist,BASE_rule,1,n2
6_8657_N2B-ordinal1,6,nearest_class,BASE_rule,1,n2
6_8657_N2C-radius1,6,counting,BASE_rule,0,n2
6_8660_N2A-novelband1,6,nearest_dist,BASE_rule,0,n2
6_8660_N2B-ordinal1,6,nearest_class,BASE_rule,0,n2
6_8660_N2C-radius1,6,counting,BASE_rule,1,n2
6_8822_N2A-novelband1,6,nearest_dist,BASE_rule,1,n2
6_8822_N2B-ordinal1,6,nearest_class,BASE_rule,0,n2
6_8822_N2C-radius1,6,counting,BASE_rule,1,n2
6_8824_N2A-novelband1,6,nearest_dist,BASE_rule,0,n2
6_8824_N2B-ordinal1,6,nearest_class,BASE_rule,0,n2
6_8824_N2C-radius1,6,counting,BASE_rule,0,n2
6_8829_N2A-novelband1,6,nearest_dist,BASE_rule,0,n2
6_8829_N2B-ordinal1,6,nearest_class,BASE_rule,1,n2
6_8829_N2C-radius1,6,counting,BASE_rule,0,n2
6_8835_N2A-novelband1,6,nearest_dist,BASE_rule,0,n2
6_8835_N2B-ordinal1,6,nearest_class,BASE_rule,0,n2
6_8835_N2C-radius1,6,counting,BASE_rule,1,n2
6_8839_N2A-novelband1,6,nearest_dist,BASE_rule,1,n2
6_8839_N2B-ordinal1,6,nearest_class,BASE_rule,1,n2
6_8839_N2C-radius1,6,counting,BASE_rule,1,n2
6_8840_N2A-novelband1,6,nearest_dist,BASE_rule,0,n2
6_8840_N2B-ordinal1,6,nearest_class,BASE_rule,0,n2
6_8840_N2C-radius1,6,counting,BASE_rule,1,n2
6_8852_N2A-novelband1,6,nearest_dist,BASE_rule,1,n2
6_8852_N2B-ordinal1,6,nearest_class,BASE_rule,0,n2
6_8852_N2C-radius1,6,counting,BASE_rule,0,n2
6_8920_N2A-novelband1,6,nearest_dist,BASE_rule,0,n2
6_8920_N2B-ordinal1,6,nearest_class,BASE_rule,1,n2
6_8920_N2C-radius1,6,counting,BASE_rule,0,n2
6_8922_N2A-novelband1,6,nearest_dist,BASE_rule,0,n2
6_8922_N2B-ordinal1,6,nearest_class,BASE_rule,0,n2
6_8922_N2C-radius1,6,counting,BASE_rule,0,n2
6_9135_N2A-novelband1,6,nearest_dist,BASE_rule,0,n2
6_9135_N2B-ordinal1,6,nearest_class,BASE_rule,0,n2
6_9135_N2C-radius1,6,counting,BASE_rule,1,n2
6_9141_N2A-novelband1,6,nearest_dist,BASE_rule,0,n2
6_9141_N2B-ordinal1,6,nearest_class,BASE_rule,0,n2
6_9141_N2C-radius1,6,counting,BASE_rule,1,n2
7_12955_N2A-novelband1,7,nearest_dist,BASE_rule,1,n2
7_12955_N2B-ordinal1,7,nearest_class,BASE_rule,0,n2
7_12955_N2C-radius1,7,counting,BASE_rule,0,n2
7_12956_N2A-novelband1,7,nearest_dist,BASE_rule,0,n2
7_12956_N2B-ordinal1,7,nearest_class,BASE_rule,0,n2
7_12956_N2C-radius1,7,counting,BASE_rule,1,n2
7_12957_N2A-novelband1,7,nearest_dist,BASE_rule,1,n2
7_12957_N2B-ordinal1,7,nearest_class,BASE_rule,1,n2
7_12957_N2C-radius1,7,counting,BASE_rule,1,n2
7_12967_N2A-novelband1,7,nearest_dist,BASE_rule,0,n2
7_12967_N2B-ordinal1,7,nearest_class,BASE_rule,0,n2
7_12967_N2C-radius1,7,counting,BASE_rule,0,n2
7_12971_N2A-novelband1,7,nearest_dist,BASE_rule,0,n2
7_12971_N2B-ordinal1,7,nearest_class,BASE_rule,1,n2
7_12971_N2C-radius1,7,counting,BASE_rule,0,n2
7_12975_N2A-novelband1,7,nearest_dist,BASE_rule,0,n2
7_12975_N2B-ordinal1,7,nearest_class,BASE_rule,0,n2
7_12975_N2C-radius1,7,counting,BASE_rule,0,n2
7_12979_N2A-novelband1,7,nearest_dist,BASE_rule,1,n2
7_12979_N2B-ordinal1,7,nearest_class,BASE_rule,0,n2
7_12979_N2C-radius1,7,counting,BASE_rule,0,n2
7_13023_N2A-novelband1,7,nearest_dist,BASE_rule,1,n2
7_13023_N2B-ordinal1,7,nearest_class,BASE_rule,0,n2
7_13023_N2C-radius1,7,counting,BASE_rule,0,n2
7_13027_N2A-novelband1,7,nearest_dist,BASE_rule,1,n2
7_13027_N2B-ordinal1,7,nearest_class,BASE_rule,0,n2
7_13027_N2C-radius1,7,counting,BASE_rule,0,n2
7_13028_N2A-novelband1,7,nearest_dist,BASE_rule,1,n2
7_13028_N2B-ordinal1,7,nearest_class,BASE_rule,0,n2
7_13028_N2C-radius1,7,counting,BASE_rule,0,n2
7_13030_N2A-novelband1,7,nearest_dist,BASE_rule,0,n2
7_13030_N2B-ordinal1,7,nearest_class,BASE_rule,0,n2
7_13030_N2C-radius1,7,counting,BASE_rule,1,n2
7_13040_N2A-novelband1,7,nearest_dist,BASE_rule,0,n2
7_13040_N2B-ordinal1,7,nearest_class,BASE_rule,0,n2
7_13040_N2C-radius1,7,counting,BASE_rule,0,n2
7_13045_N2A-novelband1,7,nearest_dist,BASE_rule,0,n2
7_13045_N2B-ordinal1,7,nearest_class,BASE_rule,0,n2
7_13045_N2C-radius1,7,counting,BASE_rule,0,n2
7_13047_N2A-novelband1,7,nearest_dist,BASE_rule,1,n2
7_13047_N2B-ordinal1,7,nearest_class,BASE_rule,0,n2
7_13047_N2C-radius1,7,counting,BASE_rule,1,n2
7_14701_N2A-novelband1,7,nearest_dist,BASE_rule,1,n2
7_14701_N2B-ordinal1,7,nearest_class,BASE_rule,1,n2
7_14701_N2C-radius1,7,counting,BASE_rule,1,n2
7_14879_N2A-novelband1,7,nearest_dist,BASE_rule,0,n2
7_14879_N2B-ordinal1,7,nearest_class,BASE_rule,1,n2
7_14879_N2C-radius1,7,counting,BASE_rule,0,n2
7_14924_N2A-novelband1,7,nearest_dist,BASE_rule,1,n2
7_14924_N2B-ordinal1,7,nearest_class,BASE_rule,1,n2
7_14924_N2C-radius1,7,counting,BASE_rule,0,n2
7_14927_N2A-novelband1,7,nearest_dist,BASE_rule,1,n2
7_14927_N2B-ordinal1,7,nearest_class,BASE_rule,0,n2
7_14927_N2C-radius1,7,counting,BASE_rule,1,n2
7_14972_N2A-novelband1,7,nearest_dist,BASE_rule,0,n2
7_14972_N2B-ordinal1,7,nearest_class,BASE_rule,0,n2
7_14972_N2C-radius1,7,counting,BASE_rule,0,n2
7_14973_N2A-novelband1,7,nearest_dist,BASE_rule,1,n2
7_14973_N2B-ordinal1,7,nearest_class,BASE_rule,1,n2
7_14973_N2C-radius1,7,counting,BASE_rule,0,n2
7_14975_N2A-novelband1,7,nearest_dist,BASE_rule,0,n2
7_14975_N2B-ordinal1,7,nearest_class,BASE_rule,1,n2
7_14975_N2C-radius1,7,counting,BASE_rule,0,n2
7_14985_N2A-novelband1,7,nearest_dist,BASE_rule,1,n2
7_14985_N2B-ordinal1,7,nearest_class,BASE_rule,1,n2
7_14985_N2C-radius1,7,counting,BASE_rule,0,n2
7_14986_N2A-novelband1,7,nearest_dist,BASE_rule,0,n2
7_14986_N2B-ordinal1,7,nearest_class,BASE_rule,0,n2
7_14986_N2C-radius1,7,counting,BASE_rule,0,n2
7_15069_N2A-novelband1,7,nearest_dist,BASE_rule,0,n2
7_15069_N2B-ordinal1,7,nearest_class,BASE_rule,0,n2
7_15069_N2C-radius1,7,counting,BASE_rule,1,n2
7_15070_N2A-novelband1,7,nearest_dist,BASE_rule,0,n2
7_15070_N2B-ordinal1,7,nearest_class,BASE_rule,1,n2
7_15070_N2C-radius1,7,counting,BASE_rule,1,n2
7_15072_N2A-novelband1,7,nearest_dist,BASE_rule,0,n2
7_15072_N2B-ordinal1,7,nearest_class,BASE_rule,0,n2
7_15072_N2C-radius1,7,counting,BASE_rule,0,n2
7_15075_N2A-novelband1,7,nearest_dist,BASE_rule,0,n2
7_15075_N2B-ordinal1,7,nearest_class,BASE_rule,1,n2
7_15075_N2C-radius1,7,counting,BASE_rule,0,n2
7_15079_N2A-novelband1,7,nearest_dist,BASE_rule,0,n2
7_15079_N2B-ordinal1,7,nearest_class,BASE_rule,0,n2
7_15079_N2C-radius1,7,counting,BASE_rule,0,n2
7_15084_N2A-novelband1,7,nearest_dist,BASE_rule,0,n2
7_15084_N2C-radius1,7,counting,BASE_rule,0,n2
7_15088_N2A-novelband1,7,nearest_dist,BASE_rule,0,n2
7_15088_N2B-ordinal1,7,nearest_class,BASE_rule,1,n2
7_15088_N2C-radius1,7,counting,BASE_rule,1,n2
7_15101_N2A-novelband1,7,nearest_dist,BASE_rule,1,n2
7_15101_N2B-ordinal1,7,nearest_class,BASE_rule,0,n2
7_15101_N2C-radius1,7,counting,BASE_rule,0,n2
7_15111_N2A-novelband1,7,nearest_dist,BASE_rule,0,n2
7_15111_N2B-ordinal1,7,nearest_class,BASE_rule,0,n2
7_15111_N2C-radius1,7,counting,BASE_rule,0,n2
7_15114_N2A-novelband1,7,nearest_dist,BASE_rule,1,n2
7_15114_N2B-ordinal1,7,nearest_class,BASE_rule,0,n2
7_15114_N2C-radius1,7,counting,BASE_rule,0,n2
7_15199_N2A-novelband1,7,nearest_dist,BASE_rule,0,n2
7_15199_N2B-ordinal1,7,nearest_class,BASE_rule,0,n2
7_15199_N2C-radius1,7,counting,BASE_rule,0,n2
7_15206_N2A-novelband1,7,nearest_dist,BASE_rule,1,n2
7_15206_N2B-ordinal1,7,nearest_class,BASE_rule,1,n2
7_15206_N2C-radius1,7,counting,BASE_rule,0,n2
7_15212_N2A-novelband1,7,nearest_dist,BASE_rule,0,n2
7_15212_N2B-ordinal1,7,nearest_class,BASE_rule,0,n2
7_15212_N2C-radius1,7,counting,BASE_rule,0,n2
7_15219_N2A-novelband1,7,nearest_dist,BASE_rule,0,n2
7_15219_N2B-ordinal1,7,nearest_class,BASE_rule,0,n2
7_15219_N2C-radius1,7,counting,BASE_rule,0,n2
7_15258_N2A-novelband1,7,nearest_dist,BASE_rule,1,n2
7_15258_N2B-ordinal1,7,nearest_class,BASE_rule,1,n2
7_15258_N2C-radius1,7,counting,BASE_rule,0,n2
7_15308_N2A-novelband1,7,nearest_dist,BASE_rule,1,n2
7_15308_N2B-ordinal1,7,nearest_class,BASE_rule,0,n2
7_15308_N2C-radius1,7,counting,BASE_rule,0,n2
7_15313_N2A-novelband1,7,nearest_dist,BASE_rule,0,n2
7_15313_N2B-ordinal1,7,nearest_class,BASE_rule,0,n2
7_15313_N2C-radius1,7,counting,BASE_rule,0,n2
7_15316_N2A-novelband1,7,nearest_dist,BASE_rule,0,n2
7_15316_N2B-ordinal1,7,nearest_class,BASE_rule,0,n2
7_15316_N2C-radius1,7,counting,BASE_rule,0,n2
7_15318_N2A-novelband1,7,nearest_dist,BASE_rule,1,n2
7_15318_N2B-ordinal1,7,nearest_class,BASE_rule,1,n2
7_15318_N2C-radius1,7,counting,BASE_rule,0,n2
7_15322_N2A-novelband1,7,nearest_dist,BASE_rule,1,n2
7_15322_N2B-ordinal1,7,nearest_class,BASE_rule,0,n2
7_15322_N2C-radius1,7,counting,BASE_rule,0,n2
7_15331_N2A-novelband1,7,nearest_dist,BASE_rule,0,n2
7_15331_N2B-ordinal1,7,nearest_class,BASE_rule,0,n2
7_15331_N2C-radius1,7,counting,BASE_rule,0,n2
7_15333_N2A-novelband1,7,nearest_dist,BASE_rule,1,n2
7_15333_N2B-ordinal1,7,nearest_class,BASE_rule,0,n2
7_15333_N2C-radius1,7,counting,BASE_rule,0,n2
7_4781_N2A-novelband1,7,nearest_dist,BASE_rule,0,n2
7_4781_N2B-ordinal1,7,nearest_class,BASE_rule,0,n2
7_4781_N2C-radius1,7,counting,BASE_rule,0,n2
7_4850_N2A-novelband1,7,nearest_dist,BASE_rule,1,n2
7_4850_N2B-ordinal1,7,nearest_class,BASE_rule,0,n2
7_4850_N2C-radius1,7,counting,BASE_rule,0,n2
7_4853_N2A-novelband1,7,nearest_dist,BASE_rule,0,n2
7_4853_N2B-ordinal1,7,nearest_class,BASE_rule,0,n2
7_4853_N2C-radius1,7,counting,BASE_rule,1,n2
7_4971_N2A-novelband1,7,nearest_dist,BASE_rule,0,n2
7_4971_N2B-ordinal1,7,nearest_class,BASE_rule,0,n2
7_4971_N2C-radius1,7,counting,BASE_rule,1,n2
7_6615_N2A-novelband1,7,nearest_dist,BASE_rule,0,n2
7_6615_N2B-ordinal1,7,nearest_class,BASE_rule,1,n2
7_6615_N2C-radius1,7,counting,BASE_rule,1,n2
7_6622_N2A-novelband1,7,nearest_dist,BASE_rule,0,n2
7_6622_N2B-ordinal1,7,nearest_class,BASE_rule,0,n2
7_6622_N2C-radius1,7,counting,BASE_rule,1,n2
7_6623_N2A-novelband1,7,nearest_dist,BASE_rule,0,n2
7_6623_N2B-ordinal1,7,nearest_class,BASE_rule,0,n2
7_6623_N2C-radius1,7,counting,BASE_rule,0,n2
7_6625_N2A-novelband1,7,nearest_dist,BASE_rule,0,n2
7_6625_N2B-ordinal1,7,nearest_class,BASE_rule,1,n2
7_6625_N2C-radius1,7,counting,BASE_rule,1,n2
7_6686_N2A-novelband1,7,nearest_dist,BASE_rule,0,n2
7_6686_N2B-ordinal1,7,nearest_class,BASE_rule,0,n2
7_6686_N2C-radius1,7,counting,BASE_rule,0,n2
7_6693_N2A-novelband1,7,nearest_dist,BASE_rule,0,n2
7_6693_N2B-ordinal1,7,nearest_class,BASE_rule,0,n2
7_6693_N2C-radius1,7,counting,BASE_rule,1,n2
7_6698_N2A-novelband1,7,nearest_dist,BASE_rule,1,n2
7_6698_N2B-ordinal1,7,nearest_class,BASE_rule,1,n2
7_6698_N2C-radius1,7,counting,BASE_rule,1,n2
7_6699_N2A-novelband1,7,nearest_dist,BASE_rule,0,n2
7_6699_N2B-ordinal1,7,nearest_class,BASE_rule,0,n2
7_6699_N2C-radius1,7,counting,BASE_rule,1,n2
7_6701_N2A-novelband1,7,nearest_dist,BASE_rule,0,n2
7_6701_N2B-ordinal1,7,nearest_class,BASE_rule,0,n2
7_6701_N2C-radius1,7,counting,BASE_rule,1,n2
7_6711_N2A-novelband1,7,nearest_dist,BASE_rule,0,n2
7_6711_N2B-ordinal1,7,nearest_class,BASE_rule,1,n2
7_6711_N2C-radius1,7,counting,BASE_rule,0,n2
7_6712_N2A-novelband1,7,nearest_dist,BASE_rule,0,n2
7_6712_N2B-ordinal1,7,nearest_class,BASE_rule,0,n2
7_6712_N2C-radius1,7,counting,BASE_rule,0,n2
7_6714_N2A-novelband1,7,nearest_dist,BASE_rule,0,n2
7_6714_N2B-ordinal1,7,nearest_class,BASE_rule,1,n2
7_6714_N2C-radius1,7,counting,BASE_rule,0,n2
7_6772_N2A-novelband1,7,nearest_dist,BASE_rule,0,n2
7_6772_N2B-ordinal1,7,nearest_class,BASE_rule,0,n2
7_6772_N2C-radius1,7,counting,BASE_rule,0,n2
7_6775_N2A-novelband1,7,nearest_dist,BASE_rule,0,n2
7_6775_N2B-ordinal1,7,nearest_class,BASE_rule,0,n2
7_6775_N2C-radius1,7,counting,BASE_rule,0,n2
7_6777_N2A-novelband1,7,nearest_dist,BASE_rule,1,n2
7_6777_N2B-ordinal1,7,nearest_class,BASE_rule,0,n2
7_6777_N2C-radius1,7,counting,BASE_rule,0,n2
7_6780_N2A-novelband1,7,nearest_dist,BASE_rule,0,n2
7_6780_N2B-ordinal1,7,nearest_class,BASE_rule,1,n2
7_6780_N2C-radius1,7,counting,BASE_rule,0,n2
7_6790_N2A-novelband1,7,nearest_dist,BASE_rule,0,n2
7_6790_N2B-ordinal1,7,nearest_class,BASE_rule,0,n2
7_6790_N2C-radius1,7,counting,BASE_rule,0,n2
7_8412_N2A-novelband1,7,nearest_dist,BASE_rule,1,n2
7_8412_N2B-ordinal1,7,nearest_class,BASE_rule,1,n2
7_8412_N2C-radius1,7,counting,BASE_rule,0,n2
7_8414_N2A-novelband1,7,nearest_dist,BASE_rule,1,n2
7_8414_N2B-ordinal1,7,nearest_class,BASE_rule,1,n2
7_8414_N2C-radius1,7,counting,BASE_rule,0,n2
7_8415_N2A-novelband1,7,nearest_dist,BASE_rule,1,n2
7_8415_N2B-ordinal1,7,nearest_class,BASE_rule,0,n2
7_8415_N2C-radius1,7,counting,BASE_rule,1,n2
7_8418_N2A-novelband1,7,nearest_dist,BASE_rule,0,n2
7_8418_N2B-ordinal1,7,nearest_class,BASE_rule,0,n2
7_8418_N2C-radius1,7,counting,BASE_rule,0,n2
7_8421_N2A-novelband1,7,nearest_dist,BASE_rule,1,n2
7_8421_N2B-ordinal1,7,nearest_class,BASE_rule,0,n2
7_8421_N2C-radius1,7,counting,BASE_rule,1,n2
7_8425_N2A-novelband1,7,nearest_dist,BASE_rule,0,n2
7_8425_N2B-ordinal1,7,nearest_class,BASE_rule,0,n2
7_8425_N2C-radius1,7,counting,BASE_rule,0,n2
8_631_N2A-novelband1,8,nearest_dist,BASE_rule,0,n2
8_631_N2B-ordinal1,8,nearest_class,BASE_rule,0,n2
8_631_N2C-radius1,8,counting,BASE_rule,0,n2
9_1531_N2A-novelband1,9,nearest_dist,BASE_rule,1,n2
9_1531_N2B-ordinal1,9,nearest_class,BASE_rule,1,n2
9_1531_N2C-radius1,9,counting,BASE_rule,1,n2
9_1532_N2A-novelband1,9,nearest_dist,BASE_rule,0,n2
9_1532_N2B-ordinal1,9,nearest_class,BASE_rule,1,n2
9_1532_N2C-radius1,9,counting,BASE_rule,0,n2
9_1538_N2A-novelband1,9,nearest_dist,BASE_rule,0,n2
9_1538_N2B-ordinal1,9,nearest_class,BASE_rule,1,n2
9_1538_N2C-radius1,9,counting,BASE_rule,1,n2
9_1539_N2A-novelband1,9,nearest_dist,BASE_rule,0,n2
9_1539_N2B-ordinal1,9,nearest_class,BASE_rule,0,n2
9_1539_N2C-radius1,9,counting,BASE_rule,1,n2
9_1549_N2A-novelband1,9,nearest_dist,BASE_rule,0,n2
9_1549_N2B-ordinal1,9,nearest_class,BASE_rule,0,n2
9_1549_N2C-radius1,9,counting,BASE_rule,0,n2
9_1550_N2A-novelband1,9,nearest_dist,BASE_rule,0,n2
9_1550_N2B-ordinal1,9,nearest_class,BASE_rule,0,n2
9_1550_N2C-radius1,9,counting,BASE_rule,0,n2
9_1551_N2A-novelband1,9,nearest_dist,BASE_rule,0,n2
9_1551_N2B-ordinal1,9,nearest_class,BASE_rule,0,n2
9_1551_N2C-radius1,9,counting,BASE_rule,0,n2
9_1552_N2A-novelband1,9,nearest_dist,BASE_rule,0,n2
9_1552_N2B-ordinal1,9,nearest_class,BASE_rule,0,n2
9_1552_N2C-radius1,9,counting,BASE_rule,0,n2
9_1586_N2A-novelband1,9,nearest_dist,BASE_rule,1,n2
9_1586_N2B-ordinal1,9,nearest_class,BASE_rule,0,n2
9_1586_N2C-radius1,9,counting,BASE_rule,0,n2
9_1637_N2A-novelband1,9,nearest_dist,BASE_rule,0,n2
9_1637_N2B-ordinal1,9,nearest_class,BASE_rule,0,n2
9_1637_N2C-radius1,9,counting,BASE_rule,1,n2
9_1641_N2A-novelband1,9,nearest_dist,BASE_rule,1,n2
9_1641_N2B-ordinal1,9,nearest_class,BASE_rule,1,n2
9_1641_N2C-radius1,9,counting,BASE_rule,1,n2
9_1644_N2A-novelband1,9,nearest_dist,BASE_rule,0,n2
9_1644_N2B-ordinal1,9,nearest_class,BASE_rule,1,n2
9_1644_N2C-radius1,9,counting,BASE_rule,1,n2
9_1646_N2A-novelband1,9,nearest_dist,BASE_rule,1,n2
9_1646_N2B-ordinal1,9,nearest_class,BASE_rule,0,n2
9_1646_N2C-radius1,9,counting,BASE_rule,0,n2
9_1648_N2A-novelband1,9,nearest_dist,BASE_rule,0,n2
9_1648_N2B-ordinal1,9,nearest_class,BASE_rule,1,n2
9_1648_N2C-radius1,9,counting,BASE_rule,1,n2
9_2495_N2A-novelband1,9,nearest_dist,BASE_rule,0,n2
9_2495_N2B-ordinal1,9,nearest_class,BASE_rule,1,n2
9_2495_N2C-radius1,9,counting,BASE_rule,0,n2
9_2501_N2A-novelband1,9,nearest_dist,BASE_rule,0,n2
9_2501_N2B-ordinal1,9,nearest_class,BASE_rule,0,n2
9_2501_N2C-radius1,9,counting,BASE_rule,0,n2
9_2505_N2A-novelband1,9,nearest_dist,BASE_rule,1,n2
9_2505_N2B-ordinal1,9,nearest_class,BASE_rule,1,n2
9_2505_N2C-radius1,9,counting,BASE_rule,1,n2
9_2506_N2A-novelband1,9,nearest_dist,BASE_rule,0,n2
9_2506_N2B-ordinal1,9,nearest_class,BASE_rule,0,n2
9_2506_N2C-radius1,9,counting,BASE_rule,1,n2
9_2507_N2A-novelband1,9,nearest_dist,BASE_rule,0,n2
9_2507_N2B-ordinal1,9,nearest_class,BASE_rule,0,n2
9_2507_N2C-radius1,9,counting,BASE_rule,1,n2
9_2644_N2A-novelband1,9,nearest_dist,BASE_rule,0,n2
9_2644_N2B-ordinal1,9,nearest_class,BASE_rule,1,n2
9_2644_N2C-radius1,9,counting,BASE_rule,1,n2
9_2647_N2A-novelband1,9,nearest_dist,BASE_rule,0,n2
9_2647_N2B-ordinal1,9,nearest_class,BASE_rule,1,n2
9_2647_N2C-radius1,9,counting,BASE_rule,0,n2
9_6680_N2A-novelband1,9,nearest_dist,BASE_rule,0,n2
9_6680_N2B-ordinal1,9,nearest_class,BASE_rule,0,n2
9_6680_N2C-radius1,9,counting,BASE_rule,1,n2
9_6719_N2A-novelband1,9,nearest_dist,BASE_rule,1,n2
9_6719_N2B-ordinal1,9,nearest_class,BASE_rule,0,n2
9_6719_N2C-radius1,9,counting,BASE_rule,1,n2
9_6720_N2A-novelband1,9,nearest_dist,BASE_rule,0,n2
9_6720_N2B-ordinal1,9,nearest_class,BASE_rule,0,n2
9_6720_N2C-radius1,9,counting,BASE_rule,0,n2
9_6728_N2A-novelband1,9,nearest_dist,BASE_rule,1,n2
9_6728_N2B-ordinal1,9,nearest_class,BASE_rule,0,n2
9_6728_N2C-radius1,9,counting,BASE_rule,1,n2
9_6785_N2A-novelband1,9,nearest_dist,BASE_rule,0,n2
9_6785_N2B-ordinal1,9,nearest_class,BASE_rule,0,n2
9_6785_N2C-radius1,9,counting,BASE_rule,0,n2
9_6787_N2A-novelband1,9,nearest_dist,BASE_rule,1,n2
9_6787_N2B-ordinal1,9,nearest_class,BASE_rule,0,n2
9_6787_N2C-radius1,9,counting,BASE_rule,0,n2
9_6797_N2A-novelband1,9,nearest_dist,BASE_rule,1,n2
9_6797_N2B-ordinal1,9,nearest_class,BASE_rule,0,n2
9_6797_N2C-radius1,9,counting,BASE_rule,1,n2
9_6798_N2A-novelband1,9,nearest_dist,BASE_rule,0,n2
9_6798_N2B-ordinal1,9,nearest_class,BASE_rule,0,n2
9_6798_N2C-radius1,9,counting,BASE_rule,1,n2
9_6800_N2A-novelband1,9,nearest_dist,BASE_rule,0,n2
9_6800_N2B-ordinal1,9,nearest_class,BASE_rule,0,n2
9_6800_N2C-radius1,9,counting,BASE_rule,0,n2
9_8515_N2A-novelband1,9,nearest_dist,BASE_rule,0,n2
9_8515_N2B-ordinal1,9,nearest_class,BASE_rule,1,n2
9_8515_N2C-radius1,9,counting,BASE_rule,1,n2
9_8519_N2A-novelband1,9,nearest_dist,BASE_rule,0,n2
9_8519_N2B-ordinal1,9,nearest_class,BASE_rule,1,n2
9_8519_N2C-radius1,9,counting,BASE_rule,0,n2
9_8536_N2A-novelband1,9,nearest_dist,BASE_rule,1,n2
9_8536_N2B-ordinal1,9,nearest_class,BASE_rule,0,n2
9_8536_N2C-radius1,9,counting,BASE_rule,0,n2
9_8537_N2A-novelband1,9,nearest_dist,BASE_rule,0,n2
9_8537_N2B-ordinal1,9,nearest_class,BASE_rule,0,n2
9_8537_N2C-radius1,9,counting,BASE_rule,0,n2
9_8540_N2A-novelband1,9,nearest_dist,BASE_rule,0,n2
9_8540_N2B-ordinal1,9,nearest_class,BASE_rule,1,n2
9_8540_N2C-radius1,9,counting,BASE_rule,1,n2
9_8545_N2A-novelband1,9,nearest_dist,BASE_rule,0,n2
9_8545_N2B-ordinal1,9,nearest_class,BASE_rule,0,n2
9_8545_N2C-radius1,9,counting,BASE_rule,1,n2
9_8551_N2A-novelband1,9,nearest_dist,BASE_rule,0,n2
9_8551_N2B-ordinal1,9,nearest_class,BASE_rule,0,n2
9_8551_N2C-radius1,9,counting,BASE_rule,1,n2
9_8553_N2A-novelband1,9,nearest_dist,BASE_rule,0,n2
9_8553_N2B-ordinal1,9,nearest_class,BASE_rule,0,n2
9_8553_N2C-radius1,9,counting,BASE_rule,1,n2
9_8559_N2A-novelband1,9,nearest_dist,BASE_rule,1,n2
9_8559_N2B-ordinal1,9,nearest_class,BASE_rule,1,n2
9_8559_N2C-radius1,9,counting,BASE_rule,1,n2
9_8561_N2A-novelband1,9,nearest_dist,BASE_rule,0,n2
9_8561_N2B-ordinal1,9,nearest_class,BASE_rule,0,n2
9_8561_N2C-radius1,9,counting,BASE_rule,1,n2
9_8562_N2A-novelband1,9,nearest_dist,BASE_rule,0,n2
9_8562_N2B-ordinal1,9,nearest_class,BASE_rule,0,n2
9_8562_N2C-radius1,9,counting,BASE_rule,1,n2
9_8566_N2A-novelband1,9,nearest_dist,BASE_rule,0,n2
9_8566_N2B-ordinal1,9,nearest_class,BASE_rule,0,n2
9_8566_N2C-radius1,9,counting,BASE_rule,1,n2
9_8567_N2A-novelband1,9,nearest_dist,BASE_rule,0,n2
9_8567_N2B-ordinal1,9,nearest_class,BASE_rule,0,n2
9_8567_N2C-radius1,9,counting,BASE_rule,1,n2
9_8571_N2A-novelband1,9,nearest_dist,BASE_rule,0,n2
9_8571_N2B-ordinal1,9,nearest_class,BASE_rule,0,n2
9_8571_N2C-radius1,9,counting,BASE_rule,1,n2
9_8604_N2A-novelband1,9,nearest_dist,BASE_rule,1,n2
9_8604_N2B-ordinal1,9,nearest_class,BASE_rule,0,n2
9_8604_N2C-radius1,9,counting,BASE_rule,0,n2
9_8606_N2A-novelband1,9,nearest_dist,BASE_rule,0,n2
9_8606_N2B-ordinal1,9,nearest_class,BASE_rule,1,n2
9_8606_N2C-radius1,9,counting,BASE_rule,1,n2
9_8612_N2A-novelband1,9,nearest_dist,BASE_rule,1,n2
9_8612_N2B-ordinal1,9,nearest_class,BASE_rule,0,n2
9_8612_N2C-radius1,9,counting,BASE_rule,0,n2
9_8616_N2A-novelband1,9,nearest_dist,BASE_rule,1,n2
9_8616_N2B-ordinal1,9,nearest_class,BASE_rule,0,n2
9_8616_N2C-radius1,9,counting,BASE_rule,0,n2
9_8681_N2A-novelband1,9,nearest_dist,BASE_rule,1,n2
9_8681_N2B-ordinal1,9,nearest_class,BASE_rule,0,n2
9_8681_N2C-radius1,9,counting,BASE_rule,1,n2
9_8684_N2A-novelband1,9,nearest_dist,BASE_rule,0,n2
9_8684_N2B-ordinal1,9,nearest_class,BASE_rule,0,n2
9_8684_N2C-radius1,9,counting,BASE_rule,1,n2
9_8838_N2A-novelband1,9,nearest_dist,BASE_rule,1,n2
9_8838_N2B-ordinal1,9,nearest_class,BASE_rule,1,n2
9_8838_N2C-radius1,9,counting,BASE_rule,0,n2
9_8841_N2A-novelband1,9,nearest_dist,BASE_rule,0,n2
9_8841_N2B-ordinal1,9,nearest_class,BASE_rule,0,n2
9_8841_N2C-radius1,9,counting,BASE_rule,0,n2
9_8842_N2A-novelband1,9,nearest_dist,BASE_rule,0,n2
9_8842_N2B-ordinal1,9,nearest_class,BASE_rule,0,n2
9_8842_N2C-radius1,9,counting,BASE_rule,0,n2
9_8845_N2A-novelband1,9,nearest_dist,BASE_rule,0,n2
9_8845_N2B-ordinal1,9,nearest_class,BASE_rule,1,n2
9_8845_N2C-radius1,9,counting,BASE_rule,0,n2
9_9352_N2A-novelband1,9,nearest_dist,BASE_rule,0,n2
9_9352_N2B-ordinal1,9,nearest_class,BASE_rule,0,n2
9_9352_N2C-radius1,9,counting,BASE_rule,0,n2
9_9354_N2A-novelband1,9,nearest_dist,BASE_rule,0,n2
9_9354_N2B-ordinal1,9,nearest_class,BASE_rule,1,n2
9_9354_N2C-radius1,9,counting,BASE_rule,0,n2
9_9361_N2A-novelband1,9,nearest_dist,BASE_rule,0,n2
9_9361_N2B-ordinal1,9,nearest_class,BASE_rule,0,n2
9_9361_N2C-radius1,9,counting,BASE_rule,1,n2
9_9363_N2A-novelband1,9,nearest_dist,BASE_rule,0,n2
9_9363_N2B-ordinal1,9,nearest_class,BASE_rule,1,n2
9_9363_N2C-radius1,9,counting,BASE_rule,0,n2
9_9368_N2A-novelband1,9,nearest_dist,BASE_rule,0,n2
9_9368_N2B-ordinal1,9,nearest_class,BASE_rule,0,n2
9_9368_N2C-radius1,9,counting,BASE_rule,0,n2
9_9371_N2A-novelband1,9,nearest_dist,BASE_rule,1,n2
9_9371_N2B-ordinal1,9,nearest_class,BASE_rule,0,n2
9_9371_N2C-radius1,9,counting,BASE_rule,0,n2
9_9372_N2A-novelband1,9,nearest_dist,BASE_rule,1,n2
9_9372_N2B-ordinal1,9,nearest_class,BASE_rule,0,n2
9_9372_N2C-radius1,9,counting,BASE_rule,0,n2
9_9377_N2A-novelband1,9,nearest_dist,BASE_rule,0,n2
9_9377_N2B-ordinal1,9,nearest_class,BASE_rule,0,n2
9_9377_N2C-radius1,9,counting,BASE_rule,1,n2
9_9380_N2A-novelband1,9,nearest_dist,BASE_rule,0,n2
9_9380_N2B-ordinal1,9,nearest_class,BASE_rule,0,n2
9_9380_N2C-radius1,9,counting,BASE_rule,0,n2
9_9382_N2A-novelband1,9,nearest_dist,BASE_rule,0,n2
9_9382_N2B-ordinal1,9,nearest_class,BASE_rule,1,n2
9_9382_N2C-radius1,9,counting,BASE_rule,1,n2
9_9394_N2A-novelband1,9,nearest_dist,BASE_rule,0,n2
9_9394_N2B-ordinal1,9,nearest_class,BASE_rule,0,n2
9_9394_N2C-radius1,9,counting,BASE_rule,0,n2
9_9398_N2A-novelband1,9,nearest_dist,BASE_rule,0,n2
9_9398_N2B-ordinal1,9,nearest_class,BASE_rule,0,n2
9_9398_N2C-radius1,9,counting,BASE_rule,0,n2
9_9466_N2A-novelband1,9,nearest_dist,BASE_rule,0,n2
9_9466_N2B-ordinal1,9,nearest_class,BASE_rule,0,n2
9_9466_N2C-radius1,9,counting,BASE_rule,0,n2
9_9467_N2A-novelband1,9,nearest_dist,BASE_rule,1,n2
9_9467_N2B-ordinal1,9,nearest_class,BASE_rule,0,n2
9_9467_N2C-radius1,9,counting,BASE_rule,0,n2
9_9469_N2A-novelband1,9,nearest_dist,BASE_rule,0,n2
9_9469_N2B-ordinal1,9,nearest_class,BASE_rule,0,n2
9_9469_N2C-radius1,9,counting,BASE_rule,1,n2
9_9471_N2A-novelband1,9,nearest_dist,BASE_rule,0,n2
9_9471_N2B-ordinal1,9,nearest_class,BASE_rule,0,n2
9_9471_N2C-radius1,9,counting,BASE_rule,0,n2
9_9577_N2A-novelband1,9,nearest_dist,BASE_rule,0,n2
9_9577_N2B-ordinal1,9,nearest_class,BASE_rule,1,n2
9_9577_N2C-radius1,9,counting,BASE_rule,0,n2
9_9578_N2A-novelband1,9,nearest_dist,BASE_rule,1,n2
9_9578_N2B-ordinal1,9,nearest_class,BASE_rule,0,n2
9_9578_N2C-radius1,9,counting,BASE_rule,0,n2
9_9579_N2A-novelband1,9,nearest_dist,BASE_rule,0,n2
9_9579_N2B-ordinal1,9,nearest_class,BASE_rule,0,n2
9_9579_N2C-radius1,9,counting,BASE_rule,0,n2
9_9582_N2A-novelband1,9,nearest_dist,BASE_rule,1,n2
9_9582_N2B-ordinal1,9,nearest_class,BASE_rule,0,n2
9_9582_N2C-radius1,9,counting,BASE_rule,1,n2
9_9588_N2A-novelband1,9,nearest_dist,BASE_rule,0,n2
9_9588_N2B-ordinal1,9,nearest_class,BASE_rule,0,n2
9_9588_N2C-radius1,9,counting,BASE_rule,1,n2
9_9589_N2A-novelband1,9,nearest_dist,BASE_rule,0,n2
9_9589_N2B-ordinal1,9,nearest_class,BASE_rule,0,n2
9_9589_N2C-radius1,9,counting,BASE_rule,0,n2
9_9595_N2A-novelband1,9,nearest_dist,BASE_rule,0,n2
9_9595_N2B-ordinal1,9,nearest_class,BASE_rule,0,n2
9_9595_N2C-radius1,9,counting,BASE_rule,0,n2
0_421_N2A-novelband1,0,nearest_dist,BASE_logreg,0,n2
0_421_N2B-ordinal1,0,nearest_class,BASE_logreg,0,n2
0_421_N2C-radius1,0,counting,BASE_logreg,1,n2
0_422_N2A-novelband1,0,nearest_dist,BASE_logreg,0,n2
0_422_N2B-ordinal1,0,nearest_class,BASE_logreg,0,n2
0_422_N2C-radius1,0,counting,BASE_logreg,1,n2
0_429_N2A-novelband1,0,nearest_dist,BASE_logreg,1,n2
0_429_N2B-ordinal1,0,nearest_class,BASE_logreg,0,n2
0_429_N2C-radius1,0,counting,BASE_logreg,0,n2
0_436_N2A-novelband1,0,nearest_dist,BASE_logreg,1,n2
0_436_N2B-ordinal1,0,nearest_class,BASE_logreg,0,n2
0_436_N2C-radius1,0,counting,BASE_logreg,0,n2
0_4797_N2A-novelband1,0,nearest_dist,BASE_logreg,1,n2
0_4797_N2B-ordinal1,0,nearest_class,BASE_logreg,0,n2
0_4797_N2C-radius1,0,counting,BASE_logreg,1,n2
0_4803_N2A-novelband1,0,nearest_dist,BASE_logreg,0,n2
0_4803_N2B-ordinal1,0,nearest_class,BASE_logreg,0,n2
0_4803_N2C-radius1,0,counting,BASE_logreg,1,n2
0_4804_N2A-novelband1,0,nearest_dist,BASE_logreg,1,n2
0_4804_N2B-ordinal1,0,nearest_class,BASE_logreg,0,n2
0_4804_N2C-radius1,0,counting,BASE_logreg,1,n2
0_4805_N2A-novelband1,0,nearest_dist,BASE_logreg,0,n2
0_4805_N2B-ordinal1,0,nearest_class,BASE_logreg,0,n2
0_4805_N2C-radius1,0,counting,BASE_logreg,0,n2
0_4809_N2A-novelband1,0,nearest_dist,BASE_logreg,0,n2
0_4809_N2B-ordinal1,0,nearest_class,BASE_logreg,0,n2
0_4809_N2C-radius1,0,counting,BASE_logreg,1,n2
0_4813_N2A-novelband1,0,nearest_dist,BASE_logreg,0,n2
0_4813_N2B-ordinal1,0,nearest_class,BASE_logreg,1,n2
0_4813_N2C-radius1,0,counting,BASE_logreg,1,n2
0_4815_N2A-novelband1,0,nearest_dist,BASE_logreg,0,n2
0_4815_N2B-ordinal1,0,nearest_class,BASE_logreg,0,n2
0_4815_N2C-radius1,0,counting,BASE_logreg,0,n2
0_4818_N2A-novelband1,0,nearest_dist,BASE_logreg,0,n2
0_4818_N2B-ordinal1,0,nearest_class,BASE_logreg,0,n2
0_4818_N2C-radius1,0,counting,BASE_logreg,1,n2
0_4821_N2A-novelband1,0,nearest_dist,BASE_logreg,0,n2
0_4821_N2B-ordinal1,0,nearest_class,BASE_logreg,0,n2
0_4821_N2C-radius1,0,counting,BASE_logreg,0,n2
0_4902_N2A-novelband1,0,nearest_dist,BASE_logreg,0,n2
0_4902_N2B-ordinal1,0,nearest_class,BASE_logreg,0,n2
0_4902_N2C-radius1,0,counting,BASE_logreg,0,n2
0_4907_N2A-novelband1,0,nearest_dist,BASE_logreg,0,n2
0_4907_N2B-ordinal1,0,nearest_class,BASE_logreg,0,n2
0_4907_N2C-radius1,0,counting,BASE_logreg,0,n2
0_4908_N2A-novelband1,0,nearest_dist,BASE_logreg,0,n2
0_4908_N2B-ordinal1,0,nearest_class,BASE_logreg,0,n2
0_4908_N2C-radius1,0,counting,BASE_logreg,1,n2
0_4910_N2A-novelband1,0,nearest_dist,BASE_logreg,1,n2
0_4910_N2B-ordinal1,0,nearest_class,BASE_logreg,0,n2
0_4910_N2C-radius1,0,counting,BASE_logreg,1,n2
0_4914_N2A-novelband1,0,nearest_dist,BASE_logreg,0,n2
0_4914_N2B-ordinal1,0,nearest_class,BASE_logreg,1,n2
0_4914_N2C-radius1,0,counting,BASE_logreg,0,n2
0_4916_N2A-novelband1,0,nearest_dist,BASE_logreg,0,n2
0_4916_N2B-ordinal1,0,nearest_class,BASE_logreg,0,n2
0_4916_N2C-radius1,0,counting,BASE_logreg,0,n2
0_4924_N2A-novelband1,0,nearest_dist,BASE_logreg,0,n2
0_4924_N2B-ordinal1,0,nearest_class,BASE_logreg,1,n2
0_4924_N2C-radius1,0,counting,BASE_logreg,0,n2
0_4925_N2A-novelband1,0,nearest_dist,BASE_logreg,0,n2
0_4925_N2B-ordinal1,0,nearest_class,BASE_logreg,1,n2
0_4925_N2C-radius1,0,counting,BASE_logreg,0,n2
0_4926_N2A-novelband1,0,nearest_dist,BASE_logreg,0,n2
0_4926_N2B-ordinal1,0,nearest_class,BASE_logreg,0,n2
0_4926_N2C-radius1,0,counting,BASE_logreg,0,n2
0_4930_N2A-novelband1,0,nearest_dist,BASE_logreg,0,n2
0_4930_N2B-ordinal1,0,nearest_class,BASE_logreg,1,n2
0_4930_N2C-radius1,0,counting,BASE_logreg,0,n2
0_507_N2A-novelband1,0,nearest_dist,BASE_logreg,0,n2
0_507_N2B-ordinal1,0,nearest_class,BASE_logreg,0,n2
0_507_N2C-radius1,0,counting,BASE_logreg,0,n2
0_508_N2A-novelband1,0,nearest_dist,BASE_logreg,0,n2
0_508_N2B-ordinal1,0,nearest_class,BASE_logreg,0,n2
0_508_N2C-radius1,0,counting,BASE_logreg,0,n2
0_514_N2A-novelband1,0,nearest_dist,BASE_logreg,0,n2
0_514_N2B-ordinal1,0,nearest_class,BASE_logreg,0,n2
0_514_N2C-radius1,0,counting,BASE_logreg,1,n2
0_520_N2A-novelband1,0,nearest_dist,BASE_logreg,0,n2
0_520_N2B-ordinal1,0,nearest_class,BASE_logreg,0,n2
0_520_N2C-radius1,0,counting,BASE_logreg,0,n2
0_525_N2A-novelband1,0,nearest_dist,BASE_logreg,0,n2
0_525_N2B-ordinal1,0,nearest_class,BASE_logreg,0,n2
0_525_N2C-radius1,0,counting,BASE_logreg,0,n2
0_526_N2A-novelband1,0,nearest_dist,BASE_logreg,1,n2
0_526_N2B-ordinal1,0,nearest_class,BASE_logreg,0,n2
0_526_N2C-radius1,0,counting,BASE_logreg,0,n2
0_570_N2A-novelband1,0,nearest_dist,BASE_logreg,0,n2
0_570_N2B-ordinal1,0,nearest_class,BASE_logreg,1,n2
0_570_N2C-radius1,0,counting,BASE_logreg,0,n2
0_5704_N2A-novelband1,0,nearest_dist,BASE_logreg,0,n2
0_5704_N2B-ordinal1,0,nearest_class,BASE_logreg,1,n2
0_5704_N2C-radius1,0,counting,BASE_logreg,0,n2
0_5707_N2A-novelband1,0,nearest_dist,BASE_logreg,1,n2
0_5707_N2B-ordinal1,0,nearest_class,BASE_logreg,1,n2
0_5707_N2C-radius1,0,counting,BASE_logreg,0,n2
0_571_N2A-novelband1,0,nearest_dist,BASE_logreg,1,n2
0_571_N2B-ordinal1,0,nearest_class,BASE_logreg,1,n2
0_571_N2C-radius1,0,counting,BASE_logreg,0,n2
0_5710_N2A-novelband1,0,nearest_dist,BASE_logreg,1,n2
0_5710_N2B-ordinal1,0,nearest_class,BASE_logreg,0,n2
0_5710_N2C-radius1,0,counting,BASE_logreg,0,n2
0_5712_N2A-novelband1,0,nearest_dist,BASE_logreg,0,n2
0_5712_N2B-ordinal1,0,nearest_class,BASE_logreg,0,n2
0_5712_N2C-radius1,0,counting,BASE_logreg,0,n2
0_572_N2A-novelband1,0,nearest_dist,BASE_logreg,1,n2
0_572_N2B-ordinal1,0,nearest_class,BASE_logreg,1,n2
0_572_N2C-radius1,0,counting,BASE_logreg,1,n2
0_5752_N2A-novelband1,0,nearest_dist,BASE_logreg,0,n2
0_5752_N2B-ordinal1,0,nearest_class,BASE_logreg,1,n2
0_5752_N2C-radius1,0,counting,BASE_logreg,1,n2
0_5753_N2A-novelband1,0,nearest_dist,BASE_logreg,0,n2
0_5753_N2B-ordinal1,0,nearest_class,BASE_logreg,0,n2
0_5753_N2C-radius1,0,counting,BASE_logreg,1,n2
0_5754_N2A-novelband1,0,nearest_dist,BASE_logreg,0,n2
0_5754_N2B-ordinal1,0,nearest_class,BASE_logreg,0,n2
0_5754_N2C-radius1,0,counting,BASE_logreg,1,n2
0_5787_N2A-novelband1,0,nearest_dist,BASE_logreg,0,n2
0_5787_N2B-ordinal1,0,nearest_class,BASE_logreg,0,n2
0_5787_N2C-radius1,0,counting,BASE_logreg,0,n2
0_5788_N2A-novelband1,0,nearest_dist,BASE_logreg,0,n2
0_5788_N2B-ordinal1,0,nearest_class,BASE_logreg,1,n2
0_5788_N2C-radius1,0,counting,BASE_logreg,1,n2
0_583_N2A-novelband1,0,nearest_dist,BASE_logreg,1,n2
0_583_N2B-ordinal1,0,nearest_class,BASE_logreg,0,n2
0_583_N2C-radius1,0,counting,BASE_logreg,0,n2
0_621_N2A-novelband1,0,nearest_dist,BASE_logreg,0,n2
0_621_N2B-ordinal1,0,nearest_class,BASE_logreg,0,n2
0_621_N2C-radius1,0,counting,BASE_logreg,0,n2
0_634_N2A-novelband1,0,nearest_dist,BASE_logreg,1,n2
0_634_N2B-ordinal1,0,nearest_class,BASE_logreg,0,n2
0_634_N2C-radius1,0,counting,BASE_logreg,0,n2
10_11540_N2A-novelband1,10,nearest_dist,BASE_logreg,0,n2
10_11540_N2B-ordinal1,10,nearest_class,BASE_logreg,0,n2
10_11540_N2C-radius1,10,counting,BASE_logreg,0,n2
10_11542_N2A-novelband1,10,nearest_dist,BASE_logreg,1,n2
10_11542_N2B-ordinal1,10,nearest_class,BASE_logreg,1,n2
10_11542_N2C-radius1,10,counting,BASE_logreg,1,n2
10_11546_N2A-novelband1,10,nearest_dist,BASE_logreg,1,n2
10_11546_N2B-ordinal1,10,nearest_class,BASE_logreg,1,n2
10_11546_N2C-radius1,10,counting,BASE_logreg,0,n2
10_11584_N2A-novelband1,10,nearest_dist,BASE_logreg,0,n2
10_11584_N2B-ordinal1,10,nearest_class,BASE_logreg,0,n2
10_11584_N2C-radius1,10,counting,BASE_logreg,0,n2
10_2039_N2A-novelband1,10,nearest_dist,BASE_logreg,0,n2
10_2039_N2B-ordinal1,10,nearest_class,BASE_logreg,0,n2
10_2039_N2C-radius1,10,counting,BASE_logreg,1,n2
10_2043_N2A-novelband1,10,nearest_dist,BASE_logreg,0,n2
10_2043_N2B-ordinal1,10,nearest_class,BASE_logreg,1,n2
10_2043_N2C-radius1,10,counting,BASE_logreg,1,n2
10_2044_N2A-novelband1,10,nearest_dist,BASE_logreg,0,n2
10_2044_N2B-ordinal1,10,nearest_class,BASE_logreg,0,n2
10_2044_N2C-radius1,10,counting,BASE_logreg,0,n2
10_2051_N2A-novelband1,10,nearest_dist,BASE_logreg,1,n2
10_2051_N2B-ordinal1,10,nearest_class,BASE_logreg,0,n2
10_2051_N2C-radius1,10,counting,BASE_logreg,0,n2
10_2114_N2A-novelband1,10,nearest_dist,BASE_logreg,1,n2
10_2114_N2B-ordinal1,10,nearest_class,BASE_logreg,0,n2
10_2114_N2C-radius1,10,counting,BASE_logreg,1,n2
10_2123_N2A-novelband1,10,nearest_dist,BASE_logreg,1,n2
10_2123_N2B-ordinal1,10,nearest_class,BASE_logreg,0,n2
10_2123_N2C-radius1,10,counting,BASE_logreg,1,n2
10_2124_N2A-novelband1,10,nearest_dist,BASE_logreg,0,n2
10_2124_N2B-ordinal1,10,nearest_class,BASE_logreg,0,n2
10_2124_N2C-radius1,10,counting,BASE_logreg,0,n2
10_2129_N2A-novelband1,10,nearest_dist,BASE_logreg,1,n2
10_2129_N2B-ordinal1,10,nearest_class,BASE_logreg,1,n2
10_2129_N2C-radius1,10,counting,BASE_logreg,0,n2
10_2131_N2A-novelband1,10,nearest_dist,BASE_logreg,1,n2
10_2131_N2B-ordinal1,10,nearest_class,BASE_logreg,0,n2
10_2131_N2C-radius1,10,counting,BASE_logreg,0,n2
10_2132_N2A-novelband1,10,nearest_dist,BASE_logreg,0,n2
10_2132_N2B-ordinal1,10,nearest_class,BASE_logreg,0,n2
10_2132_N2C-radius1,10,counting,BASE_logreg,1,n2
10_2133_N2A-novelband1,10,nearest_dist,BASE_logreg,0,n2
10_2133_N2B-ordinal1,10,nearest_class,BASE_logreg,0,n2
10_2133_N2C-radius1,10,counting,BASE_logreg,1,n2
10_2137_N2A-novelband1,10,nearest_dist,BASE_logreg,0,n2
10_2137_N2B-ordinal1,10,nearest_class,BASE_logreg,1,n2
10_2137_N2C-radius1,10,counting,BASE_logreg,1,n2
10_2144_N2A-novelband1,10,nearest_dist,BASE_logreg,0,n2
10_2144_N2B-ordinal1,10,nearest_class,BASE_logreg,0,n2
10_2144_N2C-radius1,10,counting,BASE_logreg,1,n2
10_5816_N2A-novelband1,10,nearest_dist,BASE_logreg,0,n2
10_5816_N2B-ordinal1,10,nearest_class,BASE_logreg,0,n2
10_5816_N2C-radius1,10,counting,BASE_logreg,0,n2
10_5819_N2A-novelband1,10,nearest_dist,BASE_logreg,0,n2
10_5819_N2B-ordinal1,10,nearest_class,BASE_logreg,0,n2
10_5819_N2C-radius1,10,counting,BASE_logreg,0,n2
10_5862_N2A-novelband1,10,nearest_dist,BASE_logreg,0,n2
10_5862_N2B-ordinal1,10,nearest_class,BASE_logreg,0,n2
10_5862_N2C-radius1,10,counting,BASE_logreg,0,n2
10_5863_N2A-novelband1,10,nearest_dist,BASE_logreg,0,n2
10_5863_N2B-ordinal1,10,nearest_class,BASE_logreg,0,n2
10_5863_N2C-radius1,10,counting,BASE_logreg,0,n2
10_5865_N2A-novelband1,10,nearest_dist,BASE_logreg,0,n2
10_5865_N2B-ordinal1,10,nearest_class,BASE_logreg,0,n2
10_5865_N2C-radius1,10,counting,BASE_logreg,0,n2
10_5866_N2A-novelband1,10,nearest_dist,BASE_logreg,0,n2
10_5866_N2B-ordinal1,10,nearest_class,BASE_logreg,0,n2
10_5866_N2C-radius1,10,counting,BASE_logreg,0,n2
10_5872_N2A-novelband1,10,nearest_dist,BASE_logreg,0,n2
10_5872_N2B-ordinal1,10,nearest_class,BASE_logreg,1,n2
10_5872_N2C-radius1,10,counting,BASE_logreg,0,n2
10_6000_N2A-novelband1,10,nearest_dist,BASE_logreg,1,n2
10_6000_N2B-ordinal1,10,nearest_class,BASE_logreg,1,n2
10_6000_N2C-radius1,10,counting,BASE_logreg,0,n2
10_6001_N2A-novelband1,10,nearest_dist,BASE_logreg,0,n2
10_6001_N2B-ordinal1,10,nearest_class,BASE_logreg,0,n2
10_6001_N2C-radius1,10,counting,BASE_logreg,0,n2
10_6004_N2A-novelband1,10,nearest_dist,BASE_logreg,0,n2
10_6004_N2B-ordinal1,10,nearest_class,BASE_logreg,0,n2
10_6004_N2C-radius1,10,counting,BASE_logreg,0,n2
10_8369_N2A-novelband1,10,nearest_dist,BASE_logreg,1,n2
10_8369_N2B-ordinal1,10,nearest_class,BASE_logreg,0,n2
10_8369_N2C-radius1,10,counting,BASE_logreg,1,n2
10_8372_N2A-novelband1,10,nearest_dist,BASE_logreg,1,n2
10_8372_N2B-ordinal1,10,nearest_class,BASE_logreg,1,n2
10_8372_N2C-radius1,10,counting,BASE_logreg,0,n2
10_8378_N2A-novelband1,10,nearest_dist,BASE_logreg,0,n2
10_8378_N2B-ordinal1,10,nearest_class,BASE_logreg,1,n2
10_8378_N2C-radius1,10,counting,BASE_logreg,1,n2
10_8424_N2A-novelband1,10,nearest_dist,BASE_logreg,0,n2
10_8424_N2B-ordinal1,10,nearest_class,BASE_logreg,1,n2
10_8424_N2C-radius1,10,counting,BASE_logreg,0,n2
10_8429_N2A-novelband1,10,nearest_dist,BASE_logreg,1,n2
10_8429_N2B-ordinal1,10,nearest_class,BASE_logreg,1,n2
10_8429_N2C-radius1,10,counting,BASE_logreg,0,n2
10_8430_N2A-novelband1,10,nearest_dist,BASE_logreg,0,n2
10_8430_N2B-ordinal1,10,nearest_class,BASE_logreg,1,n2
10_8430_N2C-radius1,10,counting,BASE_logreg,0,n2
10_8431_N2A-novelband1,10,nearest_dist,BASE_logreg,0,n2
10_8431_N2B-ordinal1,10,nearest_class,BASE_logreg,0,n2
10_8431_N2C-radius1,10,counting,BASE_logreg,0,n2
10_8433_N2A-novelband1,10,nearest_dist,BASE_logreg,1,n2
10_8433_N2B-ordinal1,10,nearest_class,BASE_logreg,1,n2
10_8433_N2C-radius1,10,counting,BASE_logreg,0,n2
10_9306_N2A-novelband1,10,nearest_dist,BASE_logreg,0,n2
10_9306_N2B-ordinal1,10,nearest_class,BASE_logreg,0,n2
10_9306_N2C-radius1,10,counting,BASE_logreg,1,n2
10_9309_N2A-novelband1,10,nearest_dist,BASE_logreg,0,n2
10_9309_N2B-ordinal1,10,nearest_class,BASE_logreg,0,n2
10_9309_N2C-radius1,10,counting,BASE_logreg,0,n2
10_9347_N2A-novelband1,10,nearest_dist,BASE_logreg,0,n2
10_9347_N2B-ordinal1,10,nearest_class,BASE_logreg,0,n2
10_9347_N2C-radius1,10,counting,BASE_logreg,1,n2
10_9350_N2A-novelband1,10,nearest_dist,BASE_logreg,0,n2
10_9350_N2B-ordinal1,10,nearest_class,BASE_logreg,0,n2
10_9350_N2C-radius1,10,counting,BASE_logreg,1,n2
10_9356_N2A-novelband1,10,nearest_dist,BASE_logreg,0,n2
10_9356_N2B-ordinal1,10,nearest_class,BASE_logreg,1,n2
10_9356_N2C-radius1,10,counting,BASE_logreg,0,n2
10_9392_N2A-novelband1,10,nearest_dist,BASE_logreg,1,n2
10_9392_N2B-ordinal1,10,nearest_class,BASE_logreg,0,n2
10_9392_N2C-radius1,10,counting,BASE_logreg,1,n2
10_9395_N2A-novelband1,10,nearest_dist,BASE_logreg,0,n2
10_9395_N2B-ordinal1,10,nearest_class,BASE_logreg,1,n2
10_9395_N2C-radius1,10,counting,BASE_logreg,0,n2
10_9396_N2A-novelband1,10,nearest_dist,BASE_logreg,0,n2
10_9396_N2B-ordinal1,10,nearest_class,BASE_logreg,0,n2
10_9396_N2C-radius1,10,counting,BASE_logreg,0,n2
11_1747_N2A-novelband1,11,nearest_dist,BASE_logreg,0,n2
11_1747_N2B-ordinal1,11,nearest_class,BASE_logreg,0,n2
11_1747_N2C-radius1,11,counting,BASE_logreg,1,n2
11_1749_N2A-novelband1,11,nearest_dist,BASE_logreg,0,n2
11_1749_N2B-ordinal1,11,nearest_class,BASE_logreg,0,n2
11_1749_N2C-radius1,11,counting,BASE_logreg,0,n2
11_1756_N2A-novelband1,11,nearest_dist,BASE_logreg,1,n2
11_1756_N2B-ordinal1,11,nearest_class,BASE_logreg,0,n2
11_1756_N2C-radius1,11,counting,BASE_logreg,0,n2
11_1760_N2A-novelband1,11,nearest_dist,BASE_logreg,1,n2
11_1760_N2B-ordinal1,11,nearest_class,BASE_logreg,0,n2
11_1760_N2C-radius1,11,counting,BASE_logreg,0,n2
11_1768_N2A-novelband1,11,nearest_dist,BASE_logreg,0,n2
11_1768_N2B-ordinal1,11,nearest_class,BASE_logreg,0,n2
11_1768_N2C-radius1,11,counting,BASE_logreg,0,n2
11_1777_N2A-novelband1,11,nearest_dist,BASE_logreg,0,n2
11_1777_N2B-ordinal1,11,nearest_class,BASE_logreg,1,n2
11_1777_N2C-radius1,11,counting,BASE_logreg,0,n2
11_1783_N2A-novelband1,11,nearest_dist,BASE_logreg,0,n2
11_1783_N2B-ordinal1,11,nearest_class,BASE_logreg,0,n2
11_1783_N2C-radius1,11,counting,BASE_logreg,1,n2
11_1787_N2A-novelband1,11,nearest_dist,BASE_logreg,0,n2
11_1787_N2B-ordinal1,11,nearest_class,BASE_logreg,0,n2
11_1787_N2C-radius1,11,counting,BASE_logreg,1,n2
11_1790_N2A-novelband1,11,nearest_dist,BASE_logreg,0,n2
11_1790_N2B-ordinal1,11,nearest_class,BASE_logreg,1,n2
11_1790_N2C-radius1,11,counting,BASE_logreg,0,n2
11_1792_N2A-novelband1,11,nearest_dist,BASE_logreg,0,n2
11_1792_N2B-ordinal1,11,nearest_class,BASE_logreg,0,n2
11_1792_N2C-radius1,11,counting,BASE_logreg,0,n2
11_1793_N2A-novelband1,11,nearest_dist,BASE_logreg,0,n2
11_1793_N2B-ordinal1,11,nearest_class,BASE_logreg,0,n2
11_1793_N2C-radius1,11,counting,BASE_logreg,1,n2
11_1794_N2A-novelband1,11,nearest_dist,BASE_logreg,0,n2
11_1794_N2B-ordinal1,11,nearest_class,BASE_logreg,0,n2
11_1794_N2C-radius1,11,counting,BASE_logreg,0,n2
11_1799_N2A-novelband1,11,nearest_dist,BASE_logreg,0,n2
11_1799_N2B-ordinal1,11,nearest_class,BASE_logreg,0,n2
11_1799_N2C-radius1,11,counting,BASE_logreg,0,n2
11_1800_N2A-novelband1,11,nearest_dist,BASE_logreg,1,n2
11_1800_N2B-ordinal1,11,nearest_class,BASE_logreg,0,n2
11_1800_N2C-radius1,11,counting,BASE_logreg,1,n2
11_1906_N2A-novelband1,11,nearest_dist,BASE_logreg,0,n2
11_1906_N2B-ordinal1,11,nearest_class,BASE_logreg,0,n2
11_1906_N2C-radius1,11,counting,BASE_logreg,0,n2
11_1907_N2A-novelband1,11,nearest_dist,BASE_logreg,1,n2
11_1907_N2B-ordinal1,11,nearest_class,BASE_logreg,1,n2
11_1907_N2C-radius1,11,counting,BASE_logreg,1,n2
11_1914_N2A-novelband1,11,nearest_dist,BASE_logreg,0,n2
11_1914_N2B-ordinal1,11,nearest_class,BASE_logreg,1,n2
11_1914_N2C-radius1,11,counting,BASE_logreg,0,n2
11_1916_N2A-novelband1,11,nearest_dist,BASE_logreg,1,n2
11_1916_N2B-ordinal1,11,nearest_class,BASE_logreg,0,n2
11_1916_N2C-radius1,11,counting,BASE_logreg,0,n2
11_1924_N2A-novelband1,11,nearest_dist,BASE_logreg,1,n2
11_1924_N2B-ordinal1,11,nearest_class,BASE_logreg,0,n2
11_1924_N2C-radius1,11,counting,BASE_logreg,1,n2
11_1928_N2A-novelband1,11,nearest_dist,BASE_logreg,0,n2
11_1928_N2B-ordinal1,11,nearest_class,BASE_logreg,0,n2
11_1928_N2C-radius1,11,counting,BASE_logreg,1,n2
11_1932_N2A-novelband1,11,nearest_dist,BASE_logreg,0,n2
11_1932_N2B-ordinal1,11,nearest_class,BASE_logreg,1,n2
11_1932_N2C-radius1,11,counting,BASE_logreg,1,n2
11_1935_N2A-novelband1,11,nearest_dist,BASE_logreg,1,n2
11_1935_N2B-ordinal1,11,nearest_class,BASE_logreg,0,n2
11_1935_N2C-radius1,11,counting,BASE_logreg,1,n2
11_1939_N2A-novelband1,11,nearest_dist,BASE_logreg,0,n2
11_1939_N2B-ordinal1,11,nearest_class,BASE_logreg,0,n2
11_1939_N2C-radius1,11,counting,BASE_logreg,0,n2
11_1942_N2A-novelband1,11,nearest_dist,BASE_logreg,0,n2
11_1942_N2B-ordinal1,11,nearest_class,BASE_logreg,0,n2
11_1942_N2C-radius1,11,counting,BASE_logreg,0,n2
11_2057_N2A-novelband1,11,nearest_dist,BASE_logreg,0,n2
11_2057_N2B-ordinal1,11,nearest_class,BASE_logreg,0,n2
11_2057_N2C-radius1,11,counting,BASE_logreg,0,n2
11_2064_N2A-novelband1,11,nearest_dist,BASE_logreg,0,n2
11_2064_N2B-ordinal1,11,nearest_class,BASE_logreg,0,n2
11_2064_N2C-radius1,11,counting,BASE_logreg,1,n2
11_2073_N2A-novelband1,11,nearest_dist,BASE_logreg,1,n2
11_2073_N2B-ordinal1,11,nearest_class,BASE_logreg,0,n2
11_2073_N2C-radius1,11,counting,BASE_logreg,1,n2
11_2081_N2A-novelband1,11,nearest_dist,BASE_logreg,0,n2
11_2081_N2B-ordinal1,11,nearest_class,BASE_logreg,0,n2
11_2081_N2C-radius1,11,counting,BASE_logreg,1,n2
11_2082_N2A-novelband1,11,nearest_dist,BASE_logreg,1,n2
11_2082_N2B-ordinal1,11,nearest_class,BASE_logreg,1,n2
11_2082_N2C-radius1,11,counting,BASE_logreg,1,n2
11_2084_N2A-novelband1,11,nearest_dist,BASE_logreg,0,n2
11_2084_N2B-ordinal1,11,nearest_class,BASE_logreg,0,n2
11_2084_N2C-radius1,11,counting,BASE_logreg,1,n2
11_2085_N2A-novelband1,11,nearest_dist,BASE_logreg,0,n2
11_2085_N2B-ordinal1,11,nearest_class,BASE_logreg,0,n2
11_2085_N2C-radius1,11,counting,BASE_logreg,1,n2
11_5174_N2A-novelband1,11,nearest_dist,BASE_logreg,0,n2
11_5174_N2B-ordinal1,11,nearest_class,BASE_logreg,0,n2
11_5174_N2C-radius1,11,counting,BASE_logreg,1,n2
11_5176_N2A-novelband1,11,nearest_dist,BASE_logreg,0,n2
11_5176_N2B-ordinal1,11,nearest_class,BASE_logreg,0,n2
11_5176_N2C-radius1,11,counting,BASE_logreg,0,n2
11_5179_N2A-novelband1,11,nearest_dist,BASE_logreg,1,n2
11_5179_N2B-ordinal1,11,nearest_class,BASE_logreg,0,n2
11_5179_N2C-radius1,11,counting,BASE_logreg,1,n2
11_5184_N2A-novelband1,11,nearest_dist,BASE_logreg,0,n2
11_5184_N2B-ordinal1,11,nearest_class,BASE_logreg,1,n2
11_5184_N2C-radius1,11,counting,BASE_logreg,1,n2
11_5185_N2A-novelband1,11,nearest_dist,BASE_logreg,0,n2
11_5185_N2B-ordinal1,11,nearest_class,BASE_logreg,0,n2
11_5185_N2C-radius1,11,counting,BASE_logreg,0,n2
11_5186_N2A-novelband1,11,nearest_dist,BASE_logreg,0,n2
11_5186_N2B-ordinal1,11,nearest_class,BASE_logreg,1,n2
11_5186_N2C-radius1,11,counting,BASE_logreg,1,n2
11_5188_N2A-novelband1,11,nearest_dist,BASE_logreg,0,n2
11_5188_N2B-ordinal1,11,nearest_class,BASE_logreg,1,n2
11_5188_N2C-radius1,11,counting,BASE_logreg,0,n2
11_5190_N2A-novelband1,11,nearest_dist,BASE_logreg,0,n2
11_5190_N2B-ordinal1,11,nearest_class,BASE_logreg,1,n2
11_5190_N2C-radius1,11,counting,BASE_logreg,1,n2
11_5194_N2A-novelband1,11,nearest_dist,BASE_logreg,1,n2
11_5194_N2B-ordinal1,11,nearest_class,BASE_logreg,1,n2
11_5194_N2C-radius1,11,counting,BASE_logreg,0,n2
11_5197_N2A-novelband1,11,nearest_dist,BASE_logreg,0,n2
11_5197_N2B-ordinal1,11,nearest_class,BASE_logreg,0,n2
11_5197_N2C-radius1,11,counting,BASE_logreg,0,n2
11_5205_N2A-novelband1,11,nearest_dist,BASE_logreg,0,n2
11_5205_N2B-ordinal1,11,nearest_class,BASE_logreg,0,n2
11_5205_N2C-radius1,11,counting,BASE_logreg,0,n2
11_5207_N2A-novelband1,11,nearest_dist,BASE_logreg,0,n2
11_5207_N2B-ordinal1,11,nearest_class,BASE_logreg,0,n2
11_5207_N2C-radius1,11,counting,BASE_logreg,1,n2
11_5627_N2A-novelband1,11,nearest_dist,BASE_logreg,0,n2
11_5627_N2B-ordinal1,11,nearest_class,BASE_logreg,0,n2
11_5627_N2C-radius1,11,counting,BASE_logreg,0,n2
11_5660_N2A-novelband1,11,nearest_dist,BASE_logreg,0,n2
11_5660_N2B-ordinal1,11,nearest_class,BASE_logreg,0,n2
11_5660_N2C-radius1,11,counting,BASE_logreg,0,n2
11_5661_N2A-novelband1,11,nearest_dist,BASE_logreg,1,n2
11_5661_N2B-ordinal1,11,nearest_class,BASE_logreg,0,n2
11_5661_N2C-radius1,11,counting,BASE_logreg,0,n2
11_5667_N2A-novelband1,11,nearest_dist,BASE_logreg,0,n2
11_5667_N2B-ordinal1,11,nearest_class,BASE_logreg,0,n2
11_5667_N2C-radius1,11,counting,BASE_logreg,0,n2
11_5668_N2A-novelband1,11,nearest_dist,BASE_logreg,1,n2
11_5668_N2B-ordinal1,11,nearest_class,BASE_logreg,0,n2
11_5668_N2C-radius1,11,counting,BASE_logreg,0,n2
11_5671_N2A-novelband1,11,nearest_dist,BASE_logreg,0,n2
11_5671_N2B-ordinal1,11,nearest_class,BASE_logreg,0,n2
11_5671_N2C-radius1,11,counting,BASE_logreg,0,n2
11_5674_N2A-novelband1,11,nearest_dist,BASE_logreg,0,n2
11_5674_N2B-ordinal1,11,nearest_class,BASE_logreg,0,n2
11_5674_N2C-radius1,11,counting,BASE_logreg,1,n2
11_5769_N2A-novelband1,11,nearest_dist,BASE_logreg,1,n2
11_5769_N2B-ordinal1,11,nearest_class,BASE_logreg,1,n2
11_5769_N2C-radius1,11,counting,BASE_logreg,0,n2
11_5776_N2A-novelband1,11,nearest_dist,BASE_logreg,1,n2
11_5776_N2B-ordinal1,11,nearest_class,BASE_logreg,0,n2
11_5776_N2C-radius1,11,counting,BASE_logreg,0,n2
11_5785_N2A-novelband1,11,nearest_dist,BASE_logreg,1,n2
11_5785_N2B-ordinal1,11,nearest_class,BASE_logreg,0,n2
11_5785_N2C-radius1,11,counting,BASE_logreg,0,n2
12_10418_N2A-novelband1,12,nearest_dist,BASE_logreg,0,n2
12_10418_N2B-ordinal1,12,nearest_class,BASE_logreg,0,n2
12_10418_N2C-radius1,12,counting,BASE_logreg,1,n2
12_10422_N2A-novelband1,12,nearest_dist,BASE_logreg,0,n2
12_10422_N2B-ordinal1,12,nearest_class,BASE_logreg,0,n2
12_10422_N2C-radius1,12,counting,BASE_logreg,0,n2
12_10423_N2A-novelband1,12,nearest_dist,BASE_logreg,1,n2
12_10423_N2B-ordinal1,12,nearest_class,BASE_logreg,1,n2
12_10423_N2C-radius1,12,counting,BASE_logreg,1,n2
12_10428_N2A-novelband1,12,nearest_dist,BASE_logreg,0,n2
12_10428_N2B-ordinal1,12,nearest_class,BASE_logreg,1,n2
12_10428_N2C-radius1,12,counting,BASE_logreg,0,n2
12_10438_N2A-novelband1,12,nearest_dist,BASE_logreg,1,n2
12_10438_N2C-radius1,12,counting,BASE_logreg,1,n2
12_10442_N2A-novelband1,12,nearest_dist,BASE_logreg,1,n2
12_10442_N2C-radius1,12,counting,BASE_logreg,0,n2
12_10445_N2A-novelband1,12,nearest_dist,BASE_logreg,0,n2
12_10445_N2C-radius1,12,counting,BASE_logreg,0,n2
12_10446_N2A-novelband1,12,nearest_dist,BASE_logreg,1,n2
12_10446_N2C-radius1,12,counting,BASE_logreg,0,n2
12_10537_N2A-novelband1,12,nearest_dist,BASE_logreg,1,n2
12_10537_N2B-ordinal1,12,nearest_class,BASE_logreg,0,n2
12_10537_N2C-radius1,12,counting,BASE_logreg,0,n2
12_10550_N2A-novelband1,12,nearest_dist,BASE_logreg,0,n2
12_10550_N2B-ordinal1,12,nearest_class,BASE_logreg,0,n2
12_10550_N2C-radius1,12,counting,BASE_logreg,0,n2
12_11507_N2A-novelband1,12,nearest_dist,BASE_logreg,0,n2
12_11507_N2B-ordinal1,12,nearest_class,BASE_logreg,1,n2
12_11507_N2C-radius1,12,counting,BASE_logreg,1,n2
12_11508_N2A-novelband1,12,nearest_dist,BASE_logreg,0,n2
12_11508_N2B-ordinal1,12,nearest_class,BASE_logreg,1,n2
12_11508_N2C-radius1,12,counting,BASE_logreg,1,n2
12_11526_N2A-novelband1,12,nearest_dist,BASE_logreg,0,n2
12_11526_N2B-ordinal1,12,nearest_class,BASE_logreg,1,n2
12_11526_N2C-radius1,12,counting,BASE_logreg,1,n2
12_11529_N2A-novelband1,12,nearest_dist,BASE_logreg,0,n2
12_11529_N2B-ordinal1,12,nearest_class,BASE_logreg,0,n2
12_11529_N2C-radius1,12,counting,BASE_logreg,0,n2
12_11592_N2A-novelband1,12,nearest_dist,BASE_logreg,1,n2
12_11592_N2B-ordinal1,12,nearest_class,BASE_logreg,0,n2
12_11592_N2C-radius1,12,counting,BASE_logreg,0,n2
12_11594_N2A-novelband1,12,nearest_dist,BASE_logreg,0,n2
12_11594_N2B-ordinal1,12,nearest_class,BASE_logreg,0,n2
12_11594_N2C-radius1,12,counting,BASE_logreg,0,n2
12_11599_N2A-novelband1,12,nearest_dist,BASE_logreg,1,n2
12_11599_N2B-ordinal1,12,nearest_class,BASE_logreg,0,n2
12_11599_N2C-radius1,12,counting,BASE_logreg,1,n2
12_11600_N2A-novelband1,12,nearest_dist,BASE_logreg,0,n2
12_11600_N2B-ordinal1,12,nearest_class,BASE_logreg,0,n2
12_11600_N2C-radius1,12,counting,BASE_logreg,0,n2
12_11605_N2A-novelband1,12,nearest_dist,BASE_logreg,0,n2
12_11605_N2B-ordinal1,12,nearest_class,BASE_logreg,1,n2
12_11605_N2C-radius1,12,counting,BASE_logreg,1,n2
12_11618_N2A-novelband1,12,nearest_dist,BASE_logreg,0,n2
12_11618_N2B-ordinal1,12,nearest_class,BASE_logreg,0,n2
12_11618_N2C-radius1,12,counting,BASE_logreg,0,n2
12_2675_N2A-novelband1,12,nearest_dist,BASE_logreg,0,n2
12_2675_N2B-ordinal1,12,nearest_class,BASE_logreg,0,n2
12_2675_N2C-radius1,12,counting,BASE_logreg,1,n2
12_2676_N2A-novelband1,12,nearest_dist,BASE_logreg,1,n2
12_2676_N2B-ordinal1,12,nearest_class,BASE_logreg,1,n2
12_2676_N2C-radius1,12,counting,BASE_logreg,0,n2
12_2681_N2A-novelband1,12,nearest_dist,BASE_logreg,1,n2
12_2681_N2B-ordinal1,12,nearest_class,BASE_logreg,0,n2
12_2681_N2C-radius1,12,counting,BASE_logreg,1,n2
12_2687_N2A-novelband1,12,nearest_dist,BASE_logreg,1,n2
12_2687_N2B-ordinal1,12,nearest_class,BASE_logreg,0,n2
12_2687_N2C-radius1,12,counting,BASE_logreg,0,n2
12_2697_N2A-novelband1,12,nearest_dist,BASE_logreg,0,n2
12_2697_N2B-ordinal1,12,nearest_class,BASE_logreg,0,n2
12_2697_N2C-radius1,12,counting,BASE_logreg,0,n2
12_2700_N2A-novelband1,12,nearest_dist,BASE_logreg,0,n2
12_2700_N2B-ordinal1,12,nearest_class,BASE_logreg,1,n2
12_2700_N2C-radius1,12,counting,BASE_logreg,1,n2
12_2863_N2A-novelband1,12,nearest_dist,BASE_logreg,1,n2
12_2863_N2B-ordinal1,12,nearest_class,BASE_logreg,0,n2
12_2863_N2C-radius1,12,counting,BASE_logreg,1,n2
12_2864_N2A-novelband1,12,nearest_dist,BASE_logreg,0,n2
12_2864_N2B-ordinal1,12,nearest_class,BASE_logreg,0,n2
12_2864_N2C-radius1,12,counting,BASE_logreg,0,n2
12_2867_N2A-novelband1,12,nearest_dist,BASE_logreg,0,n2
12_2867_N2B-ordinal1,12,nearest_class,BASE_logreg,0,n2
12_2867_N2C-radius1,12,counting,BASE_logreg,0,n2
12_2871_N2A-novelband1,12,nearest_dist,BASE_logreg,0,n2
12_2871_N2B-ordinal1,12,nearest_class,BASE_logreg,0,n2
12_2871_N2C-radius1,12,counting,BASE_logreg,0,n2
12_2877_N2A-novelband1,12,nearest_dist,BASE_logreg,0,n2
12_2877_N2B-ordinal1,12,nearest_class,BASE_logreg,1,n2
12_2877_N2C-radius1,12,counting,BASE_logreg,0,n2
12_2883_N2A-novelband1,12,nearest_dist,BASE_logreg,0,n2
12_2883_N2B-ordinal1,12,nearest_class,BASE_logreg,0,n2
12_2883_N2C-radius1,12,counting,BASE_logreg,0,n2
12_2887_N2A-novelband1,12,nearest_dist,BASE_logreg,1,n2
12_2887_N2B-ordinal1,12,nearest_class,BASE_logreg,0,n2
12_2887_N2C-radius1,12,counting,BASE_logreg,0,n2
12_2890_N2A-novelband1,12,nearest_dist,BASE_logreg,0,n2
12_2890_N2B-ordinal1,12,nearest_class,BASE_logreg,0,n2
12_2890_N2C-radius1,12,counting,BASE_logreg,0,n2
12_2892_N2A-novelband1,12,nearest_dist,BASE_logreg,1,n2
12_2892_N2B-ordinal1,12,nearest_class,BASE_logreg,0,n2
12_2892_N2C-radius1,12,counting,BASE_logreg,0,n2
12_2893_N2A-novelband1,12,nearest_dist,BASE_logreg,1,n2
12_2893_N2B-ordinal1,12,nearest_class,BASE_logreg,0,n2
12_2893_N2C-radius1,12,counting,BASE_logreg,0,n2
12_2896_N2A-novelband1,12,nearest_dist,BASE_logreg,1,n2
12_2896_N2B-ordinal1,12,nearest_class,BASE_logreg,1,n2
12_2896_N2C-radius1,12,counting,BASE_logreg,0,n2
12_2903_N2A-novelband1,12,nearest_dist,BASE_logreg,1,n2
12_2903_N2B-ordinal1,12,nearest_class,BASE_logreg,0,n2
12_2903_N2C-radius1,12,counting,BASE_logreg,0,n2
12_2905_N2A-novelband1,12,nearest_dist,BASE_logreg,0,n2
12_2905_N2B-ordinal1,12,nearest_class,BASE_logreg,1,n2
12_2905_N2C-radius1,12,counting,BASE_logreg,0,n2
13_10067_N2A-novelband1,13,nearest_dist,BASE_logreg,1,n2
13_10067_N2B-ordinal1,13,nearest_class,BASE_logreg,0,n2
13_10067_N2C-radius1,13,counting,BASE_logreg,0,n2
13_10070_N2A-novelband1,13,nearest_dist,BASE_logreg,0,n2
13_10070_N2B-ordinal1,13,nearest_class,BASE_logreg,0,n2
13_10070_N2C-radius1,13,counting,BASE_logreg,1,n2
13_10072_N2A-novelband1,13,nearest_dist,BASE_logreg,0,n2
13_10072_N2B-ordinal1,13,nearest_class,BASE_logreg,0,n2
13_10072_N2C-radius1,13,counting,BASE_logreg,0,n2
13_10081_N2A-novelband1,13,nearest_dist,BASE_logreg,0,n2
13_10081_N2B-ordinal1,13,nearest_class,BASE_logreg,0,n2
13_10081_N2C-radius1,13,counting,BASE_logreg,0,n2
13_10414_N2A-novelband1,13,nearest_dist,BASE_logreg,1,n2
13_10414_N2B-ordinal1,13,nearest_class,BASE_logreg,0,n2
13_10414_N2C-radius1,13,counting,BASE_logreg,0,n2
13_10415_N2A-novelband1,13,nearest_dist,BASE_logreg,0,n2
13_10415_N2B-ordinal1,13,nearest_class,BASE_logreg,1,n2
13_10415_N2C-radius1,13,counting,BASE_logreg,1,n2
13_10426_N2A-novelband1,13,nearest_dist,BASE_logreg,0,n2
13_10426_N2B-ordinal1,13,nearest_class,BASE_logreg,1,n2
13_10426_N2C-radius1,13,counting,BASE_logreg,0,n2
13_10431_N2A-novelband1,13,nearest_dist,BASE_logreg,1,n2
13_10431_N2B-ordinal1,13,nearest_class,BASE_logreg,0,n2
13_10431_N2C-radius1,13,counting,BASE_logreg,0,n2
13_10441_N2A-novelband1,13,nearest_dist,BASE_logreg,0,n2
13_10441_N2B-ordinal1,13,nearest_class,BASE_logreg,0,n2
13_10441_N2C-radius1,13,counting,BASE_logreg,1,n2
13_10449_N2A-novelband1,13,nearest_dist,BASE_logreg,0,n2
13_10449_N2B-ordinal1,13,nearest_class,BASE_logreg,1,n2
13_10449_N2C-radius1,13,counting,BASE_logreg,0,n2
13_10457_N2A-novelband1,13,nearest_dist,BASE_logreg,1,n2
13_10457_N2B-ordinal1,13,nearest_class,BASE_logreg,1,n2
13_10457_N2C-radius1,13,counting,BASE_logreg,0,n2
13_10458_N2A-novelband1,13,nearest_dist,BASE_logreg,0,n2
13_10458_N2B-ordinal1,13,nearest_class,BASE_logreg,0,n2
13_10458_N2C-radius1,13,counting,BASE_logreg,0,n2
13_10462_N2A-novelband1,13,nearest_dist,BASE_logreg,0,n2
13_10462_N2B-ordinal1,13,nearest_class,BASE_logreg,1,n2
13_10462_N2C-radius1,13,counting,BASE_logreg,0,n2
13_10470_N2A-novelband1,13,nearest_dist,BASE_logreg,1,n2
13_10470_N2B-ordinal1,13,nearest_class,BASE_logreg,0,n2
13_10470_N2C-radius1,13,counting,BASE_logreg,0,n2
13_10472_N2A-novelband1,13,nearest_dist,BASE_logreg,1,n2
13_10472_N2B-ordinal1,13,nearest_class,BASE_logreg,0,n2
13_10472_N2C-radius1,13,counting,BASE_logreg,0,n2
13_10477_N2A-novelband1,13,nearest_dist,BASE_logreg,0,n2
13_10477_N2B-ordinal1,13,nearest_class,BASE_logreg,0,n2
13_10477_N2C-radius1,13,counting,BASE_logreg,0,n2
13_10478_N2A-novelband1,13,nearest_dist,BASE_logreg,1,n2
13_10478_N2B-ordinal1,13,nearest_class,BASE_logreg,0,n2
13_10478_N2C-radius1,13,counting,BASE_logreg,1,n2
13_10479_N2A-novelband1,13,nearest_dist,BASE_logreg,0,n2
13_10479_N2B-ordinal1,13,nearest_class,BASE_logreg,0,n2
13_10479_N2C-radius1,13,counting,BASE_logreg,1,n2
13_10487_N2A-novelband1,13,nearest_dist,BASE_logreg,0,n2
13_10487_N2B-ordinal1,13,nearest_class,BASE_logreg,0,n2
13_10487_N2C-radius1,13,counting,BASE_logreg,0,n2
13_10489_N2A-novelband1,13,nearest_dist,BASE_logreg,0,n2
13_10489_N2B-ordinal1,13,nearest_class,BASE_logreg,0,n2
13_10489_N2C-radius1,13,counting,BASE_logreg,1,n2
13_10490_N2A-novelband1,13,nearest_dist,BASE_logreg,0,n2
13_10490_N2B-ordinal1,13,nearest_class,BASE_logreg,0,n2
13_10490_N2C-radius1,13,counting,BASE_logreg,1,n2
13_10494_N2A-novelband1,13,nearest_dist,BASE_logreg,1,n2
13_10494_N2B-ordinal1,13,nearest_class,BASE_logreg,1,n2
13_10494_N2C-radius1,13,counting,BASE_logreg,0,n2
13_1050_N2A-novelband1,13,nearest_dist,BASE_logreg,1,n2
13_1050_N2B-ordinal1,13,nearest_class,BASE_logreg,0,n2
13_1050_N2C-radius1,13,counting,BASE_logreg,0,n2
13_10500_N2A-novelband1,13,nearest_dist,BASE_logreg,0,n2
13_10500_N2B-ordinal1,13,nearest_class,BASE_logreg,0,n2
13_10500_N2C-radius1,13,counting,BASE_logreg,1,n2
13_10518_N2A-novelband1,13,nearest_dist,BASE_logreg,1,n2
13_10518_N2B-ordinal1,13,nearest_class,BASE_logreg,1,n2
13_10518_N2C-radius1,13,counting,BASE_logreg,0,n2
13_10522_N2A-novelband1,13,nearest_dist,BASE_logreg,0,n2
13_10522_N2B-ordinal1,13,nearest_class,BASE_logreg,1,n2
13_10522_N2C-radius1,13,counting,BASE_logreg,0,n2
13_10526_N2A-novelband1,13,nearest_dist,BASE_logreg,0,n2
13_10526_N2B-ordinal1,13,nearest_class,BASE_logreg,1,n2
13_10526_N2C-radius1,13,counting,BASE_logreg,1,n2
13_10576_N2A-novelband1,13,nearest_dist,BASE_logreg,0,n2
13_10576_N2B-ordinal1,13,nearest_class,BASE_logreg,0,n2
13_10576_N2C-radius1,13,counting,BASE_logreg,0,n2
13_10578_N2A-novelband1,13,nearest_dist,BASE_logreg,1,n2
13_10578_N2B-ordinal1,13,nearest_class,BASE_logreg,0,n2
13_10578_N2C-radius1,13,counting,BASE_logreg,0,n2
13_10612_N2A-novelband1,13,nearest_dist,BASE_logreg,1,n2
13_10612_N2B-ordinal1,13,nearest_class,BASE_logreg,0,n2
13_10612_N2C-radius1,13,counting,BASE_logreg,0,n2
13_10670_N2A-novelband1,13,nearest_dist,BASE_logreg,0,n2
13_10670_N2B-ordinal1,13,nearest_class,BASE_logreg,0,n2
13_10670_N2C-radius1,13,counting,BASE_logreg,0,n2
13_10677_N2A-novelband1,13,nearest_dist,BASE_logreg,0,n2
13_10677_N2B-ordinal1,13,nearest_class,BASE_logreg,1,n2
13_10677_N2C-radius1,13,counting,BASE_logreg,0,n2
13_10679_N2A-novelband1,13,nearest_dist,BASE_logreg,0,n2
13_10679_N2B-ordinal1,13,nearest_class,BASE_logreg,0,n2
13_10679_N2C-radius1,13,counting,BASE_logreg,1,n2
13_10683_N2A-novelband1,13,nearest_dist,BASE_logreg,0,n2
13_10683_N2B-ordinal1,13,nearest_class,BASE_logreg,1,n2
13_10683_N2C-radius1,13,counting,BASE_logreg,0,n2
13_10686_N2A-novelband1,13,nearest_dist,BASE_logreg,1,n2
13_10686_N2B-ordinal1,13,nearest_class,BASE_logreg,1,n2
13_10686_N2C-radius1,13,counting,BASE_logreg,1,n2
13_10694_N2A-novelband1,13,nearest_dist,BASE_logreg,0,n2
13_10694_N2B-ordinal1,13,nearest_class,BASE_logreg,0,n2
13_10694_N2C-radius1,13,counting,BASE_logreg,1,n2
13_10733_N2A-novelband1,13,nearest_dist,BASE_logreg,1,n2
13_10733_N2B-ordinal1,13,nearest_class,BASE_logreg,1,n2
13_10733_N2C-radius1,13,counting,BASE_logreg,0,n2
13_10834_N2A-novelband1,13,nearest_dist,BASE_logreg,0,n2
13_10834_N2B-ordinal1,13,nearest_class,BASE_logreg,0,n2
13_10834_N2C-radius1,13,counting,BASE_logreg,1,n2
13_10838_N2A-novelband1,13,nearest_dist,BASE_logreg,1,n2
13_10838_N2B-ordinal1,13,nearest_class,BASE_logreg,0,n2
13_10838_N2C-radius1,13,counting,BASE_logreg,0,n2
13_1092_N2A-novelband1,13,nearest_dist,BASE_logreg,0,n2
13_1092_N2B-ordinal1,13,nearest_class,BASE_logreg,0,n2
13_1092_N2C-radius1,13,counting,BASE_logreg,1,n2
13_11003_N2A-novelband1,13,nearest_dist,BASE_logreg,0,n2
13_11003_N2B-ordinal1,13,nearest_class,BASE_logreg,0,n2
13_11003_N2C-radius1,13,counting,BASE_logreg,0,n2
13_11005_N2A-novelband1,13,nearest_dist,BASE_logreg,1,n2
13_11005_N2B-ordinal1,13,nearest_class,BASE_logreg,1,n2
13_11005_N2C-radius1,13,counting,BASE_logreg,0,n2
13_11072_N2A-novelband1,13,nearest_dist,BASE_logreg,0,n2
13_11072_N2B-ordinal1,13,nearest_class,BASE_logreg,0,n2
13_11072_N2C-radius1,13,counting,BASE_logreg,0,n2
13_11077_N2A-novelband1,13,nearest_dist,BASE_logreg,1,n2
13_11077_N2B-ordinal1,13,nearest_class,BASE_logreg,1,n2
13_11077_N2C-radius1,13,counting,BASE_logreg,0,n2
13_11088_N2A-novelband1,13,nearest_dist,BASE_logreg,1,n2
13_11088_N2B-ordinal1,13,nearest_class,BASE_logreg,1,n2
13_11088_N2C-radius1,13,counting,BASE_logreg,1,n2
13_11093_N2A-novelband1,13,nearest_dist,BASE_logreg,0,n2
13_11093_N2B-ordinal1,13,nearest_class,BASE_logreg,0,n2
13_11093_N2C-radius1,13,counting,BASE_logreg,0,n2
13_11105_N2A-novelband1,13,nearest_dist,BASE_logreg,1,n2
13_11105_N2B-ordinal1,13,nearest_class,BASE_logreg,0,n2
13_11105_N2C-radius1,13,counting,BASE_logreg,0,n2
13_11107_N2A-novelband1,13,nearest_dist,BASE_logreg,0,n2
13_11107_N2B-ordinal1,13,nearest_class,BASE_logreg,0,n2
13_11107_N2C-radius1,13,counting,BASE_logreg,0,n2
13_11110_N2A-novelband1,13,nearest_dist,BASE_logreg,0,n2
13_11110_N2B-ordinal1,13,nearest_class,BASE_logreg,0,n2
13_11110_N2C-radius1,13,counting,BASE_logreg,0,n2
13_11140_N2A-novelband1,13,nearest_dist,BASE_logreg,0,n2
13_11140_N2B-ordinal1,13,nearest_class,BASE_logreg,0,n2
13_11140_N2C-radius1,13,counting,BASE_logreg,0,n2
13_11148_N2A-novelband1,13,nearest_dist,BASE_logreg,0,n2
13_11148_N2B-ordinal1,13,nearest_class,BASE_logreg,1,n2
13_11148_N2C-radius1,13,counting,BASE_logreg,1,n2
13_11152_N2A-novelband1,13,nearest_dist,BASE_logreg,1,n2
13_11152_N2B-ordinal1,13,nearest_class,BASE_logreg,0,n2
13_11152_N2C-radius1,13,counting,BASE_logreg,0,n2
13_11158_N2A-novelband1,13,nearest_dist,BASE_logreg,0,n2
13_11158_N2B-ordinal1,13,nearest_class,BASE_logreg,1,n2
13_11158_N2C-radius1,13,counting,BASE_logreg,1,n2
13_11163_N2A-novelband1,13,nearest_dist,BASE_logreg,1,n2
13_11163_N2B-ordinal1,13,nearest_class,BASE_logreg,0,n2
13_11163_N2C-radius1,13,counting,BASE_logreg,0,n2
13_11167_N2A-novelband1,13,nearest_dist,BASE_logreg,0,n2
13_11167_N2B-ordinal1,13,nearest_class,BASE_logreg,1,n2
13_11167_N2C-radius1,13,counting,BASE_logreg,1,n2
13_11202_N2A-novelband1,13,nearest_dist,BASE_logreg,0,n2
13_11202_N2B-ordinal1,13,nearest_class,BASE_logreg,0,n2
13_11202_N2C-radius1,13,counting,BASE_logreg,0,n2
13_11204_N2A-novelband1,13,nearest_dist,BASE_logreg,0,n2
13_11204_N2B-ordinal1,13,nearest_class,BASE_logreg,0,n2
13_11204_N2C-radius1,13,counting,BASE_logreg,1,n2
13_11205_N2A-novelband1,13,nearest_dist,BASE_logreg,0,n2
13_11205_N2B-ordinal1,13,nearest_class,BASE_logreg,0,n2
13_11205_N2C-radius1,13,counting,BASE_logreg,0,n2
13_11206_N2A-novelband1,13,nearest_dist,BASE_logreg,0,n2
13_11206_N2B-ordinal1,13,nearest_class,BASE_logreg,0,n2
13_11206_N2C-radius1,13,counting,BASE_logreg,0,n2
13_11215_N2A-novelband1,13,nearest_dist,BASE_logreg,0,n2
13_11215_N2B-ordinal1,13,nearest_class,BASE_logreg,0,n2
13_11215_N2C-radius1,13,counting,BASE_logreg,1,n2
13_11222_N2A-novelband1,13,nearest_dist,BASE_logreg,1,n2
13_11222_N2B-ordinal1,13,nearest_class,BASE_logreg,0,n2
13_11222_N2C-radius1,13,counting,BASE_logreg,0,n2
13_11226_N2A-novelband1,13,nearest_dist,BASE_logreg,0,n2
13_11226_N2B-ordinal1,13,nearest_class,BASE_logreg,0,n2
13_11226_N2C-radius1,13,counting,BASE_logreg,1,n2
13_11229_N2A-novelband1,13,nearest_dist,BASE_logreg,0,n2
13_11229_N2B-ordinal1,13,nearest_class,BASE_logreg,0,n2
13_11229_N2C-radius1,13,counting,BASE_logreg,1,n2
13_11230_N2A-novelband1,13,nearest_dist,BASE_logreg,0,n2
13_11230_N2B-ordinal1,13,nearest_class,BASE_logreg,1,n2
13_11230_N2C-radius1,13,counting,BASE_logreg,1,n2
13_1126_N2A-novelband1,13,nearest_dist,BASE_logreg,0,n2
13_1126_N2B-ordinal1,13,nearest_class,BASE_logreg,1,n2
13_1126_N2C-radius1,13,counting,BASE_logreg,1,n2
13_11266_N2A-novelband1,13,nearest_dist,BASE_logreg,0,n2
13_11266_N2B-ordinal1,13,nearest_class,BASE_logreg,1,n2
13_11266_N2C-radius1,13,counting,BASE_logreg,1,n2
13_1129_N2A-novelband1,13,nearest_dist,BASE_logreg,0,n2
13_1129_N2B-ordinal1,13,nearest_class,BASE_logreg,1,n2
13_1129_N2C-radius1,13,counting,BASE_logreg,1,n2
13_1130_N2A-novelband1,13,nearest_dist,BASE_logreg,1,n2
13_1130_N2B-ordinal1,13,nearest_class,BASE_logreg,1,n2
13_1130_N2C-radius1,13,counting,BASE_logreg,0,n2
13_1131_N2A-novelband1,13,nearest_dist,BASE_logreg,1,n2
13_1131_N2B-ordinal1,13,nearest_class,BASE_logreg,0,n2
13_1131_N2C-radius1,13,counting,BASE_logreg,1,n2
13_1139_N2A-novelband1,13,nearest_dist,BASE_logreg,0,n2
13_1139_N2B-ordinal1,13,nearest_class,BASE_logreg,1,n2
13_1139_N2C-radius1,13,counting,BASE_logreg,0,n2
13_1141_N2A-novelband1,13,nearest_dist,BASE_logreg,0,n2
13_1141_N2B-ordinal1,13,nearest_class,BASE_logreg,0,n2
13_1141_N2C-radius1,13,counting,BASE_logreg,0,n2
13_1142_N2A-novelband1,13,nearest_dist,BASE_logreg,0,n2
13_1142_N2B-ordinal1,13,nearest_class,BASE_logreg,0,n2
13_1142_N2C-radius1,13,counting,BASE_logreg,0,n2
13_1146_N2A-novelband1,13,nearest_dist,BASE_logreg,1,n2
13_1146_N2B-ordinal1,13,nearest_class,BASE_logreg,1,n2
13_1146_N2C-radius1,13,counting,BASE_logreg,0,n2
13_1148_N2A-novelband1,13,nearest_dist,BASE_logreg,1,n2
13_1148_N2B-ordinal1,13,nearest_class,BASE_logreg,1,n2
13_1148_N2C-radius1,13,counting,BASE_logreg,1,n2
13_1149_N2A-novelband1,13,nearest_dist,BASE_logreg,0,n2
13_1149_N2B-ordinal1,13,nearest_class,BASE_logreg,0,n2
13_1149_N2C-radius1,13,counting,BASE_logreg,1,n2
13_1181_N2A-novelband1,13,nearest_dist,BASE_logreg,0,n2
13_1181_N2B-ordinal1,13,nearest_class,BASE_logreg,0,n2
13_1181_N2C-radius1,13,counting,BASE_logreg,1,n2
13_11900_N2A-novelband1,13,nearest_dist,BASE_logreg,0,n2
13_11900_N2B-ordinal1,13,nearest_class,BASE_logreg,0,n2
13_11900_N2C-radius1,13,counting,BASE_logreg,0,n2
13_11909_N2A-novelband1,13,nearest_dist,BASE_logreg,1,n2
13_11909_N2B-ordinal1,13,nearest_class,BASE_logreg,1,n2
13_11909_N2C-radius1,13,counting,BASE_logreg,0,n2
13_1191_N2A-novelband1,13,nearest_dist,BASE_logreg,0,n2
13_1191_N2B-ordinal1,13,nearest_class,BASE_logreg,1,n2
13_1191_N2C-radius1,13,counting,BASE_logreg,0,n2
13_1198_N2A-novelband1,13,nearest_dist,BASE_logreg,0,n2
13_1198_N2B-ordinal1,13,nearest_class,BASE_logreg,1,n2
13_1198_N2C-radius1,13,counting,BASE_logreg,0,n2
13_11996_N2A-novelband1,13,nearest_dist,BASE_logreg,0,n2
13_11996_N2B-ordinal1,13,nearest_class,BASE_logreg,1,n2
13_11996_N2C-radius1,13,counting,BASE_logreg,0,n2
13_11998_N2A-novelband1,13,nearest_dist,BASE_logreg,1,n2
13_11998_N2B-ordinal1,13,nearest_class,BASE_logreg,0,n2
13_11998_N2C-radius1,13,counting,BASE_logreg,0,n2
13_12012_N2A-novelband1,13,nearest_dist,BASE_logreg,0,n2
13_12012_N2B-ordinal1,13,nearest_class,BASE_logreg,1,n2
13_12012_N2C-radius1,13,counting,BASE_logreg,0,n2
13_12015_N2A-novelband1,13,nearest_dist,BASE_logreg,0,n2
13_12015_N2B-ordinal1,13,nearest_class,BASE_logreg,0,n2
13_12015_N2C-radius1,13,counting,BASE_logreg,0,n2
13_12016_N2A-novelband1,13,nearest_dist,BASE_logreg,0,n2
13_12016_N2B-ordinal1,13,nearest_class,BASE_logreg,0,n2
13_12016_N2C-radius1,13,counting,BASE_logreg,0,n2
13_12022_N2A-novelband1,13,nearest_dist,BASE_logreg,1,n2
13_12022_N2B-ordinal1,13,nearest_class,BASE_logreg,0,n2
13_12022_N2C-radius1,13,counting,BASE_logreg,0,n2
13_12025_N2A-novelband1,13,nearest_dist,BASE_logreg,0,n2
13_12025_N2B-ordinal1,13,nearest_class,BASE_logreg,0,n2
13_12025_N2C-radius1,13,counting,BASE_logreg,0,n2
13_12026_N2A-novelband1,13,nearest_dist,BASE_logreg,0,n2
13_12026_N2B-ordinal1,13,nearest_class,BASE_logreg,1,n2
13_12026_N2C-radius1,13,counting,BASE_logreg,0,n2
13_12033_N2A-novelband1,13,nearest_dist,BASE_logreg,1,n2
13_12033_N2B-ordinal1,13,nearest_class,BASE_logreg,0,n2
13_12033_N2C-radius1,13,counting,BASE_logreg,1,n2
13_12036_N2A-novelband1,13,nearest_dist,BASE_logreg,0,n2
13_12036_N2B-ordinal1,13,nearest_class,BASE_logreg,1,n2
13_12036_N2C-radius1,13,counting,BASE_logreg,1,n2
13_12038_N2A-novelband1,13,nearest_dist,BASE_logreg,0,n2
13_12038_N2B-ordinal1,13,nearest_class,BASE_logreg,1,n2
13_12038_N2C-radius1,13,counting,BASE_logreg,0,n2
13_12255_N2A-novelband1,13,nearest_dist,BASE_logreg,0,n2
13_12255_N2B-ordinal1,13,nearest_class,BASE_logreg,1,n2
13_12255_N2C-radius1,13,counting,BASE_logreg,0,n2
13_12258_N2A-novelband1,13,nearest_dist,BASE_logreg,1,n2
13_12258_N2B-ordinal1,13,nearest_class,BASE_logreg,0,n2
13_12258_N2C-radius1,13,counting,BASE_logreg,1,n2
13_12260_N2A-novelband1,13,nearest_dist,BASE_logreg,0,n2
13_12260_N2B-ordinal1,13,nearest_class,BASE_logreg,0,n2
13_12260_N2C-radius1,13,counting,BASE_logreg,1,n2
13_12275_N2A-novelband1,13,nearest_dist,BASE_logreg,0,n2
13_12275_N2B-ordinal1,13,nearest_class,BASE_logreg,0,n2
13_12275_N2C-radius1,13,counting,BASE_logreg,0,n2
13_12281_N2A-novelband1,13,nearest_dist,BASE_logreg,0,n2
13_12281_N2B-ordinal1,13,nearest_class,BASE_logreg,1,n2
13_12281_N2C-radius1,13,counting,BASE_logreg,1,n2
13_12287_N2A-novelband1,13,nearest_dist,BASE_logreg,1,n2
13_12287_N2B-ordinal1,13,nearest_class,BASE_logreg,0,n2
13_12287_N2C-radius1,13,counting,BASE_logreg,0,n2
13_12288_N2A-novelband1,13,nearest_dist,BASE_logreg,1,n2
13_12288_N2B-ordinal1,13,nearest_class,BASE_logreg,0,n2
13_12288_N2C-radius1,13,counting,BASE_logreg,0,n2
13_12291_N2A-novelband1,13,nearest_dist,BASE_logreg,1,n2
13_12291_N2B-ordinal1,13,nearest_class,BASE_logreg,0,n2
13_12291_N2C-radius1,13,counting,BASE_logreg,0,n2
13_12292_N2A-novelband1,13,nearest_dist,BASE_logreg,0,n2
13_12292_N2B-ordinal1,13,nearest_class,BASE_logreg,0,n2
13_12292_N2C-radius1,13,counting,BASE_logreg,0,n2
13_12295_N2A-novelband1,13,nearest_dist,BASE_logreg,1,n2
13_12295_N2B-ordinal1,13,nearest_class,BASE_logreg,1,n2
13_12295_N2C-radius1,13,counting,BASE_logreg,0,n2
13_12298_N2A-novelband1,13,nearest_dist,BASE_logreg,0,n2
13_12298_N2B-ordinal1,13,nearest_class,BASE_logreg,0,n2
13_12298_N2C-radius1,13,counting,BASE_logreg,0,n2
13_12299_N2A-novelband1,13,nearest_dist,BASE_logreg,0,n2
13_12299_N2B-ordinal1,13,nearest_class,BASE_logreg,0,n2
13_12299_N2C-radius1,13,counting,BASE_logreg,1,n2
13_12354_N2A-novelband1,13,nearest_dist,BASE_logreg,0,n2
13_12354_N2B-ordinal1,13,nearest_class,BASE_logreg,0,n2
13_12354_N2C-radius1,13,counting,BASE_logreg,0,n2
13_12355_N2A-novelband1,13,nearest_dist,BASE_logreg,0,n2
13_12355_N2B-ordinal1,13,nearest_class,BASE_logreg,1,n2
13_12355_N2C-radius1,13,counting,BASE_logreg,0,n2
13_12363_N2A-novelband1,13,nearest_dist,BASE_logreg,0,n2
13_12363_N2B-ordinal1,13,nearest_class,BASE_logreg,0,n2
13_12363_N2C-radius1,13,counting,BASE_logreg,0,n2
13_12367_N2A-novelband1,13,nearest_dist,BASE_logreg,0,n2
13_12367_N2B-ordinal1,13,nearest_class,BASE_logreg,1,n2
13_12367_N2C-radius1,13,counting,BASE_logreg,0,n2
13_12368_N2A-novelband1,13,nearest_dist,BASE_logreg,1,n2
13_12368_N2B-ordinal1,13,nearest_class,BASE_logreg,0,n2
13_12368_N2C-radius1,13,counting,BASE_logreg,0,n2
13_12372_N2A-novelband1,13,nearest_dist,BASE_logreg,0,n2
13_12372_N2B-ordinal1,13,nearest_class,BASE_logreg,0,n2
13_12372_N2C-radius1,13,counting,BASE_logreg,0,n2
13_1801_N2A-novelband1,13,nearest_dist,BASE_logreg,0,n2
13_1801_N2B-ordinal1,13,nearest_class,BASE_logreg,0,n2
13_1801_N2C-radius1,13,counting,BASE_logreg,1,n2
13_1803_N2A-novelband1,13,nearest_dist,BASE_logreg,1,n2
13_1803_N2B-ordinal1,13,nearest_class,BASE_logreg,1,n2
13_1803_N2C-radius1,13,counting,BASE_logreg,0,n2
13_1808_N2A-novelband1,13,nearest_dist,BASE_logreg,1,n2
13_1808_N2B-ordinal1,13,nearest_class,BASE_logreg,0,n2
13_1808_N2C-radius1,13,counting,BASE_logreg,0,n2
13_1812_N2A-novelband1,13,nearest_dist,BASE_logreg,1,n2
13_1812_N2B-ordinal1,13,nearest_class,BASE_logreg,0,n2
13_1812_N2C-radius1,13,counting,BASE_logreg,0,n2
13_1814_N2A-novelband1,13,nearest_dist,BASE_logreg,0,n2
13_1814_N2B-ordinal1,13,nearest_class,BASE_logreg,0,n2
13_1814_N2C-radius1,13,counting,BASE_logreg,0,n2
13_1844_N2A-novelband1,13,nearest_dist,BASE_logreg,0,n2
13_1844_N2B-ordinal1,13,nearest_class,BASE_logreg,0,n2
13_1844_N2C-radius1,13,counting,BASE_logreg,0,n2
13_1875_N2A-novelband1,13,nearest_dist,BASE_logreg,0,n2
13_1875_N2B-ordinal1,13,nearest_class,BASE_logreg,0,n2
13_1875_N2C-radius1,13,counting,BASE_logreg,1,n2
13_1878_N2A-novelband1,13,nearest_dist,BASE_logreg,0,n2
13_1878_N2B-ordinal1,13,nearest_class,BASE_logreg,0,n2
13_1878_N2C-radius1,13,counting,BASE_logreg,0,n2
13_1882_N2A-novelband1,13,nearest_dist,BASE_logreg,0,n2
13_1882_N2B-ordinal1,13,nearest_class,BASE_logreg,1,n2
13_1882_N2C-radius1,13,counting,BASE_logreg,0,n2
13_1944_N2A-novelband1,13,nearest_dist,BASE_logreg,1,n2
13_1944_N2B-ordinal1,13,nearest_class,BASE_logreg,0,n2
13_1944_N2C-radius1,13,counting,BASE_logreg,0,n2
13_2034_N2A-novelband1,13,nearest_dist,BASE_logreg,1,n2
13_2034_N2B-ordinal1,13,nearest_class,BASE_logreg,0,n2
13_2034_N2C-radius1,13,counting,BASE_logreg,0,n2
13_2037_N2A-novelband1,13,nearest_dist,BASE_logreg,0,n2
13_2037_N2B-ordinal1,13,nearest_class,BASE_logreg,1,n2
13_2037_N2C-radius1,13,counting,BASE_logreg,0,n2
13_2041_N2A-novelband1,13,nearest_dist,BASE_logreg,1,n2
13_2041_N2B-ordinal1,13,nearest_class,BASE_logreg,0,n2
13_2041_N2C-radius1,13,counting,BASE_logreg,0,n2
13_2054_N2A-novelband1,13,nearest_dist,BASE_logreg,0,n2
13_2054_N2B-ordinal1,13,nearest_class,BASE_logreg,0,n2
13_2054_N2C-radius1,13,counting,BASE_logreg,1,n2
13_2085_N2A-novelband1,13,nearest_dist,BASE_logreg,0,n2
13_2085_N2B-ordinal1,13,nearest_class,BASE_logreg,0,n2
13_2085_N2C-radius1,13,counting,BASE_logreg,0,n2
13_2087_N2A-novelband1,13,nearest_dist,BASE_logreg,0,n2
13_2087_N2B-ordinal1,13,nearest_class,BASE_logreg,1,n2
13_2087_N2C-radius1,13,counting,BASE_logreg,1,n2
13_2097_N2A-novelband1,13,nearest_dist,BASE_logreg,0,n2
13_2097_N2B-ordinal1,13,nearest_class,BASE_logreg,1,n2
13_2097_N2C-radius1,13,counting,BASE_logreg,0,n2
13_2099_N2A-novelband1,13,nearest_dist,BASE_logreg,0,n2
13_2099_N2B-ordinal1,13,nearest_class,BASE_logreg,1,n2
13_2099_N2C-radius1,13,counting,BASE_logreg,0,n2
13_2175_N2A-novelband1,13,nearest_dist,BASE_logreg,1,n2
13_2175_N2B-ordinal1,13,nearest_class,BASE_logreg,0,n2
13_2175_N2C-radius1,13,counting,BASE_logreg,1,n2
13_2181_N2A-novelband1,13,nearest_dist,BASE_logreg,0,n2
13_2181_N2B-ordinal1,13,nearest_class,BASE_logreg,0,n2
13_2181_N2C-radius1,13,counting,BASE_logreg,0,n2
13_2188_N2A-novelband1,13,nearest_dist,BASE_logreg,0,n2
13_2188_N2B-ordinal1,13,nearest_class,BASE_logreg,0,n2
13_2188_N2C-radius1,13,counting,BASE_logreg,0,n2
13_2190_N2A-novelband1,13,nearest_dist,BASE_logreg,0,n2
13_2190_N2B-ordinal1,13,nearest_class,BASE_logreg,0,n2
13_2190_N2C-radius1,13,counting,BASE_logreg,0,n2
13_5550_N2A-novelband1,13,nearest_dist,BASE_logreg,1,n2
13_5550_N2B-ordinal1,13,nearest_class,BASE_logreg,1,n2
13_5550_N2C-radius1,13,counting,BASE_logreg,0,n2
13_5671_N2A-novelband1,13,nearest_dist,BASE_logreg,1,n2
13_5671_N2B-ordinal1,13,nearest_class,BASE_logreg,0,n2
13_5671_N2C-radius1,13,counting,BASE_logreg,1,n2
13_5674_N2A-novelband1,13,nearest_dist,BASE_logreg,1,n2
13_5674_N2B-ordinal1,13,nearest_class,BASE_logreg,1,n2
13_5674_N2C-radius1,13,counting,BASE_logreg,1,n2
13_5684_N2A-novelband1,13,nearest_dist,BASE_logreg,1,n2
13_5684_N2B-ordinal1,13,nearest_class,BASE_logreg,1,n2
13_5684_N2C-radius1,13,counting,BASE_logreg,0,n2
13_5722_N2A-novelband1,13,nearest_dist,BASE_logreg,0,n2
13_5722_N2B-ordinal1,13,nearest_class,BASE_logreg,1,n2
13_5722_N2C-radius1,13,counting,BASE_logreg,0,n2
13_5727_N2A-novelband1,13,nearest_dist,BASE_logreg,0,n2
13_5727_N2B-ordinal1,13,nearest_class,BASE_logreg,0,n2
13_5727_N2C-radius1,13,counting,BASE_logreg,1,n2
13_5729_N2A-novelband1,13,nearest_dist,BASE_logreg,0,n2
13_5729_N2B-ordinal1,13,nearest_class,BASE_logreg,0,n2
13_5729_N2C-radius1,13,counting,BASE_logreg,1,n2
13_5737_N2A-novelband1,13,nearest_dist,BASE_logreg,0,n2
13_5737_N2B-ordinal1,13,nearest_class,BASE_logreg,0,n2
13_5737_N2C-radius1,13,counting,BASE_logreg,0,n2
13_5820_N2A-novelband1,13,nearest_dist,BASE_logreg,0,n2
13_5820_N2B-ordinal1,13,nearest_class,BASE_logreg,0,n2
13_5820_N2C-radius1,13,counting,BASE_logreg,0,n2
13_5822_N2A-novelband1,13,nearest_dist,BASE_logreg,0,n2
13_5822_N2B-ordinal1,13,nearest_class,BASE_logreg,1,n2
13_5822_N2C-radius1,13,counting,BASE_logreg,0,n2
13_5826_N2A-novelband1,13,nearest_dist,BASE_logreg,0,n2
13_5826_N2B-ordinal1,13,nearest_class,BASE_logreg,1,n2
13_5826_N2C-radius1,13,counting,BASE_logreg,1,n2
13_5829_N2A-novelband1,13,nearest_dist,BASE_logreg,0,n2
13_5829_N2B-ordinal1,13,nearest_class,BASE_logreg,0,n2
13_5829_N2C-radius1,13,counting,BASE_logreg,0,n2
13_5831_N2A-novelband1,13,nearest_dist,BASE_logreg,0,n2
13_5831_N2B-ordinal1,13,nearest_class,BASE_logreg,0,n2
13_5831_N2C-radius1,13,counting,BASE_logreg,0,n2
13_5893_N2A-novelband1,13,nearest_dist,BASE_logreg,0,n2
13_5893_N2B-ordinal1,13,nearest_class,BASE_logreg,0,n2
13_5893_N2C-radius1,13,counting,BASE_logreg,0,n2
13_5896_N2A-novelband1,13,nearest_dist,BASE_logreg,1,n2
13_5896_N2B-ordinal1,13,nearest_class,BASE_logreg,1,n2
13_5896_N2C-radius1,13,counting,BASE_logreg,0,n2
13_5900_N2A-novelband1,13,nearest_dist,BASE_logreg,0,n2
13_5900_N2B-ordinal1,13,nearest_class,BASE_logreg,1,n2
13_5900_N2C-radius1,13,counting,BASE_logreg,0,n2
13_5901_N2A-novelband1,13,nearest_dist,BASE_logreg,1,n2
13_5901_N2B-ordinal1,13,nearest_class,BASE_logreg,0,n2
13_5901_N2C-radius1,13,counting,BASE_logreg,1,n2
13_6073_N2A-novelband1,13,nearest_dist,BASE_logreg,1,n2
13_6073_N2B-ordinal1,13,nearest_class,BASE_logreg,1,n2
13_6073_N2C-radius1,13,counting,BASE_logreg,0,n2
13_6075_N2A-novelband1,13,nearest_dist,BASE_logreg,0,n2
13_6075_N2B-ordinal1,13,nearest_class,BASE_logreg,0,n2
13_6075_N2C-radius1,13,counting,BASE_logreg,0,n2
13_6085_N2A-novelband1,13,nearest_dist,BASE_logreg,0,n2
13_6085_N2B-ordinal1,13,nearest_class,BASE_logreg,1,n2
13_6085_N2C-radius1,13,counting,BASE_logreg,0,n2
13_6089_N2A-novelband1,13,nearest_dist,BASE_logreg,0,n2
13_6089_N2B-ordinal1,13,nearest_class,BASE_logreg,0,n2
13_6089_N2C-radius1,13,counting,BASE_logreg,0,n2
13_6122_N2A-novelband1,13,nearest_dist,BASE_logreg,1,n2
13_6122_N2B-ordinal1,13,nearest_class,BASE_logreg,0,n2
13_6122_N2C-radius1,13,counting,BASE_logreg,1,n2
13_6125_N2A-novelband1,13,nearest_dist,BASE_logreg,0,n2
13_6125_N2B-ordinal1,13,nearest_class,BASE_logreg,0,n2
13_6125_N2C-radius1,13,counting,BASE_logreg,0,n2
13_6190_N2A-novelband1,13,nearest_dist,BASE_logreg,0,n2
13_6190_N2B-ordinal1,13,nearest_class,BASE_logreg,0,n2
13_6190_N2C-radius1,13,counting,BASE_logreg,0,n2
13_6193_N2A-novelband1,13,nearest_dist,BASE_logreg,0,n2
13_6193_N2B-ordinal1,13,nearest_class,BASE_logreg,0,n2
13_6193_N2C-radius1,13,counting,BASE_logreg,0,n2
13_6203_N2A-novelband1,13,nearest_dist,BASE_logreg,1,n2
13_6203_N2B-ordinal1,13,nearest_class,BASE_logreg,0,n2
13_6203_N2C-radius1,13,counting,BASE_logreg,0,n2
13_6216_N2A-novelband1,13,nearest_dist,BASE_logreg,0,n2
13_6216_N2B-ordinal1,13,nearest_class,BASE_logreg,0,n2
13_6216_N2C-radius1,13,counting,BASE_logreg,0,n2
13_6220_N2A-novelband1,13,nearest_dist,BASE_logreg,0,n2
13_6220_N2B-ordinal1,13,nearest_class,BASE_logreg,1,n2
13_6220_N2C-radius1,13,counting,BASE_logreg,0,n2
13_6293_N2A-novelband1,13,nearest_dist,BASE_logreg,1,n2
13_6293_N2B-ordinal1,13,nearest_class,BASE_logreg,1,n2
13_6293_N2C-radius1,13,counting,BASE_logreg,0,n2
13_6305_N2A-novelband1,13,nearest_dist,BASE_logreg,0,n2
13_6305_N2B-ordinal1,13,nearest_class,BASE_logreg,0,n2
13_6305_N2C-radius1,13,counting,BASE_logreg,1,n2
13_6308_N2A-novelband1,13,nearest_dist,BASE_logreg,0,n2
13_6308_N2B-ordinal1,13,nearest_class,BASE_logreg,0,n2
13_6308_N2C-radius1,13,counting,BASE_logreg,0,n2
13_6312_N2A-novelband1,13,nearest_dist,BASE_logreg,0,n2
13_6312_N2B-ordinal1,13,nearest_class,BASE_logreg,0,n2
13_6312_N2C-radius1,13,counting,BASE_logreg,0,n2
13_6314_N2A-novelband1,13,nearest_dist,BASE_logreg,0,n2
13_6314_N2B-ordinal1,13,nearest_class,BASE_logreg,0,n2
13_6314_N2C-radius1,13,counting,BASE_logreg,0,n2
13_9083_N2A-novelband1,13,nearest_dist,BASE_logreg,0,n2
13_9083_N2B-ordinal1,13,nearest_class,BASE_logreg,1,n2
13_9083_N2C-radius1,13,counting,BASE_logreg,1,n2
13_9119_N2A-novelband1,13,nearest_dist,BASE_logreg,0,n2
13_9119_N2B-ordinal1,13,nearest_class,BASE_logreg,0,n2
13_9119_N2C-radius1,13,counting,BASE_logreg,1,n2
13_9120_N2A-novelband1,13,nearest_dist,BASE_logreg,1,n2
13_9120_N2B-ordinal1,13,nearest_class,BASE_logreg,1,n2
13_9120_N2C-radius1,13,counting,BASE_logreg,0,n2
13_9125_N2A-novelband1,13,nearest_dist,BASE_logreg,0,n2
13_9125_N2B-ordinal1,13,nearest_class,BASE_logreg,0,n2
13_9125_N2C-radius1,13,counting,BASE_logreg,1,n2
13_9241_N2A-novelband1,13,nearest_dist,BASE_logreg,1,n2
13_9241_N2B-ordinal1,13,nearest_class,BASE_logreg,1,n2
13_9241_N2C-radius1,13,counting,BASE_logreg,1,n2
13_9242_N2A-novelband1,13,nearest_dist,BASE_logreg,1,n2
13_9242_N2B-ordinal1,13,nearest_class,BASE_logreg,0,n2
13_9242_N2C-radius1,13,counting,BASE_logreg,0,n2
13_9244_N2A-novelband1,13,nearest_dist,BASE_logreg,0,n2
13_9244_N2B-ordinal1,13,nearest_class,BASE_logreg,1,n2
13_9244_N2C-radius1,13,counting,BASE_logreg,0,n2
13_9443_N2A-novelband1,13,nearest_dist,BASE_logreg,0,n2
13_9443_N2B-ordinal1,13,nearest_class,BASE_logreg,0,n2
13_9443_N2C-radius1,13,counting,BASE_logreg,0,n2
13_9444_N2A-novelband1,13,nearest_dist,BASE_logreg,0,n2
13_9444_N2B-ordinal1,13,nearest_class,BASE_logreg,0,n2
13_9444_N2C-radius1,13,counting,BASE_logreg,0,n2
13_9451_N2A-novelband1,13,nearest_dist,BASE_logreg,0,n2
13_9451_N2B-ordinal1,13,nearest_class,BASE_logreg,1,n2
13_9451_N2C-radius1,13,counting,BASE_logreg,0,n2
13_9562_N2A-novelband1,13,nearest_dist,BASE_logreg,1,n2
13_9562_N2B-ordinal1,13,nearest_class,BASE_logreg,0,n2
13_9562_N2C-radius1,13,counting,BASE_logreg,0,n2
13_9662_N2A-novelband1,13,nearest_dist,BASE_logreg,0,n2
13_9662_N2B-ordinal1,13,nearest_class,BASE_logreg,1,n2
13_9662_N2C-radius1,13,counting,BASE_logreg,1,n2
13_9668_N2A-novelband1,13,nearest_dist,BASE_logreg,1,n2
13_9668_N2B-ordinal1,13,nearest_class,BASE_logreg,1,n2
13_9668_N2C-radius1,13,counting,BASE_logreg,0,n2
13_9800_N2A-novelband1,13,nearest_dist,BASE_logreg,1,n2
13_9800_N2B-ordinal1,13,nearest_class,BASE_logreg,0,n2
13_9800_N2C-radius1,13,counting,BASE_logreg,0,n2
13_9801_N2A-novelband1,13,nearest_dist,BASE_logreg,1,n2
13_9801_N2B-ordinal1,13,nearest_class,BASE_logreg,1,n2
13_9801_N2C-radius1,13,counting,BASE_logreg,0,n2
13_9802_N2A-novelband1,13,nearest_dist,BASE_logreg,0,n2
13_9802_N2B-ordinal1,13,nearest_class,BASE_logreg,0,n2
13_9802_N2C-radius1,13,counting,BASE_logreg,0,n2
13_9803_N2A-novelband1,13,nearest_dist,BASE_logreg,1,n2
13_9803_N2B-ordinal1,13,nearest_class,BASE_logreg,0,n2
13_9803_N2C-radius1,13,counting,BASE_logreg,0,n2
13_9863_N2A-novelband1,13,nearest_dist,BASE_logreg,0,n2
13_9863_N2B-ordinal1,13,nearest_class,BASE_logreg,0,n2
13_9863_N2C-radius1,13,counting,BASE_logreg,0,n2
13_9880_N2A-novelband1,13,nearest_dist,BASE_logreg,1,n2
13_9880_N2B-ordinal1,13,nearest_class,BASE_logreg,1,n2
13_9880_N2C-radius1,13,counting,BASE_logreg,1,n2
13_9888_N2A-novelband1,13,nearest_dist,BASE_logreg,0,n2
13_9888_N2B-ordinal1,13,nearest_class,BASE_logreg,0,n2
13_9888_N2C-radius1,13,counting,BASE_logreg,0,n2
13_9894_N2A-novelband1,13,nearest_dist,BASE_logreg,0,n2
13_9894_N2B-ordinal1,13,nearest_class,BASE_logreg,0,n2
13_9894_N2C-radius1,13,counting,BASE_logreg,1,n2
13_9900_N2A-novelband1,13,nearest_dist,BASE_logreg,1,n2
13_9900_N2B-ordinal1,13,nearest_class,BASE_logreg,0,n2
13_9900_N2C-radius1,13,counting,BASE_logreg,1,n2
13_9977_N2A-novelband1,13,nearest_dist,BASE_logreg,0,n2
13_9977_N2B-ordinal1,13,nearest_class,BASE_logreg,1,n2
13_9977_N2C-radius1,13,counting,BASE_logreg,0,n2
13_9979_N2A-novelband1,13,nearest_dist,BASE_logreg,0,n2
13_9979_N2B-ordinal1,13,nearest_class,BASE_logreg,0,n2
13_9979_N2C-radius1,13,counting,BASE_logreg,0,n2
14_3847_N2A-novelband1,14,nearest_dist,BASE_logreg,0,n2
14_3847_N2B-ordinal1,14,nearest_class,BASE_logreg,0,n2
14_3847_N2C-radius1,14,counting,BASE_logreg,0,n2
14_3851_N2A-novelband1,14,nearest_dist,BASE_logreg,1,n2
14_3851_N2B-ordinal1,14,nearest_class,BASE_logreg,0,n2
14_3851_N2C-radius1,14,counting,BASE_logreg,0,n2
14_3852_N2A-novelband1,14,nearest_dist,BASE_logreg,0,n2
14_3852_N2B-ordinal1,14,nearest_class,BASE_logreg,0,n2
14_3852_N2C-radius1,14,counting,BASE_logreg,0,n2
14_3855_N2A-novelband1,14,nearest_dist,BASE_logreg,0,n2
14_3855_N2B-ordinal1,14,nearest_class,BASE_logreg,0,n2
14_3855_N2C-radius1,14,counting,BASE_logreg,0,n2
14_3857_N2A-novelband1,14,nearest_dist,BASE_logreg,0,n2
14_3857_N2B-ordinal1,14,nearest_class,BASE_logreg,0,n2
14_3857_N2C-radius1,14,counting,BASE_logreg,0,n2
14_3867_N2A-novelband1,14,nearest_dist,BASE_logreg,1,n2
14_3867_N2B-ordinal1,14,nearest_class,BASE_logreg,1,n2
14_3867_N2C-radius1,14,counting,BASE_logreg,0,n2
14_3868_N2A-novelband1,14,nearest_dist,BASE_logreg,1,n2
14_3868_N2B-ordinal1,14,nearest_class,BASE_logreg,1,n2
14_3868_N2C-radius1,14,counting,BASE_logreg,0,n2
14_3869_N2A-novelband1,14,nearest_dist,BASE_logreg,0,n2
14_3869_N2B-ordinal1,14,nearest_class,BASE_logreg,1,n2
14_3869_N2C-radius1,14,counting,BASE_logreg,0,n2
14_3870_N2A-novelband1,14,nearest_dist,BASE_logreg,0,n2
14_3870_N2B-ordinal1,14,nearest_class,BASE_logreg,1,n2
14_3870_N2C-radius1,14,counting,BASE_logreg,0,n2
14_3878_N2A-novelband1,14,nearest_dist,BASE_logreg,0,n2
14_3878_N2B-ordinal1,14,nearest_class,BASE_logreg,1,n2
14_3878_N2C-radius1,14,counting,BASE_logreg,0,n2
14_3889_N2A-novelband1,14,nearest_dist,BASE_logreg,0,n2
14_3889_N2B-ordinal1,14,nearest_class,BASE_logreg,1,n2
14_3889_N2C-radius1,14,counting,BASE_logreg,1,n2
14_3891_N2A-novelband1,14,nearest_dist,BASE_logreg,0,n2
14_3891_N2B-ordinal1,14,nearest_class,BASE_logreg,1,n2
14_3891_N2C-radius1,14,counting,BASE_logreg,0,n2
14_3894_N2A-novelband1,14,nearest_dist,BASE_logreg,0,n2
14_3894_N2B-ordinal1,14,nearest_class,BASE_logreg,0,n2
14_3894_N2C-radius1,14,counting,BASE_logreg,1,n2
15_145_N2A-novelband1,15,nearest_dist,BASE_logreg,0,n2
15_145_N2B-ordinal1,15,nearest_class,BASE_logreg,1,n2
15_145_N2C-radius1,15,counting,BASE_logreg,1,n2
15_147_N2A-novelband1,15,nearest_dist,BASE_logreg,1,n2
15_147_N2B-ordinal1,15,nearest_class,BASE_logreg,0,n2
15_147_N2C-radius1,15,counting,BASE_logreg,1,n2
15_187_N2A-novelband1,15,nearest_dist,BASE_logreg,0,n2
15_187_N2B-ordinal1,15,nearest_class,BASE_logreg,0,n2
15_187_N2C-radius1,15,counting,BASE_logreg,0,n2
15_191_N2A-novelband1,15,nearest_dist,BASE_logreg,1,n2
15_191_N2B-ordinal1,15,nearest_class,BASE_logreg,0,n2
15_191_N2C-radius1,15,counting,BASE_logreg,1,n2
15_195_N2A-novelband1,15,nearest_dist,BASE_logreg,0,n2
15_195_N2B-ordinal1,15,nearest_class,BASE_logreg,0,n2
15_195_N2C-radius1,15,counting,BASE_logreg,1,n2
15_202_N2A-novelband1,15,nearest_dist,BASE_logreg,0,n2
15_202_N2B-ordinal1,15,nearest_class,BASE_logreg,0,n2
15_202_N2C-radius1,15,counting,BASE_logreg,0,n2
15_205_N2A-novelband1,15,nearest_dist,BASE_logreg,1,n2
15_205_N2B-ordinal1,15,nearest_class,BASE_logreg,0,n2
15_205_N2C-radius1,15,counting,BASE_logreg,0,n2
15_209_N2A-novelband1,15,nearest_dist,BASE_logreg,1,n2
15_209_N2B-ordinal1,15,nearest_class,BASE_logreg,1,n2
15_209_N2C-radius1,15,counting,BASE_logreg,1,n2
15_210_N2A-novelband1,15,nearest_dist,BASE_logreg,1,n2
15_210_N2B-ordinal1,15,nearest_class,BASE_logreg,0,n2
15_210_N2C-radius1,15,counting,BASE_logreg,1,n2
15_212_N2A-novelband1,15,nearest_dist,BASE_logreg,0,n2
15_212_N2B-ordinal1,15,nearest_class,BASE_logreg,0,n2
15_212_N2C-radius1,15,counting,BASE_logreg,1,n2
15_238_N2A-novelband1,15,nearest_dist,BASE_logreg,0,n2
15_238_N2B-ordinal1,15,nearest_class,BASE_logreg,1,n2
15_238_N2C-radius1,15,counting,BASE_logreg,0,n2
15_240_N2A-novelband1,15,nearest_dist,BASE_logreg,0,n2
15_240_N2B-ordinal1,15,nearest_class,BASE_logreg,0,n2
15_240_N2C-radius1,15,counting,BASE_logreg,1,n2
15_241_N2A-novelband1,15,nearest_dist,BASE_logreg,1,n2
15_241_N2B-ordinal1,15,nearest_class,BASE_logreg,0,n2
15_241_N2C-radius1,15,counting,BASE_logreg,1,n2
15_242_N2A-novelband1,15,nearest_dist,BASE_logreg,0,n2
15_242_N2B-ordinal1,15,nearest_class,BASE_logreg,1,n2
15_242_N2C-radius1,15,counting,BASE_logreg,0,n2
15_243_N2A-novelband1,15,nearest_dist,BASE_logreg,0,n2
15_243_N2B-ordinal1,15,nearest_class,BASE_logreg,0,n2
15_243_N2C-radius1,15,counting,BASE_logreg,1,n2
15_296_N2A-novelband1,15,nearest_dist,BASE_logreg,1,n2
15_296_N2B-ordinal1,15,nearest_class,BASE_logreg,0,n2
15_296_N2C-radius1,15,counting,BASE_logreg,0,n2
15_297_N2A-novelband1,15,nearest_dist,BASE_logreg,1,n2
15_297_N2B-ordinal1,15,nearest_class,BASE_logreg,1,n2
15_297_N2C-radius1,15,counting,BASE_logreg,0,n2
16_10663_N2A-novelband1,16,nearest_dist,BASE_logreg,1,n2
16_10663_N2B-ordinal1,16,nearest_class,BASE_logreg,0,n2
16_10663_N2C-radius1,16,counting,BASE_logreg,0,n2
16_10665_N2A-novelband1,16,nearest_dist,BASE_logreg,0,n2
16_10665_N2B-ordinal1,16,nearest_class,BASE_logreg,1,n2
16_10665_N2C-radius1,16,counting,BASE_logreg,0,n2
16_10670_N2A-novelband1,16,nearest_dist,BASE_logreg,0,n2
16_10670_N2B-ordinal1,16,nearest_class,BASE_logreg,1,n2
16_10670_N2C-radius1,16,counting,BASE_logreg,1,n2
16_10673_N2A-novelband1,16,nearest_dist,BASE_logreg,1,n2
16_10673_N2B-ordinal1,16,nearest_class,BASE_logreg,0,n2
16_10673_N2C-radius1,16,counting,BASE_logreg,1,n2
16_10674_N2A-novelband1,16,nearest_dist,BASE_logreg,0,n2
16_10674_N2B-ordinal1,16,nearest_class,BASE_logreg,0,n2
16_10674_N2C-radius1,16,counting,BASE_logreg,0,n2
16_10679_N2A-novelband1,16,nearest_dist,BASE_logreg,0,n2
16_10679_N2B-ordinal1,16,nearest_class,BASE_logreg,0,n2
16_10679_N2C-radius1,16,counting,BASE_logreg,0,n2
16_10685_N2A-novelband1,16,nearest_dist,BASE_logreg,0,n2
16_10685_N2B-ordinal1,16,nearest_class,BASE_logreg,0,n2
16_10685_N2C-radius1,16,counting,BASE_logreg,1,n2
16_10692_N2A-novelband1,16,nearest_dist,BASE_logreg,1,n2
16_10692_N2B-ordinal1,16,nearest_class,BASE_logreg,0,n2
16_10692_N2C-radius1,16,counting,BASE_logreg,1,n2
16_10701_N2A-novelband1,16,nearest_dist,BASE_logreg,0,n2
16_10701_N2B-ordinal1,16,nearest_class,BASE_logreg,0,n2
16_10701_N2C-radius1,16,counting,BASE_logreg,0,n2
16_10704_N2A-novelband1,16,nearest_dist,BASE_logreg,0,n2
16_10704_N2B-ordinal1,16,nearest_class,BASE_logreg,0,n2
16_10704_N2C-radius1,16,counting,BASE_logreg,0,n2
16_10706_N2A-novelband1,16,nearest_dist,BASE_logreg,1,n2
16_10706_N2B-ordinal1,16,nearest_class,BASE_logreg,1,n2
16_10706_N2C-radius1,16,counting,BASE_logreg,0,n2
16_10820_N2A-novelband1,16,nearest_dist,BASE_logreg,0,n2
16_10820_N2B-ordinal1,16,nearest_class,BASE_logreg,1,n2
16_10820_N2C-radius1,16,counting,BASE_logreg,1,n2
16_10932_N2A-novelband1,16,nearest_dist,BASE_logreg,1,n2
16_10932_N2B-ordinal1,16,nearest_class,BASE_logreg,1,n2
16_10932_N2C-radius1,16,counting,BASE_logreg,1,n2
16_10934_N2A-novelband1,16,nearest_dist,BASE_logreg,0,n2
16_10934_N2B-ordinal1,16,nearest_class,BASE_logreg,0,n2
16_10934_N2C-radius1,16,counting,BASE_logreg,1,n2
16_10935_N2A-novelband1,16,nearest_dist,BASE_logreg,0,n2
16_10935_N2B-ordinal1,16,nearest_class,BASE_logreg,0,n2
16_10935_N2C-radius1,16,counting,BASE_logreg,1,n2
16_10937_N2A-novelband1,16,nearest_dist,BASE_logreg,0,n2
16_10937_N2B-ordinal1,16,nearest_class,BASE_logreg,0,n2
16_10937_N2C-radius1,16,counting,BASE_logreg,1,n2
16_10939_N2A-novelband1,16,nearest_dist,BASE_logreg,1,n2
16_10939_N2B-ordinal1,16,nearest_class,BASE_logreg,0,n2
16_10939_N2C-radius1,16,counting,BASE_logreg,0,n2
16_10946_N2A-novelband1,16,nearest_dist,BASE_logreg,0,n2
16_10946_N2B-ordinal1,16,nearest_class,BASE_logreg,0,n2
16_10946_N2C-radius1,16,counting,BASE_logreg,1,n2
16_10950_N2A-novelband1,16,nearest_dist,BASE_logreg,0,n2
16_10950_N2B-ordinal1,16,nearest_class,BASE_logreg,0,n2
16_10950_N2C-radius1,16,counting,BASE_logreg,0,n2
16_10958_N2A-novelband1,16,nearest_dist,BASE_logreg,0,n2
16_10958_N2B-ordinal1,16,nearest_class,BASE_logreg,0,n2
16_10958_N2C-radius1,16,counting,BASE_logreg,1,n2
16_10959_N2A-novelband1,16,nearest_dist,BASE_logreg,0,n2
16_10959_N2B-ordinal1,16,nearest_class,BASE_logreg,0,n2
16_10959_N2C-radius1,16,counting,BASE_logreg,0,n2
16_10961_N2A-novelband1,16,nearest_dist,BASE_logreg,1,n2
16_10961_N2B-ordinal1,16,nearest_class,BASE_logreg,1,n2
16_10961_N2C-radius1,16,counting,BASE_logreg,1,n2
16_11014_N2A-novelband1,16,nearest_dist,BASE_logreg,0,n2
16_11014_N2B-ordinal1,16,nearest_class,BASE_logreg,0,n2
16_11014_N2C-radius1,16,counting,BASE_logreg,0,n2
16_11016_N2A-novelband1,16,nearest_dist,BASE_logreg,1,n2
16_11016_N2B-ordinal1,16,nearest_class,BASE_logreg,0,n2
16_11016_N2C-radius1,16,counting,BASE_logreg,0,n2
16_11024_N2A-novelband1,16,nearest_dist,BASE_logreg,0,n2
16_11024_N2B-ordinal1,16,nearest_class,BASE_logreg,1,n2
16_11024_N2C-radius1,16,counting,BASE_logreg,0,n2
16_11030_N2A-novelband1,16,nearest_dist,BASE_logreg,1,n2
16_11030_N2B-ordinal1,16,nearest_class,BASE_logreg,0,n2
16_11030_N2C-radius1,16,counting,BASE_logreg,1,n2
16_11031_N2A-novelband1,16,nearest_dist,BASE_logreg,0,n2
16_11031_N2B-ordinal1,16,nearest_class,BASE_logreg,0,n2
16_11031_N2C-radius1,16,counting,BASE_logreg,1,n2
16_11063_N2A-novelband1,16,nearest_dist,BASE_logreg,0,n2
16_11063_N2B-ordinal1,16,nearest_class,BASE_logreg,0,n2
16_11063_N2C-radius1,16,counting,BASE_logreg,0,n2
16_11065_N2A-novelband1,16,nearest_dist,BASE_logreg,0,n2
16_11065_N2B-ordinal1,16,nearest_class,BASE_logreg,0,n2
16_11065_N2C-radius1,16,counting,BASE_logreg,0,n2
16_11066_N2A-novelband1,16,nearest_dist,BASE_logreg,0,n2
16_11066_N2B-ordinal1,16,nearest_class,BASE_logreg,0,n2
16_11066_N2C-radius1,16,counting,BASE_logreg,0,n2
16_11067_N2A-novelband1,16,nearest_dist,BASE_logreg,0,n2
16_11067_N2B-ordinal1,16,nearest_class,BASE_logreg,0,n2
16_11067_N2C-radius1,16,counting,BASE_logreg,1,n2
16_11070_N2A-novelband1,16,nearest_dist,BASE_logreg,0,n2
16_11070_N2B-ordinal1,16,nearest_class,BASE_logreg,1,n2
16_11070_N2C-radius1,16,counting,BASE_logreg,1,n2
16_11071_N2A-novelband1,16,nearest_dist,BASE_logreg,0,n2
16_11071_N2B-ordinal1,16,nearest_class,BASE_logreg,1,n2
16_11071_N2C-radius1,16,counting,BASE_logreg,0,n2
16_11076_N2A-novelband1,16,nearest_dist,BASE_logreg,0,n2
16_11076_N2B-ordinal1,16,nearest_class,BASE_logreg,0,n2
16_11076_N2C-radius1,16,counting,BASE_logreg,1,n2
16_11077_N2A-novelband1,16,nearest_dist,BASE_logreg,0,n2
16_11077_N2B-ordinal1,16,nearest_class,BASE_logreg,0,n2
16_11077_N2C-radius1,16,counting,BASE_logreg,1,n2
16_11080_N2A-novelband1,16,nearest_dist,BASE_logreg,1,n2
16_11080_N2B-ordinal1,16,nearest_class,BASE_logreg,0,n2
16_11080_N2C-radius1,16,counting,BASE_logreg,0,n2
16_11082_N2A-novelband1,16,nearest_dist,BASE_logreg,0,n2
16_11082_N2B-ordinal1,16,nearest_class,BASE_logreg,1,n2
16_11082_N2C-radius1,16,counting,BASE_logreg,0,n2
16_11083_N2A-novelband1,16,nearest_dist,BASE_logreg,0,n2
16_11083_N2B-ordinal1,16,nearest_class,BASE_logreg,1,n2
16_11083_N2C-radius1,16,counting,BASE_logreg,0,n2
16_11131_N2A-novelband1,16,nearest_dist,BASE_logreg,0,n2
16_11131_N2B-ordinal1,16,nearest_class,BASE_logreg,0,n2
16_11131_N2C-radius1,16,counting,BASE_logreg,0,n2
16_11133_N2A-novelband1,16,nearest_dist,BASE_logreg,0,n2
16_11133_N2B-ordinal1,16,nearest_class,BASE_logreg,0,n2
16_11133_N2C-radius1,16,counting,BASE_logreg,0,n2
16_11170_N2A-novelband1,16,nearest_dist,BASE_logreg,1,n2
16_11170_N2B-ordinal1,16,nearest_class,BASE_logreg,0,n2
16_11170_N2C-radius1,16,counting,BASE_logreg,0,n2
16_11171_N2A-novelband1,16,nearest_dist,BASE_logreg,0,n2
16_11171_N2B-ordinal1,16,nearest_class,BASE_logreg,1,n2
16_11171_N2C-radius1,16,counting,BASE_logreg,0,n2
16_11272_N2A-novelband1,16,nearest_dist,BASE_logreg,1,n2
16_11272_N2B-ordinal1,16,nearest_class,BASE_logreg,0,n2
16_11272_N2C-radius1,16,counting,BASE_logreg,0,n2
16_11275_N2A-novelband1,16,nearest_dist,BASE_logreg,0,n2
16_11275_N2B-ordinal1,16,nearest_class,BASE_logreg,0,n2
16_11275_N2C-radius1,16,counting,BASE_logreg,0,n2
16_11282_N2A-novelband1,16,nearest_dist,BASE_logreg,1,n2
16_11282_N2B-ordinal1,16,nearest_class,BASE_logreg,0,n2
16_11282_N2C-radius1,16,counting,BASE_logreg,0,n2
16_11307_N2A-novelband1,16,nearest_dist,BASE_logreg,0,n2
16_11307_N2B-ordinal1,16,nearest_class,BASE_logreg,1,n2
16_11307_N2C-radius1,16,counting,BASE_logreg,1,n2
16_11429_N2A-novelband1,16,nearest_dist,BASE_logreg,0,n2
16_11429_N2B-ordinal1,16,nearest_class,BASE_logreg,1,n2
16_11429_N2C-radius1,16,counting,BASE_logreg,0,n2
16_11516_N2A-novelband1,16,nearest_dist,BASE_logreg,0,n2
16_11516_N2B-ordinal1,16,nearest_class,BASE_logreg,0,n2
16_11516_N2C-radius1,16,counting,BASE_logreg,0,n2
16_11517_N2A-novelband1,16,nearest_dist,BASE_logreg,0,n2
16_11517_N2B-ordinal1,16,nearest_class,BASE_logreg,0,n2
16_11517_N2C-radius1,16,counting,BASE_logreg,0,n2
16_11518_N2A-novelband1,16,nearest_dist,BASE_logreg,0,n2
16_11518_N2B-ordinal1,16,nearest_class,BASE_logreg,0,n2
16_11518_N2C-radius1,16,counting,BASE_logreg,0,n2
16_11528_N2A-novelband1,16,nearest_dist,BASE_logreg,1,n2
16_11528_N2B-ordinal1,16,nearest_class,BASE_logreg,1,n2
16_11528_N2C-radius1,16,counting,BASE_logreg,0,n2
16_11536_N2A-novelband1,16,nearest_dist,BASE_logreg,1,n2
16_11536_N2B-ordinal1,16,nearest_class,BASE_logreg,1,n2
16_11536_N2C-radius1,16,counting,BASE_logreg,0,n2
16_11540_N2A-novelband1,16,nearest_dist,BASE_logreg,0,n2
16_11540_N2B-ordinal1,16,nearest_class,BASE_logreg,1,n2
16_11540_N2C-radius1,16,counting,BASE_logreg,0,n2
16_11541_N2A-novelband1,16,nearest_dist,BASE_logreg,0,n2
16_11541_N2B-ordinal1,16,nearest_class,BASE_logreg,0,n2
16_11541_N2C-radius1,16,counting,BASE_logreg,1,n2
16_11542_N2A-novelband1,16,nearest_dist,BASE_logreg,1,n2
16_11542_N2B-ordinal1,16,nearest_class,BASE_logreg,1,n2
16_11542_N2C-radius1,16,counting,BASE_logreg,0,n2
16_14901_N2A-novelband1,16,nearest_dist,BASE_logreg,0,n2
16_14901_N2B-ordinal1,16,nearest_class,BASE_logreg,1,n2
16_14901_N2C-radius1,16,counting,BASE_logreg,0,n2
16_14908_N2A-novelband1,16,nearest_dist,BASE_logreg,1,n2
16_14908_N2B-ordinal1,16,nearest_class,BASE_logreg,0,n2
16_14908_N2C-radius1,16,counting,BASE_logreg,1,n2
16_14909_N2A-novelband1,16,nearest_dist,BASE_logreg,0,n2
16_14909_N2B-ordinal1,16,nearest_class,BASE_logreg,0,n2
16_14909_N2C-radius1,16,counting,BASE_logreg,1,n2
16_14910_N2A-novelband1,16,nearest_dist,BASE_logreg,1,n2
16_14910_N2B-ordinal1,16,nearest_class,BASE_logreg,1,n2
16_14910_N2C-radius1,16,counting,BASE_logreg,1,n2
16_14911_N2A-novelband1,16,nearest_dist,BASE_logreg,0,n2
16_14911_N2B-ordinal1,16,nearest_class,BASE_logreg,1,n2
16_14911_N2C-radius1,16,counting,BASE_logreg,1,n2
16_14916_N2A-novelband1,16,nearest_dist,BASE_logreg,0,n2
16_14916_N2B-ordinal1,16,nearest_class,BASE_logreg,0,n2
16_14916_N2C-radius1,16,counting,BASE_logreg,0,n2
16_14919_N2A-novelband1,16,nearest_dist,BASE_logreg,0,n2
16_14919_N2B-ordinal1,16,nearest_class,BASE_logreg,0,n2
16_14919_N2C-radius1,16,counting,BASE_logreg,0,n2
16_14920_N2A-novelband1,16,nearest_dist,BASE_logreg,0,n2
16_14920_N2B-ordinal1,16,nearest_class,BASE_logreg,0,n2
16_14920_N2C-radius1,16,counting,BASE_logreg,0,n2
16_14921_N2A-novelband1,16,nearest_dist,BASE_logreg,0,n2
16_14921_N2B-ordinal1,16,nearest_class,BASE_logreg,0,n2
16_14921_N2C-radius1,16,counting,BASE_logreg,0,n2
16_14927_N2A-novelband1,16,nearest_dist,BASE_logreg,1,n2
16_14927_N2B-ordinal1,16,nearest_class,BASE_logreg,1,n2
16_14927_N2C-radius1,16,counting,BASE_logreg,0,n2
16_14931_N2A-novelband1,16,nearest_dist,BASE_logreg,0,n2
16_14931_N2B-ordinal1,16,nearest_class,BASE_logreg,0,n2
16_14931_N2C-radius1,16,counting,BASE_logreg,1,n2
16_15019_N2A-novelband1,16,nearest_dist,BASE_logreg,0,n2
16_15019_N2B-ordinal1,16,nearest_class,BASE_logreg,1,n2
16_15019_N2C-radius1,16,counting,BASE_logreg,0,n2
16_15027_N2A-novelband1,16,nearest_dist,BASE_logreg,0,n2
16_15027_N2B-ordinal1,16,nearest_class,BASE_logreg,1,n2
16_15027_N2C-radius1,16,counting,BASE_logreg,0,n2
16_15100_N2A-novelband1,16,nearest_dist,BASE_logreg,0,n2
16_15100_N2B-ordinal1,16,nearest_class,BASE_logreg,0,n2
16_15100_N2C-radius1,16,counting,BASE_logreg,0,n2
16_15137_N2A-novelband1,16,nearest_dist,BASE_logreg,0,n2
16_15137_N2B-ordinal1,16,nearest_class,BASE_logreg,0,n2
16_15137_N2C-radius1,16,counting,BASE_logreg,1,n2
16_15138_N2A-novelband1,16,nearest_dist,BASE_logreg,1,n2
16_15138_N2B-ordinal1,16,nearest_class,BASE_logreg,0,n2
16_15138_N2C-radius1,16,counting,BASE_logreg,1,n2
16_15217_N2A-novelband1,16,nearest_dist,BASE_logreg,0,n2
16_15217_N2B-ordinal1,16,nearest_class,BASE_logreg,1,n2
16_15217_N2C-radius1,16,counting,BASE_logreg,0,n2
16_15218_N2A-novelband1,16,nearest_dist,BASE_logreg,1,n2
16_15218_N2B-ordinal1,16,nearest_class,BASE_logreg,1,n2
16_15218_N2C-radius1,16,counting,BASE_logreg,1,n2
16_15750_N2A-novelband1,16,nearest_dist,BASE_logreg,0,n2
16_15750_N2B-ordinal1,16,nearest_class,BASE_logreg,1,n2
16_15750_N2C-radius1,16,counting,BASE_logreg,0,n2
16_3206_N2A-novelband1,16,nearest_dist,BASE_logreg,1,n2
16_3206_N2B-ordinal1,16,nearest_class,BASE_logreg,1,n2
16_3206_N2C-radius1,16,counting,BASE_logreg,0,n2
16_3269_N2A-novelband1,16,nearest_dist,BASE_logreg,0,n2
16_3269_N2B-ordinal1,16,nearest_class,BASE_logreg,0,n2
16_3269_N2C-radius1,16,counting,BASE_logreg,0,n2
16_3299_N2A-novelband1,16,nearest_dist,BASE_logreg,1,n2
16_3299_N2B-ordinal1,16,nearest_class,BASE_logreg,0,n2
16_3299_N2C-radius1,16,counting,BASE_logreg,0,n2
16_3301_N2A-novelband1,16,nearest_dist,BASE_logreg,0,n2
16_3301_N2B-ordinal1,16,nearest_class,BASE_logreg,0,n2
16_3301_N2C-radius1,16,counting,BASE_logreg,1,n2
16_3352_N2A-novelband1,16,nearest_dist,BASE_logreg,0,n2
16_3352_N2B-ordinal1,16,nearest_class,BASE_logreg,0,n2
16_3352_N2C-radius1,16,counting,BASE_logreg,1,n2
16_3355_N2A-novelband1,16,nearest_dist,BASE_logreg,1,n2
16_3355_N2B-ordinal1,16,nearest_class,BASE_logreg,1,n2
16_3355_N2C-radius1,16,counting,BASE_logreg,0,n2
16_3362_N2A-novelband1,16,nearest_dist,BASE_logreg,1,n2
16_3362_N2B-ordinal1,16,nearest_class,BASE_logreg,0,n2
16_3362_N2C-radius1,16,counting,BASE_logreg,0,n2
16_3367_N2A-novelband1,16,nearest_dist,BASE_logreg,0,n2
16_3367_N2B-ordinal1,16,nearest_class,BASE_logreg,0,n2
16_3367_N2C-radius1,16,counting,BASE_logreg,0,n2
16_3368_N2A-novelband1,16,nearest_dist,BASE_logreg,1,n2
16_3368_N2B-ordinal1,16,nearest_class,BASE_logreg,0,n2
16_3368_N2C-radius1,16,counting,BASE_logreg,1,n2
16_3464_N2A-novelband1,16,nearest_dist,BASE_logreg,0,n2
16_3464_N2B-ordinal1,16,nearest_class,BASE_logreg,0,n2
16_3464_N2C-radius1,16,counting,BASE_logreg,0,n2
16_3466_N2A-novelband1,16,nearest_dist,BASE_logreg,0,n2
16_3466_N2B-ordinal1,16,nearest_class,BASE_logreg,1,n2
16_3466_N2C-radius1,16,counting,BASE_logreg,0,n2
16_3658_N2A-novelband1,16,nearest_dist,BASE_logreg,1,n2
16_3658_N2B-ordinal1,16,nearest_class,BASE_logreg,0,n2
16_3658_N2C-radius1,16,counting,BASE_logreg,0,n2
16_3743_N2A-novelband1,16,nearest_dist,BASE_logreg,1,n2
16_3743_N2B-ordinal1,16,nearest_class,BASE_logreg,0,n2
16_3743_N2C-radius1,16,counting,BASE_logreg,1,n2
16_4069_N2A-novelband1,16,nearest_dist,BASE_logreg,0,n2
16_4069_N2B-ordinal1,16,nearest_class,BASE_logreg,0,n2
16_4069_N2C-radius1,16,counting,BASE_logreg,1,n2
16_4075_N2A-novelband1,16,nearest_dist,BASE_logreg,0,n2
16_4075_N2B-ordinal1,16,nearest_class,BASE_logreg,0,n2
16_4075_N2C-radius1,16,counting,BASE_logreg,0,n2
16_4256_N2A-novelband1,16,nearest_dist,BASE_logreg,0,n2
16_4256_N2B-ordinal1,16,nearest_class,BASE_logreg,1,n2
16_4256_N2C-radius1,16,counting,BASE_logreg,0,n2
16_4259_N2A-novelband1,16,nearest_dist,BASE_logreg,0,n2
16_4259_N2B-ordinal1,16,nearest_class,BASE_logreg,0,n2
16_4259_N2C-radius1,16,counting,BASE_logreg,1,n2
16_4263_N2A-novelband1,16,nearest_dist,BASE_logreg,0,n2
16_4263_N2B-ordinal1,16,nearest_class,BASE_logreg,0,n2
16_4263_N2C-radius1,16,counting,BASE_logreg,1,n2
16_4264_N2A-novelband1,16,nearest_dist,BASE_logreg,0,n2
16_4264_N2B-ordinal1,16,nearest_class,BASE_logreg,1,n2
16_4264_N2C-radius1,16,counting,BASE_logreg,1,n2
16_4267_N2A-novelband1,16,nearest_dist,BASE_logreg,1,n2
16_4267_N2B-ordinal1,16,nearest_class,BASE_logreg,1,n2
16_4267_N2C-radius1,16,counting,BASE_logreg,0,n2
16_4268_N2A-novelband1,16,nearest_dist,BASE_logreg,0,n2
16_4268_N2B-ordinal1,16,nearest_class,BASE_logreg,0,n2
16_4268_N2C-radius1,16,counting,BASE_logreg,1,n2
16_4271_N2A-novelband1,16,nearest_dist,BASE_logreg,1,n2
16_4271_N2B-ordinal1,16,nearest_class,BASE_logreg,0,n2
16_4271_N2C-radius1,16,counting,BASE_logreg,0,n2
16_5839_N2A-novelband1,16,nearest_dist,BASE_logreg,1,n2
16_5839_N2B-ordinal1,16,nearest_class,BASE_logreg,0,n2
16_5839_N2C-radius1,16,counting,BASE_logreg,0,n2
16_5849_N2A-novelband1,16,nearest_dist,BASE_logreg,0,n2
16_5849_N2B-ordinal1,16,nearest_class,BASE_logreg,1,n2
16_5849_N2C-radius1,16,counting,BASE_logreg,0,n2
16_6029_N2A-novelband1,16,nearest_dist,BASE_logreg,1,n2
16_6029_N2B-ordinal1,16,nearest_class,BASE_logreg,0,n2
16_6029_N2C-radius1,16,counting,BASE_logreg,0,n2
16_6030_N2A-novelband1,16,nearest_dist,BASE_logreg,1,n2
16_6030_N2B-ordinal1,16,nearest_class,BASE_logreg,0,n2
16_6030_N2C-radius1,16,counting,BASE_logreg,0,n2
16_6033_N2A-novelband1,16,nearest_dist,BASE_logreg,0,n2
16_6033_N2B-ordinal1,16,nearest_class,BASE_logreg,0,n2
16_6033_N2C-radius1,16,counting,BASE_logreg,1,n2
16_6035_N2A-novelband1,16,nearest_dist,BASE_logreg,1,n2
16_6035_N2B-ordinal1,16,nearest_class,BASE_logreg,0,n2
16_6035_N2C-radius1,16,counting,BASE_logreg,0,n2
16_6039_N2A-novelband1,16,nearest_dist,BASE_logreg,0,n2
16_6039_N2B-ordinal1,16,nearest_class,BASE_logreg,0,n2
16_6039_N2C-radius1,16,counting,BASE_logreg,0,n2
16_6085_N2A-novelband1,16,nearest_dist,BASE_logreg,0,n2
16_6085_N2B-ordinal1,16,nearest_class,BASE_logreg,1,n2
16_6085_N2C-radius1,16,counting,BASE_logreg,1,n2
16_6087_N2A-novelband1,16,nearest_dist,BASE_logreg,1,n2
16_6087_N2B-ordinal1,16,nearest_class,BASE_logreg,1,n2
16_6087_N2C-radius1,16,counting,BASE_logreg,0,n2
16_7061_N2A-novelband1,16,nearest_dist,BASE_logreg,0,n2
16_7061_N2B-ordinal1,16,nearest_class,BASE_logreg,1,n2
16_7061_N2C-radius1,16,counting,BASE_logreg,0,n2
16_7062_N2A-novelband1,16,nearest_dist,BASE_logreg,1,n2
16_7062_N2B-ordinal1,16,nearest_class,BASE_logreg,0,n2
16_7062_N2C-radius1,16,counting,BASE_logreg,0,n2
16_7070_N2A-novelband1,16,nearest_dist,BASE_logreg,1,n2
16_7070_N2B-ordinal1,16,nearest_class,BASE_logreg,0,n2
16_7070_N2C-radius1,16,counting,BASE_logreg,0,n2
16_7071_N2A-novelband1,16,nearest_dist,BASE_logreg,1,n2
16_7071_N2B-ordinal1,16,nearest_class,BASE_logreg,0,n2
16_7071_N2C-radius1,16,counting,BASE_logreg,0,n2
16_7072_N2A-novelband1,16,nearest_dist,BASE_logreg,0,n2
16_7072_N2B-ordinal1,16,nearest_class,BASE_logreg,1,n2
16_7072_N2C-radius1,16,counting,BASE_logreg,0,n2
16_7078_N2A-novelband1,16,nearest_dist,BASE_logreg,1,n2
16_7078_N2B-ordinal1,16,nearest_class,BASE_logreg,1,n2
16_7078_N2C-radius1,16,counting,BASE_logreg,0,n2
16_7146_N2A-novelband1,16,nearest_dist,BASE_logreg,0,n2
16_7146_N2B-ordinal1,16,nearest_class,BASE_logreg,1,n2
16_7146_N2C-radius1,16,counting,BASE_logreg,0,n2
16_7148_N2A-novelband1,16,nearest_dist,BASE_logreg,0,n2
16_7148_N2B-ordinal1,16,nearest_class,BASE_logreg,1,n2
16_7148_N2C-radius1,16,counting,BASE_logreg,0,n2
16_7149_N2A-novelband1,16,nearest_dist,BASE_logreg,0,n2
16_7149_N2B-ordinal1,16,nearest_class,BASE_logreg,1,n2
16_7149_N2C-radius1,16,counting,BASE_logreg,0,n2
16_7253_N2A-novelband1,16,nearest_dist,BASE_logreg,0,n2
16_7253_N2C-radius1,16,counting,BASE_logreg,0,n2
16_7350_N2A-novelband1,16,nearest_dist,BASE_logreg,1,n2
16_7350_N2B-ordinal1,16,nearest_class,BASE_logreg,0,n2
16_7350_N2C-radius1,16,counting,BASE_logreg,1,n2
16_7351_N2A-novelband1,16,nearest_dist,BASE_logreg,0,n2
16_7351_N2B-ordinal1,16,nearest_class,BASE_logreg,1,n2
16_7351_N2C-radius1,16,counting,BASE_logreg,0,n2
16_7355_N2A-novelband1,16,nearest_dist,BASE_logreg,0,n2
16_7355_N2B-ordinal1,16,nearest_class,BASE_logreg,1,n2
16_7355_N2C-radius1,16,counting,BASE_logreg,1,n2
16_7356_N2A-novelband1,16,nearest_dist,BASE_logreg,1,n2
16_7356_N2B-ordinal1,16,nearest_class,BASE_logreg,0,n2
16_7356_N2C-radius1,16,counting,BASE_logreg,1,n2
16_7358_N2A-novelband1,16,nearest_dist,BASE_logreg,0,n2
16_7358_N2B-ordinal1,16,nearest_class,BASE_logreg,0,n2
16_7358_N2C-radius1,16,counting,BASE_logreg,0,n2
16_7402_N2A-novelband1,16,nearest_dist,BASE_logreg,1,n2
16_7402_N2B-ordinal1,16,nearest_class,BASE_logreg,0,n2
16_7402_N2C-radius1,16,counting,BASE_logreg,0,n2
16_7457_N2A-novelband1,16,nearest_dist,BASE_logreg,1,n2
16_7457_N2B-ordinal1,16,nearest_class,BASE_logreg,0,n2
16_7457_N2C-radius1,16,counting,BASE_logreg,0,n2
16_7458_N2A-novelband1,16,nearest_dist,BASE_logreg,0,n2
16_7458_N2B-ordinal1,16,nearest_class,BASE_logreg,1,n2
16_7458_N2C-radius1,16,counting,BASE_logreg,1,n2
16_7467_N2A-novelband1,16,nearest_dist,BASE_logreg,0,n2
16_7467_N2B-ordinal1,16,nearest_class,BASE_logreg,0,n2
16_7467_N2C-radius1,16,counting,BASE_logreg,0,n2
16_7472_N2A-novelband1,16,nearest_dist,BASE_logreg,0,n2
16_7472_N2B-ordinal1,16,nearest_class,BASE_logreg,0,n2
16_7472_N2C-radius1,16,counting,BASE_logreg,0,n2
16_7473_N2A-novelband1,16,nearest_dist,BASE_logreg,0,n2
16_7473_N2B-ordinal1,16,nearest_class,BASE_logreg,1,n2
16_7473_N2C-radius1,16,counting,BASE_logreg,1,n2
16_7477_N2A-novelband1,16,nearest_dist,BASE_logreg,1,n2
16_7477_N2B-ordinal1,16,nearest_class,BASE_logreg,1,n2
16_7477_N2C-radius1,16,counting,BASE_logreg,0,n2
16_7481_N2A-novelband1,16,nearest_dist,BASE_logreg,0,n2
16_7481_N2B-ordinal1,16,nearest_class,BASE_logreg,1,n2
16_7481_N2C-radius1,16,counting,BASE_logreg,0,n2
16_7482_N2A-novelband1,16,nearest_dist,BASE_logreg,0,n2
16_7482_N2B-ordinal1,16,nearest_class,BASE_logreg,0,n2
16_7482_N2C-radius1,16,counting,BASE_logreg,0,n2
16_7492_N2A-novelband1,16,nearest_dist,BASE_logreg,0,n2
16_7492_N2B-ordinal1,16,nearest_class,BASE_logreg,0,n2
16_7492_N2C-radius1,16,counting,BASE_logreg,0,n2
16_7494_N2A-novelband1,16,nearest_dist,BASE_logreg,0,n2
16_7494_N2B-ordinal1,16,nearest_class,BASE_logreg,0,n2
16_7494_N2C-radius1,16,counting,BASE_logreg,1,n2
16_8699_N2A-novelband1,16,nearest_dist,BASE_logreg,0,n2
16_8699_N2B-ordinal1,16,nearest_class,BASE_logreg,0,n2
16_8699_N2C-radius1,16,counting,BASE_logreg,0,n2
16_8705_N2A-novelband1,16,nearest_dist,BASE_logreg,0,n2
16_8705_N2B-ordinal1,16,nearest_class,BASE_logreg,1,n2
16_8705_N2C-radius1,16,counting,BASE_logreg,0,n2
16_8708_N2A-novelband1,16,nearest_dist,BASE_logreg,0,n2
16_8708_N2B-ordinal1,16,nearest_class,BASE_logreg,0,n2
16_8708_N2C-radius1,16,counting,BASE_logreg,1,n2
16_8710_N2A-novelband1,16,nearest_dist,BASE_logreg,1,n2
16_8710_N2B-ordinal1,16,nearest_class,BASE_logreg,0,n2
16_8710_N2C-radius1,16,counting,BASE_logreg,1,n2
16_8766_N2A-novelband1,16,nearest_dist,BASE_logreg,0,n2
16_8766_N2B-ordinal1,16,nearest_class,BASE_logreg,0,n2
16_8766_N2C-radius1,16,counting,BASE_logreg,0,n2
16_8767_N2A-novelband1,16,nearest_dist,BASE_logreg,0,n2
16_8767_N2B-ordinal1,16,nearest_class,BASE_logreg,0,n2
16_8767_N2C-radius1,16,counting,BASE_logreg,0,n2
16_8769_N2A-novelband1,16,nearest_dist,BASE_logreg,0,n2
16_8769_N2B-ordinal1,16,nearest_class,BASE_logreg,0,n2
16_8769_N2C-radius1,16,counting,BASE_logreg,0,n2
16_8775_N2A-novelband1,16,nearest_dist,BASE_logreg,0,n2
16_8775_N2B-ordinal1,16,nearest_class,BASE_logreg,0,n2
16_8775_N2C-radius1,16,counting,BASE_logreg,0,n2
16_8781_N2A-novelband1,16,nearest_dist,BASE_logreg,0,n2
16_8781_N2B-ordinal1,16,nearest_class,BASE_logreg,1,n2
16_8781_N2C-radius1,16,counting,BASE_logreg,0,n2
16_8787_N2A-novelband1,16,nearest_dist,BASE_logreg,0,n2
16_8787_N2B-ordinal1,16,nearest_class,BASE_logreg,0,n2
16_8787_N2C-radius1,16,counting,BASE_logreg,0,n2
16_8825_N2A-novelband1,16,nearest_dist,BASE_logreg,0,n2
16_8825_N2B-ordinal1,16,nearest_class,BASE_logreg,0,n2
16_8825_N2C-radius1,16,counting,BASE_logreg,0,n2
16_8828_N2A-novelband1,16,nearest_dist,BASE_logreg,0,n2
16_8828_N2B-ordinal1,16,nearest_class,BASE_logreg,0,n2
16_8828_N2C-radius1,16,counting,BASE_logreg,0,n2
16_8955_N2A-novelband1,16,nearest_dist,BASE_logreg,1,n2
16_8955_N2B-ordinal1,16,nearest_class,BASE_logreg,0,n2
16_8955_N2C-radius1,16,counting,BASE_logreg,0,n2
16_9027_N2A-novelband1,16,nearest_dist,BASE_logreg,1,n2
16_9027_N2B-ordinal1,16,nearest_class,BASE_logreg,1,n2
16_9027_N2C-radius1,16,counting,BASE_logreg,0,n2
16_9034_N2A-novelband1,16,nearest_dist,BASE_logreg,0,n2
16_9034_N2B-ordinal1,16,nearest_class,BASE_logreg,0,n2
16_9034_N2C-radius1,16,counting,BASE_logreg,1,n2
16_9035_N2A-novelband1,16,nearest_dist,BASE_logreg,1,n2
16_9035_N2B-ordinal1,16,nearest_class,BASE_logreg,0,n2
16_9035_N2C-radius1,16,counting,BASE_logreg,1,n2
16_9038_N2A-novelband1,16,nearest_dist,BASE_logreg,0,n2
16_9038_N2B-ordinal1,16,nearest_class,BASE_logreg,0,n2
16_9038_N2C-radius1,16,counting,BASE_logreg,0,n2
16_9041_N2A-novelband1,16,nearest_dist,BASE_logreg,0,n2
16_9041_N2B-ordinal1,16,nearest_class,BASE_logreg,1,n2
16_9041_N2C-radius1,16,counting,BASE_logreg,1,n2
16_9051_N2A-novelband1,16,nearest_dist,BASE_logreg,0,n2
16_9051_N2B-ordinal1,16,nearest_class,BASE_logreg,0,n2
16_9051_N2C-radius1,16,counting,BASE_logreg,1,n2
16_9127_N2A-novelband1,16,nearest_dist,BASE_logreg,1,n2
16_9127_N2B-ordinal1,16,nearest_class,BASE_logreg,0,n2
16_9127_N2C-radius1,16,counting,BASE_logreg,1,n2
16_9130_N2A-novelband1,16,nearest_dist,BASE_logreg,0,n2
16_9130_N2B-ordinal1,16,nearest_class,BASE_logreg,0,n2
16_9130_N2C-radius1,16,counting,BASE_logreg,0,n2
16_9135_N2A-novelband1,16,nearest_dist,BASE_logreg,0,n2
16_9135_N2B-ordinal1,16,nearest_class,BASE_logreg,0,n2
16_9135_N2C-radius1,16,counting,BASE_logreg,0,n2
16_9138_N2A-novelband1,16,nearest_dist,BASE_logreg,0,n2
16_9138_N2B-ordinal1,16,nearest_class,BASE_logreg,0,n2
16_9138_N2C-radius1,16,counting,BASE_logreg,0,n2
16_9229_N2A-novelband1,16,nearest_dist,BASE_logreg,0,n2
16_9229_N2B-ordinal1,16,nearest_class,BASE_logreg,0,n2
16_9229_N2C-radius1,16,counting,BASE_logreg,1,n2
17_10197_N2A-novelband1,17,nearest_dist,BASE_logreg,0,n2
17_10197_N2B-ordinal1,17,nearest_class,BASE_logreg,1,n2
17_10197_N2C-radius1,17,counting,BASE_logreg,0,n2
17_10199_N2A-novelband1,17,nearest_dist,BASE_logreg,0,n2
17_10199_N2B-ordinal1,17,nearest_class,BASE_logreg,1,n2
17_10199_N2C-radius1,17,counting,BASE_logreg,0,n2
17_10201_N2A-novelband1,17,nearest_dist,BASE_logreg,0,n2
17_10201_N2B-ordinal1,17,nearest_class,BASE_logreg,0,n2
17_10201_N2C-radius1,17,counting,BASE_logreg,1,n2
17_10930_N2A-novelband1,17,nearest_dist,BASE_logreg,1,n2
17_10930_N2B-ordinal1,17,nearest_class,BASE_logreg,1,n2
17_10930_N2C-radius1,17,counting,BASE_logreg,1,n2
17_10931_N2A-novelband1,17,nearest_dist,BASE_logreg,0,n2
17_10931_N2B-ordinal1,17,nearest_class,BASE_logreg,1,n2
17_10931_N2C-radius1,17,counting,BASE_logreg,1,n2
17_10934_N2A-novelband1,17,nearest_dist,BASE_logreg,0,n2
17_10934_N2B-ordinal1,17,nearest_class,BASE_logreg,0,n2
17_10934_N2C-radius1,17,counting,BASE_logreg,0,n2
17_10935_N2A-novelband1,17,nearest_dist,BASE_logreg,0,n2
17_10935_N2B-ordinal1,17,nearest_class,BASE_logreg,0,n2
17_10935_N2C-radius1,17,counting,BASE_logreg,1,n2
17_10940_N2A-novelband1,17,nearest_dist,BASE_logreg,1,n2
17_10940_N2B-ordinal1,17,nearest_class,BASE_logreg,0,n2
17_10940_N2C-radius1,17,counting,BASE_logreg,1,n2
17_10943_N2A-novelband1,17,nearest_dist,BASE_logreg,1,n2
17_10943_N2B-ordinal1,17,nearest_class,BASE_logreg,1,n2
17_10943_N2C-radius1,17,counting,BASE_logreg,1,n2
17_10951_N2A-novelband1,17,nearest_dist,BASE_logreg,0,n2
17_10951_N2B-ordinal1,17,nearest_class,BASE_logreg,0,n2
17_10951_N2C-radius1,17,counting,BASE_logreg,0,n2
17_10955_N2A-novelband1,17,nearest_dist,BASE_logreg,0,n2
17_10955_N2B-ordinal1,17,nearest_class,BASE_logreg,0,n2
17_10955_N2C-radius1,17,counting,BASE_logreg,0,n2
17_10961_N2A-novelband1,17,nearest_dist,BASE_logreg,0,n2
17_10961_N2B-ordinal1,17,nearest_class,BASE_logreg,0,n2
17_10961_N2C-radius1,17,counting,BASE_logreg,1,n2
17_10962_N2A-novelband1,17,nearest_dist,BASE_logreg,1,n2
17_10962_N2B-ordinal1,17,nearest_class,BASE_logreg,0,n2
17_10962_N2C-radius1,17,counting,BASE_logreg,0,n2
17_10967_N2A-novelband1,17,nearest_dist,BASE_logreg,1,n2
17_10967_N2B-ordinal1,17,nearest_class,BASE_logreg,0,n2
17_10967_N2C-radius1,17,counting,BASE_logreg,0,n2
17_11006_N2A-novelband1,17,nearest_dist,BASE_logreg,0,n2
17_11006_N2B-ordinal1,17,nearest_class,BASE_logreg,0,n2
17_11006_N2C-radius1,17,counting,BASE_logreg,1,n2
17_2050_N2A-novelband1,17,nearest_dist,BASE_logreg,1,n2
17_2050_N2B-ordinal1,17,nearest_class,BASE_logreg,1,n2
17_2050_N2C-radius1,17,counting,BASE_logreg,1,n2
17_2051_N2A-novelband1,17,nearest_dist,BASE_logreg,0,n2
17_2051_N2B-ordinal1,17,nearest_class,BASE_logreg,0,n2
17_2051_N2C-radius1,17,counting,BASE_logreg,0,n2
17_2064_N2A-novelband1,17,nearest_dist,BASE_logreg,1,n2
17_2064_N2B-ordinal1,17,nearest_class,BASE_logreg,1,n2
17_2064_N2C-radius1,17,counting,BASE_logreg,0,n2
17_2098_N2A-novelband1,17,nearest_dist,BASE_logreg,0,n2
17_2098_N2B-ordinal1,17,nearest_class,BASE_logreg,0,n2
17_2098_N2C-radius1,17,counting,BASE_logreg,0,n2
17_2104_N2A-novelband1,17,nearest_dist,BASE_logreg,0,n2
17_2104_N2B-ordinal1,17,nearest_class,BASE_logreg,0,n2
17_2104_N2C-radius1,17,counting,BASE_logreg,1,n2
17_2120_N2A-novelband1,17,nearest_dist,BASE_logreg,0,n2
17_2120_N2B-ordinal1,17,nearest_class,BASE_logreg,1,n2
17_2120_N2C-radius1,17,counting,BASE_logreg,1,n2
17_2122_N2A-novelband1,17,nearest_dist,BASE_logreg,0,n2
17_2122_N2B-ordinal1,17,nearest_class,BASE_logreg,0,n2
17_2122_N2C-radius1,17,counting,BASE_logreg,1,n2
17_2173_N2A-novelband1,17,nearest_dist,BASE_logreg,0,n2
17_2173_N2B-ordinal1,17,nearest_class,BASE_logreg,0,n2
17_2173_N2C-radius1,17,counting,BASE_logreg,1,n2
17_6027_N2A-novelband1,17,nearest_dist,BASE_logreg,0,n2
17_6027_N2B-ordinal1,17,nearest_class,BASE_logreg,0,n2
17_6027_N2C-radius1,17,counting,BASE_logreg,0,n2
17_6183_N2A-novelband1,17,nearest_dist,BASE_logreg,1,n2
17_6183_N2B-ordinal1,17,nearest_class,BASE_logreg,0,n2
17_6183_N2C-radius1,17,counting,BASE_logreg,1,n2
17_6187_N2A-novelband1,17,nearest_dist,BASE_logreg,0,n2
17_6187_N2B-ordinal1,17,nearest_class,BASE_logreg,0,n2
17_6187_N2C-radius1,17,counting,BASE_logreg,0,n2
17_6192_N2A-novelband1,17,nearest_dist,BASE_logreg,0,n2
17_6192_N2B-ordinal1,17,nearest_class,BASE_logreg,1,n2
17_6192_N2C-radius1,17,counting,BASE_logreg,1,n2
17_6194_N2A-novelband1,17,nearest_dist,BASE_logreg,1,n2
17_6194_N2B-ordinal1,17,nearest_class,BASE_logreg,1,n2
17_6194_N2C-radius1,17,counting,BASE_logreg,1,n2
17_6197_N2A-novelband1,17,nearest_dist,BASE_logreg,0,n2
17_6197_N2B-ordinal1,17,nearest_class,BASE_logreg,1,n2
17_6197_N2C-radius1,17,counting,BASE_logreg,0,n2
17_6198_N2A-novelband1,17,nearest_dist,BASE_logreg,0,n2
17_6198_N2B-ordinal1,17,nearest_class,BASE_logreg,1,n2
17_6198_N2C-radius1,17,counting,BASE_logreg,1,n2
17_6201_N2A-novelband1,17,nearest_dist,BASE_logreg,0,n2
17_6201_N2B-ordinal1,17,nearest_class,BASE_logreg,0,n2
17_6201_N2C-radius1,17,counting,BASE_logreg,0,n2
17_6203_N2A-novelband1,17,nearest_dist,BASE_logreg,1,n2
17_6203_N2B-ordinal1,17,nearest_class,BASE_logreg,0,n2
17_6203_N2C-radius1,17,counting,BASE_logreg,0,n2
17_6207_N2A-novelband1,17,nearest_dist,BASE_logreg,0,n2
17_6207_N2B-ordinal1,17,nearest_class,BASE_logreg,0,n2
17_6207_N2C-radius1,17,counting,BASE_logreg,1,n2
17_6208_N2A-novelband1,17,nearest_dist,BASE_logreg,1,n2
17_6208_N2B-ordinal1,17,nearest_class,BASE_logreg,0,n2
17_6208_N2C-radius1,17,counting,BASE_logreg,1,n2
17_6209_N2A-novelband1,17,nearest_dist,BASE_logreg,1,n2
17_6209_N2B-ordinal1,17,nearest_class,BASE_logreg,1,n2
17_6209_N2C-radius1,17,counting,BASE_logreg,1,n2
17_6210_N2A-novelband1,17,nearest_dist,BASE_logreg,0,n2
17_6210_N2B-ordinal1,17,nearest_class,BASE_logreg,0,n2
17_6210_N2C-radius1,17,counting,BASE_logreg,1,n2
17_6216_N2A-novelband1,17,nearest_dist,BASE_logreg,1,n2
17_6216_N2B-ordinal1,17,nearest_class,BASE_logreg,0,n2
17_6216_N2C-radius1,17,counting,BASE_logreg,0,n2
17_6336_N2A-novelband1,17,nearest_dist,BASE_logreg,0,n2
17_6336_N2B-ordinal1,17,nearest_class,BASE_logreg,0,n2
17_6336_N2C-radius1,17,counting,BASE_logreg,0,n2
17_6337_N2A-novelband1,17,nearest_dist,BASE_logreg,1,n2
17_6337_N2B-ordinal1,17,nearest_class,BASE_logreg,0,n2
17_6337_N2C-radius1,17,counting,BASE_logreg,0,n2
17_6341_N2A-novelband1,17,nearest_dist,BASE_logreg,0,n2
17_6341_N2B-ordinal1,17,nearest_class,BASE_logreg,0,n2
17_6341_N2C-radius1,17,counting,BASE_logreg,0,n2
17_7781_N2A-novelband1,17,nearest_dist,BASE_logreg,0,n2
17_7781_N2B-ordinal1,17,nearest_class,BASE_logreg,0,n2
17_7781_N2C-radius1,17,counting,BASE_logreg,0,n2
17_7786_N2A-novelband1,17,nearest_dist,BASE_logreg,0,n2
17_7786_N2B-ordinal1,17,nearest_class,BASE_logreg,1,n2
17_7786_N2C-radius1,17,counting,BASE_logreg,1,n2
17_7793_N2A-novelband1,17,nearest_dist,BASE_logreg,1,n2
17_7793_N2B-ordinal1,17,nearest_class,BASE_logreg,0,n2
17_7793_N2C-radius1,17,counting,BASE_logreg,1,n2
17_7800_N2A-novelband1,17,nearest_dist,BASE_logreg,0,n2
17_7800_N2B-ordinal1,17,nearest_class,BASE_logreg,0,n2
17_7800_N2C-radius1,17,counting,BASE_logreg,0,n2
17_7807_N2A-novelband1,17,nearest_dist,BASE_logreg,1,n2
17_7807_N2B-ordinal1,17,nearest_class,BASE_logreg,0,n2
17_7807_N2C-radius1,17,counting,BASE_logreg,0,n2
17_8272_N2A-novelband1,17,nearest_dist,BASE_logreg,1,n2
17_8272_N2B-ordinal1,17,nearest_class,BASE_logreg,0,n2
17_8272_N2C-radius1,17,counting,BASE_logreg,1,n2
17_8275_N2A-novelband1,17,nearest_dist,BASE_logreg,1,n2
17_8275_N2B-ordinal1,17,nearest_class,BASE_logreg,0,n2
17_8275_N2C-radius1,17,counting,BASE_logreg,0,n2
17_8276_N2A-novelband1,17,nearest_dist,BASE_logreg,0,n2
17_8276_N2B-ordinal1,17,nearest_class,BASE_logreg,0,n2
17_8276_N2C-radius1,17,counting,BASE_logreg,0,n2
17_9866_N2A-novelband1,17,nearest_dist,BASE_logreg,1,n2
17_9866_N2B-ordinal1,17,nearest_class,BASE_logreg,1,n2
17_9866_N2C-radius1,17,counting,BASE_logreg,0,n2
17_9874_N2A-novelband1,17,nearest_dist,BASE_logreg,0,n2
17_9874_N2B-ordinal1,17,nearest_class,BASE_logreg,0,n2
17_9874_N2C-radius1,17,counting,BASE_logreg,0,n2
17_9875_N2A-novelband1,17,nearest_dist,BASE_logreg,1,n2
17_9875_N2B-ordinal1,17,nearest_class,BASE_logreg,0,n2
17_9875_N2C-radius1,17,counting,BASE_logreg,0,n2
17_9876_N2A-novelband1,17,nearest_dist,BASE_logreg,0,n2
17_9876_N2B-ordinal1,17,nearest_class,BASE_logreg,0,n2
17_9876_N2C-radius1,17,counting,BASE_logreg,0,n2
18_1654_N2A-novelband1,18,nearest_dist,BASE_logreg,0,n2
18_1654_N2B-ordinal1,18,nearest_class,BASE_logreg,0,n2
18_1654_N2C-radius1,18,counting,BASE_logreg,0,n2
18_1657_N2A-novelband1,18,nearest_dist,BASE_logreg,1,n2
18_1657_N2B-ordinal1,18,nearest_class,BASE_logreg,0,n2
18_1657_N2C-radius1,18,counting,BASE_logreg,1,n2
18_1660_N2A-novelband1,18,nearest_dist,BASE_logreg,1,n2
18_1660_N2B-ordinal1,18,nearest_class,BASE_logreg,1,n2
18_1660_N2C-radius1,18,counting,BASE_logreg,0,n2
18_1663_N2A-novelband1,18,nearest_dist,BASE_logreg,0,n2
18_1663_N2B-ordinal1,18,nearest_class,BASE_logreg,0,n2
18_1663_N2C-radius1,18,counting,BASE_logreg,0,n2
18_1705_N2A-novelband1,18,nearest_dist,BASE_logreg,0,n2
18_1705_N2B-ordinal1,18,nearest_class,BASE_logreg,1,n2
18_1705_N2C-radius1,18,counting,BASE_logreg,1,n2
18_1711_N2A-novelband1,18,nearest_dist,BASE_logreg,0,n2
18_1711_N2B-ordinal1,18,nearest_class,BASE_logreg,0,n2
18_1711_N2C-radius1,18,counting,BASE_logreg,0,n2
18_1716_N2A-novelband1,18,nearest_dist,BASE_logreg,0,n2
18_1716_N2B-ordinal1,18,nearest_class,BASE_logreg,0,n2
18_1716_N2C-radius1,18,counting,BASE_logreg,0,n2
18_1722_N2A-novelband1,18,nearest_dist,BASE_logreg,0,n2
18_1722_N2B-ordinal1,18,nearest_class,BASE_logreg,1,n2
18_1722_N2C-radius1,18,counting,BASE_logreg,0,n2
18_6581_N2A-novelband1,18,nearest_dist,BASE_logreg,0,n2
18_6581_N2B-ordinal1,18,nearest_class,BASE_logreg,0,n2
18_6581_N2C-radius1,18,counting,BASE_logreg,0,n2
18_6634_N2A-novelband1,18,nearest_dist,BASE_logreg,0,n2
18_6634_N2B-ordinal1,18,nearest_class,BASE_logreg,0,n2
18_6634_N2C-radius1,18,counting,BASE_logreg,1,n2
18_6648_N2A-novelband1,18,nearest_dist,BASE_logreg,1,n2
18_6648_N2B-ordinal1,18,nearest_class,BASE_logreg,0,n2
18_6648_N2C-radius1,18,counting,BASE_logreg,0,n2
18_6652_N2A-novelband1,18,nearest_dist,BASE_logreg,1,n2
18_6652_N2B-ordinal1,18,nearest_class,BASE_logreg,1,n2
18_6652_N2C-radius1,18,counting,BASE_logreg,0,n2
18_6653_N2A-novelband1,18,nearest_dist,BASE_logreg,1,n2
18_6653_N2B-ordinal1,18,nearest_class,BASE_logreg,0,n2
18_6653_N2C-radius1,18,counting,BASE_logreg,1,n2
19_2757_N2A-novelband1,19,nearest_dist,BASE_logreg,0,n2
19_2757_N2B-ordinal1,19,nearest_class,BASE_logreg,1,n2
19_2757_N2C-radius1,19,counting,BASE_logreg,0,n2
19_2759_N2A-novelband1,19,nearest_dist,BASE_logreg,1,n2
19_2759_N2B-ordinal1,19,nearest_class,BASE_logreg,0,n2
19_2759_N2C-radius1,19,counting,BASE_logreg,0,n2
19_2768_N2A-novelband1,19,nearest_dist,BASE_logreg,0,n2
19_2768_N2B-ordinal1,19,nearest_class,BASE_logreg,1,n2
19_2768_N2C-radius1,19,counting,BASE_logreg,0,n2
19_2770_N2A-novelband1,19,nearest_dist,BASE_logreg,1,n2
19_2770_N2B-ordinal1,19,nearest_class,BASE_logreg,1,n2
19_2770_N2C-radius1,19,counting,BASE_logreg,0,n2
19_2775_N2A-novelband1,19,nearest_dist,BASE_logreg,0,n2
19_2775_N2B-ordinal1,19,nearest_class,BASE_logreg,0,n2
19_2775_N2C-radius1,19,counting,BASE_logreg,0,n2
19_2786_N2A-novelband1,19,nearest_dist,BASE_logreg,0,n2
19_2786_N2B-ordinal1,19,nearest_class,BASE_logreg,0,n2
19_2786_N2C-radius1,19,counting,BASE_logreg,1,n2
19_2795_N2A-novelband1,19,nearest_dist,BASE_logreg,0,n2
19_2795_N2B-ordinal1,19,nearest_class,BASE_logreg,0,n2
19_2795_N2C-radius1,19,counting,BASE_logreg,1,n2
19_2799_N2A-novelband1,19,nearest_dist,BASE_logreg,1,n2
19_2799_N2B-ordinal1,19,nearest_class,BASE_logreg,0,n2
19_2799_N2C-radius1,19,counting,BASE_logreg,0,n2
19_2800_N2A-novelband1,19,nearest_dist,BASE_logreg,0,n2
19_2800_N2B-ordinal1,19,nearest_class,BASE_logreg,1,n2
19_2800_N2C-radius1,19,counting,BASE_logreg,1,n2
19_2801_N2A-novelband1,19,nearest_dist,BASE_logreg,0,n2
19_2801_N2B-ordinal1,19,nearest_class,BASE_logreg,1,n2
19_2801_N2C-radius1,19,counting,BASE_logreg,0,n2
19_2806_N2A-novelband1,19,nearest_dist,BASE_logreg,0,n2
19_2806_N2B-ordinal1,19,nearest_class,BASE_logreg,0,n2
19_2806_N2C-radius1,19,counting,BASE_logreg,0,n2
19_2814_N2A-novelband1,19,nearest_dist,BASE_logreg,1,n2
19_2814_N2B-ordinal1,19,nearest_class,BASE_logreg,0,n2
19_2814_N2C-radius1,19,counting,BASE_logreg,0,n2
19_2816_N2A-novelband1,19,nearest_dist,BASE_logreg,1,n2
19_2816_N2B-ordinal1,19,nearest_class,BASE_logreg,1,n2
19_2816_N2C-radius1,19,counting,BASE_logreg,1,n2
19_2820_N2A-novelband1,19,nearest_dist,BASE_logreg,0,n2
19_2820_N2B-ordinal1,19,nearest_class,BASE_logreg,0,n2
19_2820_N2C-radius1,19,counting,BASE_logreg,0,n2
19_2824_N2A-novelband1,19,nearest_dist,BASE_logreg,1,n2
19_2824_N2B-ordinal1,19,nearest_class,BASE_logreg,0,n2
19_2824_N2C-radius1,19,counting,BASE_logreg,0,n2
19_2892_N2A-novelband1,19,nearest_dist,BASE_logreg,0,n2
19_2892_N2B-ordinal1,19,nearest_class,BASE_logreg,0,n2
19_2892_N2C-radius1,19,counting,BASE_logreg,1,n2
1_1851_N2A-novelband1,1,nearest_dist,BASE_logreg,0,n2
1_1851_N2B-ordinal1,1,nearest_class,BASE_logreg,0,n2
1_1851_N2C-radius1,1,counting,BASE_logreg,0,n2
1_1852_N2A-novelband1,1,nearest_dist,BASE_logreg,0,n2
1_1852_N2B-ordinal1,1,nearest_class,BASE_logreg,1,n2
1_1852_N2C-radius1,1,counting,BASE_logreg,0,n2
1_1857_N2A-novelband1,1,nearest_dist,BASE_logreg,0,n2
1_1857_N2B-ordinal1,1,nearest_class,BASE_logreg,1,n2
1_1857_N2C-radius1,1,counting,BASE_logreg,0,n2
1_1858_N2A-novelband1,1,nearest_dist,BASE_logreg,0,n2
1_1858_N2B-ordinal1,1,nearest_class,BASE_logreg,1,n2
1_1858_N2C-radius1,1,counting,BASE_logreg,0,n2
1_1864_N2A-novelband1,1,nearest_dist,BASE_logreg,1,n2
1_1864_N2B-ordinal1,1,nearest_class,BASE_logreg,1,n2
1_1864_N2C-radius1,1,counting,BASE_logreg,0,n2
1_1908_N2A-novelband1,1,nearest_dist,BASE_logreg,0,n2
1_1908_N2B-ordinal1,1,nearest_class,BASE_logreg,0,n2
1_1908_N2C-radius1,1,counting,BASE_logreg,1,n2
1_1915_N2A-novelband1,1,nearest_dist,BASE_logreg,0,n2
1_1915_N2B-ordinal1,1,nearest_class,BASE_logreg,0,n2
1_1915_N2C-radius1,1,counting,BASE_logreg,0,n2
1_2006_N2A-novelband1,1,nearest_dist,BASE_logreg,1,n2
1_2006_N2B-ordinal1,1,nearest_class,BASE_logreg,0,n2
1_2006_N2C-radius1,1,counting,BASE_logreg,0,n2
1_2045_N2A-novelband1,1,nearest_dist,BASE_logreg,1,n2
1_2045_N2B-ordinal1,1,nearest_class,BASE_logreg,1,n2
1_2045_N2C-radius1,1,counting,BASE_logreg,0,n2
1_2078_N2A-novelband1,1,nearest_dist,BASE_logreg,0,n2
1_2078_N2B-ordinal1,1,nearest_class,BASE_logreg,0,n2
1_2078_N2C-radius1,1,counting,BASE_logreg,0,n2
1_2081_N2A-novelband1,1,nearest_dist,BASE_logreg,0,n2
1_2081_N2B-ordinal1,1,nearest_class,BASE_logreg,0,n2
1_2081_N2C-radius1,1,counting,BASE_logreg,0,n2
1_2083_N2A-novelband1,1,nearest_dist,BASE_logreg,0,n2
1_2083_N2B-ordinal1,1,nearest_class,BASE_logreg,1,n2
1_2083_N2C-radius1,1,counting,BASE_logreg,0,n2
1_2085_N2A-novelband1,1,nearest_dist,BASE_logreg,1,n2
1_2085_N2B-ordinal1,1,nearest_class,BASE_logreg,0,n2
1_2085_N2C-radius1,1,counting,BASE_logreg,0,n2
1_2088_N2A-novelband1,1,nearest_dist,BASE_logreg,1,n2
1_2088_N2B-ordinal1,1,nearest_class,BASE_logreg,0,n2
1_2088_N2C-radius1,1,counting,BASE_logreg,0,n2
1_2092_N2A-novelband1,1,nearest_dist,BASE_logreg,1,n2
1_2092_N2B-ordinal1,1,nearest_class,BASE_logreg,1,n2
1_2092_N2C-radius1,1,counting,BASE_logreg,0,n2
1_2093_N2A-novelband1,1,nearest_dist,BASE_logreg,1,n2
1_2093_N2B-ordinal1,1,nearest_class,BASE_logreg,0,n2
1_2093_N2C-radius1,1,counting,BASE_logreg,0,n2
1_2099_N2A-novelband1,1,nearest_dist,BASE_logreg,1,n2
1_2099_N2B-ordinal1,1,nearest_class,BASE_logreg,1,n2
1_2099_N2C-radius1,1,counting,BASE_logreg,1,n2
1_2105_N2A-novelband1,1,nearest_dist,BASE_logreg,1,n2
1_2105_N2B-ordinal1,1,nearest_class,BASE_logreg,0,n2
1_2105_N2C-radius1,1,counting,BASE_logreg,0,n2
1_2106_N2A-novelband1,1,nearest_dist,BASE_logreg,1,n2
1_2106_N2B-ordinal1,1,nearest_class,BASE_logreg,0,n2
1_2106_N2C-radius1,1,counting,BASE_logreg,1,n2
1_2109_N2A-novelband1,1,nearest_dist,BASE_logreg,0,n2
1_2109_N2B-ordinal1,1,nearest_class,BASE_logreg,0,n2
1_2109_N2C-radius1,1,counting,BASE_logreg,0,n2
1_2111_N2A-novelband1,1,nearest_dist,BASE_logreg,0,n2
1_2111_N2B-ordinal1,1,nearest_class,BASE_logreg,0,n2
1_2111_N2C-radius1,1,counting,BASE_logreg,0,n2
1_2157_N2A-novelband1,1,nearest_dist,BASE_logreg,1,n2
1_2157_N2B-ordinal1,1,nearest_class,BASE_logreg,0,n2
1_2157_N2C-radius1,1,counting,BASE_logreg,1,n2
1_2161_N2A-novelband1,1,nearest_dist,BASE_logreg,0,n2
1_2161_N2B-ordinal1,1,nearest_class,BASE_logreg,0,n2
1_2161_N2C-radius1,1,counting,BASE_logreg,1,n2
1_2166_N2A-novelband1,1,nearest_dist,BASE_logreg,0,n2
1_2166_N2B-ordinal1,1,nearest_class,BASE_logreg,0,n2
1_2166_N2C-radius1,1,counting,BASE_logreg,0,n2
1_2232_N2A-novelband1,1,nearest_dist,BASE_logreg,0,n2
1_2232_N2B-ordinal1,1,nearest_class,BASE_logreg,0,n2
1_2232_N2C-radius1,1,counting,BASE_logreg,1,n2
1_2234_N2A-novelband1,1,nearest_dist,BASE_logreg,1,n2
1_2234_N2B-ordinal1,1,nearest_class,BASE_logreg,0,n2
1_2234_N2C-radius1,1,counting,BASE_logreg,1,n2
1_2236_N2A-novelband1,1,nearest_dist,BASE_logreg,1,n2
1_2236_N2B-ordinal1,1,nearest_class,BASE_logreg,0,n2
1_2236_N2C-radius1,1,counting,BASE_logreg,1,n2
1_2237_N2A-novelband1,1,nearest_dist,BASE_logreg,0,n2
1_2237_N2B-ordinal1,1,nearest_class,BASE_logreg,0,n2
1_2237_N2C-radius1,1,counting,BASE_logreg,0,n2
1_2238_N2A-novelband1,1,nearest_dist,BASE_logreg,1,n2
1_2238_N2B-ordinal1,1,nearest_class,BASE_logreg,0,n2
1_2238_N2C-radius1,1,counting,BASE_logreg,1,n2
1_2244_N2A-novelband1,1,nearest_dist,BASE_logreg,1,n2
1_2244_N2B-ordinal1,1,nearest_class,BASE_logreg,0,n2
1_2244_N2C-radius1,1,counting,BASE_logreg,0,n2
1_2245_N2A-novelband1,1,nearest_dist,BASE_logreg,1,n2
1_2245_N2B-ordinal1,1,nearest_class,BASE_logreg,1,n2
1_2245_N2C-radius1,1,counting,BASE_logreg,1,n2
1_2937_N2A-novelband1,1,nearest_dist,BASE_logreg,1,n2
1_2937_N2B-ordinal1,1,nearest_class,BASE_logreg,0,n2
1_2937_N2C-radius1,1,counting,BASE_logreg,0,n2
1_2939_N2A-novelband1,1,nearest_dist,BASE_logreg,1,n2
1_2939_N2B-ordinal1,1,nearest_class,BASE_logreg,0,n2
1_2939_N2C-radius1,1,counting,BASE_logreg,0,n2
1_2952_N2A-novelband1,1,nearest_dist,BASE_logreg,0,n2
1_2952_N2B-ordinal1,1,nearest_class,BASE_logreg,0,n2
1_2952_N2C-radius1,1,counting,BASE_logreg,1,n2
1_2955_N2A-novelband1,1,nearest_dist,BASE_logreg,0,n2
1_2955_N2B-ordinal1,1,nearest_class,BASE_logreg,0,n2
1_2955_N2C-radius1,1,counting,BASE_logreg,0,n2
1_2968_N2A-novelband1,1,nearest_dist,BASE_logreg,1,n2
1_2968_N2B-ordinal1,1,nearest_class,BASE_logreg,0,n2
1_2968_N2C-radius1,1,counting,BASE_logreg,1,n2
1_2983_N2A-novelband1,1,nearest_dist,BASE_logreg,1,n2
1_2983_N2B-ordinal1,1,nearest_class,BASE_logreg,1,n2
1_2983_N2C-radius1,1,counting,BASE_logreg,1,n2
1_2984_N2A-novelband1,1,nearest_dist,BASE_logreg,1,n2
1_2984_N2B-ordinal1,1,nearest_class,BASE_logreg,0,n2
1_2984_N2C-radius1,1,counting,BASE_logreg,0,n2
1_3371_N2A-novelband1,1,nearest_dist,BASE_logreg,0,n2
1_3371_N2B-ordinal1,1,nearest_class,BASE_logreg,1,n2
1_3371_N2C-radius1,1,counting,BASE_logreg,0,n2
20_10010_N2A-novelband1,20,nearest_dist,BASE_logreg,1,n2
20_10010_N2B-ordinal1,20,nearest_class,BASE_logreg,1,n2
20_10010_N2C-radius1,20,counting,BASE_logreg,0,n2
20_10011_N2A-novelband1,20,nearest_dist,BASE_logreg,0,n2
20_10011_N2B-ordinal1,20,nearest_class,BASE_logreg,0,n2
20_10011_N2C-radius1,20,counting,BASE_logreg,1,n2
20_10012_N2A-novelband1,20,nearest_dist,BASE_logreg,0,n2
20_10012_N2B-ordinal1,20,nearest_class,BASE_logreg,1,n2
20_10012_N2C-radius1,20,counting,BASE_logreg,0,n2
20_10026_N2A-novelband1,20,nearest_dist,BASE_logreg,0,n2
20_10026_N2B-ordinal1,20,nearest_class,BASE_logreg,0,n2
20_10026_N2C-radius1,20,counting,BASE_logreg,0,n2
20_10032_N2A-novelband1,20,nearest_dist,BASE_logreg,1,n2
20_10032_N2B-ordinal1,20,nearest_class,BASE_logreg,0,n2
20_10032_N2C-radius1,20,counting,BASE_logreg,1,n2
20_10033_N2A-novelband1,20,nearest_dist,BASE_logreg,0,n2
20_10033_N2B-ordinal1,20,nearest_class,BASE_logreg,0,n2
20_10033_N2C-radius1,20,counting,BASE_logreg,1,n2
20_10034_N2A-novelband1,20,nearest_dist,BASE_logreg,0,n2
20_10034_N2B-ordinal1,20,nearest_class,BASE_logreg,0,n2
20_10034_N2C-radius1,20,counting,BASE_logreg,0,n2
20_10117_N2A-novelband1,20,nearest_dist,BASE_logreg,1,n2
20_10117_N2B-ordinal1,20,nearest_class,BASE_logreg,0,n2
20_10117_N2C-radius1,20,counting,BASE_logreg,1,n2
20_10118_N2A-novelband1,20,nearest_dist,BASE_logreg,0,n2
20_10118_N2B-ordinal1,20,nearest_class,BASE_logreg,1,n2
20_10118_N2C-radius1,20,counting,BASE_logreg,1,n2
20_10193_N2A-novelband1,20,nearest_dist,BASE_logreg,0,n2
20_10193_N2B-ordinal1,20,nearest_class,BASE_logreg,0,n2
20_10193_N2C-radius1,20,counting,BASE_logreg,1,n2
20_10203_N2A-novelband1,20,nearest_dist,BASE_logreg,0,n2
20_10203_N2B-ordinal1,20,nearest_class,BASE_logreg,0,n2
20_10203_N2C-radius1,20,counting,BASE_logreg,1,n2
20_10212_N2A-novelband1,20,nearest_dist,BASE_logreg,0,n2
20_10212_N2B-ordinal1,20,nearest_class,BASE_logreg,0,n2
20_10212_N2C-radius1,20,counting,BASE_logreg,0,n2
20_10325_N2A-novelband1,20,nearest_dist,BASE_logreg,0,n2
20_10325_N2B-ordinal1,20,nearest_class,BASE_logreg,0,n2
20_10325_N2C-radius1,20,counting,BASE_logreg,1,n2
20_10328_N2A-novelband1,20,nearest_dist,BASE_logreg,1,n2
20_10328_N2B-ordinal1,20,nearest_class,BASE_logreg,0,n2
20_10328_N2C-radius1,20,counting,BASE_logreg,1,n2
20_10333_N2A-novelband1,20,nearest_dist,BASE_logreg,0,n2
20_10333_N2B-ordinal1,20,nearest_class,BASE_logreg,0,n2
20_10333_N2C-radius1,20,counting,BASE_logreg,1,n2
20_10334_N2A-novelband1,20,nearest_dist,BASE_logreg,0,n2
20_10334_N2B-ordinal1,20,nearest_class,BASE_logreg,1,n2
20_10334_N2C-radius1,20,counting,BASE_logreg,1,n2
20_10335_N2A-novelband1,20,nearest_dist,BASE_logreg,1,n2
20_10335_N2B-ordinal1,20,nearest_class,BASE_logreg,0,n2
20_10335_N2C-radius1,20,counting,BASE_logreg,0,n2
20_10340_N2A-novelband1,20,nearest_dist,BASE_logreg,0,n2
20_10340_N2B-ordinal1,20,nearest_class,BASE_logreg,0,n2
20_10340_N2C-radius1,20,counting,BASE_logreg,0,n2
20_10378_N2A-novelband1,20,nearest_dist,BASE_logreg,0,n2
20_10378_N2B-ordinal1,20,nearest_class,BASE_logreg,1,n2
20_10378_N2C-radius1,20,counting,BASE_logreg,1,n2
20_10380_N2A-novelband1,20,nearest_dist,BASE_logreg,1,n2
20_10380_N2B-ordinal1,20,nearest_class,BASE_logreg,0,n2
20_10380_N2C-radius1,20,counting,BASE_logreg,1,n2
20_10386_N2A-novelband1,20,nearest_dist,BASE_logreg,1,n2
20_10386_N2B-ordinal1,20,nearest_class,BASE_logreg,1,n2
20_10386_N2C-radius1,20,counting,BASE_logreg,1,n2
20_10387_N2A-novelband1,20,nearest_dist,BASE_logreg,1,n2
20_10387_N2B-ordinal1,20,nearest_class,BASE_logreg,0,n2
20_10387_N2C-radius1,20,counting,BASE_logreg,1,n2
20_10388_N2A-novelband1,20,nearest_dist,BASE_logreg,0,n2
20_10388_N2B-ordinal1,20,nearest_class,BASE_logreg,0,n2
20_10388_N2C-radius1,20,counting,BASE_logreg,0,n2
20_10393_N2A-novelband1,20,nearest_dist,BASE_logreg,1,n2
20_10393_N2B-ordinal1,20,nearest_class,BASE_logreg,0,n2
20_10393_N2C-radius1,20,counting,BASE_logreg,0,n2
20_10394_N2A-novelband1,20,nearest_dist,BASE_logreg,1,n2
20_10394_N2B-ordinal1,20,nearest_class,BASE_logreg,1,n2
20_10394_N2C-radius1,20,counting,BASE_logreg,0,n2
20_10396_N2A-novelband1,20,nearest_dist,BASE_logreg,0,n2
20_10396_N2B-ordinal1,20,nearest_class,BASE_logreg,0,n2
20_10396_N2C-radius1,20,counting,BASE_logreg,0,n2
20_10397_N2A-novelband1,20,nearest_dist,BASE_logreg,0,n2
20_10397_N2B-ordinal1,20,nearest_class,BASE_logreg,0,n2
20_10397_N2C-radius1,20,counting,BASE_logreg,0,n2
20_10399_N2A-novelband1,20,nearest_dist,BASE_logreg,0,n2
20_10399_N2B-ordinal1,20,nearest_class,BASE_logreg,1,n2
20_10399_N2C-radius1,20,counting,BASE_logreg,0,n2
20_10409_N2A-novelband1,20,nearest_dist,BASE_logreg,0,n2
20_10409_N2B-ordinal1,20,nearest_class,BASE_logreg,0,n2
20_10409_N2C-radius1,20,counting,BASE_logreg,0,n2
20_10414_N2A-novelband1,20,nearest_dist,BASE_logreg,1,n2
20_10414_N2B-ordinal1,20,nearest_class,BASE_logreg,0,n2
20_10414_N2C-radius1,20,counting,BASE_logreg,0,n2
20_10415_N2A-novelband1,20,nearest_dist,BASE_logreg,1,n2
20_10415_N2B-ordinal1,20,nearest_class,BASE_logreg,1,n2
20_10415_N2C-radius1,20,counting,BASE_logreg,0,n2
20_10425_N2A-novelband1,20,nearest_dist,BASE_logreg,0,n2
20_10425_N2B-ordinal1,20,nearest_class,BASE_logreg,0,n2
20_10425_N2C-radius1,20,counting,BASE_logreg,0,n2
20_10426_N2A-novelband1,20,nearest_dist,BASE_logreg,1,n2
20_10426_N2B-ordinal1,20,nearest_class,BASE_logreg,0,n2
20_10426_N2C-radius1,20,counting,BASE_logreg,0,n2
20_10427_N2A-novelband1,20,nearest_dist,BASE_logreg,0,n2
20_10427_N2B-ordinal1,20,nearest_class,BASE_logreg,1,n2
20_10427_N2C-radius1,20,counting,BASE_logreg,0,n2
20_10428_N2A-novelband1,20,nearest_dist,BASE_logreg,0,n2
20_10428_N2B-ordinal1,20,nearest_class,BASE_logreg,1,n2
20_10428_N2C-radius1,20,counting,BASE_logreg,0,n2
20_1076_N2A-novelband1,20,nearest_dist,BASE_logreg,1,n2
20_1076_N2B-ordinal1,20,nearest_class,BASE_logreg,0,n2
20_1076_N2C-radius1,20,counting,BASE_logreg,0,n2
20_1077_N2A-novelband1,20,nearest_dist,BASE_logreg,0,n2
20_1077_N2B-ordinal1,20,nearest_class,BASE_logreg,0,n2
20_1077_N2C-radius1,20,counting,BASE_logreg,0,n2
20_1078_N2A-novelband1,20,nearest_dist,BASE_logreg,0,n2
20_1078_N2B-ordinal1,20,nearest_class,BASE_logreg,1,n2
20_1078_N2C-radius1,20,counting,BASE_logreg,0,n2
20_1137_N2A-novelband1,20,nearest_dist,BASE_logreg,0,n2
20_1137_N2B-ordinal1,20,nearest_class,BASE_logreg,0,n2
20_1137_N2C-radius1,20,counting,BASE_logreg,0,n2
20_1140_N2A-novelband1,20,nearest_dist,BASE_logreg,0,n2
20_1140_N2B-ordinal1,20,nearest_class,BASE_logreg,0,n2
20_1140_N2C-radius1,20,counting,BASE_logreg,0,n2
20_1144_N2A-novelband1,20,nearest_dist,BASE_logreg,1,n2
20_1144_N2B-ordinal1,20,nearest_class,BASE_logreg,1,n2
20_1144_N2C-radius1,20,counting,BASE_logreg,0,n2
20_11920_N2A-novelband1,20,nearest_dist,BASE_logreg,1,n2
20_11920_N2B-ordinal1,20,nearest_class,BASE_logreg,1,n2
20_11920_N2C-radius1,20,counting,BASE_logreg,0,n2
20_12092_N2A-novelband1,20,nearest_dist,BASE_logreg,0,n2
20_12092_N2B-ordinal1,20,nearest_class,BASE_logreg,0,n2
20_12092_N2C-radius1,20,counting,BASE_logreg,0,n2
20_12095_N2A-novelband1,20,nearest_dist,BASE_logreg,1,n2
20_12095_N2B-ordinal1,20,nearest_class,BASE_logreg,1,n2
20_12095_N2C-radius1,20,counting,BASE_logreg,0,n2
20_12099_N2A-novelband1,20,nearest_dist,BASE_logreg,0,n2
20_12099_N2B-ordinal1,20,nearest_class,BASE_logreg,1,n2
20_12099_N2C-radius1,20,counting,BASE_logreg,0,n2
20_12100_N2A-novelband1,20,nearest_dist,BASE_logreg,1,n2
20_12100_N2B-ordinal1,20,nearest_class,BASE_logreg,0,n2
20_12100_N2C-radius1,20,counting,BASE_logreg,0,n2
20_12104_N2A-novelband1,20,nearest_dist,BASE_logreg,0,n2
20_12104_N2B-ordinal1,20,nearest_class,BASE_logreg,1,n2
20_12104_N2C-radius1,20,counting,BASE_logreg,0,n2
20_12106_N2A-novelband1,20,nearest_dist,BASE_logreg,1,n2
20_12106_N2B-ordinal1,20,nearest_class,BASE_logreg,1,n2
20_12106_N2C-radius1,20,counting,BASE_logreg,0,n2
20_12108_N2A-novelband1,20,nearest_dist,BASE_logreg,0,n2
20_12108_N2B-ordinal1,20,nearest_class,BASE_logreg,0,n2
20_12108_N2C-radius1,20,counting,BASE_logreg,0,n2
20_1219_N2A-novelband1,20,nearest_dist,BASE_logreg,0,n2
20_1219_N2B-ordinal1,20,nearest_class,BASE_logreg,0,n2
20_1219_N2C-radius1,20,counting,BASE_logreg,1,n2
20_1222_N2A-novelband1,20,nearest_dist,BASE_logreg,0,n2
20_1222_N2B-ordinal1,20,nearest_class,BASE_logreg,0,n2
20_1222_N2C-radius1,20,counting,BASE_logreg,0,n2
20_12638_N2A-novelband1,20,nearest_dist,BASE_logreg,1,n2
20_12638_N2B-ordinal1,20,nearest_class,BASE_logreg,0,n2
20_12638_N2C-radius1,20,counting,BASE_logreg,0,n2
20_12643_N2A-novelband1,20,nearest_dist,BASE_logreg,1,n2
20_12643_N2B-ordinal1,20,nearest_class,BASE_logreg,0,n2
20_12643_N2C-radius1,20,counting,BASE_logreg,0,n2
20_12771_N2A-novelband1,20,nearest_dist,BASE_logreg,0,n2
20_12771_N2B-ordinal1,20,nearest_class,BASE_logreg,1,n2
20_12771_N2C-radius1,20,counting,BASE_logreg,1,n2
20_12810_N2A-novelband1,20,nearest_dist,BASE_logreg,1,n2
20_12810_N2B-ordinal1,20,nearest_class,BASE_logreg,1,n2
20_12810_N2C-radius1,20,counting,BASE_logreg,0,n2
20_12868_N2A-novelband1,20,nearest_dist,BASE_logreg,0,n2
20_12868_N2B-ordinal1,20,nearest_class,BASE_logreg,0,n2
20_12868_N2C-radius1,20,counting,BASE_logreg,0,n2
20_12869_N2A-novelband1,20,nearest_dist,BASE_logreg,1,n2
20_12869_N2B-ordinal1,20,nearest_class,BASE_logreg,1,n2
20_12869_N2C-radius1,20,counting,BASE_logreg,0,n2
20_12872_N2A-novelband1,20,nearest_dist,BASE_logreg,0,n2
20_12872_N2B-ordinal1,20,nearest_class,BASE_logreg,0,n2
20_12872_N2C-radius1,20,counting,BASE_logreg,0,n2
20_12874_N2A-novelband1,20,nearest_dist,BASE_logreg,0,n2
20_12874_N2B-ordinal1,20,nearest_class,BASE_logreg,1,n2
20_12874_N2C-radius1,20,counting,BASE_logreg,1,n2
20_12883_N2A-novelband1,20,nearest_dist,BASE_logreg,1,n2
20_12883_N2B-ordinal1,20,nearest_class,BASE_logreg,0,n2
20_12883_N2C-radius1,20,counting,BASE_logreg,0,n2
20_12892_N2A-novelband1,20,nearest_dist,BASE_logreg,1,n2
20_12892_N2B-ordinal1,20,nearest_class,BASE_logreg,1,n2
20_12892_N2C-radius1,20,counting,BASE_logreg,1,n2
20_12895_N2A-novelband1,20,nearest_dist,BASE_logreg,0,n2
20_12895_N2B-ordinal1,20,nearest_class,BASE_logreg,0,n2
20_12895_N2C-radius1,20,counting,BASE_logreg,0,n2
20_12897_N2A-novelband1,20,nearest_dist,BASE_logreg,1,n2
20_12897_N2B-ordinal1,20,nearest_class,BASE_logreg,0,n2
20_12897_N2C-radius1,20,counting,BASE_logreg,1,n2
20_12900_N2A-novelband1,20,nearest_dist,BASE_logreg,0,n2
20_12900_N2B-ordinal1,20,nearest_class,BASE_logreg,0,n2
20_12900_N2C-radius1,20,counting,BASE_logreg,1,n2
20_12901_N2A-novelband1,20,nearest_dist,BASE_logreg,0,n2
20_12901_N2B-ordinal1,20,nearest_class,BASE_logreg,0,n2
20_12901_N2C-radius1,20,counting,BASE_logreg,1,n2
20_12982_N2A-novelband1,20,nearest_dist,BASE_logreg,0,n2
20_12982_N2B-ordinal1,20,nearest_class,BASE_logreg,0,n2
20_12982_N2C-radius1,20,counting,BASE_logreg,0,n2
20_12984_N2A-novelband1,20,nearest_dist,BASE_logreg,0,n2
20_12984_N2B-ordinal1,20,nearest_class,BASE_logreg,1,n2
20_12984_N2C-radius1,20,counting,BASE_logreg,1,n2
20_12986_N2A-novelband1,20,nearest_dist,BASE_logreg,0,n2
20_12986_N2B-ordinal1,20,nearest_class,BASE_logreg,0,n2
20_12986_N2C-radius1,20,counting,BASE_logreg,1,n2
20_12987_N2A-novelband1,20,nearest_dist,BASE_logreg,0,n2
20_12987_N2B-ordinal1,20,nearest_class,BASE_logreg,1,n2
20_12987_N2C-radius1,20,counting,BASE_logreg,1,n2
20_12988_N2A-novelband1,20,nearest_dist,BASE_logreg,1,n2
20_12988_N2B-ordinal1,20,nearest_class,BASE_logreg,0,n2
20_12988_N2C-radius1,20,counting,BASE_logreg,1,n2
20_12996_N2A-novelband1,20,nearest_dist,BASE_logreg,0,n2
20_12996_N2B-ordinal1,20,nearest_class,BASE_logreg,0,n2
20_12996_N2C-radius1,20,counting,BASE_logreg,0,n2
20_13003_N2A-novelband1,20,nearest_dist,BASE_logreg,0,n2
20_13003_N2B-ordinal1,20,nearest_class,BASE_logreg,0,n2
20_13003_N2C-radius1,20,counting,BASE_logreg,1,n2
20_13013_N2A-novelband1,20,nearest_dist,BASE_logreg,1,n2
20_13013_N2B-ordinal1,20,nearest_class,BASE_logreg,1,n2
20_13013_N2C-radius1,20,counting,BASE_logreg,1,n2
20_13016_N2A-novelband1,20,nearest_dist,BASE_logreg,0,n2
20_13016_N2B-ordinal1,20,nearest_class,BASE_logreg,0,n2
20_13016_N2C-radius1,20,counting,BASE_logreg,0,n2
20_13019_N2A-novelband1,20,nearest_dist,BASE_logreg,0,n2
20_13019_N2B-ordinal1,20,nearest_class,BASE_logreg,0,n2
20_13019_N2C-radius1,20,counting,BASE_logreg,0,n2
20_13025_N2A-novelband1,20,nearest_dist,BASE_logreg,1,n2
20_13025_N2B-ordinal1,20,nearest_class,BASE_logreg,0,n2
20_13025_N2C-radius1,20,counting,BASE_logreg,1,n2
20_13029_N2A-novelband1,20,nearest_dist,BASE_logreg,0,n2
20_13029_N2B-ordinal1,20,nearest_class,BASE_logreg,0,n2
20_13029_N2C-radius1,20,counting,BASE_logreg,0,n2
20_13038_N2A-novelband1,20,nearest_dist,BASE_logreg,1,n2
20_13038_N2B-ordinal1,20,nearest_class,BASE_logreg,0,n2
20_13038_N2C-radius1,20,counting,BASE_logreg,1,n2
20_13039_N2A-novelband1,20,nearest_dist,BASE_logreg,0,n2
20_13039_N2B-ordinal1,20,nearest_class,BASE_logreg,0,n2
20_13039_N2C-radius1,20,counting,BASE_logreg,0,n2
20_13048_N2A-novelband1,20,nearest_dist,BASE_logreg,0,n2
20_13048_N2B-ordinal1,20,nearest_class,BASE_logreg,0,n2
20_13048_N2C-radius1,20,counting,BASE_logreg,1,n2
20_13054_N2A-novelband1,20,nearest_dist,BASE_logreg,1,n2
20_13054_N2B-ordinal1,20,nearest_class,BASE_logreg,0,n2
20_13054_N2C-radius1,20,counting,BASE_logreg,1,n2
20_13060_N2A-novelband1,20,nearest_dist,BASE_logreg,0,n2
20_13060_N2B-ordinal1,20,nearest_class,BASE_logreg,0,n2
20_13060_N2C-radius1,20,counting,BASE_logreg,0,n2
20_13064_N2A-novelband1,20,nearest_dist,BASE_logreg,0,n2
20_13064_N2B-ordinal1,20,nearest_class,BASE_logreg,0,n2
20_13064_N2C-radius1,20,counting,BASE_logreg,0,n2
20_13071_N2A-novelband1,20,nearest_dist,BASE_logreg,0,n2
20_13071_N2B-ordinal1,20,nearest_class,BASE_logreg,1,n2
20_13071_N2C-radius1,20,counting,BASE_logreg,1,n2
20_13079_N2A-novelband1,20,nearest_dist,BASE_logreg,0,n2
20_13079_N2B-ordinal1,20,nearest_class,BASE_logreg,0,n2
20_13079_N2C-radius1,20,counting,BASE_logreg,0,n2
20_13081_N2A-novelband1,20,nearest_dist,BASE_logreg,0,n2
20_13081_N2B-ordinal1,20,nearest_class,BASE_logreg,1,n2
20_13081_N2C-radius1,20,counting,BASE_logreg,0,n2
20_13143_N2A-novelband1,20,nearest_dist,BASE_logreg,0,n2
20_13143_N2B-ordinal1,20,nearest_class,BASE_logreg,0,n2
20_13143_N2C-radius1,20,counting,BASE_logreg,0,n2
20_13146_N2A-novelband1,20,nearest_dist,BASE_logreg,1,n2
20_13146_N2B-ordinal1,20,nearest_class,BASE_logreg,0,n2
20_13146_N2C-radius1,20,counting,BASE_logreg,0,n2
20_13210_N2A-novelband1,20,nearest_dist,BASE_logreg,0,n2
20_13210_N2B-ordinal1,20,nearest_class,BASE_logreg,0,n2
20_13210_N2C-radius1,20,counting,BASE_logreg,0,n2
20_13211_N2A-novelband1,20,nearest_dist,BASE_logreg,0,n2
20_13211_N2B-ordinal1,20,nearest_class,BASE_logreg,1,n2
20_13211_N2C-radius1,20,counting,BASE_logreg,0,n2
20_13212_N2A-novelband1,20,nearest_dist,BASE_logreg,0,n2
20_13212_N2B-ordinal1,20,nearest_class,BASE_logreg,0,n2
20_13212_N2C-radius1,20,counting,BASE_logreg,0,n2
20_13214_N2A-novelband1,20,nearest_dist,BASE_logreg,1,n2
20_13214_N2B-ordinal1,20,nearest_class,BASE_logreg,1,n2
20_13214_N2C-radius1,20,counting,BASE_logreg,1,n2
20_13215_N2A-novelband1,20,nearest_dist,BASE_logreg,0,n2
20_13215_N2B-ordinal1,20,nearest_class,BASE_logreg,0,n2
20_13215_N2C-radius1,20,counting,BASE_logreg,0,n2
20_13251_N2A-novelband1,20,nearest_dist,BASE_logreg,0,n2
20_13251_N2B-ordinal1,20,nearest_class,BASE_logreg,0,n2
20_13251_N2C-radius1,20,counting,BASE_logreg,0,n2
20_13261_N2A-novelband1,20,nearest_dist,BASE_logreg,1,n2
20_13261_N2B-ordinal1,20,nearest_class,BASE_logreg,0,n2
20_13261_N2C-radius1,20,counting,BASE_logreg,1,n2
20_13262_N2A-novelband1,20,nearest_dist,BASE_logreg,0,n2
20_13262_N2B-ordinal1,20,nearest_class,BASE_logreg,0,n2
20_13262_N2C-radius1,20,counting,BASE_logreg,1,n2
20_13263_N2A-novelband1,20,nearest_dist,BASE_logreg,0,n2
20_13263_N2B-ordinal1,20,nearest_class,BASE_logreg,0,n2
20_13263_N2C-radius1,20,counting,BASE_logreg,1,n2
20_13269_N2A-novelband1,20,nearest_dist,BASE_logreg,0,n2
20_13269_N2B-ordinal1,20,nearest_class,BASE_logreg,0,n2
20_13269_N2C-radius1,20,counting,BASE_logreg,1,n2
20_13270_N2A-novelband1,20,nearest_dist,BASE_logreg,0,n2
20_13270_N2B-ordinal1,20,nearest_class,BASE_logreg,1,n2
20_13270_N2C-radius1,20,counting,BASE_logreg,1,n2
20_13271_N2A-novelband1,20,nearest_dist,BASE_logreg,1,n2
20_13271_N2B-ordinal1,20,nearest_class,BASE_logreg,0,n2
20_13271_N2C-radius1,20,counting,BASE_logreg,0,n2
20_3056_N2A-novelband1,20,nearest_dist,BASE_logreg,0,n2
20_3056_N2B-ordinal1,20,nearest_class,BASE_logreg,0,n2
20_3056_N2C-radius1,20,counting,BASE_logreg,0,n2
20_3066_N2A-novelband1,20,nearest_dist,BASE_logreg,0,n2
20_3066_N2B-ordinal1,20,nearest_class,BASE_logreg,1,n2
20_3066_N2C-radius1,20,counting,BASE_logreg,0,n2
20_3067_N2A-novelband1,20,nearest_dist,BASE_logreg,0,n2
20_3067_N2B-ordinal1,20,nearest_class,BASE_logreg,0,n2
20_3067_N2C-radius1,20,counting,BASE_logreg,0,n2
20_3174_N2A-novelband1,20,nearest_dist,BASE_logreg,1,n2
20_3174_N2B-ordinal1,20,nearest_class,BASE_logreg,1,n2
20_3174_N2C-radius1,20,counting,BASE_logreg,0,n2
20_3292_N2A-novelband1,20,nearest_dist,BASE_logreg,1,n2
20_3292_N2B-ordinal1,20,nearest_class,BASE_logreg,0,n2
20_3292_N2C-radius1,20,counting,BASE_logreg,0,n2
20_3293_N2A-novelband1,20,nearest_dist,BASE_logreg,1,n2
20_3293_N2B-ordinal1,20,nearest_class,BASE_logreg,0,n2
20_3293_N2C-radius1,20,counting,BASE_logreg,0,n2
20_3305_N2A-novelband1,20,nearest_dist,BASE_logreg,0,n2
20_3305_N2B-ordinal1,20,nearest_class,BASE_logreg,1,n2
20_3305_N2C-radius1,20,counting,BASE_logreg,0,n2
20_3311_N2A-novelband1,20,nearest_dist,BASE_logreg,1,n2
20_3311_N2B-ordinal1,20,nearest_class,BASE_logreg,0,n2
20_3311_N2C-radius1,20,counting,BASE_logreg,1,n2
20_3387_N2A-novelband1,20,nearest_dist,BASE_logreg,0,n2
20_3387_N2B-ordinal1,20,nearest_class,BASE_logreg,1,n2
20_3387_N2C-radius1,20,counting,BASE_logreg,0,n2
20_3453_N2A-novelband1,20,nearest_dist,BASE_logreg,0,n2
20_3453_N2B-ordinal1,20,nearest_class,BASE_logreg,0,n2
20_3453_N2C-radius1,20,counting,BASE_logreg,0,n2
20_3486_N2A-novelband1,20,nearest_dist,BASE_logreg,0,n2
20_3486_N2B-ordinal1,20,nearest_class,BASE_logreg,0,n2
20_3486_N2C-radius1,20,counting,BASE_logreg,0,n2
20_3489_N2A-novelband1,20,nearest_dist,BASE_logreg,0,n2
20_3489_N2B-ordinal1,20,nearest_class,BASE_logreg,0,n2
20_3489_N2C-radius1,20,counting,BASE_logreg,1,n2
20_3494_N2A-novelband1,20,nearest_dist,BASE_logreg,1,n2
20_3494_N2B-ordinal1,20,nearest_class,BASE_logreg,1,n2
20_3494_N2C-radius1,20,counting,BASE_logreg,0,n2
20_3497_N2A-novelband1,20,nearest_dist,BASE_logreg,0,n2
20_3497_N2B-ordinal1,20,nearest_class,BASE_logreg,1,n2
20_3497_N2C-radius1,20,counting,BASE_logreg,0,n2
20_4243_N2A-novelband1,20,nearest_dist,BASE_logreg,0,n2
20_4243_N2B-ordinal1,20,nearest_class,BASE_logreg,1,n2
20_4243_N2C-radius1,20,counting,BASE_logreg,0,n2
20_4250_N2A-novelband1,20,nearest_dist,BASE_logreg,0,n2
20_4250_N2B-ordinal1,20,nearest_class,BASE_logreg,0,n2
20_4250_N2C-radius1,20,counting,BASE_logreg,0,n2
20_4256_N2A-novelband1,20,nearest_dist,BASE_logreg,0,n2
20_4256_N2B-ordinal1,20,nearest_class,BASE_logreg,0,n2
20_4256_N2C-radius1,20,counting,BASE_logreg,1,n2
20_4260_N2A-novelband1,20,nearest_dist,BASE_logreg,0,n2
20_4260_N2B-ordinal1,20,nearest_class,BASE_logreg,0,n2
20_4260_N2C-radius1,20,counting,BASE_logreg,0,n2
20_4261_N2A-novelband1,20,nearest_dist,BASE_logreg,1,n2
20_4261_N2B-ordinal1,20,nearest_class,BASE_logreg,0,n2
20_4261_N2C-radius1,20,counting,BASE_logreg,0,n2
20_4262_N2A-novelband1,20,nearest_dist,BASE_logreg,0,n2
20_4262_N2B-ordinal1,20,nearest_class,BASE_logreg,0,n2
20_4262_N2C-radius1,20,counting,BASE_logreg,0,n2
20_4267_N2A-novelband1,20,nearest_dist,BASE_logreg,1,n2
20_4267_N2B-ordinal1,20,nearest_class,BASE_logreg,0,n2
20_4267_N2C-radius1,20,counting,BASE_logreg,0,n2
20_4300_N2A-novelband1,20,nearest_dist,BASE_logreg,0,n2
20_4300_N2B-ordinal1,20,nearest_class,BASE_logreg,0,n2
20_4300_N2C-radius1,20,counting,BASE_logreg,0,n2
20_4303_N2A-novelband1,20,nearest_dist,BASE_logreg,0,n2
20_4303_N2B-ordinal1,20,nearest_class,BASE_logreg,1,n2
20_4303_N2C-radius1,20,counting,BASE_logreg,1,n2
20_4356_N2A-novelband1,20,nearest_dist,BASE_logreg,0,n2
20_4356_N2B-ordinal1,20,nearest_class,BASE_logreg,1,n2
20_4356_N2C-radius1,20,counting,BASE_logreg,0,n2
20_4357_N2A-novelband1,20,nearest_dist,BASE_logreg,0,n2
20_4357_N2B-ordinal1,20,nearest_class,BASE_logreg,1,n2
20_4357_N2C-radius1,20,counting,BASE_logreg,0,n2
20_4554_N2A-novelband1,20,nearest_dist,BASE_logreg,0,n2
20_4554_N2B-ordinal1,20,nearest_class,BASE_logreg,1,n2
20_4554_N2C-radius1,20,counting,BASE_logreg,0,n2
20_4566_N2A-novelband1,20,nearest_dist,BASE_logreg,1,n2
20_4566_N2B-ordinal1,20,nearest_class,BASE_logreg,1,n2
20_4566_N2C-radius1,20,counting,BASE_logreg,0,n2
20_4567_N2A-novelband1,20,nearest_dist,BASE_logreg,0,n2
20_4567_N2B-ordinal1,20,nearest_class,BASE_logreg,0,n2
20_4567_N2C-radius1,20,counting,BASE_logreg,0,n2
20_4573_N2A-novelband1,20,nearest_dist,BASE_logreg,0,n2
20_4573_N2B-ordinal1,20,nearest_class,BASE_logreg,0,n2
20_4573_N2C-radius1,20,counting,BASE_logreg,1,n2
20_4630_N2A-novelband1,20,nearest_dist,BASE_logreg,1,n2
20_4630_N2B-ordinal1,20,nearest_class,BASE_logreg,1,n2
20_4630_N2C-radius1,20,counting,BASE_logreg,0,n2
20_4876_N2A-novelband1,20,nearest_dist,BASE_logreg,0,n2
20_4876_N2B-ordinal1,20,nearest_class,BASE_logreg,1,n2
20_4876_N2C-radius1,20,counting,BASE_logreg,1,n2
20_4877_N2A-novelband1,20,nearest_dist,BASE_logreg,0,n2
20_4877_N2B-ordinal1,20,nearest_class,BASE_logreg,1,n2
20_4877_N2C-radius1,20,counting,BASE_logreg,0,n2
20_4883_N2A-novelband1,20,nearest_dist,BASE_logreg,0,n2
20_4883_N2B-ordinal1,20,nearest_class,BASE_logreg,1,n2
20_4883_N2C-radius1,20,counting,BASE_logreg,0,n2
20_4885_N2A-novelband1,20,nearest_dist,BASE_logreg,1,n2
20_4885_N2B-ordinal1,20,nearest_class,BASE_logreg,1,n2
20_4885_N2C-radius1,20,counting,BASE_logreg,0,n2
20_4890_N2A-novelband1,20,nearest_dist,BASE_logreg,0,n2
20_4890_N2B-ordinal1,20,nearest_class,BASE_logreg,0,n2
20_4890_N2C-radius1,20,counting,BASE_logreg,0,n2
20_4894_N2A-novelband1,20,nearest_dist,BASE_logreg,1,n2
20_4894_N2B-ordinal1,20,nearest_class,BASE_logreg,0,n2
20_4894_N2C-radius1,20,counting,BASE_logreg,0,n2
20_4926_N2A-novelband1,20,nearest_dist,BASE_logreg,0,n2
20_4926_N2B-ordinal1,20,nearest_class,BASE_logreg,1,n2
20_4926_N2C-radius1,20,counting,BASE_logreg,1,n2
20_4928_N2A-novelband1,20,nearest_dist,BASE_logreg,1,n2
20_4928_N2B-ordinal1,20,nearest_class,BASE_logreg,0,n2
20_4928_N2C-radius1,20,counting,BASE_logreg,1,n2
20_4932_N2A-novelband1,20,nearest_dist,BASE_logreg,1,n2
20_4932_N2B-ordinal1,20,nearest_class,BASE_logreg,0,n2
20_4932_N2C-radius1,20,counting,BASE_logreg,0,n2
20_4934_N2A-novelband1,20,nearest_dist,BASE_logreg,0,n2
20_4934_N2B-ordinal1,20,nearest_class,BASE_logreg,0,n2
20_4934_N2C-radius1,20,counting,BASE_logreg,0,n2
20_4938_N2A-novelband1,20,nearest_dist,BASE_logreg,1,n2
20_4938_N2B-ordinal1,20,nearest_class,BASE_logreg,0,n2
20_4938_N2C-radius1,20,counting,BASE_logreg,0,n2
20_4939_N2A-novelband1,20,nearest_dist,BASE_logreg,1,n2
20_4939_N2B-ordinal1,20,nearest_class,BASE_logreg,0,n2
20_4939_N2C-radius1,20,counting,BASE_logreg,1,n2
20_4943_N2A-novelband1,20,nearest_dist,BASE_logreg,1,n2
20_4943_N2B-ordinal1,20,nearest_class,BASE_logreg,0,n2
20_4943_N2C-radius1,20,counting,BASE_logreg,0,n2
20_4944_N2A-novelband1,20,nearest_dist,BASE_logreg,1,n2
20_4944_N2B-ordinal1,20,nearest_class,BASE_logreg,1,n2
20_4944_N2C-radius1,20,counting,BASE_logreg,0,n2
20_4948_N2A-novelband1,20,nearest_dist,BASE_logreg,1,n2
20_4948_N2B-ordinal1,20,nearest_class,BASE_logreg,0,n2
20_4948_N2C-radius1,20,counting,BASE_logreg,1,n2
20_4952_N2A-novelband1,20,nearest_dist,BASE_logreg,0,n2
20_4952_N2B-ordinal1,20,nearest_class,BASE_logreg,0,n2
20_4952_N2C-radius1,20,counting,BASE_logreg,0,n2
20_4953_N2A-novelband1,20,nearest_dist,BASE_logreg,0,n2
20_4953_N2B-ordinal1,20,nearest_class,BASE_logreg,0,n2
20_4953_N2C-radius1,20,counting,BASE_logreg,0,n2
20_5288_N2A-novelband1,20,nearest_dist,BASE_logreg,0,n2
20_5288_N2B-ordinal1,20,nearest_class,BASE_logreg,0,n2
20_5288_N2C-radius1,20,counting,BASE_logreg,0,n2
20_5293_N2A-novelband1,20,nearest_dist,BASE_logreg,0,n2
20_5293_N2C-radius1,20,counting,BASE_logreg,0,n2
20_5300_N2A-novelband1,20,nearest_dist,BASE_logreg,1,n2
20_5300_N2B-ordinal1,20,nearest_class,BASE_logreg,1,n2
20_5300_N2C-radius1,20,counting,BASE_logreg,0,n2
20_5354_N2A-novelband1,20,nearest_dist,BASE_logreg,1,n2
20_5354_N2B-ordinal1,20,nearest_class,BASE_logreg,0,n2
20_5354_N2C-radius1,20,counting,BASE_logreg,0,n2
20_5357_N2A-novelband1,20,nearest_dist,BASE_logreg,1,n2
20_5357_N2B-ordinal1,20,nearest_class,BASE_logreg,0,n2
20_5357_N2C-radius1,20,counting,BASE_logreg,1,n2
20_5359_N2A-novelband1,20,nearest_dist,BASE_logreg,1,n2
20_5359_N2B-ordinal1,20,nearest_class,BASE_logreg,0,n2
20_5359_N2C-radius1,20,counting,BASE_logreg,0,n2
20_5361_N2A-novelband1,20,nearest_dist,BASE_logreg,0,n2
20_5361_N2B-ordinal1,20,nearest_class,BASE_logreg,0,n2
20_5361_N2C-radius1,20,counting,BASE_logreg,0,n2
20_5476_N2A-novelband1,20,nearest_dist,BASE_logreg,0,n2
20_5476_N2B-ordinal1,20,nearest_class,BASE_logreg,1,n2
20_5476_N2C-radius1,20,counting,BASE_logreg,0,n2
20_5477_N2A-novelband1,20,nearest_dist,BASE_logreg,1,n2
20_5477_N2B-ordinal1,20,nearest_class,BASE_logreg,0,n2
20_5477_N2C-radius1,20,counting,BASE_logreg,0,n2
20_5489_N2A-novelband1,20,nearest_dist,BASE_logreg,1,n2
20_5489_N2B-ordinal1,20,nearest_class,BASE_logreg,1,n2
20_5489_N2C-radius1,20,counting,BASE_logreg,0,n2
20_5611_N2A-novelband1,20,nearest_dist,BASE_logreg,1,n2
20_5611_N2B-ordinal1,20,nearest_class,BASE_logreg,0,n2
20_5611_N2C-radius1,20,counting,BASE_logreg,0,n2
20_5674_N2A-novelband1,20,nearest_dist,BASE_logreg,0,n2
20_5674_N2B-ordinal1,20,nearest_class,BASE_logreg,0,n2
20_5674_N2C-radius1,20,counting,BASE_logreg,0,n2
20_5684_N2A-novelband1,20,nearest_dist,BASE_logreg,0,n2
20_5684_N2B-ordinal1,20,nearest_class,BASE_logreg,0,n2
20_5684_N2C-radius1,20,counting,BASE_logreg,0,n2
20_5689_N2A-novelband1,20,nearest_dist,BASE_logreg,1,n2
20_5689_N2B-ordinal1,20,nearest_class,BASE_logreg,1,n2
20_5689_N2C-radius1,20,counting,BASE_logreg,0,n2
20_5690_N2A-novelband1,20,nearest_dist,BASE_logreg,0,n2
20_5690_N2B-ordinal1,20,nearest_class,BASE_logreg,0,n2
20_5690_N2C-radius1,20,counting,BASE_logreg,0,n2
20_5701_N2A-novelband1,20,nearest_dist,BASE_logreg,1,n2
20_5701_N2B-ordinal1,20,nearest_class,BASE_logreg,0,n2
20_5701_N2C-radius1,20,counting,BASE_logreg,0,n2
20_5702_N2A-novelband1,20,nearest_dist,BASE_logreg,0,n2
20_5702_N2B-ordinal1,20,nearest_class,BASE_logreg,0,n2
20_5702_N2C-radius1,20,counting,BASE_logreg,0,n2
20_5703_N2A-novelband1,20,nearest_dist,BASE_logreg,1,n2
20_5703_N2B-ordinal1,20,nearest_class,BASE_logreg,0,n2
20_5703_N2C-radius1,20,counting,BASE_logreg,1,n2
20_5704_N2A-novelband1,20,nearest_dist,BASE_logreg,1,n2
20_5704_N2B-ordinal1,20,nearest_class,BASE_logreg,0,n2
20_5704_N2C-radius1,20,counting,BASE_logreg,1,n2
20_5752_N2A-novelband1,20,nearest_dist,BASE_logreg,0,n2
20_5752_N2B-ordinal1,20,nearest_class,BASE_logreg,0,n2
20_5752_N2C-radius1,20,counting,BASE_logreg,0,n2
20_7488_N2A-novelband1,20,nearest_dist,BASE_logreg,1,n2
20_7488_N2B-ordinal1,20,nearest_class,BASE_logreg,0,n2
20_7488_N2C-radius1,20,counting,BASE_logreg,1,n2
20_7489_N2A-novelband1,20,nearest_dist,BASE_logreg,1,n2
20_7489_N2B-ordinal1,20,nearest_class,BASE_logreg,1,n2
20_7489_N2C-radius1,20,counting,BASE_logreg,0,n2
20_7493_N2A-novelband1,20,nearest_dist,BASE_logreg,0,n2
20_7493_N2B-ordinal1,20,nearest_class,BASE_logreg,1,n2
20_7493_N2C-radius1,20,counting,BASE_logreg,1,n2
20_7526_N2A-novelband1,20,nearest_dist,BASE_logreg,0,n2
20_7526_N2B-ordinal1,20,nearest_class,BASE_logreg,0,n2
20_7526_N2C-radius1,20,counting,BASE_logreg,1,n2
20_7534_N2A-novelband1,20,nearest_dist,BASE_logreg,1,n2
20_7534_N2B-ordinal1,20,nearest_class,BASE_logreg,0,n2
20_7534_N2C-radius1,20,counting,BASE_logreg,1,n2
20_7536_N2A-novelband1,20,nearest_dist,BASE_logreg,0,n2
20_7536_N2B-ordinal1,20,nearest_class,BASE_logreg,0,n2
20_7536_N2C-radius1,20,counting,BASE_logreg,0,n2
20_7542_N2A-novelband1,20,nearest_dist,BASE_logreg,0,n2
20_7542_N2B-ordinal1,20,nearest_class,BASE_logreg,0,n2
20_7542_N2C-radius1,20,counting,BASE_logreg,1,n2
20_7544_N2A-novelband1,20,nearest_dist,BASE_logreg,0,n2
20_7544_N2B-ordinal1,20,nearest_class,BASE_logreg,0,n2
20_7544_N2C-radius1,20,counting,BASE_logreg,0,n2
20_7630_N2A-novelband1,20,nearest_dist,BASE_logreg,0,n2
20_7630_N2B-ordinal1,20,nearest_class,BASE_logreg,0,n2
20_7630_N2C-radius1,20,counting,BASE_logreg,0,n2
20_7703_N2A-novelband1,20,nearest_dist,BASE_logreg,1,n2
20_7703_N2B-ordinal1,20,nearest_class,BASE_logreg,1,n2
20_7703_N2C-radius1,20,counting,BASE_logreg,0,n2
20_7710_N2A-novelband1,20,nearest_dist,BASE_logreg,1,n2
20_7710_N2B-ordinal1,20,nearest_class,BASE_logreg,0,n2
20_7710_N2C-radius1,20,counting,BASE_logreg,0,n2
20_7712_N2A-novelband1,20,nearest_dist,BASE_logreg,0,n2
20_7712_N2B-ordinal1,20,nearest_class,BASE_logreg,0,n2
20_7712_N2C-radius1,20,counting,BASE_logreg,0,n2
20_7715_N2A-novelband1,20,nearest_dist,BASE_logreg,1,n2
20_7715_N2B-ordinal1,20,nearest_class,BASE_logreg,0,n2
20_7715_N2C-radius1,20,counting,BASE_logreg,1,n2
20_7751_N2A-novelband1,20,nearest_dist,BASE_logreg,0,n2
20_7751_N2B-ordinal1,20,nearest_class,BASE_logreg,0,n2
20_7751_N2C-radius1,20,counting,BASE_logreg,0,n2
20_7923_N2A-novelband1,20,nearest_dist,BASE_logreg,1,n2
20_7923_N2C-radius1,20,counting,BASE_logreg,0,n2
20_7927_N2A-novelband1,20,nearest_dist,BASE_logreg,0,n2
20_7927_N2C-radius1,20,counting,BASE_logreg,0,n2
20_7928_N2A-novelband1,20,nearest_dist,BASE_logreg,0,n2
20_7928_N2C-radius1,20,counting,BASE_logreg,1,n2
20_7936_N2A-novelband1,20,nearest_dist,BASE_logreg,0,n2
20_7936_N2C-radius1,20,counting,BASE_logreg,1,n2
20_7937_N2A-novelband1,20,nearest_dist,BASE_logreg,0,n2
20_7937_N2C-radius1,20,counting,BASE_logreg,0,n2
20_7938_N2A-novelband1,20,nearest_dist,BASE_logreg,0,n2
20_7938_N2C-radius1,20,counting,BASE_logreg,0,n2
20_7968_N2A-novelband1,20,nearest_dist,BASE_logreg,0,n2
20_7968_N2B-ordinal1,20,nearest_class,BASE_logreg,0,n2
20_7968_N2C-radius1,20,counting,BASE_logreg,1,n2
20_8176_N2A-novelband1,20,nearest_dist,BASE_logreg,1,n2
20_8176_N2B-ordinal1,20,nearest_class,BASE_logreg,0,n2
20_8176_N2C-radius1,20,counting,BASE_logreg,0,n2
20_8178_N2A-novelband1,20,nearest_dist,BASE_logreg,0,n2
20_8178_N2B-ordinal1,20,nearest_class,BASE_logreg,0,n2
20_8178_N2C-radius1,20,counting,BASE_logreg,1,n2
20_8181_N2A-novelband1,20,nearest_dist,BASE_logreg,0,n2
20_8181_N2B-ordinal1,20,nearest_class,BASE_logreg,1,n2
20_8181_N2C-radius1,20,counting,BASE_logreg,0,n2
20_8182_N2A-novelband1,20,nearest_dist,BASE_logreg,0,n2
20_8182_N2B-ordinal1,20,nearest_class,BASE_logreg,0,n2
20_8182_N2C-radius1,20,counting,BASE_logreg,0,n2
20_8183_N2A-novelband1,20,nearest_dist,BASE_logreg,0,n2
20_8183_N2B-ordinal1,20,nearest_class,BASE_logreg,0,n2
20_8183_N2C-radius1,20,counting,BASE_logreg,0,n2
20_8185_N2A-novelband1,20,nearest_dist,BASE_logreg,0,n2
20_8185_N2B-ordinal1,20,nearest_class,BASE_logreg,0,n2
20_8185_N2C-radius1,20,counting,BASE_logreg,0,n2
20_8196_N2A-novelband1,20,nearest_dist,BASE_logreg,1,n2
20_8196_N2B-ordinal1,20,nearest_class,BASE_logreg,1,n2
20_8196_N2C-radius1,20,counting,BASE_logreg,0,n2
20_8198_N2A-novelband1,20,nearest_dist,BASE_logreg,0,n2
20_8198_N2B-ordinal1,20,nearest_class,BASE_logreg,0,n2
20_8198_N2C-radius1,20,counting,BASE_logreg,0,n2
20_8466_N2A-novelband1,20,nearest_dist,BASE_logreg,0,n2
20_8466_N2B-ordinal1,20,nearest_class,BASE_logreg,0,n2
20_8466_N2C-radius1,20,counting,BASE_logreg,0,n2
20_8467_N2A-novelband1,20,nearest_dist,BASE_logreg,1,n2
20_8467_N2B-ordinal1,20,nearest_class,BASE_logreg,0,n2
20_8467_N2C-radius1,20,counting,BASE_logreg,0,n2
20_8474_N2A-novelband1,20,nearest_dist,BASE_logreg,1,n2
20_8474_N2B-ordinal1,20,nearest_class,BASE_logreg,1,n2
20_8474_N2C-radius1,20,counting,BASE_logreg,1,n2
20_8475_N2A-novelband1,20,nearest_dist,BASE_logreg,0,n2
20_8475_N2B-ordinal1,20,nearest_class,BASE_logreg,0,n2
20_8475_N2C-radius1,20,counting,BASE_logreg,0,n2
20_8483_N2A-novelband1,20,nearest_dist,BASE_logreg,0,n2
20_8483_N2B-ordinal1,20,nearest_class,BASE_logreg,1,n2
20_8483_N2C-radius1,20,counting,BASE_logreg,0,n2
20_8519_N2A-novelband1,20,nearest_dist,BASE_logreg,0,n2
20_8519_N2B-ordinal1,20,nearest_class,BASE_logreg,0,n2
20_8519_N2C-radius1,20,counting,BASE_logreg,1,n2
20_8613_N2A-novelband1,20,nearest_dist,BASE_logreg,0,n2
20_8613_N2B-ordinal1,20,nearest_class,BASE_logreg,0,n2
20_8613_N2C-radius1,20,counting,BASE_logreg,0,n2
20_8618_N2A-novelband1,20,nearest_dist,BASE_logreg,0,n2
20_8618_N2B-ordinal1,20,nearest_class,BASE_logreg,0,n2
20_8618_N2C-radius1,20,counting,BASE_logreg,1,n2
20_8619_N2A-novelband1,20,nearest_dist,BASE_logreg,1,n2
20_8619_N2B-ordinal1,20,nearest_class,BASE_logreg,0,n2
20_8619_N2C-radius1,20,counting,BASE_logreg,1,n2
20_8738_N2A-novelband1,20,nearest_dist,BASE_logreg,1,n2
20_8738_N2B-ordinal1,20,nearest_class,BASE_logreg,0,n2
20_8738_N2C-radius1,20,counting,BASE_logreg,0,n2
20_8741_N2A-novelband1,20,nearest_dist,BASE_logreg,0,n2
20_8741_N2B-ordinal1,20,nearest_class,BASE_logreg,0,n2
20_8741_N2C-radius1,20,counting,BASE_logreg,1,n2
20_8742_N2A-novelband1,20,nearest_dist,BASE_logreg,0,n2
20_8742_N2B-ordinal1,20,nearest_class,BASE_logreg,0,n2
20_8742_N2C-radius1,20,counting,BASE_logreg,1,n2
20_8744_N2A-novelband1,20,nearest_dist,BASE_logreg,0,n2
20_8744_N2B-ordinal1,20,nearest_class,BASE_logreg,1,n2
20_8744_N2C-radius1,20,counting,BASE_logreg,1,n2
20_8746_N2A-novelband1,20,nearest_dist,BASE_logreg,0,n2
20_8746_N2B-ordinal1,20,nearest_class,BASE_logreg,0,n2
20_8746_N2C-radius1,20,counting,BASE_logreg,0,n2
20_8747_N2A-novelband1,20,nearest_dist,BASE_logreg,1,n2
20_8747_N2B-ordinal1,20,nearest_class,BASE_logreg,0,n2
20_8747_N2C-radius1,20,counting,BASE_logreg,0,n2
20_8751_N2A-novelband1,20,nearest_dist,BASE_logreg,0,n2
20_8751_N2B-ordinal1,20,nearest_class,BASE_logreg,0,n2
20_8751_N2C-radius1,20,counting,BASE_logreg,0,n2
20_8783_N2A-novelband1,20,nearest_dist,BASE_logreg,0,n2
20_8783_N2B-ordinal1,20,nearest_class,BASE_logreg,0,n2
20_8783_N2C-radius1,20,counting,BASE_logreg,1,n2
20_8792_N2A-novelband1,20,nearest_dist,BASE_logreg,0,n2
20_8792_N2B-ordinal1,20,nearest_class,BASE_logreg,1,n2
20_8792_N2C-radius1,20,counting,BASE_logreg,0,n2
20_8795_N2A-novelband1,20,nearest_dist,BASE_logreg,0,n2
20_8795_N2B-ordinal1,20,nearest_class,BASE_logreg,1,n2
20_8795_N2C-radius1,20,counting,BASE_logreg,0,n2
20_8803_N2A-novelband1,20,nearest_dist,BASE_logreg,0,n2
20_8803_N2B-ordinal1,20,nearest_class,BASE_logreg,1,n2
20_8803_N2C-radius1,20,counting,BASE_logreg,0,n2
20_8806_N2A-novelband1,20,nearest_dist,BASE_logreg,0,n2
20_8806_N2B-ordinal1,20,nearest_class,BASE_logreg,0,n2
20_8806_N2C-radius1,20,counting,BASE_logreg,0,n2
20_8808_N2A-novelband1,20,nearest_dist,BASE_logreg,1,n2
20_8808_N2B-ordinal1,20,nearest_class,BASE_logreg,0,n2
20_8808_N2C-radius1,20,counting,BASE_logreg,0,n2
20_8813_N2A-novelband1,20,nearest_dist,BASE_logreg,0,n2
20_8813_N2B-ordinal1,20,nearest_class,BASE_logreg,1,n2
20_8813_N2C-radius1,20,counting,BASE_logreg,0,n2
20_8824_N2A-novelband1,20,nearest_dist,BASE_logreg,1,n2
20_8824_N2B-ordinal1,20,nearest_class,BASE_logreg,1,n2
20_8824_N2C-radius1,20,counting,BASE_logreg,0,n2
20_8845_N2A-novelband1,20,nearest_dist,BASE_logreg,0,n2
20_8845_N2B-ordinal1,20,nearest_class,BASE_logreg,0,n2
20_8845_N2C-radius1,20,counting,BASE_logreg,1,n2
20_9392_N2A-novelband1,20,nearest_dist,BASE_logreg,1,n2
20_9392_N2B-ordinal1,20,nearest_class,BASE_logreg,1,n2
20_9392_N2C-radius1,20,counting,BASE_logreg,0,n2
20_9393_N2A-novelband1,20,nearest_dist,BASE_logreg,1,n2
20_9393_N2B-ordinal1,20,nearest_class,BASE_logreg,0,n2
20_9393_N2C-radius1,20,counting,BASE_logreg,1,n2
20_9397_N2A-novelband1,20,nearest_dist,BASE_logreg,1,n2
20_9397_N2B-ordinal1,20,nearest_class,BASE_logreg,0,n2
20_9397_N2C-radius1,20,counting,BASE_logreg,1,n2
20_9406_N2A-novelband1,20,nearest_dist,BASE_logreg,0,n2
20_9406_N2B-ordinal1,20,nearest_class,BASE_logreg,0,n2
20_9406_N2C-radius1,20,counting,BASE_logreg,0,n2
20_9411_N2A-novelband1,20,nearest_dist,BASE_logreg,0,n2
20_9411_N2B-ordinal1,20,nearest_class,BASE_logreg,0,n2
20_9411_N2C-radius1,20,counting,BASE_logreg,0,n2
20_9412_N2A-novelband1,20,nearest_dist,BASE_logreg,0,n2
20_9412_N2B-ordinal1,20,nearest_class,BASE_logreg,0,n2
20_9412_N2C-radius1,20,counting,BASE_logreg,0,n2
20_9424_N2A-novelband1,20,nearest_dist,BASE_logreg,0,n2
20_9424_N2B-ordinal1,20,nearest_class,BASE_logreg,0,n2
20_9424_N2C-radius1,20,counting,BASE_logreg,0,n2
20_9429_N2A-novelband1,20,nearest_dist,BASE_logreg,0,n2
20_9429_N2B-ordinal1,20,nearest_class,BASE_logreg,0,n2
20_9429_N2C-radius1,20,counting,BASE_logreg,0,n2
20_9432_N2A-novelband1,20,nearest_dist,BASE_logreg,0,n2
20_9432_N2B-ordinal1,20,nearest_class,BASE_logreg,0,n2
20_9432_N2C-radius1,20,counting,BASE_logreg,0,n2
20_9436_N2A-novelband1,20,nearest_dist,BASE_logreg,0,n2
20_9436_N2B-ordinal1,20,nearest_class,BASE_logreg,0,n2
20_9436_N2C-radius1,20,counting,BASE_logreg,0,n2
20_9471_N2A-novelband1,20,nearest_dist,BASE_logreg,0,n2
20_9471_N2B-ordinal1,20,nearest_class,BASE_logreg,0,n2
20_9471_N2C-radius1,20,counting,BASE_logreg,0,n2
20_9474_N2A-novelband1,20,nearest_dist,BASE_logreg,1,n2
20_9474_N2B-ordinal1,20,nearest_class,BASE_logreg,0,n2
20_9474_N2C-radius1,20,counting,BASE_logreg,0,n2
20_9478_N2A-novelband1,20,nearest_dist,BASE_logreg,0,n2
20_9478_N2B-ordinal1,20,nearest_class,BASE_logreg,0,n2
20_9478_N2C-radius1,20,counting,BASE_logreg,0,n2
20_9479_N2A-novelband1,20,nearest_dist,BASE_logreg,0,n2
20_9479_N2B-ordinal1,20,nearest_class,BASE_logreg,0,n2
20_9479_N2C-radius1,20,counting,BASE_logreg,0,n2
20_9612_N2A-novelband1,20,nearest_dist,BASE_logreg,1,n2
20_9612_N2B-ordinal1,20,nearest_class,BASE_logreg,0,n2
20_9612_N2C-radius1,20,counting,BASE_logreg,0,n2
20_9722_N2A-novelband1,20,nearest_dist,BASE_logreg,1,n2
20_9722_N2B-ordinal1,20,nearest_class,BASE_logreg,0,n2
20_9722_N2C-radius1,20,counting,BASE_logreg,1,n2
20_9725_N2A-novelband1,20,nearest_dist,BASE_logreg,0,n2
20_9725_N2B-ordinal1,20,nearest_class,BASE_logreg,1,n2
20_9725_N2C-radius1,20,counting,BASE_logreg,0,n2
20_9727_N2A-novelband1,20,nearest_dist,BASE_logreg,0,n2
20_9727_N2B-ordinal1,20,nearest_class,BASE_logreg,0,n2
20_9727_N2C-radius1,20,counting,BASE_logreg,0,n2
20_9728_N2A-novelband1,20,nearest_dist,BASE_logreg,0,n2
20_9728_N2B-ordinal1,20,nearest_class,BASE_logreg,1,n2
20_9728_N2C-radius1,20,counting,BASE_logreg,0,n2
20_973_N2A-novelband1,20,nearest_dist,BASE_logreg,0,n2
20_973_N2B-ordinal1,20,nearest_class,BASE_logreg,0,n2
20_973_N2C-radius1,20,counting,BASE_logreg,1,n2
20_9736_N2A-novelband1,20,nearest_dist,BASE_logreg,0,n2
20_9736_N2B-ordinal1,20,nearest_class,BASE_logreg,0,n2
20_9736_N2C-radius1,20,counting,BASE_logreg,0,n2
20_9737_N2A-novelband1,20,nearest_dist,BASE_logreg,0,n2
20_9737_N2B-ordinal1,20,nearest_class,BASE_logreg,0,n2
20_9737_N2C-radius1,20,counting,BASE_logreg,0,n2
20_9745_N2A-novelband1,20,nearest_dist,BASE_logreg,0,n2
20_9745_N2B-ordinal1,20,nearest_class,BASE_logreg,1,n2
20_9745_N2C-radius1,20,counting,BASE_logreg,0,n2
20_9746_N2A-novelband1,20,nearest_dist,BASE_logreg,1,n2
20_9746_N2B-ordinal1,20,nearest_class,BASE_logreg,0,n2
20_9746_N2C-radius1,20,counting,BASE_logreg,0,n2
20_9754_N2A-novelband1,20,nearest_dist,BASE_logreg,0,n2
20_9754_N2B-ordinal1,20,nearest_class,BASE_logreg,1,n2
20_9754_N2C-radius1,20,counting,BASE_logreg,1,n2
20_9785_N2A-novelband1,20,nearest_dist,BASE_logreg,0,n2
20_9785_N2B-ordinal1,20,nearest_class,BASE_logreg,0,n2
20_9785_N2C-radius1,20,counting,BASE_logreg,0,n2
20_9787_N2A-novelband1,20,nearest_dist,BASE_logreg,0,n2
20_9787_N2B-ordinal1,20,nearest_class,BASE_logreg,1,n2
20_9787_N2C-radius1,20,counting,BASE_logreg,0,n2
20_9788_N2A-novelband1,20,nearest_dist,BASE_logreg,1,n2
20_9788_N2B-ordinal1,20,nearest_class,BASE_logreg,0,n2
20_9788_N2C-radius1,20,counting,BASE_logreg,1,n2
20_9790_N2A-novelband1,20,nearest_dist,BASE_logreg,1,n2
20_9790_N2B-ordinal1,20,nearest_class,BASE_logreg,1,n2
20_9790_N2C-radius1,20,counting,BASE_logreg,0,n2
20_9927_N2A-novelband1,20,nearest_dist,BASE_logreg,1,n2
20_9927_N2B-ordinal1,20,nearest_class,BASE_logreg,0,n2
20_9927_N2C-radius1,20,counting,BASE_logreg,1,n2
20_9928_N2A-novelband1,20,nearest_dist,BASE_logreg,1,n2
20_9928_N2B-ordinal1,20,nearest_class,BASE_logreg,1,n2
20_9928_N2C-radius1,20,counting,BASE_logreg,0,n2
20_9958_N2A-novelband1,20,nearest_dist,BASE_logreg,0,n2
20_9958_N2B-ordinal1,20,nearest_class,BASE_logreg,0,n2
20_9958_N2C-radius1,20,counting,BASE_logreg,0,n2
20_9959_N2A-novelband1,20,nearest_dist,BASE_logreg,0,n2
20_9959_N2B-ordinal1,20,nearest_class,BASE_logreg,0,n2
20_9959_N2C-radius1,20,counting,BASE_logreg,0,n2
2_2441_N2A-novelband1,2,nearest_dist,BASE_logreg,1,n2
2_2441_N2B-ordinal1,2,nearest_class,BASE_logreg,1,n2
2_2441_N2C-radius1,2,counting,BASE_logreg,0,n2
2_2442_N2A-novelband1,2,nearest_dist,BASE_logreg,0,n2
2_2442_N2B-ordinal1,2,nearest_class,BASE_logreg,0,n2
2_2442_N2C-radius1,2,counting,BASE_logreg,0,n2
2_2443_N2A-novelband1,2,nearest_dist,BASE_logreg,1,n2
2_2443_N2B-ordinal1,2,nearest_class,BASE_logreg,1,n2
2_2443_N2C-radius1,2,counting,BASE_logreg,0,n2
2_2457_N2A-novelband1,2,nearest_dist,BASE_logreg,1,n2
2_2457_N2B-ordinal1,2,nearest_class,BASE_logreg,0,n2
2_2457_N2C-radius1,2,counting,BASE_logreg,0,n2
2_2459_N2A-novelband1,2,nearest_dist,BASE_logreg,0,n2
2_2459_N2B-ordinal1,2,nearest_class,BASE_logreg,0,n2
2_2459_N2C-radius1,2,counting,BASE_logreg,0,n2
2_2460_N2A-novelband1,2,nearest_dist,BASE_logreg,1,n2
2_2460_N2B-ordinal1,2,nearest_class,BASE_logreg,0,n2
2_2460_N2C-radius1,2,counting,BASE_logreg,1,n2
2_2465_N2A-novelband1,2,nearest_dist,BASE_logreg,0,n2
2_2465_N2B-ordinal1,2,nearest_class,BASE_logreg,1,n2
2_2465_N2C-radius1,2,counting,BASE_logreg,0,n2
2_2468_N2A-novelband1,2,nearest_dist,BASE_logreg,0,n2
2_2468_N2B-ordinal1,2,nearest_class,BASE_logreg,1,n2
2_2468_N2C-radius1,2,counting,BASE_logreg,1,n2
2_2537_N2A-novelband1,2,nearest_dist,BASE_logreg,0,n2
2_2537_N2B-ordinal1,2,nearest_class,BASE_logreg,1,n2
2_2537_N2C-radius1,2,counting,BASE_logreg,0,n2
2_2539_N2A-novelband1,2,nearest_dist,BASE_logreg,0,n2
2_2539_N2B-ordinal1,2,nearest_class,BASE_logreg,1,n2
2_2539_N2C-radius1,2,counting,BASE_logreg,1,n2
2_2541_N2A-novelband1,2,nearest_dist,BASE_logreg,0,n2
2_2541_N2B-ordinal1,2,nearest_class,BASE_logreg,0,n2
2_2541_N2C-radius1,2,counting,BASE_logreg,1,n2
2_2544_N2A-novelband1,2,nearest_dist,BASE_logreg,0,n2
2_2544_N2B-ordinal1,2,nearest_class,BASE_logreg,1,n2
2_2544_N2C-radius1,2,counting,BASE_logreg,0,n2
2_2545_N2A-novelband1,2,nearest_dist,BASE_logreg,1,n2
2_2545_N2B-ordinal1,2,nearest_class,BASE_logreg,0,n2
2_2545_N2C-radius1,2,counting,BASE_logreg,1,n2
2_5041_N2A-novelband1,2,nearest_dist,BASE_logreg,0,n2
2_5041_N2B-ordinal1,2,nearest_class,BASE_logreg,1,n2
2_5041_N2C-radius1,2,counting,BASE_logreg,0,n2
2_5044_N2A-novelband1,2,nearest_dist,BASE_logreg,0,n2
2_5044_N2B-ordinal1,2,nearest_class,BASE_logreg,0,n2
2_5044_N2C-radius1,2,counting,BASE_logreg,0,n2
2_5046_N2A-novelband1,2,nearest_dist,BASE_logreg,1,n2
2_5046_N2B-ordinal1,2,nearest_class,BASE_logreg,0,n2
2_5046_N2C-radius1,2,counting,BASE_logreg,0,n2
2_5048_N2A-novelband1,2,nearest_dist,BASE_logreg,0,n2
2_5048_N2B-ordinal1,2,nearest_class,BASE_logreg,1,n2
2_5048_N2C-radius1,2,counting,BASE_logreg,0,n2
2_5051_N2A-novelband1,2,nearest_dist,BASE_logreg,1,n2
2_5051_N2B-ordinal1,2,nearest_class,BASE_logreg,1,n2
2_5051_N2C-radius1,2,counting,BASE_logreg,1,n2
2_5058_N2A-novelband1,2,nearest_dist,BASE_logreg,0,n2
2_5058_N2B-ordinal1,2,nearest_class,BASE_logreg,0,n2
2_5058_N2C-radius1,2,counting,BASE_logreg,0,n2
2_5060_N2A-novelband1,2,nearest_dist,BASE_logreg,0,n2
2_5060_N2B-ordinal1,2,nearest_class,BASE_logreg,1,n2
2_5060_N2C-radius1,2,counting,BASE_logreg,1,n2
2_5081_N2A-novelband1,2,nearest_dist,BASE_logreg,0,n2
2_5081_N2B-ordinal1,2,nearest_class,BASE_logreg,1,n2
2_5081_N2C-radius1,2,counting,BASE_logreg,0,n2
2_5084_N2A-novelband1,2,nearest_dist,BASE_logreg,0,n2
2_5084_N2B-ordinal1,2,nearest_class,BASE_logreg,1,n2
2_5084_N2C-radius1,2,counting,BASE_logreg,0,n2
2_5086_N2A-novelband1,2,nearest_dist,BASE_logreg,0,n2
2_5086_N2B-ordinal1,2,nearest_class,BASE_logreg,0,n2
2_5086_N2C-radius1,2,counting,BASE_logreg,0,n2
2_5091_N2A-novelband1,2,nearest_dist,BASE_logreg,1,n2
2_5091_N2B-ordinal1,2,nearest_class,BASE_logreg,1,n2
2_5091_N2C-radius1,2,counting,BASE_logreg,0,n2
2_5093_N2A-novelband1,2,nearest_dist,BASE_logreg,1,n2
2_5093_N2B-ordinal1,2,nearest_class,BASE_logreg,1,n2
2_5093_N2C-radius1,2,counting,BASE_logreg,0,n2
2_5094_N2A-novelband1,2,nearest_dist,BASE_logreg,1,n2
2_5094_N2B-ordinal1,2,nearest_class,BASE_logreg,1,n2
2_5094_N2C-radius1,2,counting,BASE_logreg,1,n2
2_5101_N2A-novelband1,2,nearest_dist,BASE_logreg,1,n2
2_5101_N2B-ordinal1,2,nearest_class,BASE_logreg,0,n2
2_5101_N2C-radius1,2,counting,BASE_logreg,0,n2
2_5104_N2A-novelband1,2,nearest_dist,BASE_logreg,1,n2
2_5104_N2B-ordinal1,2,nearest_class,BASE_logreg,0,n2
2_5104_N2C-radius1,2,counting,BASE_logreg,0,n2
2_5109_N2A-novelband1,2,nearest_dist,BASE_logreg,1,n2
2_5109_N2B-ordinal1,2,nearest_class,BASE_logreg,1,n2
2_5109_N2C-radius1,2,counting,BASE_logreg,1,n2
2_5111_N2A-novelband1,2,nearest_dist,BASE_logreg,1,n2
2_5111_N2B-ordinal1,2,nearest_class,BASE_logreg,0,n2
2_5111_N2C-radius1,2,counting,BASE_logreg,0,n2
2_5112_N2A-novelband1,2,nearest_dist,BASE_logreg,1,n2
2_5112_N2B-ordinal1,2,nearest_class,BASE_logreg,0,n2
2_5112_N2C-radius1,2,counting,BASE_logreg,1,n2
2_5114_N2A-novelband1,2,nearest_dist,BASE_logreg,1,n2
2_5114_N2B-ordinal1,2,nearest_class,BASE_logreg,1,n2
2_5114_N2C-radius1,2,counting,BASE_logreg,1,n2
2_5120_N2A-novelband1,2,nearest_dist,BASE_logreg,0,n2
2_5120_N2B-ordinal1,2,nearest_class,BASE_logreg,0,n2
2_5120_N2C-radius1,2,counting,BASE_logreg,0,n2
2_5122_N2A-novelband1,2,nearest_dist,BASE_logreg,0,n2
2_5122_N2B-ordinal1,2,nearest_class,BASE_logreg,0,n2
2_5122_N2C-radius1,2,counting,BASE_logreg,0,n2
2_5126_N2A-novelband1,2,nearest_dist,BASE_logreg,0,n2
2_5126_N2B-ordinal1,2,nearest_class,BASE_logreg,0,n2
2_5126_N2C-radius1,2,counting,BASE_logreg,0,n2
2_5129_N2A-novelband1,2,nearest_dist,BASE_logreg,0,n2
2_5129_N2B-ordinal1,2,nearest_class,BASE_logreg,0,n2
2_5129_N2C-radius1,2,counting,BASE_logreg,0,n2
2_5198_N2A-novelband1,2,nearest_dist,BASE_logreg,1,n2
2_5198_N2B-ordinal1,2,nearest_class,BASE_logreg,0,n2
2_5198_N2C-radius1,2,counting,BASE_logreg,0,n2
2_5202_N2A-novelband1,2,nearest_dist,BASE_logreg,0,n2
2_5202_N2B-ordinal1,2,nearest_class,BASE_logreg,0,n2
2_5202_N2C-radius1,2,counting,BASE_logreg,1,n2
2_5203_N2A-novelband1,2,nearest_dist,BASE_logreg,0,n2
2_5203_N2B-ordinal1,2,nearest_class,BASE_logreg,1,n2
2_5203_N2C-radius1,2,counting,BASE_logreg,1,n2
2_5205_N2A-novelband1,2,nearest_dist,BASE_logreg,0,n2
2_5205_N2B-ordinal1,2,nearest_class,BASE_logreg,0,n2
2_5205_N2C-radius1,2,counting,BASE_logreg,1,n2
2_5289_N2A-novelband1,2,nearest_dist,BASE_logreg,0,n2
2_5289_N2B-ordinal1,2,nearest_class,BASE_logreg,0,n2
2_5289_N2C-radius1,2,counting,BASE_logreg,1,n2
2_5293_N2A-novelband1,2,nearest_dist,BASE_logreg,1,n2
2_5293_N2B-ordinal1,2,nearest_class,BASE_logreg,1,n2
2_5293_N2C-radius1,2,counting,BASE_logreg,1,n2
2_5338_N2A-novelband1,2,nearest_dist,BASE_logreg,0,n2
2_5338_N2B-ordinal1,2,nearest_class,BASE_logreg,1,n2
2_5338_N2C-radius1,2,counting,BASE_logreg,0,n2
2_5339_N2A-novelband1,2,nearest_dist,BASE_logreg,0,n2
2_5339_N2B-ordinal1,2,nearest_class,BASE_logreg,0,n2
2_5339_N2C-radius1,2,counting,BASE_logreg,1,n2
2_5587_N2A-novelband1,2,nearest_dist,BASE_logreg,0,n2
2_5587_N2B-ordinal1,2,nearest_class,BASE_logreg,1,n2
2_5587_N2C-radius1,2,counting,BASE_logreg,0,n2
2_5589_N2A-novelband1,2,nearest_dist,BASE_logreg,1,n2
2_5589_N2B-ordinal1,2,nearest_class,BASE_logreg,0,n2
2_5589_N2C-radius1,2,counting,BASE_logreg,0,n2
2_5591_N2A-novelband1,2,nearest_dist,BASE_logreg,1,n2
2_5591_N2B-ordinal1,2,nearest_class,BASE_logreg,0,n2
2_5591_N2C-radius1,2,counting,BASE_logreg,1,n2
2_5593_N2A-novelband1,2,nearest_dist,BASE_logreg,1,n2
2_5593_N2B-ordinal1,2,nearest_class,BASE_logreg,0,n2
2_5593_N2C-radius1,2,counting,BASE_logreg,0,n2
2_5595_N2A-novelband1,2,nearest_dist,BASE_logreg,0,n2
2_5595_N2B-ordinal1,2,nearest_class,BASE_logreg,1,n2
2_5595_N2C-radius1,2,counting,BASE_logreg,0,n2
2_6852_N2A-novelband1,2,nearest_dist,BASE_logreg,1,n2
2_6852_N2B-ordinal1,2,nearest_class,BASE_logreg,0,n2
2_6852_N2C-radius1,2,counting,BASE_logreg,0,n2
2_6962_N2A-novelband1,2,nearest_dist,BASE_logreg,0,n2
2_6962_N2B-ordinal1,2,nearest_class,BASE_logreg,0,n2
2_6962_N2C-radius1,2,counting,BASE_logreg,1,n2
2_6968_N2A-novelband1,2,nearest_dist,BASE_logreg,0,n2
2_6968_N2B-ordinal1,2,nearest_class,BASE_logreg,1,n2
2_6968_N2C-radius1,2,counting,BASE_logreg,0,n2
2_6970_N2A-novelband1,2,nearest_dist,BASE_logreg,0,n2
2_6970_N2B-ordinal1,2,nearest_class,BASE_logreg,0,n2
2_6970_N2C-radius1,2,counting,BASE_logreg,1,n2
2_6974_N2A-novelband1,2,nearest_dist,BASE_logreg,1,n2
2_6974_N2B-ordinal1,2,nearest_class,BASE_logreg,1,n2
2_6974_N2C-radius1,2,counting,BASE_logreg,0,n2
2_6975_N2A-novelband1,2,nearest_dist,BASE_logreg,0,n2
2_6975_N2B-ordinal1,2,nearest_class,BASE_logreg,1,n2
2_6975_N2C-radius1,2,counting,BASE_logreg,0,n2
2_6988_N2A-novelband1,2,nearest_dist,BASE_logreg,0,n2
2_6988_N2B-ordinal1,2,nearest_class,BASE_logreg,1,n2
2_6988_N2C-radius1,2,counting,BASE_logreg,0,n2
2_6990_N2A-novelband1,2,nearest_dist,BASE_logreg,0,n2
2_6990_N2B-ordinal1,2,nearest_class,BASE_logreg,0,n2
2_6990_N2C-radius1,2,counting,BASE_logreg,0,n2
2_7032_N2A-novelband1,2,nearest_dist,BASE_logreg,0,n2
2_7032_N2B-ordinal1,2,nearest_class,BASE_logreg,0,n2
2_7032_N2C-radius1,2,counting,BASE_logreg,1,n2
2_7141_N2A-novelband1,2,nearest_dist,BASE_logreg,0,n2
2_7141_N2B-ordinal1,2,nearest_class,BASE_logreg,1,n2
2_7141_N2C-radius1,2,counting,BASE_logreg,0,n2
2_7142_N2A-novelband1,2,nearest_dist,BASE_logreg,1,n2
2_7142_N2B-ordinal1,2,nearest_class,BASE_logreg,1,n2
2_7142_N2C-radius1,2,counting,BASE_logreg,1,n2
2_7149_N2A-novelband1,2,nearest_dist,BASE_logreg,0,n2
2_7149_N2B-ordinal1,2,nearest_class,BASE_logreg,1,n2
2_7149_N2C-radius1,2,counting,BASE_logreg,0,n2
3_11984_N2A-novelband1,3,nearest_dist,BASE_logreg,0,n2
3_11984_N2B-ordinal1,3,nearest_class,BASE_logreg,1,n2
3_11984_N2C-radius1,3,counting,BASE_logreg,0,n2
3_12067_N2A-novelband1,3,nearest_dist,BASE_logreg,0,n2
3_12067_N2B-ordinal1,3,nearest_class,BASE_logreg,0,n2
3_12067_N2C-radius1,3,counting,BASE_logreg,0,n2
3_12069_N2A-novelband1,3,nearest_dist,BASE_logreg,0,n2
3_12069_N2B-ordinal1,3,nearest_class,BASE_logreg,1,n2
3_12069_N2C-radius1,3,counting,BASE_logreg,0,n2
3_12072_N2A-novelband1,3,nearest_dist,BASE_logreg,0,n2
3_12072_N2B-ordinal1,3,nearest_class,BASE_logreg,0,n2
3_12072_N2C-radius1,3,counting,BASE_logreg,0,n2
3_12075_N2A-novelband1,3,nearest_dist,BASE_logreg,0,n2
3_12075_N2B-ordinal1,3,nearest_class,BASE_logreg,0,n2
3_12075_N2C-radius1,3,counting,BASE_logreg,0,n2
3_12137_N2A-novelband1,3,nearest_dist,BASE_logreg,0,n2
3_12137_N2B-ordinal1,3,nearest_class,BASE_logreg,0,n2
3_12137_N2C-radius1,3,counting,BASE_logreg,0,n2
3_12145_N2A-novelband1,3,nearest_dist,BASE_logreg,1,n2
3_12145_N2B-ordinal1,3,nearest_class,BASE_logreg,1,n2
3_12145_N2C-radius1,3,counting,BASE_logreg,0,n2
3_12149_N2A-novelband1,3,nearest_dist,BASE_logreg,1,n2
3_12149_N2B-ordinal1,3,nearest_class,BASE_logreg,1,n2
3_12149_N2C-radius1,3,counting,BASE_logreg,0,n2
3_1820_N2A-novelband1,3,nearest_dist,BASE_logreg,0,n2
3_1820_N2B-ordinal1,3,nearest_class,BASE_logreg,1,n2
3_1820_N2C-radius1,3,counting,BASE_logreg,0,n2
3_1825_N2A-novelband1,3,nearest_dist,BASE_logreg,0,n2
3_1825_N2B-ordinal1,3,nearest_class,BASE_logreg,0,n2
3_1825_N2C-radius1,3,counting,BASE_logreg,1,n2
3_1826_N2A-novelband1,3,nearest_dist,BASE_logreg,0,n2
3_1826_N2B-ordinal1,3,nearest_class,BASE_logreg,1,n2
3_1826_N2C-radius1,3,counting,BASE_logreg,1,n2
3_1837_N2A-novelband1,3,nearest_dist,BASE_logreg,0,n2
3_1837_N2B-ordinal1,3,nearest_class,BASE_logreg,0,n2
3_1837_N2C-radius1,3,counting,BASE_logreg,1,n2
3_1840_N2A-novelband1,3,nearest_dist,BASE_logreg,0,n2
3_1840_N2B-ordinal1,3,nearest_class,BASE_logreg,0,n2
3_1840_N2C-radius1,3,counting,BASE_logreg,1,n2
3_1842_N2A-novelband1,3,nearest_dist,BASE_logreg,1,n2
3_1842_N2B-ordinal1,3,nearest_class,BASE_logreg,0,n2
3_1842_N2C-radius1,3,counting,BASE_logreg,1,n2
3_1844_N2A-novelband1,3,nearest_dist,BASE_logreg,1,n2
3_1844_N2B-ordinal1,3,nearest_class,BASE_logreg,1,n2
3_1844_N2C-radius1,3,counting,BASE_logreg,0,n2
3_1933_N2A-novelband1,3,nearest_dist,BASE_logreg,0,n2
3_1933_N2B-ordinal1,3,nearest_class,BASE_logreg,0,n2
3_1933_N2C-radius1,3,counting,BASE_logreg,0,n2
3_1934_N2A-novelband1,3,nearest_dist,BASE_logreg,1,n2
3_1934_N2B-ordinal1,3,nearest_class,BASE_logreg,1,n2
3_1934_N2C-radius1,3,counting,BASE_logreg,0,n2
3_1937_N2A-novelband1,3,nearest_dist,BASE_logreg,1,n2
3_1937_N2B-ordinal1,3,nearest_class,BASE_logreg,0,n2
3_1937_N2C-radius1,3,counting,BASE_logreg,0,n2
3_1942_N2A-novelband1,3,nearest_dist,BASE_logreg,1,n2
3_1942_N2B-ordinal1,3,nearest_class,BASE_logreg,0,n2
3_1942_N2C-radius1,3,counting,BASE_logreg,1,n2
3_1996_N2A-novelband1,3,nearest_dist,BASE_logreg,0,n2
3_1996_N2B-ordinal1,3,nearest_class,BASE_logreg,1,n2
3_1996_N2C-radius1,3,counting,BASE_logreg,0,n2
3_2000_N2A-novelband1,3,nearest_dist,BASE_logreg,1,n2
3_2000_N2B-ordinal1,3,nearest_class,BASE_logreg,1,n2
3_2000_N2C-radius1,3,counting,BASE_logreg,0,n2
3_2001_N2A-novelband1,3,nearest_dist,BASE_logreg,0,n2
3_2001_N2B-ordinal1,3,nearest_class,BASE_logreg,0,n2
3_2001_N2C-radius1,3,counting,BASE_logreg,0,n2
3_2009_N2A-novelband1,3,nearest_dist,BASE_logreg,0,n2
3_2009_N2B-ordinal1,3,nearest_class,BASE_logreg,0,n2
3_2009_N2C-radius1,3,counting,BASE_logreg,0,n2
3_2015_N2A-novelband1,3,nearest_dist,BASE_logreg,0,n2
3_2015_N2B-ordinal1,3,nearest_class,BASE_logreg,1,n2
3_2015_N2C-radius1,3,counting,BASE_logreg,0,n2
3_2026_N2A-novelband1,3,nearest_dist,BASE_logreg,0,n2
3_2026_N2B-ordinal1,3,nearest_class,BASE_logreg,0,n2
3_2026_N2C-radius1,3,counting,BASE_logreg,1,n2
3_2027_N2A-novelband1,3,nearest_dist,BASE_logreg,0,n2
3_2027_N2B-ordinal1,3,nearest_class,BASE_logreg,1,n2
3_2027_N2C-radius1,3,counting,BASE_logreg,0,n2
3_2033_N2A-novelband1,3,nearest_dist,BASE_logreg,1,n2
3_2033_N2B-ordinal1,3,nearest_class,BASE_logreg,0,n2
3_2033_N2C-radius1,3,counting,BASE_logreg,0,n2
4_1337_N2A-novelband1,4,nearest_dist,BASE_logreg,0,n2
4_1337_N2B-ordinal1,4,nearest_class,BASE_logreg,0,n2
4_1337_N2C-radius1,4,counting,BASE_logreg,0,n2
4_1340_N2A-novelband1,4,nearest_dist,BASE_logreg,0,n2
4_1340_N2B-ordinal1,4,nearest_class,BASE_logreg,1,n2
4_1340_N2C-radius1,4,counting,BASE_logreg,0,n2
4_1343_N2A-novelband1,4,nearest_dist,BASE_logreg,0,n2
4_1343_N2B-ordinal1,4,nearest_class,BASE_logreg,0,n2
4_1343_N2C-radius1,4,counting,BASE_logreg,0,n2
4_1427_N2A-novelband1,4,nearest_dist,BASE_logreg,1,n2
4_1427_N2B-ordinal1,4,nearest_class,BASE_logreg,0,n2
4_1427_N2C-radius1,4,counting,BASE_logreg,0,n2
4_1431_N2A-novelband1,4,nearest_dist,BASE_logreg,1,n2
4_1431_N2B-ordinal1,4,nearest_class,BASE_logreg,0,n2
4_1431_N2C-radius1,4,counting,BASE_logreg,1,n2
4_1475_N2A-novelband1,4,nearest_dist,BASE_logreg,1,n2
4_1475_N2B-ordinal1,4,nearest_class,BASE_logreg,0,n2
4_1475_N2C-radius1,4,counting,BASE_logreg,0,n2
4_1476_N2A-novelband1,4,nearest_dist,BASE_logreg,0,n2
4_1476_N2B-ordinal1,4,nearest_class,BASE_logreg,0,n2
4_1476_N2C-radius1,4,counting,BASE_logreg,0,n2
4_6639_N2A-novelband1,4,nearest_dist,BASE_logreg,0,n2
4_6639_N2B-ordinal1,4,nearest_class,BASE_logreg,0,n2
4_6639_N2C-radius1,4,counting,BASE_logreg,0,n2
4_6640_N2A-novelband1,4,nearest_dist,BASE_logreg,1,n2
4_6640_N2B-ordinal1,4,nearest_class,BASE_logreg,0,n2
4_6640_N2C-radius1,4,counting,BASE_logreg,1,n2
4_6644_N2A-novelband1,4,nearest_dist,BASE_logreg,0,n2
4_6644_N2B-ordinal1,4,nearest_class,BASE_logreg,0,n2
4_6644_N2C-radius1,4,counting,BASE_logreg,0,n2
4_6651_N2A-novelband1,4,nearest_dist,BASE_logreg,1,n2
4_6651_N2B-ordinal1,4,nearest_class,BASE_logreg,0,n2
4_6651_N2C-radius1,4,counting,BASE_logreg,0,n2
4_6653_N2A-novelband1,4,nearest_dist,BASE_logreg,0,n2
4_6653_N2B-ordinal1,4,nearest_class,BASE_logreg,0,n2
4_6653_N2C-radius1,4,counting,BASE_logreg,0,n2
4_6656_N2A-novelband1,4,nearest_dist,BASE_logreg,0,n2
4_6656_N2B-ordinal1,4,nearest_class,BASE_logreg,0,n2
4_6656_N2C-radius1,4,counting,BASE_logreg,1,n2
4_6663_N2A-novelband1,4,nearest_dist,BASE_logreg,0,n2
4_6663_N2B-ordinal1,4,nearest_class,BASE_logreg,1,n2
4_6663_N2C-radius1,4,counting,BASE_logreg,1,n2
4_6694_N2A-novelband1,4,nearest_dist,BASE_logreg,0,n2
4_6694_N2B-ordinal1,4,nearest_class,BASE_logreg,0,n2
4_6694_N2C-radius1,4,counting,BASE_logreg,0,n2
4_6769_N2A-novelband1,4,nearest_dist,BASE_logreg,0,n2
4_6769_N2B-ordinal1,4,nearest_class,BASE_logreg,0,n2
4_6769_N2C-radius1,4,counting,BASE_logreg,0,n2
4_6774_N2A-novelband1,4,nearest_dist,BASE_logreg,0,n2
4_6774_N2B-ordinal1,4,nearest_class,BASE_logreg,1,n2
4_6774_N2C-radius1,4,counting,BASE_logreg,0,n2
4_6777_N2A-novelband1,4,nearest_dist,BASE_logreg,0,n2
4_6777_N2B-ordinal1,4,nearest_class,BASE_logreg,1,n2
4_6777_N2C-radius1,4,counting,BASE_logreg,0,n2
4_6782_N2A-novelband1,4,nearest_dist,BASE_logreg,0,n2
4_6782_N2B-ordinal1,4,nearest_class,BASE_logreg,0,n2
4_6782_N2C-radius1,4,counting,BASE_logreg,0,n2
4_6796_N2A-novelband1,4,nearest_dist,BASE_logreg,0,n2
4_6796_N2B-ordinal1,4,nearest_class,BASE_logreg,0,n2
4_6796_N2C-radius1,4,counting,BASE_logreg,0,n2
4_6799_N2A-novelband1,4,nearest_dist,BASE_logreg,0,n2
4_6799_N2B-ordinal1,4,nearest_class,BASE_logreg,1,n2
4_6799_N2C-radius1,4,counting,BASE_logreg,1,n2
4_6804_N2A-novelband1,4,nearest_dist,BASE_logreg,0,n2
4_6804_N2B-ordinal1,4,nearest_class,BASE_logreg,0,n2
4_6804_N2C-radius1,4,counting,BASE_logreg,0,n2
4_6807_N2A-novelband1,4,nearest_dist,BASE_logreg,0,n2
4_6807_N2B-ordinal1,4,nearest_class,BASE_logreg,0,n2
4_6807_N2C-radius1,4,counting,BASE_logreg,1,n2
4_6875_N2A-novelband1,4,nearest_dist,BASE_logreg,0,n2
4_6875_N2B-ordinal1,4,nearest_class,BASE_logreg,1,n2
4_6875_N2C-radius1,4,counting,BASE_logreg,0,n2
4_6880_N2A-novelband1,4,nearest_dist,BASE_logreg,0,n2
4_6880_N2B-ordinal1,4,nearest_class,BASE_logreg,1,n2
4_6880_N2C-radius1,4,counting,BASE_logreg,0,n2
4_6882_N2A-novelband1,4,nearest_dist,BASE_logreg,0,n2
4_6882_N2B-ordinal1,4,nearest_class,BASE_logreg,0,n2
4_6882_N2C-radius1,4,counting,BASE_logreg,0,n2
4_6883_N2A-novelband1,4,nearest_dist,BASE_logreg,1,n2
4_6883_N2B-ordinal1,4,nearest_class,BASE_logreg,0,n2
4_6883_N2C-radius1,4,counting,BASE_logreg,0,n2
4_6895_N2A-novelband1,4,nearest_dist,BASE_logreg,0,n2
4_6895_N2B-ordinal1,4,nearest_class,BASE_logreg,0,n2
4_6895_N2C-radius1,4,counting,BASE_logreg,0,n2
4_6903_N2A-novelband1,4,nearest_dist,BASE_logreg,1,n2
4_6903_N2B-ordinal1,4,nearest_class,BASE_logreg,1,n2
4_6903_N2C-radius1,4,counting,BASE_logreg,0,n2
4_6906_N2A-novelband1,4,nearest_dist,BASE_logreg,1,n2
4_6906_N2B-ordinal1,4,nearest_class,BASE_logreg,0,n2
4_6906_N2C-radius1,4,counting,BASE_logreg,1,n2
4_6909_N2A-novelband1,4,nearest_dist,BASE_logreg,0,n2
4_6909_N2B-ordinal1,4,nearest_class,BASE_logreg,1,n2
4_6909_N2C-radius1,4,counting,BASE_logreg,0,n2
4_6912_N2A-novelband1,4,nearest_dist,BASE_logreg,0,n2
4_6912_N2B-ordinal1,4,nearest_class,BASE_logreg,0,n2
4_6912_N2C-radius1,4,counting,BASE_logreg,0,n2
4_6923_N2A-novelband1,4,nearest_dist,BASE_logreg,0,n2
4_6923_N2B-ordinal1,4,nearest_class,BASE_logreg,0,n2
4_6923_N2C-radius1,4,counting,BASE_logreg,0,n2
4_6926_N2A-novelband1,4,nearest_dist,BASE_logreg,1,n2
4_6926_N2B-ordinal1,4,nearest_class,BASE_logreg,1,n2
4_6926_N2C-radius1,4,counting,BASE_logreg,0,n2
4_6933_N2A-novelband1,4,nearest_dist,BASE_logreg,0,n2
4_6933_N2B-ordinal1,4,nearest_class,BASE_logreg,0,n2
4_6933_N2C-radius1,4,counting,BASE_logreg,1,n2
5_1803_N2A-novelband1,5,nearest_dist,BASE_logreg,0,n2
5_1803_N2B-ordinal1,5,nearest_class,BASE_logreg,1,n2
5_1803_N2C-radius1,5,counting,BASE_logreg,0,n2
5_1810_N2A-novelband1,5,nearest_dist,BASE_logreg,0,n2
5_1810_N2B-ordinal1,5,nearest_class,BASE_logreg,1,n2
5_1810_N2C-radius1,5,counting,BASE_logreg,1,n2
5_1848_N2A-novelband1,5,nearest_dist,BASE_logreg,0,n2
5_1848_N2B-ordinal1,5,nearest_class,BASE_logreg,1,n2
5_1848_N2C-radius1,5,counting,BASE_logreg,0,n2
6_10385_N2A-novelband1,6,nearest_dist,BASE_logreg,1,n2
6_10385_N2B-ordinal1,6,nearest_class,BASE_logreg,1,n2
6_10385_N2C-radius1,6,counting,BASE_logreg,0,n2
6_10386_N2A-novelband1,6,nearest_dist,BASE_logreg,1,n2
6_10386_N2B-ordinal1,6,nearest_class,BASE_logreg,1,n2
6_10386_N2C-radius1,6,counting,BASE_logreg,0,n2
6_10388_N2A-novelband1,6,nearest_dist,BASE_logreg,0,n2
6_10388_N2B-ordinal1,6,nearest_class,BASE_logreg,0,n2
6_10388_N2C-radius1,6,counting,BASE_logreg,0,n2
6_10393_N2A-novelband1,6,nearest_dist,BASE_logreg,0,n2
6_10393_N2B-ordinal1,6,nearest_class,BASE_logreg,1,n2
6_10393_N2C-radius1,6,counting,BASE_logreg,0,n2
6_10395_N2A-novelband1,6,nearest_dist,BASE_logreg,1,n2
6_10395_N2B-ordinal1,6,nearest_class,BASE_logreg,0,n2
6_10395_N2C-radius1,6,counting,BASE_logreg,0,n2
6_10430_N2A-novelband1,6,nearest_dist,BASE_logreg,0,n2
6_10430_N2B-ordinal1,6,nearest_class,BASE_logreg,1,n2
6_10430_N2C-radius1,6,counting,BASE_logreg,0,n2
6_10434_N2A-novelband1,6,nearest_dist,BASE_logreg,0,n2
6_10434_N2B-ordinal1,6,nearest_class,BASE_logreg,0,n2
6_10434_N2C-radius1,6,counting,BASE_logreg,1,n2
6_10440_N2A-novelband1,6,nearest_dist,BASE_logreg,0,n2
6_10440_N2B-ordinal1,6,nearest_class,BASE_logreg,0,n2
6_10440_N2C-radius1,6,counting,BASE_logreg,1,n2
6_10441_N2A-novelband1,6,nearest_dist,BASE_logreg,0,n2
6_10441_N2B-ordinal1,6,nearest_class,BASE_logreg,0,n2
6_10441_N2C-radius1,6,counting,BASE_logreg,1,n2
6_10442_N2A-novelband1,6,nearest_dist,BASE_logreg,0,n2
6_10442_N2B-ordinal1,6,nearest_class,BASE_logreg,1,n2
6_10442_N2C-radius1,6,counting,BASE_logreg,0,n2
6_10453_N2A-novelband1,6,nearest_dist,BASE_logreg,1,n2
6_10453_N2B-ordinal1,6,nearest_class,BASE_logreg,1,n2
6_10453_N2C-radius1,6,counting,BASE_logreg,0,n2
6_10457_N2A-novelband1,6,nearest_dist,BASE_logreg,1,n2
6_10457_N2B-ordinal1,6,nearest_class,BASE_logreg,0,n2
6_10457_N2C-radius1,6,counting,BASE_logreg,0,n2
6_10465_N2A-novelband1,6,nearest_dist,BASE_logreg,0,n2
6_10465_N2B-ordinal1,6,nearest_class,BASE_logreg,0,n2
6_10465_N2C-radius1,6,counting,BASE_logreg,0,n2
6_10471_N2A-novelband1,6,nearest_dist,BASE_logreg,0,n2
6_10471_N2B-ordinal1,6,nearest_class,BASE_logreg,1,n2
6_10471_N2C-radius1,6,counting,BASE_logreg,0,n2
6_10472_N2A-novelband1,6,nearest_dist,BASE_logreg,1,n2
6_10472_N2B-ordinal1,6,nearest_class,BASE_logreg,0,n2
6_10472_N2C-radius1,6,counting,BASE_logreg,1,n2
6_10478_N2A-novelband1,6,nearest_dist,BASE_logreg,0,n2
6_10478_N2B-ordinal1,6,nearest_class,BASE_logreg,0,n2
6_10478_N2C-radius1,6,counting,BASE_logreg,1,n2
6_10563_N2A-novelband1,6,nearest_dist,BASE_logreg,0,n2
6_10563_N2B-ordinal1,6,nearest_class,BASE_logreg,0,n2
6_10563_N2C-radius1,6,counting,BASE_logreg,0,n2
6_1243_N2A-novelband1,6,nearest_dist,BASE_logreg,0,n2
6_1243_N2B-ordinal1,6,nearest_class,BASE_logreg,0,n2
6_1243_N2C-radius1,6,counting,BASE_logreg,0,n2
6_1245_N2A-novelband1,6,nearest_dist,BASE_logreg,1,n2
6_1245_N2B-ordinal1,6,nearest_class,BASE_logreg,0,n2
6_1245_N2C-radius1,6,counting,BASE_logreg,0,n2
6_1253_N2A-novelband1,6,nearest_dist,BASE_logreg,1,n2
6_1253_N2B-ordinal1,6,nearest_class,BASE_logreg,0,n2
6_1253_N2C-radius1,6,counting,BASE_logreg,0,n2
6_1254_N2A-novelband1,6,nearest_dist,BASE_logreg,0,n2
6_1254_N2B-ordinal1,6,nearest_class,BASE_logreg,0,n2
6_1254_N2C-radius1,6,counting,BASE_logreg,1,n2
6_1322_N2A-novelband1,6,nearest_dist,BASE_logreg,0,n2
6_1322_N2B-ordinal1,6,nearest_class,BASE_logreg,0,n2
6_1322_N2C-radius1,6,counting,BASE_logreg,0,n2
6_1324_N2A-novelband1,6,nearest_dist,BASE_logreg,0,n2
6_1324_N2B-ordinal1,6,nearest_class,BASE_logreg,0,n2
6_1324_N2C-radius1,6,counting,BASE_logreg,0,n2
6_1421_N2A-novelband1,6,nearest_dist,BASE_logreg,0,n2
6_1421_N2B-ordinal1,6,nearest_class,BASE_logreg,1,n2
6_1421_N2C-radius1,6,counting,BASE_logreg,1,n2
6_2601_N2A-novelband1,6,nearest_dist,BASE_logreg,0,n2
6_2601_N2B-ordinal1,6,nearest_class,BASE_logreg,1,n2
6_2601_N2C-radius1,6,counting,BASE_logreg,1,n2
6_2641_N2A-novelband1,6,nearest_dist,BASE_logreg,0,n2
6_2641_N2B-ordinal1,6,nearest_class,BASE_logreg,1,n2
6_2641_N2C-radius1,6,counting,BASE_logreg,0,n2
6_2649_N2A-novelband1,6,nearest_dist,BASE_logreg,0,n2
6_2649_N2B-ordinal1,6,nearest_class,BASE_logreg,0,n2
6_2649_N2C-radius1,6,counting,BASE_logreg,0,n2
6_2654_N2A-novelband1,6,nearest_dist,BASE_logreg,1,n2
6_2654_N2B-ordinal1,6,nearest_class,BASE_logreg,0,n2
6_2654_N2C-radius1,6,counting,BASE_logreg,0,n2
6_2655_N2A-novelband1,6,nearest_dist,BASE_logreg,1,n2
6_2655_N2B-ordinal1,6,nearest_class,BASE_logreg,0,n2
6_2655_N2C-radius1,6,counting,BASE_logreg,0,n2
6_2656_N2A-novelband1,6,nearest_dist,BASE_logreg,0,n2
6_2656_N2B-ordinal1,6,nearest_class,BASE_logreg,0,n2
6_2656_N2C-radius1,6,counting,BASE_logreg,0,n2
6_2657_N2A-novelband1,6,nearest_dist,BASE_logreg,1,n2
6_2657_N2B-ordinal1,6,nearest_class,BASE_logreg,0,n2
6_2657_N2C-radius1,6,counting,BASE_logreg,0,n2
6_2747_N2A-novelband1,6,nearest_dist,BASE_logreg,1,n2
6_2747_N2B-ordinal1,6,nearest_class,BASE_logreg,0,n2
6_2747_N2C-radius1,6,counting,BASE_logreg,0,n2
6_2759_N2A-novelband1,6,nearest_dist,BASE_logreg,0,n2
6_2759_N2B-ordinal1,6,nearest_class,BASE_logreg,0,n2
6_2759_N2C-radius1,6,counting,BASE_logreg,0,n2
6_2760_N2A-novelband1,6,nearest_dist,BASE_logreg,1,n2
6_2760_N2B-ordinal1,6,nearest_class,BASE_logreg,0,n2
6_2760_N2C-radius1,6,counting,BASE_logreg,0,n2
6_2761_N2A-novelband1,6,nearest_dist,BASE_logreg,0,n2
6_2761_N2B-ordinal1,6,nearest_class,BASE_logreg,0,n2
6_2761_N2C-radius1,6,counting,BASE_logreg,0,n2
6_2774_N2A-novelband1,6,nearest_dist,BASE_logreg,0,n2
6_2774_N2B-ordinal1,6,nearest_class,BASE_logreg,0,n2
6_2774_N2C-radius1,6,counting,BASE_logreg,0,n2
6_2784_N2A-novelband1,6,nearest_dist,BASE_logreg,1,n2
6_2784_N2B-ordinal1,6,nearest_class,BASE_logreg,0,n2
6_2784_N2C-radius1,6,counting,BASE_logreg,0,n2
6_2794_N2A-novelband1,6,nearest_dist,BASE_logreg,0,n2
6_2794_N2B-ordinal1,6,nearest_class,BASE_logreg,0,n2
6_2794_N2C-radius1,6,counting,BASE_logreg,1,n2
6_2796_N2A-novelband1,6,nearest_dist,BASE_logreg,0,n2
6_2796_N2B-ordinal1,6,nearest_class,BASE_logreg,1,n2
6_2796_N2C-radius1,6,counting,BASE_logreg,0,n2
6_2828_N2A-novelband1,6,nearest_dist,BASE_logreg,1,n2
6_2828_N2B-ordinal1,6,nearest_class,BASE_logreg,0,n2
6_2828_N2C-radius1,6,counting,BASE_logreg,0,n2
6_2831_N2A-novelband1,6,nearest_dist,BASE_logreg,0,n2
6_2831_N2B-ordinal1,6,nearest_class,BASE_logreg,0,n2
6_2831_N2C-radius1,6,counting,BASE_logreg,1,n2
6_2834_N2A-novelband1,6,nearest_dist,BASE_logreg,1,n2
6_2834_N2B-ordinal1,6,nearest_class,BASE_logreg,0,n2
6_2834_N2C-radius1,6,counting,BASE_logreg,0,n2
6_2839_N2A-novelband1,6,nearest_dist,BASE_logreg,0,n2
6_2839_N2B-ordinal1,6,nearest_class,BASE_logreg,0,n2
6_2839_N2C-radius1,6,counting,BASE_logreg,0,n2
6_2840_N2A-novelband1,6,nearest_dist,BASE_logreg,0,n2
6_2840_N2B-ordinal1,6,nearest_class,BASE_logreg,1,n2
6_2840_N2C-radius1,6,counting,BASE_logreg,0,n2
6_2841_N2A-novelband1,6,nearest_dist,BASE_logreg,1,n2
6_2841_N2B-ordinal1,6,nearest_class,BASE_logreg,0,n2
6_2841_N2C-radius1,6,counting,BASE_logreg,0,n2
6_2846_N2A-novelband1,6,nearest_dist,BASE_logreg,1,n2
6_2846_N2B-ordinal1,6,nearest_class,BASE_logreg,0,n2
6_2846_N2C-radius1,6,counting,BASE_logreg,0,n2
6_2854_N2A-novelband1,6,nearest_dist,BASE_logreg,1,n2
6_2854_N2B-ordinal1,6,nearest_class,BASE_logreg,0,n2
6_2854_N2C-radius1,6,counting,BASE_logreg,1,n2
6_2855_N2A-novelband1,6,nearest_dist,BASE_logreg,0,n2
6_2855_N2B-ordinal1,6,nearest_class,BASE_logreg,1,n2
6_2855_N2C-radius1,6,counting,BASE_logreg,0,n2
6_2857_N2A-novelband1,6,nearest_dist,BASE_logreg,0,n2
6_2857_N2B-ordinal1,6,nearest_class,BASE_logreg,0,n2
6_2857_N2C-radius1,6,counting,BASE_logreg,0,n2
6_2859_N2A-novelband1,6,nearest_dist,BASE_logreg,1,n2
6_2859_N2B-ordinal1,6,nearest_class,BASE_logreg,0,n2
6_2859_N2C-radius1,6,counting,BASE_logreg,1,n2
6_4502_N2A-novelband1,6,nearest_dist,BASE_logreg,0,n2
6_4502_N2B-ordinal1,6,nearest_class,BASE_logreg,0,n2
6_4502_N2C-radius1,6,counting,BASE_logreg,0,n2
6_4509_N2A-novelband1,6,nearest_dist,BASE_logreg,0,n2
6_4509_N2B-ordinal1,6,nearest_class,BASE_logreg,1,n2
6_4509_N2C-radius1,6,counting,BASE_logreg,0,n2
6_4515_N2A-novelband1,6,nearest_dist,BASE_logreg,1,n2
6_4515_N2B-ordinal1,6,nearest_class,BASE_logreg,0,n2
6_4515_N2C-radius1,6,counting,BASE_logreg,0,n2
6_4524_N2A-novelband1,6,nearest_dist,BASE_logreg,1,n2
6_4524_N2B-ordinal1,6,nearest_class,BASE_logreg,0,n2
6_4524_N2C-radius1,6,counting,BASE_logreg,0,n2
6_4529_N2A-novelband1,6,nearest_dist,BASE_logreg,0,n2
6_4529_N2B-ordinal1,6,nearest_class,BASE_logreg,0,n2
6_4529_N2C-radius1,6,counting,BASE_logreg,1,n2
6_4533_N2A-novelband1,6,nearest_dist,BASE_logreg,0,n2
6_4533_N2B-ordinal1,6,nearest_class,BASE_logreg,0,n2
6_4533_N2C-radius1,6,counting,BASE_logreg,0,n2
6_4601_N2A-novelband1,6,nearest_dist,BASE_logreg,1,n2
6_4601_N2B-ordinal1,6,nearest_class,BASE_logreg,0,n2
6_4601_N2C-radius1,6,counting,BASE_logreg,1,n2
6_4603_N2A-novelband1,6,nearest_dist,BASE_logreg,1,n2
6_4603_N2B-ordinal1,6,nearest_class,BASE_logreg,1,n2
6_4603_N2C-radius1,6,counting,BASE_logreg,1,n2
6_4607_N2A-novelband1,6,nearest_dist,BASE_logreg,0,n2
6_4607_N2B-ordinal1,6,nearest_class,BASE_logreg,1,n2
6_4607_N2C-radius1,6,counting,BASE_logreg,1,n2
6_4611_N2A-novelband1,6,nearest_dist,BASE_logreg,0,n2
6_4611_N2B-ordinal1,6,nearest_class,BASE_logreg,0,n2
6_4611_N2C-radius1,6,counting,BASE_logreg,0,n2
6_4618_N2A-novelband1,6,nearest_dist,BASE_logreg,1,n2
6_4618_N2B-ordinal1,6,nearest_class,BASE_logreg,1,n2
6_4618_N2C-radius1,6,counting,BASE_logreg,0,n2
6_4619_N2A-novelband1,6,nearest_dist,BASE_logreg,0,n2
6_4619_N2B-ordinal1,6,nearest_class,BASE_logreg,0,n2
6_4619_N2C-radius1,6,counting,BASE_logreg,1,n2
6_4662_N2A-novelband1,6,nearest_dist,BASE_logreg,0,n2
6_4662_N2B-ordinal1,6,nearest_class,BASE_logreg,1,n2
6_4662_N2C-radius1,6,counting,BASE_logreg,0,n2
6_4664_N2A-novelband1,6,nearest_dist,BASE_logreg,0,n2
6_4664_N2B-ordinal1,6,nearest_class,BASE_logreg,1,n2
6_4664_N2C-radius1,6,counting,BASE_logreg,0,n2
6_4740_N2A-novelband1,6,nearest_dist,BASE_logreg,1,n2
6_4740_N2B-ordinal1,6,nearest_class,BASE_logreg,1,n2
6_4740_N2C-radius1,6,counting,BASE_logreg,1,n2
6_4741_N2A-novelband1,6,nearest_dist,BASE_logreg,0,n2
6_4741_N2B-ordinal1,6,nearest_class,BASE_logreg,0,n2
6_4741_N2C-radius1,6,counting,BASE_logreg,1,n2
6_4747_N2A-novelband1,6,nearest_dist,BASE_logreg,0,n2
6_4747_N2B-ordinal1,6,nearest_class,BASE_logreg,0,n2
6_4747_N2C-radius1,6,counting,BASE_logreg,1,n2
6_4750_N2A-novelband1,6,nearest_dist,BASE_logreg,0,n2
6_4750_N2B-ordinal1,6,nearest_class,BASE_logreg,1,n2
6_4750_N2C-radius1,6,counting,BASE_logreg,0,n2
6_4756_N2A-novelband1,6,nearest_dist,BASE_logreg,0,n2
6_4756_N2B-ordinal1,6,nearest_class,BASE_logreg,0,n2
6_4756_N2C-radius1,6,counting,BASE_logreg,1,n2
6_4757_N2A-novelband1,6,nearest_dist,BASE_logreg,0,n2
6_4757_N2B-ordinal1,6,nearest_class,BASE_logreg,0,n2
6_4757_N2C-radius1,6,counting,BASE_logreg,1,n2
6_4764_N2A-novelband1,6,nearest_dist,BASE_logreg,0,n2
6_4764_N2B-ordinal1,6,nearest_class,BASE_logreg,0,n2
6_4764_N2C-radius1,6,counting,BASE_logreg,1,n2
6_4769_N2A-novelband1,6,nearest_dist,BASE_logreg,0,n2
6_4769_N2B-ordinal1,6,nearest_class,BASE_logreg,0,n2
6_4769_N2C-radius1,6,counting,BASE_logreg,1,n2
6_4772_N2A-novelband1,6,nearest_dist,BASE_logreg,0,n2
6_4772_N2B-ordinal1,6,nearest_class,BASE_logreg,1,n2
6_4772_N2C-radius1,6,counting,BASE_logreg,1,n2
6_4773_N2A-novelband1,6,nearest_dist,BASE_logreg,0,n2
6_4773_N2B-ordinal1,6,nearest_class,BASE_logreg,0,n2
6_4773_N2C-radius1,6,counting,BASE_logreg,0,n2
6_4776_N2A-novelband1,6,nearest_dist,BASE_logreg,0,n2
6_4776_N2B-ordinal1,6,nearest_class,BASE_logreg,0,n2
6_4776_N2C-radius1,6,counting,BASE_logreg,1,n2
6_5518_N2A-novelband1,6,nearest_dist,BASE_logreg,1,n2
6_5518_N2B-ordinal1,6,nearest_class,BASE_logreg,0,n2
6_5518_N2C-radius1,6,counting,BASE_logreg,1,n2
6_5526_N2A-novelband1,6,nearest_dist,BASE_logreg,1,n2
6_5526_N2B-ordinal1,6,nearest_class,BASE_logreg,0,n2
6_5526_N2C-radius1,6,counting,BASE_logreg,0,n2
6_5528_N2A-novelband1,6,nearest_dist,BASE_logreg,1,n2
6_5528_N2B-ordinal1,6,nearest_class,BASE_logreg,0,n2
6_5528_N2C-radius1,6,counting,BASE_logreg,0,n2
6_5534_N2A-novelband1,6,nearest_dist,BASE_logreg,1,n2
6_5534_N2B-ordinal1,6,nearest_class,BASE_logreg,0,n2
6_5534_N2C-radius1,6,counting,BASE_logreg,0,n2
6_5578_N2A-novelband1,6,nearest_dist,BASE_logreg,0,n2
6_5578_N2B-ordinal1,6,nearest_class,BASE_logreg,0,n2
6_5578_N2C-radius1,6,counting,BASE_logreg,0,n2
6_5581_N2A-novelband1,6,nearest_dist,BASE_logreg,1,n2
6_5581_N2B-ordinal1,6,nearest_class,BASE_logreg,0,n2
6_5581_N2C-radius1,6,counting,BASE_logreg,0,n2
6_5584_N2A-novelband1,6,nearest_dist,BASE_logreg,0,n2
6_5584_N2B-ordinal1,6,nearest_class,BASE_logreg,0,n2
6_5584_N2C-radius1,6,counting,BASE_logreg,0,n2
6_5632_N2A-novelband1,6,nearest_dist,BASE_logreg,1,n2
6_5632_N2B-ordinal1,6,nearest_class,BASE_logreg,1,n2
6_5632_N2C-radius1,6,counting,BASE_logreg,0,n2
6_5634_N2A-novelband1,6,nearest_dist,BASE_logreg,1,n2
6_5634_N2B-ordinal1,6,nearest_class,BASE_logreg,0,n2
6_5634_N2C-radius1,6,counting,BASE_logreg,0,n2
6_5635_N2A-novelband1,6,nearest_dist,BASE_logreg,0,n2
6_5635_N2B-ordinal1,6,nearest_class,BASE_logreg,0,n2
6_5635_N2C-radius1,6,counting,BASE_logreg,0,n2
6_5645_N2A-novelband1,6,nearest_dist,BASE_logreg,1,n2
6_5645_N2B-ordinal1,6,nearest_class,BASE_logreg,0,n2
6_5645_N2C-radius1,6,counting,BASE_logreg,1,n2
6_5646_N2A-novelband1,6,nearest_dist,BASE_logreg,0,n2
6_5646_N2B-ordinal1,6,nearest_class,BASE_logreg,0,n2
6_5646_N2C-radius1,6,counting,BASE_logreg,0,n2
6_5680_N2A-novelband1,6,nearest_dist,BASE_logreg,1,n2
6_5680_N2B-ordinal1,6,nearest_class,BASE_logreg,0,n2
6_5680_N2C-radius1,6,counting,BASE_logreg,0,n2
6_5685_N2A-novelband1,6,nearest_dist,BASE_logreg,0,n2
6_5685_N2B-ordinal1,6,nearest_class,BASE_logreg,0,n2
6_5685_N2C-radius1,6,counting,BASE_logreg,0,n2
6_5691_N2A-novelband1,6,nearest_dist,BASE_logreg,1,n2
6_5691_N2B-ordinal1,6,nearest_class,BASE_logreg,0,n2
6_5691_N2C-radius1,6,counting,BASE_logreg,0,n2
6_5692_N2A-novelband1,6,nearest_dist,BASE_logreg,0,n2
6_5692_N2B-ordinal1,6,nearest_class,BASE_logreg,1,n2
6_5692_N2C-radius1,6,counting,BASE_logreg,0,n2
6_5693_N2A-novelband1,6,nearest_dist,BASE_logreg,1,n2
6_5693_N2B-ordinal1,6,nearest_class,BASE_logreg,1,n2
6_5693_N2C-radius1,6,counting,BASE_logreg,0,n2
6_5702_N2A-novelband1,6,nearest_dist,BASE_logreg,1,n2
6_5702_N2B-ordinal1,6,nearest_class,BASE_logreg,0,n2
6_5702_N2C-radius1,6,counting,BASE_logreg,0,n2
6_5705_N2A-novelband1,6,nearest_dist,BASE_logreg,0,n2
6_5705_N2B-ordinal1,6,nearest_class,BASE_logreg,0,n2
6_5705_N2C-radius1,6,counting,BASE_logreg,0,n2
6_5707_N2A-novelband1,6,nearest_dist,BASE_logreg,0,n2
6_5707_N2B-ordinal1,6,nearest_class,BASE_logreg,1,n2
6_5707_N2C-radius1,6,counting,BASE_logreg,0,n2
6_5710_N2A-novelband1,6,nearest_dist,BASE_logreg,0,n2
6_5710_N2B-ordinal1,6,nearest_class,BASE_logreg,0,n2
6_5710_N2C-radius1,6,counting,BASE_logreg,0,n2
6_5714_N2A-novelband1,6,nearest_dist,BASE_logreg,1,n2
6_5714_N2B-ordinal1,6,nearest_class,BASE_logreg,1,n2
6_5714_N2C-radius1,6,counting,BASE_logreg,1,n2
6_5716_N2A-novelband1,6,nearest_dist,BASE_logreg,0,n2
6_5716_N2B-ordinal1,6,nearest_class,BASE_logreg,0,n2
6_5716_N2C-radius1,6,counting,BASE_logreg,1,n2
6_5717_N2A-novelband1,6,nearest_dist,BASE_logreg,1,n2
6_5717_N2B-ordinal1,6,nearest_class,BASE_logreg,0,n2
6_5717_N2C-radius1,6,counting,BASE_logreg,0,n2
6_5721_N2A-novelband1,6,nearest_dist,BASE_logreg,0,n2
6_5721_N2B-ordinal1,6,nearest_class,BASE_logreg,1,n2
6_5721_N2C-radius1,6,counting,BASE_logreg,0,n2
6_5723_N2A-novelband1,6,nearest_dist,BASE_logreg,1,n2
6_5723_N2B-ordinal1,6,nearest_class,BASE_logreg,1,n2
6_5723_N2C-radius1,6,counting,BASE_logreg,0,n2
6_5730_N2A-novelband1,6,nearest_dist,BASE_logreg,0,n2
6_5730_N2B-ordinal1,6,nearest_class,BASE_logreg,0,n2
6_5730_N2C-radius1,6,counting,BASE_logreg,0,n2
6_5734_N2A-novelband1,6,nearest_dist,BASE_logreg,0,n2
6_5734_N2B-ordinal1,6,nearest_class,BASE_logreg,0,n2
6_5734_N2C-radius1,6,counting,BASE_logreg,1,n2
6_8483_N2A-novelband1,6,nearest_dist,BASE_logreg,0,n2
6_8483_N2B-ordinal1,6,nearest_class,BASE_logreg,0,n2
6_8483_N2C-radius1,6,counting,BASE_logreg,0,n2
6_8484_N2A-novelband1,6,nearest_dist,BASE_logreg,0,n2
6_8484_N2B-ordinal1,6,nearest_class,BASE_logreg,1,n2
6_8484_N2C-radius1,6,counting,BASE_logreg,0,n2
6_8485_N2A-novelband1,6,nearest_dist,BASE_logreg,1,n2
6_8485_N2B-ordinal1,6,nearest_class,BASE_logreg,0,n2
6_8485_N2C-radius1,6,counting,BASE_logreg,0,n2
6_8487_N2A-novelband1,6,nearest_dist,BASE_logreg,0,n2
6_8487_N2B-ordinal1,6,nearest_class,BASE_logreg,1,n2
6_8487_N2C-radius1,6,counting,BASE_logreg,1,n2
6_8494_N2A-novelband1,6,nearest_dist,BASE_logreg,0,n2
6_8494_N2B-ordinal1,6,nearest_class,BASE_logreg,0,n2
6_8494_N2C-radius1,6,counting,BASE_logreg,0,n2
6_8495_N2A-novelband1,6,nearest_dist,BASE_logreg,0,n2
6_8495_N2B-ordinal1,6,nearest_class,BASE_logreg,0,n2
6_8495_N2C-radius1,6,counting,BASE_logreg,0,n2
6_8500_N2A-novelband1,6,nearest_dist,BASE_logreg,1,n2
6_8500_N2B-ordinal1,6,nearest_class,BASE_logreg,1,n2
6_8500_N2C-radius1,6,counting,BASE_logreg,0,n2
6_8504_N2A-novelband1,6,nearest_dist,BASE_logreg,0,n2
6_8504_N2B-ordinal1,6,nearest_class,BASE_logreg,0,n2
6_8504_N2C-radius1,6,counting,BASE_logreg,0,n2
6_8509_N2A-novelband1,6,nearest_dist,BASE_logreg,0,n2
6_8509_N2B-ordinal1,6,nearest_class,BASE_logreg,0,n2
6_8509_N2C-radius1,6,counting,BASE_logreg,0,n2
6_8656_N2A-novelband1,6,nearest_dist,BASE_logreg,0,n2
6_8656_N2B-ordinal1,6,nearest_class,BASE_logreg,0,n2
6_8656_N2C-radius1,6,counting,BASE_logreg,0,n2
6_8657_N2A-novelband1,6,nearest_dist,BASE_logreg,1,n2
6_8657_N2B-ordinal1,6,nearest_class,BASE_logreg,1,n2
6_8657_N2C-radius1,6,counting,BASE_logreg,0,n2
6_8660_N2A-novelband1,6,nearest_dist,BASE_logreg,0,n2
6_8660_N2B-ordinal1,6,nearest_class,BASE_logreg,0,n2
6_8660_N2C-radius1,6,counting,BASE_logreg,1,n2
6_8822_N2A-novelband1,6,nearest_dist,BASE_logreg,1,n2
6_8822_N2B-ordinal1,6,nearest_class,BASE_logreg,0,n2
6_8822_N2C-radius1,6,counting,BASE_logreg,1,n2
6_8824_N2A-novelband1,6,nearest_dist,BASE_logreg,0,n2
6_8824_N2B-ordinal1,6,nearest_class,BASE_logreg,0,n2
6_8824_N2C-radius1,6,counting,BASE_logreg,0,n2
6_8829_N2A-novelband1,6,nearest_dist,BASE_logreg,0,n2
6_8829_N2B-ordinal1,6,nearest_class,BASE_logreg,1,n2
6_8829_N2C-radius1,6,counting,BASE_logreg,0,n2
6_8835_N2A-novelband1,6,nearest_dist,BASE_logreg,0,n2
6_8835_N2B-ordinal1,6,nearest_class,BASE_logreg,0,n2
6_8835_N2C-radius1,6,counting,BASE_logreg,1,n2
6_8839_N2A-novelband1,6,nearest_dist,BASE_logreg,1,n2
6_8839_N2B-ordinal1,6,nearest_class,BASE_logreg,1,n2
6_8839_N2C-radius1,6,counting,BASE_logreg,1,n2
6_8840_N2A-novelband1,6,nearest_dist,BASE_logreg,0,n2
6_8840_N2B-ordinal1,6,nearest_class,BASE_logreg,0,n2
6_8840_N2C-radius1,6,counting,BASE_logreg,1,n2
6_8852_N2A-novelband1,6,nearest_dist,BASE_logreg,1,n2
6_8852_N2B-ordinal1,6,nearest_class,BASE_logreg,0,n2
6_8852_N2C-radius1,6,counting,BASE_logreg,0,n2
6_8920_N2A-novelband1,6,nearest_dist,BASE_logreg,0,n2
6_8920_N2B-ordinal1,6,nearest_class,BASE_logreg,1,n2
6_8920_N2C-radius1,6,counting,BASE_logreg,0,n2
6_8922_N2A-novelband1,6,nearest_dist,BASE_logreg,0,n2
6_8922_N2B-ordinal1,6,nearest_class,BASE_logreg,0,n2
6_8922_N2C-radius1,6,counting,BASE_logreg,0,n2
6_9135_N2A-novelband1,6,nearest_dist,BASE_logreg,0,n2
6_9135_N2B-ordinal1,6,nearest_class,BASE_logreg,0,n2
6_9135_N2C-radius1,6,counting,BASE_logreg,1,n2
6_9141_N2A-novelband1,6,nearest_dist,BASE_logreg,0,n2
6_9141_N2B-ordinal1,6,nearest_class,BASE_logreg,0,n2
6_9141_N2C-radius1,6,counting,BASE_logreg,1,n2
7_12955_N2A-novelband1,7,nearest_dist,BASE_logreg,1,n2
7_12955_N2B-ordinal1,7,nearest_class,BASE_logreg,0,n2
7_12955_N2C-radius1,7,counting,BASE_logreg,0,n2
7_12956_N2A-novelband1,7,nearest_dist,BASE_logreg,0,n2
7_12956_N2B-ordinal1,7,nearest_class,BASE_logreg,0,n2
7_12956_N2C-radius1,7,counting,BASE_logreg,1,n2
7_12957_N2A-novelband1,7,nearest_dist,BASE_logreg,1,n2
7_12957_N2B-ordinal1,7,nearest_class,BASE_logreg,1,n2
7_12957_N2C-radius1,7,counting,BASE_logreg,1,n2
7_12967_N2A-novelband1,7,nearest_dist,BASE_logreg,0,n2
7_12967_N2B-ordinal1,7,nearest_class,BASE_logreg,0,n2
7_12967_N2C-radius1,7,counting,BASE_logreg,0,n2
7_12971_N2A-novelband1,7,nearest_dist,BASE_logreg,0,n2
7_12971_N2B-ordinal1,7,nearest_class,BASE_logreg,1,n2
7_12971_N2C-radius1,7,counting,BASE_logreg,0,n2
7_12975_N2A-novelband1,7,nearest_dist,BASE_logreg,0,n2
7_12975_N2B-ordinal1,7,nearest_class,BASE_logreg,0,n2
7_12975_N2C-radius1,7,counting,BASE_logreg,0,n2
7_12979_N2A-novelband1,7,nearest_dist,BASE_logreg,1,n2
7_12979_N2B-ordinal1,7,nearest_class,BASE_logreg,0,n2
7_12979_N2C-radius1,7,counting,BASE_logreg,0,n2
7_13023_N2A-novelband1,7,nearest_dist,BASE_logreg,1,n2
7_13023_N2B-ordinal1,7,nearest_class,BASE_logreg,0,n2
7_13023_N2C-radius1,7,counting,BASE_logreg,0,n2
7_13027_N2A-novelband1,7,nearest_dist,BASE_logreg,1,n2
7_13027_N2B-ordinal1,7,nearest_class,BASE_logreg,0,n2
7_13027_N2C-radius1,7,counting,BASE_logreg,0,n2
7_13028_N2A-novelband1,7,nearest_dist,BASE_logreg,1,n2
7_13028_N2B-ordinal1,7,nearest_class,BASE_logreg,0,n2
7_13028_N2C-radius1,7,counting,BASE_logreg,0,n2
7_13030_N2A-novelband1,7,nearest_dist,BASE_logreg,0,n2
7_13030_N2B-ordinal1,7,nearest_class,BASE_logreg,0,n2
7_13030_N2C-radius1,7,counting,BASE_logreg,1,n2
7_13040_N2A-novelband1,7,nearest_dist,BASE_logreg,0,n2
7_13040_N2B-ordinal1,7,nearest_class,BASE_logreg,0,n2
7_13040_N2C-radius1,7,counting,BASE_logreg,0,n2
7_13045_N2A-novelband1,7,nearest_dist,BASE_logreg,0,n2
7_13045_N2B-ordinal1,7,nearest_class,BASE_logreg,0,n2
7_13045_N2C-radius1,7,counting,BASE_logreg,0,n2
7_13047_N2A-novelband1,7,nearest_dist,BASE_logreg,1,n2
7_13047_N2B-ordinal1,7,nearest_class,BASE_logreg,0,n2
7_13047_N2C-radius1,7,counting,BASE_logreg,1,n2
7_14701_N2A-novelband1,7,nearest_dist,BASE_logreg,1,n2
7_14701_N2B-ordinal1,7,nearest_class,BASE_logreg,1,n2
7_14701_N2C-radius1,7,counting,BASE_logreg,0,n2
7_14879_N2A-novelband1,7,nearest_dist,BASE_logreg,0,n2
7_14879_N2B-ordinal1,7,nearest_class,BASE_logreg,1,n2
7_14879_N2C-radius1,7,counting,BASE_logreg,0,n2
7_14924_N2A-novelband1,7,nearest_dist,BASE_logreg,1,n2
7_14924_N2B-ordinal1,7,nearest_class,BASE_logreg,1,n2
7_14924_N2C-radius1,7,counting,BASE_logreg,0,n2
7_14927_N2A-novelband1,7,nearest_dist,BASE_logreg,1,n2
7_14927_N2B-ordinal1,7,nearest_class,BASE_logreg,0,n2
7_14927_N2C-radius1,7,counting,BASE_logreg,1,n2
7_14972_N2A-novelband1,7,nearest_dist,BASE_logreg,0,n2
7_14972_N2B-ordinal1,7,nearest_class,BASE_logreg,0,n2
7_14972_N2C-radius1,7,counting,BASE_logreg,0,n2
7_14973_N2A-novelband1,7,nearest_dist,BASE_logreg,1,n2
7_14973_N2B-ordinal1,7,nearest_class,BASE_logreg,1,n2
7_14973_N2C-radius1,7,counting,BASE_logreg,0,n2
7_14975_N2A-novelband1,7,nearest_dist,BASE_logreg,0,n2
7_14975_N2B-ordinal1,7,nearest_class,BASE_logreg,1,n2
7_14975_N2C-radius1,7,counting,BASE_logreg,0,n2
7_14985_N2A-novelband1,7,nearest_dist,BASE_logreg,1,n2
7_14985_N2B-ordinal1,7,nearest_class,BASE_logreg,1,n2
7_14985_N2C-radius1,7,counting,BASE_logreg,0,n2
7_14986_N2A-novelband1,7,nearest_dist,BASE_logreg,0,n2
7_14986_N2B-ordinal1,7,nearest_class,BASE_logreg,0,n2
7_14986_N2C-radius1,7,counting,BASE_logreg,0,n2
7_15069_N2A-novelband1,7,nearest_dist,BASE_logreg,0,n2
7_15069_N2B-ordinal1,7,nearest_class,BASE_logreg,0,n2
7_15069_N2C-radius1,7,counting,BASE_logreg,1,n2
7_15070_N2A-novelband1,7,nearest_dist,BASE_logreg,0,n2
7_15070_N2B-ordinal1,7,nearest_class,BASE_logreg,1,n2
7_15070_N2C-radius1,7,counting,BASE_logreg,0,n2
7_15072_N2A-novelband1,7,nearest_dist,BASE_logreg,0,n2
7_15072_N2B-ordinal1,7,nearest_class,BASE_logreg,0,n2
7_15072_N2C-radius1,7,counting,BASE_logreg,0,n2
7_15075_N2A-novelband1,7,nearest_dist,BASE_logreg,0,n2
7_15075_N2B-ordinal1,7,nearest_class,BASE_logreg,1,n2
7_15075_N2C-radius1,7,counting,BASE_logreg,0,n2
7_15079_N2A-novelband1,7,nearest_dist,BASE_logreg,0,n2
7_15079_N2B-ordinal1,7,nearest_class,BASE_logreg,0,n2
7_15079_N2C-radius1,7,counting,BASE_logreg,0,n2
7_15084_N2A-novelband1,7,nearest_dist,BASE_logreg,0,n2
7_15084_N2C-radius1,7,counting,BASE_logreg,0,n2
7_15088_N2A-novelband1,7,nearest_dist,BASE_logreg,0,n2
7_15088_N2B-ordinal1,7,nearest_class,BASE_logreg,1,n2
7_15088_N2C-radius1,7,counting,BASE_logreg,1,n2
7_15101_N2A-novelband1,7,nearest_dist,BASE_logreg,1,n2
7_15101_N2B-ordinal1,7,nearest_class,BASE_logreg,0,n2
7_15101_N2C-radius1,7,counting,BASE_logreg,0,n2
7_15111_N2A-novelband1,7,nearest_dist,BASE_logreg,0,n2
7_15111_N2B-ordinal1,7,nearest_class,BASE_logreg,0,n2
7_15111_N2C-radius1,7,counting,BASE_logreg,0,n2
7_15114_N2A-novelband1,7,nearest_dist,BASE_logreg,1,n2
7_15114_N2B-ordinal1,7,nearest_class,BASE_logreg,0,n2
7_15114_N2C-radius1,7,counting,BASE_logreg,0,n2
7_15199_N2A-novelband1,7,nearest_dist,BASE_logreg,0,n2
7_15199_N2B-ordinal1,7,nearest_class,BASE_logreg,0,n2
7_15199_N2C-radius1,7,counting,BASE_logreg,0,n2
7_15206_N2A-novelband1,7,nearest_dist,BASE_logreg,1,n2
7_15206_N2B-ordinal1,7,nearest_class,BASE_logreg,1,n2
7_15206_N2C-radius1,7,counting,BASE_logreg,0,n2
7_15212_N2A-novelband1,7,nearest_dist,BASE_logreg,0,n2
7_15212_N2B-ordinal1,7,nearest_class,BASE_logreg,0,n2
7_15212_N2C-radius1,7,counting,BASE_logreg,0,n2
7_15219_N2A-novelband1,7,nearest_dist,BASE_logreg,0,n2
7_15219_N2B-ordinal1,7,nearest_class,BASE_logreg,0,n2
7_15219_N2C-radius1,7,counting,BASE_logreg,0,n2
7_15258_N2A-novelband1,7,nearest_dist,BASE_logreg,1,n2
7_15258_N2B-ordinal1,7,nearest_class,BASE_logreg,1,n2
7_15258_N2C-radius1,7,counting,BASE_logreg,0,n2
7_15308_N2A-novelband1,7,nearest_dist,BASE_logreg,1,n2
7_15308_N2B-ordinal1,7,nearest_class,BASE_logreg,0,n2
7_15308_N2C-radius1,7,counting,BASE_logreg,0,n2
7_15313_N2A-novelband1,7,nearest_dist,BASE_logreg,0,n2
7_15313_N2B-ordinal1,7,nearest_class,BASE_logreg,0,n2
7_15313_N2C-radius1,7,counting,BASE_logreg,0,n2
7_15316_N2A-novelband1,7,nearest_dist,BASE_logreg,0,n2
7_15316_N2B-ordinal1,7,nearest_class,BASE_logreg,0,n2
7_15316_N2C-radius1,7,counting,BASE_logreg,0,n2
7_15318_N2A-novelband1,7,nearest_dist,BASE_logreg,1,n2
7_15318_N2B-ordinal1,7,nearest_class,BASE_logreg,1,n2
7_15318_N2C-radius1,7,counting,BASE_logreg,0,n2
7_15322_N2A-novelband1,7,nearest_dist,BASE_logreg,1,n2
7_15322_N2B-ordinal1,7,nearest_class,BASE_logreg,0,n2
7_15322_N2C-radius1,7,counting,BASE_logreg,0,n2
7_15331_N2A-novelband1,7,nearest_dist,BASE_logreg,0,n2
7_15331_N2B-ordinal1,7,nearest_class,BASE_logreg,0,n2
7_15331_N2C-radius1,7,counting,BASE_logreg,0,n2
7_15333_N2A-novelband1,7,nearest_dist,BASE_logreg,1,n2
7_15333_N2B-ordinal1,7,nearest_class,BASE_logreg,0,n2
7_15333_N2C-radius1,7,counting,BASE_logreg,0,n2
7_4781_N2A-novelband1,7,nearest_dist,BASE_logreg,0,n2
7_4781_N2B-ordinal1,7,nearest_class,BASE_logreg,0,n2
7_4781_N2C-radius1,7,counting,BASE_logreg,0,n2
7_4850_N2A-novelband1,7,nearest_dist,BASE_logreg,1,n2
7_4850_N2B-ordinal1,7,nearest_class,BASE_logreg,0,n2
7_4850_N2C-radius1,7,counting,BASE_logreg,0,n2
7_4853_N2A-novelband1,7,nearest_dist,BASE_logreg,0,n2
7_4853_N2B-ordinal1,7,nearest_class,BASE_logreg,0,n2
7_4853_N2C-radius1,7,counting,BASE_logreg,1,n2
7_4971_N2A-novelband1,7,nearest_dist,BASE_logreg,0,n2
7_4971_N2B-ordinal1,7,nearest_class,BASE_logreg,0,n2
7_4971_N2C-radius1,7,counting,BASE_logreg,1,n2
7_6615_N2A-novelband1,7,nearest_dist,BASE_logreg,0,n2
7_6615_N2B-ordinal1,7,nearest_class,BASE_logreg,1,n2
7_6615_N2C-radius1,7,counting,BASE_logreg,1,n2
7_6622_N2A-novelband1,7,nearest_dist,BASE_logreg,0,n2
7_6622_N2B-ordinal1,7,nearest_class,BASE_logreg,0,n2
7_6622_N2C-radius1,7,counting,BASE_logreg,1,n2
7_6623_N2A-novelband1,7,nearest_dist,BASE_logreg,0,n2
7_6623_N2B-ordinal1,7,nearest_class,BASE_logreg,0,n2
7_6623_N2C-radius1,7,counting,BASE_logreg,0,n2
7_6625_N2A-novelband1,7,nearest_dist,BASE_logreg,0,n2
7_6625_N2B-ordinal1,7,nearest_class,BASE_logreg,1,n2
7_6625_N2C-radius1,7,counting,BASE_logreg,0,n2
7_6686_N2A-novelband1,7,nearest_dist,BASE_logreg,0,n2
7_6686_N2B-ordinal1,7,nearest_class,BASE_logreg,0,n2
7_6686_N2C-radius1,7,counting,BASE_logreg,0,n2
7_6693_N2A-novelband1,7,nearest_dist,BASE_logreg,0,n2
7_6693_N2B-ordinal1,7,nearest_class,BASE_logreg,0,n2
7_6693_N2C-radius1,7,counting,BASE_logreg,1,n2
7_6698_N2A-novelband1,7,nearest_dist,BASE_logreg,1,n2
7_6698_N2B-ordinal1,7,nearest_class,BASE_logreg,1,n2
7_6698_N2C-radius1,7,counting,BASE_logreg,1,n2
7_6699_N2A-novelband1,7,nearest_dist,BASE_logreg,0,n2
7_6699_N2B-ordinal1,7,nearest_class,BASE_logreg,0,n2
7_6699_N2C-radius1,7,counting,BASE_logreg,0,n2
7_6701_N2A-novelband1,7,nearest_dist,BASE_logreg,0,n2
7_6701_N2B-ordinal1,7,nearest_class,BASE_logreg,0,n2
7_6701_N2C-radius1,7,counting,BASE_logreg,1,n2
7_6711_N2A-novelband1,7,nearest_dist,BASE_logreg,0,n2
7_6711_N2B-ordinal1,7,nearest_class,BASE_logreg,1,n2
7_6711_N2C-radius1,7,counting,BASE_logreg,0,n2
7_6712_N2A-novelband1,7,nearest_dist,BASE_logreg,0,n2
7_6712_N2B-ordinal1,7,nearest_class,BASE_logreg,0,n2
7_6712_N2C-radius1,7,counting,BASE_logreg,0,n2
7_6714_N2A-novelband1,7,nearest_dist,BASE_logreg,0,n2
7_6714_N2B-ordinal1,7,nearest_class,BASE_logreg,1,n2
7_6714_N2C-radius1,7,counting,BASE_logreg,0,n2
7_6772_N2A-novelband1,7,nearest_dist,BASE_logreg,0,n2
7_6772_N2B-ordinal1,7,nearest_class,BASE_logreg,0,n2
7_6772_N2C-radius1,7,counting,BASE_logreg,0,n2
7_6775_N2A-novelband1,7,nearest_dist,BASE_logreg,0,n2
7_6775_N2B-ordinal1,7,nearest_class,BASE_logreg,0,n2
7_6775_N2C-radius1,7,counting,BASE_logreg,0,n2
7_6777_N2A-novelband1,7,nearest_dist,BASE_logreg,1,n2
7_6777_N2B-ordinal1,7,nearest_class,BASE_logreg,0,n2
7_6777_N2C-radius1,7,counting,BASE_logreg,0,n2
7_6780_N2A-novelband1,7,nearest_dist,BASE_logreg,0,n2
7_6780_N2B-ordinal1,7,nearest_class,BASE_logreg,1,n2
7_6780_N2C-radius1,7,counting,BASE_logreg,0,n2
7_6790_N2A-novelband1,7,nearest_dist,BASE_logreg,0,n2
7_6790_N2B-ordinal1,7,nearest_class,BASE_logreg,0,n2
7_6790_N2C-radius1,7,counting,BASE_logreg,0,n2
7_8412_N2A-novelband1,7,nearest_dist,BASE_logreg,1,n2
7_8412_N2B-ordinal1,7,nearest_class,BASE_logreg,1,n2
7_8412_N2C-radius1,7,counting,BASE_logreg,0,n2
7_8414_N2A-novelband1,7,nearest_dist,BASE_logreg,1,n2
7_8414_N2B-ordinal1,7,nearest_class,BASE_logreg,1,n2
7_8414_N2C-radius1,7,counting,BASE_logreg,0,n2
7_8415_N2A-novelband1,7,nearest_dist,BASE_logreg,1,n2
7_8415_N2B-ordinal1,7,nearest_class,BASE_logreg,0,n2
7_8415_N2C-radius1,7,counting,BASE_logreg,1,n2
7_8418_N2A-novelband1,7,nearest_dist,BASE_logreg,0,n2
7_8418_N2B-ordinal1,7,nearest_class,BASE_logreg,0,n2
7_8418_N2C-radius1,7,counting,BASE_logreg,0,n2
7_8421_N2A-novelband1,7,nearest_dist,BASE_logreg,1,n2
7_8421_N2B-ordinal1,7,nearest_class,BASE_logreg,0,n2
7_8421_N2C-radius1,7,counting,BASE_logreg,1,n2
7_8425_N2A-novelband1,7,nearest_dist,BASE_logreg,0,n2
7_8425_N2B-ordinal1,7,nearest_class,BASE_logreg,0,n2
7_8425_N2C-radius1,7,counting,BASE_logreg,0,n2
8_631_N2A-novelband1,8,nearest_dist,BASE_logreg,0,n2
8_631_N2B-ordinal1,8,nearest_class,BASE_logreg,0,n2
8_631_N2C-radius1,8,counting,BASE_logreg,0,n2
9_1531_N2A-novelband1,9,nearest_dist,BASE_logreg,1,n2
9_1531_N2B-ordinal1,9,nearest_class,BASE_logreg,1,n2
9_1531_N2C-radius1,9,counting,BASE_logreg,1,n2
9_1532_N2A-novelband1,9,nearest_dist,BASE_logreg,0,n2
9_1532_N2B-ordinal1,9,nearest_class,BASE_logreg,1,n2
9_1532_N2C-radius1,9,counting,BASE_logreg,0,n2
9_1538_N2A-novelband1,9,nearest_dist,BASE_logreg,0,n2
9_1538_N2B-ordinal1,9,nearest_class,BASE_logreg,1,n2
9_1538_N2C-radius1,9,counting,BASE_logreg,1,n2
9_1539_N2A-novelband1,9,nearest_dist,BASE_logreg,0,n2
9_1539_N2B-ordinal1,9,nearest_class,BASE_logreg,0,n2
9_1539_N2C-radius1,9,counting,BASE_logreg,1,n2
9_1549_N2A-novelband1,9,nearest_dist,BASE_logreg,0,n2
9_1549_N2B-ordinal1,9,nearest_class,BASE_logreg,0,n2
9_1549_N2C-radius1,9,counting,BASE_logreg,0,n2
9_1550_N2A-novelband1,9,nearest_dist,BASE_logreg,0,n2
9_1550_N2B-ordinal1,9,nearest_class,BASE_logreg,0,n2
9_1550_N2C-radius1,9,counting,BASE_logreg,0,n2
9_1551_N2A-novelband1,9,nearest_dist,BASE_logreg,0,n2
9_1551_N2B-ordinal1,9,nearest_class,BASE_logreg,0,n2
9_1551_N2C-radius1,9,counting,BASE_logreg,0,n2
9_1552_N2A-novelband1,9,nearest_dist,BASE_logreg,0,n2
9_1552_N2B-ordinal1,9,nearest_class,BASE_logreg,0,n2
9_1552_N2C-radius1,9,counting,BASE_logreg,0,n2
9_1586_N2A-novelband1,9,nearest_dist,BASE_logreg,1,n2
9_1586_N2B-ordinal1,9,nearest_class,BASE_logreg,0,n2
9_1586_N2C-radius1,9,counting,BASE_logreg,0,n2
9_1637_N2A-novelband1,9,nearest_dist,BASE_logreg,0,n2
9_1637_N2B-ordinal1,9,nearest_class,BASE_logreg,0,n2
9_1637_N2C-radius1,9,counting,BASE_logreg,1,n2
9_1641_N2A-novelband1,9,nearest_dist,BASE_logreg,1,n2
9_1641_N2B-ordinal1,9,nearest_class,BASE_logreg,1,n2
9_1641_N2C-radius1,9,counting,BASE_logreg,1,n2
9_1644_N2A-novelband1,9,nearest_dist,BASE_logreg,0,n2
9_1644_N2B-ordinal1,9,nearest_class,BASE_logreg,1,n2
9_1644_N2C-radius1,9,counting,BASE_logreg,1,n2
9_1646_N2A-novelband1,9,nearest_dist,BASE_logreg,1,n2
9_1646_N2B-ordinal1,9,nearest_class,BASE_logreg,0,n2
9_1646_N2C-radius1,9,counting,BASE_logreg,0,n2
9_1648_N2A-novelband1,9,nearest_dist,BASE_logreg,0,n2
9_1648_N2B-ordinal1,9,nearest_class,BASE_logreg,1,n2
9_1648_N2C-radius1,9,counting,BASE_logreg,1,n2
9_2495_N2A-novelband1,9,nearest_dist,BASE_logreg,0,n2
9_2495_N2B-ordinal1,9,nearest_class,BASE_logreg,1,n2
9_2495_N2C-radius1,9,counting,BASE_logreg,0,n2
9_2501_N2A-novelband1,9,nearest_dist,BASE_logreg,0,n2
9_2501_N2B-ordinal1,9,nearest_class,BASE_logreg,0,n2
9_2501_N2C-radius1,9,counting,BASE_logreg,0,n2
9_2505_N2A-novelband1,9,nearest_dist,BASE_logreg,1,n2
9_2505_N2B-ordinal1,9,nearest_class,BASE_logreg,1,n2
9_2505_N2C-radius1,9,counting,BASE_logreg,1,n2
9_2506_N2A-novelband1,9,nearest_dist,BASE_logreg,0,n2
9_2506_N2B-ordinal1,9,nearest_class,BASE_logreg,0,n2
9_2506_N2C-radius1,9,counting,BASE_logreg,1,n2
9_2507_N2A-novelband1,9,nearest_dist,BASE_logreg,0,n2
9_2507_N2B-ordinal1,9,nearest_class,BASE_logreg,0,n2
9_2507_N2C-radius1,9,counting,BASE_logreg,1,n2
9_2644_N2A-novelband1,9,nearest_dist,BASE_logreg,0,n2
9_2644_N2B-ordinal1,9,nearest_class,BASE_logreg,1,n2
9_2644_N2C-radius1,9,counting,BASE_logreg,1,n2
9_2647_N2A-novelband1,9,nearest_dist,BASE_logreg,0,n2
9_2647_N2B-ordinal1,9,nearest_class,BASE_logreg,1,n2
9_2647_N2C-radius1,9,counting,BASE_logreg,0,n2
9_6680_N2A-novelband1,9,nearest_dist,BASE_logreg,0,n2
9_6680_N2B-ordinal1,9,nearest_class,BASE_logreg,0,n2
9_6680_N2C-radius1,9,counting,BASE_logreg,0,n2
9_6719_N2A-novelband1,9,nearest_dist,BASE_logreg,1,n2
9_6719_N2B-ordinal1,9,nearest_class,BASE_logreg,0,n2
9_6719_N2C-radius1,9,counting,BASE_logreg,0,n2
9_6720_N2A-novelband1,9,nearest_dist,BASE_logreg,0,n2
9_6720_N2B-ordinal1,9,nearest_class,BASE_logreg,0,n2
9_6720_N2C-radius1,9,counting,BASE_logreg,0,n2
9_6728_N2A-novelband1,9,nearest_dist,BASE_logreg,1,n2
9_6728_N2B-ordinal1,9,nearest_class,BASE_logreg,0,n2
9_6728_N2C-radius1,9,counting,BASE_logreg,1,n2
9_6785_N2A-novelband1,9,nearest_dist,BASE_logreg,0,n2
9_6785_N2B-ordinal1,9,nearest_class,BASE_logreg,0,n2
9_6785_N2C-radius1,9,counting,BASE_logreg,0,n2
9_6787_N2A-novelband1,9,nearest_dist,BASE_logreg,1,n2
9_6787_N2B-ordinal1,9,nearest_class,BASE_logreg,0,n2
9_6787_N2C-radius1,9,counting,BASE_logreg,0,n2
9_6797_N2A-novelband1,9,nearest_dist,BASE_logreg,1,n2
9_6797_N2B-ordinal1,9,nearest_class,BASE_logreg,0,n2
9_6797_N2C-radius1,9,counting,BASE_logreg,1,n2
9_6798_N2A-novelband1,9,nearest_dist,BASE_logreg,0,n2
9_6798_N2B-ordinal1,9,nearest_class,BASE_logreg,0,n2
9_6798_N2C-radius1,9,counting,BASE_logreg,0,n2
9_6800_N2A-novelband1,9,nearest_dist,BASE_logreg,0,n2
9_6800_N2B-ordinal1,9,nearest_class,BASE_logreg,0,n2
9_6800_N2C-radius1,9,counting,BASE_logreg,0,n2
9_8515_N2A-novelband1,9,nearest_dist,BASE_logreg,0,n2
9_8515_N2B-ordinal1,9,nearest_class,BASE_logreg,1,n2
9_8515_N2C-radius1,9,counting,BASE_logreg,0,n2
9_8519_N2A-novelband1,9,nearest_dist,BASE_logreg,0,n2
9_8519_N2B-ordinal1,9,nearest_class,BASE_logreg,1,n2
9_8519_N2C-radius1,9,counting,BASE_logreg,0,n2
9_8536_N2A-novelband1,9,nearest_dist,BASE_logreg,1,n2
9_8536_N2B-ordinal1,9,nearest_class,BASE_logreg,0,n2
9_8536_N2C-radius1,9,counting,BASE_logreg,0,n2
9_8537_N2A-novelband1,9,nearest_dist,BASE_logreg,0,n2
9_8537_N2B-ordinal1,9,nearest_class,BASE_logreg,0,n2
9_8537_N2C-radius1,9,counting,BASE_logreg,0,n2
9_8540_N2A-novelband1,9,nearest_dist,BASE_logreg,0,n2
9_8540_N2B-ordinal1,9,nearest_class,BASE_logreg,1,n2
9_8540_N2C-radius1,9,counting,BASE_logreg,1,n2
9_8545_N2A-novelband1,9,nearest_dist,BASE_logreg,0,n2
9_8545_N2B-ordinal1,9,nearest_class,BASE_logreg,0,n2
9_8545_N2C-radius1,9,counting,BASE_logreg,1,n2
9_8551_N2A-novelband1,9,nearest_dist,BASE_logreg,0,n2
9_8551_N2B-ordinal1,9,nearest_class,BASE_logreg,0,n2
9_8551_N2C-radius1,9,counting,BASE_logreg,1,n2
9_8553_N2A-novelband1,9,nearest_dist,BASE_logreg,0,n2
9_8553_N2B-ordinal1,9,nearest_class,BASE_logreg,0,n2
9_8553_N2C-radius1,9,counting,BASE_logreg,1,n2
9_8559_N2A-novelband1,9,nearest_dist,BASE_logreg,1,n2
9_8559_N2B-ordinal1,9,nearest_class,BASE_logreg,1,n2
9_8559_N2C-radius1,9,counting,BASE_logreg,0,n2
9_8561_N2A-novelband1,9,nearest_dist,BASE_logreg,0,n2
9_8561_N2B-ordinal1,9,nearest_class,BASE_logreg,0,n2
9_8561_N2C-radius1,9,counting,BASE_logreg,1,n2
9_8562_N2A-novelband1,9,nearest_dist,BASE_logreg,0,n2
9_8562_N2B-ordinal1,9,nearest_class,BASE_logreg,0,n2
9_8562_N2C-radius1,9,counting,BASE_logreg,1,n2
9_8566_N2A-novelband1,9,nearest_dist,BASE_logreg,0,n2
9_8566_N2B-ordinal1,9,nearest_class,BASE_logreg,0,n2
9_8566_N2C-radius1,9,counting,BASE_logreg,1,n2
9_8567_N2A-novelband1,9,nearest_dist,BASE_logreg,0,n2
9_8567_N2B-ordinal1,9,nearest_class,BASE_logreg,0,n2
9_8567_N2C-radius1,9,counting,BASE_logreg,1,n2
9_8571_N2A-novelband1,9,nearest_dist,BASE_logreg,0,n2
9_8571_N2B-ordinal1,9,nearest_class,BASE_logreg,0,n2
9_8571_N2C-radius1,9,counting,BASE_logreg,1,n2
9_8604_N2A-novelband1,9,nearest_dist,BASE_logreg,1,n2
9_8604_N2B-ordinal1,9,nearest_class,BASE_logreg,0,n2
9_8604_N2C-radius1,9,counting,BASE_logreg,0,n2
9_8606_N2A-novelband1,9,nearest_dist,BASE_logreg,0,n2
9_8606_N2B-ordinal1,9,nearest_class,BASE_logreg,1,n2
9_8606_N2C-radius1,9,counting,BASE_logreg,1,n2
9_8612_N2A-novelband1,9,nearest_dist,BASE_logreg,1,n2
9_8612_N2B-ordinal1,9,nearest_class,BASE_logreg,0,n2
9_8612_N2C-radius1,9,counting,BASE_logreg,0,n2
9_8616_N2A-novelband1,9,nearest_dist,BASE_logreg,1,n2
9_8616_N2B-ordinal1,9,nearest_class,BASE_logreg,0,n2
9_8616_N2C-radius1,9,counting,BASE_logreg,0,n2
9_8681_N2A-novelband1,9,nearest_dist,BASE_logreg,1,n2
9_8681_N2B-ordinal1,9,nearest_class,BASE_logreg,0,n2
9_8681_N2C-radius1,9,counting,BASE_logreg,1,n2
9_8684_N2A-novelband1,9,nearest_dist,BASE_logreg,0,n2
9_8684_N2B-ordinal1,9,nearest_class,BASE_logreg,0,n2
9_8684_N2C-radius1,9,counting,BASE_logreg,1,n2
9_8838_N2A-novelband1,9,nearest_dist,BASE_logreg,1,n2
9_8838_N2B-ordinal1,9,nearest_class,BASE_logreg,1,n2
9_8838_N2C-radius1,9,counting,BASE_logreg,0,n2
9_8841_N2A-novelband1,9,nearest_dist,BASE_logreg,0,n2
9_8841_N2B-ordinal1,9,nearest_class,BASE_logreg,0,n2
9_8841_N2C-radius1,9,counting,BASE_logreg,0,n2
9_8842_N2A-novelband1,9,nearest_dist,BASE_logreg,0,n2
9_8842_N2B-ordinal1,9,nearest_class,BASE_logreg,0,n2
9_8842_N2C-radius1,9,counting,BASE_logreg,0,n2
9_8845_N2A-novelband1,9,nearest_dist,BASE_logreg,0,n2
9_8845_N2B-ordinal1,9,nearest_class,BASE_logreg,1,n2
9_8845_N2C-radius1,9,counting,BASE_logreg,0,n2
9_9352_N2A-novelband1,9,nearest_dist,BASE_logreg,0,n2
9_9352_N2B-ordinal1,9,nearest_class,BASE_logreg,0,n2
9_9352_N2C-radius1,9,counting,BASE_logreg,0,n2
9_9354_N2A-novelband1,9,nearest_dist,BASE_logreg,0,n2
9_9354_N2B-ordinal1,9,nearest_class,BASE_logreg,1,n2
9_9354_N2C-radius1,9,counting,BASE_logreg,0,n2
9_9361_N2A-novelband1,9,nearest_dist,BASE_logreg,0,n2
9_9361_N2B-ordinal1,9,nearest_class,BASE_logreg,0,n2
9_9361_N2C-radius1,9,counting,BASE_logreg,1,n2
9_9363_N2A-novelband1,9,nearest_dist,BASE_logreg,0,n2
9_9363_N2B-ordinal1,9,nearest_class,BASE_logreg,1,n2
9_9363_N2C-radius1,9,counting,BASE_logreg,0,n2
9_9368_N2A-novelband1,9,nearest_dist,BASE_logreg,0,n2
9_9368_N2B-ordinal1,9,nearest_class,BASE_logreg,0,n2
9_9368_N2C-radius1,9,counting,BASE_logreg,0,n2
9_9371_N2A-novelband1,9,nearest_dist,BASE_logreg,1,n2
9_9371_N2B-ordinal1,9,nearest_class,BASE_logreg,0,n2
9_9371_N2C-radius1,9,counting,BASE_logreg,0,n2
9_9372_N2A-novelband1,9,nearest_dist,BASE_logreg,1,n2
9_9372_N2B-ordinal1,9,nearest_class,BASE_logreg,0,n2
9_9372_N2C-radius1,9,counting,BASE_logreg,0,n2
9_9377_N2A-novelband1,9,nearest_dist,BASE_logreg,0,n2
9_9377_N2B-ordinal1,9,nearest_class,BASE_logreg,0,n2
9_9377_N2C-radius1,9,counting,BASE_logreg,1,n2
9_9380_N2A-novelband1,9,nearest_dist,BASE_logreg,0,n2
9_9380_N2B-ordinal1,9,nearest_class,BASE_logreg,0,n2
9_9380_N2C-radius1,9,counting,BASE_logreg,0,n2
9_9382_N2A-novelband1,9,nearest_dist,BASE_logreg,0,n2
9_9382_N2B-ordinal1,9,nearest_class,BASE_logreg,1,n2
9_9382_N2C-radius1,9,counting,BASE_logreg,1,n2
9_9394_N2A-novelband1,9,nearest_dist,BASE_logreg,0,n2
9_9394_N2B-ordinal1,9,nearest_class,BASE_logreg,0,n2
9_9394_N2C-radius1,9,counting,BASE_logreg,0,n2
9_9398_N2A-novelband1,9,nearest_dist,BASE_logreg,0,n2
9_9398_N2B-ordinal1,9,nearest_class,BASE_logreg,0,n2
9_9398_N2C-radius1,9,counting,BASE_logreg,0,n2
9_9466_N2A-novelband1,9,nearest_dist,BASE_logreg,0,n2
9_9466_N2B-ordinal1,9,nearest_class,BASE_logreg,0,n2
9_9466_N2C-radius1,9,counting,BASE_logreg,0,n2
9_9467_N2A-novelband1,9,nearest_dist,BASE_logreg,1,n2
9_9467_N2B-ordinal1,9,nearest_class,BASE_logreg,0,n2
9_9467_N2C-radius1,9,counting,BASE_logreg,0,n2
9_9469_N2A-novelband1,9,nearest_dist,BASE_logreg,0,n2
9_9469_N2B-ordinal1,9,nearest_class,BASE_logreg,0,n2
9_9469_N2C-radius1,9,counting,BASE_logreg,1,n2
9_9471_N2A-novelband1,9,nearest_dist,BASE_logreg,0,n2
9_9471_N2B-ordinal1,9,nearest_class,BASE_logreg,0,n2
9_9471_N2C-radius1,9,counting,BASE_logreg,0,n2
9_9577_N2A-novelband1,9,nearest_dist,BASE_logreg,0,n2
9_9577_N2B-ordinal1,9,nearest_class,BASE_logreg,1,n2
9_9577_N2C-radius1,9,counting,BASE_logreg,0,n2
9_9578_N2A-novelband1,9,nearest_dist,BASE_logreg,1,n2
9_9578_N2B-ordinal1,9,nearest_class,BASE_logreg,0,n2
9_9578_N2C-radius1,9,counting,BASE_logreg,0,n2
9_9579_N2A-novelband1,9,nearest_dist,BASE_logreg,0,n2
9_9579_N2B-ordinal1,9,nearest_class,BASE_logreg,0,n2
9_9579_N2C-radius1,9,counting,BASE_logreg,0,n2
9_9582_N2A-novelband1,9,nearest_dist,BASE_logreg,1,n2
9_9582_N2B-ordinal1,9,nearest_class,BASE_logreg,0,n2
9_9582_N2C-radius1,9,counting,BASE_logreg,1,n2
9_9588_N2A-novelband1,9,nearest_dist,BASE_logreg,0,n2
9_9588_N2B-ordinal1,9,nearest_class,BASE_logreg,0,n2
9_9588_N2C-radius1,9,counting,BASE_logreg,1,n2
9_9589_N2A-novelband1,9,nearest_dist,BASE_logreg,0,n2
9_9589_N2B-ordinal1,9,nearest_class,BASE_logreg,0,n2
9_9589_N2C-radius1,9,counting,BASE_logreg,0,n2
9_9595_N2A-novelband1,9,nearest_dist,BASE_logreg,0,n2
9_9595_N2B-ordinal1,9,nearest_class,BASE_logreg,0,n2
9_9595_N2C-radius1,9,counting,BASE_logreg,0,n2
0_421_N2A-novelband1,0,nearest_dist,BASE_gbtree,0,n2
0_421_N2B-ordinal1,0,nearest_class,BASE_gbtree,0,n2
0_421_N2C-radius1,0,counting,BASE_gbtree,1,n2
0_422_N2A-novelband1,0,nearest_dist,BASE_gbtree,0,n2
0_422_N2B-ordinal1,0,nearest_class,BASE_gbtree,0,n2
0_422_N2C-radius1,0,counting,BASE_gbtree,1,n2
0_429_N2A-novelband1,0,nearest_dist,BASE_gbtree,1,n2
0_429_N2B-ordinal1,0,nearest_class,BASE_gbtree,0,n2
0_429_N2C-radius1,0,counting,BASE_gbtree,0,n2
0_436_N2A-novelband1,0,nearest_dist,BASE_gbtree,1,n2
0_436_N2B-ordinal1,0,nearest_class,BASE_gbtree,0,n2
0_436_N2C-radius1,0,counting,BASE_gbtree,0,n2
0_4797_N2A-novelband1,0,nearest_dist,BASE_gbtree,1,n2
0_4797_N2B-ordinal1,0,nearest_class,BASE_gbtree,0,n2
0_4797_N2C-radius1,0,counting,BASE_gbtree,1,n2
0_4803_N2A-novelband1,0,nearest_dist,BASE_gbtree,0,n2
0_4803_N2B-ordinal1,0,nearest_class,BASE_gbtree,0,n2
0_4803_N2C-radius1,0,counting,BASE_gbtree,1,n2
0_4804_N2A-novelband1,0,nearest_dist,BASE_gbtree,1,n2
0_4804_N2B-ordinal1,0,nearest_class,BASE_gbtree,0,n2
0_4804_N2C-radius1,0,counting,BASE_gbtree,1,n2
0_4805_N2A-novelband1,0,nearest_dist,BASE_gbtree,0,n2
0_4805_N2B-ordinal1,0,nearest_class,BASE_gbtree,0,n2
0_4805_N2C-radius1,0,counting,BASE_gbtree,0,n2
0_4809_N2A-novelband1,0,nearest_dist,BASE_gbtree,0,n2
0_4809_N2B-ordinal1,0,nearest_class,BASE_gbtree,0,n2
0_4809_N2C-radius1,0,counting,BASE_gbtree,0,n2
0_4813_N2A-novelband1,0,nearest_dist,BASE_gbtree,0,n2
0_4813_N2B-ordinal1,0,nearest_class,BASE_gbtree,1,n2
0_4813_N2C-radius1,0,counting,BASE_gbtree,0,n2
0_4815_N2A-novelband1,0,nearest_dist,BASE_gbtree,0,n2
0_4815_N2B-ordinal1,0,nearest_class,BASE_gbtree,0,n2
0_4815_N2C-radius1,0,counting,BASE_gbtree,1,n2
0_4818_N2A-novelband1,0,nearest_dist,BASE_gbtree,0,n2
0_4818_N2B-ordinal1,0,nearest_class,BASE_gbtree,0,n2
0_4818_N2C-radius1,0,counting,BASE_gbtree,1,n2
0_4821_N2A-novelband1,0,nearest_dist,BASE_gbtree,0,n2
0_4821_N2B-ordinal1,0,nearest_class,BASE_gbtree,0,n2
0_4821_N2C-radius1,0,counting,BASE_gbtree,0,n2
0_4902_N2A-novelband1,0,nearest_dist,BASE_gbtree,0,n2
0_4902_N2B-ordinal1,0,nearest_class,BASE_gbtree,0,n2
0_4902_N2C-radius1,0,counting,BASE_gbtree,0,n2
0_4907_N2A-novelband1,0,nearest_dist,BASE_gbtree,0,n2
0_4907_N2B-ordinal1,0,nearest_class,BASE_gbtree,0,n2
0_4907_N2C-radius1,0,counting,BASE_gbtree,0,n2
0_4908_N2A-novelband1,0,nearest_dist,BASE_gbtree,0,n2
0_4908_N2B-ordinal1,0,nearest_class,BASE_gbtree,0,n2
0_4908_N2C-radius1,0,counting,BASE_gbtree,0,n2
0_4910_N2A-novelband1,0,nearest_dist,BASE_gbtree,1,n2
0_4910_N2B-ordinal1,0,nearest_class,BASE_gbtree,0,n2
0_4910_N2C-radius1,0,counting,BASE_gbtree,1,n2
0_4914_N2A-novelband1,0,nearest_dist,BASE_gbtree,0,n2
0_4914_N2B-ordinal1,0,nearest_class,BASE_gbtree,1,n2
0_4914_N2C-radius1,0,counting,BASE_gbtree,0,n2
0_4916_N2A-novelband1,0,nearest_dist,BASE_gbtree,0,n2
0_4916_N2B-ordinal1,0,nearest_class,BASE_gbtree,0,n2
0_4916_N2C-radius1,0,counting,BASE_gbtree,0,n2
0_4924_N2A-novelband1,0,nearest_dist,BASE_gbtree,0,n2
0_4924_N2B-ordinal1,0,nearest_class,BASE_gbtree,1,n2
0_4924_N2C-radius1,0,counting,BASE_gbtree,0,n2
0_4925_N2A-novelband1,0,nearest_dist,BASE_gbtree,0,n2
0_4925_N2B-ordinal1,0,nearest_class,BASE_gbtree,1,n2
0_4925_N2C-radius1,0,counting,BASE_gbtree,1,n2
0_4926_N2A-novelband1,0,nearest_dist,BASE_gbtree,0,n2
0_4926_N2B-ordinal1,0,nearest_class,BASE_gbtree,0,n2
0_4926_N2C-radius1,0,counting,BASE_gbtree,0,n2
0_4930_N2A-novelband1,0,nearest_dist,BASE_gbtree,0,n2
0_4930_N2B-ordinal1,0,nearest_class,BASE_gbtree,1,n2
0_4930_N2C-radius1,0,counting,BASE_gbtree,0,n2
0_507_N2A-novelband1,0,nearest_dist,BASE_gbtree,0,n2
0_507_N2B-ordinal1,0,nearest_class,BASE_gbtree,0,n2
0_507_N2C-radius1,0,counting,BASE_gbtree,0,n2
0_508_N2A-novelband1,0,nearest_dist,BASE_gbtree,0,n2
0_508_N2B-ordinal1,0,nearest_class,BASE_gbtree,0,n2
0_508_N2C-radius1,0,counting,BASE_gbtree,0,n2
0_514_N2A-novelband1,0,nearest_dist,BASE_gbtree,0,n2
0_514_N2B-ordinal1,0,nearest_class,BASE_gbtree,0,n2
0_514_N2C-radius1,0,counting,BASE_gbtree,1,n2
0_520_N2A-novelband1,0,nearest_dist,BASE_gbtree,0,n2
0_520_N2B-ordinal1,0,nearest_class,BASE_gbtree,0,n2
0_520_N2C-radius1,0,counting,BASE_gbtree,0,n2
0_525_N2A-novelband1,0,nearest_dist,BASE_gbtree,0,n2
0_525_N2B-ordinal1,0,nearest_class,BASE_gbtree,0,n2
0_525_N2C-radius1,0,counting,BASE_gbtree,0,n2
0_526_N2A-novelband1,0,nearest_dist,BASE_gbtree,1,n2
0_526_N2B-ordinal1,0,nearest_class,BASE_gbtree,0,n2
0_526_N2C-radius1,0,counting,BASE_gbtree,0,n2
0_570_N2A-novelband1,0,nearest_dist,BASE_gbtree,0,n2
0_570_N2B-ordinal1,0,nearest_class,BASE_gbtree,1,n2
0_570_N2C-radius1,0,counting,BASE_gbtree,0,n2
0_5704_N2A-novelband1,0,nearest_dist,BASE_gbtree,0,n2
0_5704_N2B-ordinal1,0,nearest_class,BASE_gbtree,1,n2
0_5704_N2C-radius1,0,counting,BASE_gbtree,0,n2
0_5707_N2A-novelband1,0,nearest_dist,BASE_gbtree,1,n2
0_5707_N2B-ordinal1,0,nearest_class,BASE_gbtree,1,n2
0_5707_N2C-radius1,0,counting,BASE_gbtree,0,n2
0_571_N2A-novelband1,0,nearest_dist,BASE_gbtree,1,n2
0_571_N2B-ordinal1,0,nearest_class,BASE_gbtree,1,n2
0_571_N2C-radius1,0,counting,BASE_gbtree,0,n2
0_5710_N2A-novelband1,0,nearest_dist,BASE_gbtree,1,n2
0_5710_N2B-ordinal1,0,nearest_class,BASE_gbtree,0,n2
0_5710_N2C-radius1,0,counting,BASE_gbtree,0,n2
0_5712_N2A-novelband1,0,nearest_dist,BASE_gbtree,0,n2
0_5712_N2B-ordinal1,0,nearest_class,BASE_gbtree,0,n2
0_5712_N2C-radius1,0,counting,BASE_gbtree,0,n2
0_572_N2A-novelband1,0,nearest_dist,BASE_gbtree,1,n2
0_572_N2B-ordinal1,0,nearest_class,BASE_gbtree,1,n2
0_572_N2C-radius1,0,counting,BASE_gbtree,1,n2
0_5752_N2A-novelband1,0,nearest_dist,BASE_gbtree,0,n2
0_5752_N2B-ordinal1,0,nearest_class,BASE_gbtree,1,n2
0_5752_N2C-radius1,0,counting,BASE_gbtree,1,n2
0_5753_N2A-novelband1,0,nearest_dist,BASE_gbtree,0,n2
0_5753_N2B-ordinal1,0,nearest_class,BASE_gbtree,0,n2
0_5753_N2C-radius1,0,counting,BASE_gbtree,0,n2
0_5754_N2A-novelband1,0,nearest_dist,BASE_gbtree,0,n2
0_5754_N2B-ordinal1,0,nearest_class,BASE_gbtree,0,n2
0_5754_N2C-radius1,0,counting,BASE_gbtree,0,n2
0_5787_N2A-novelband1,0,nearest_dist,BASE_gbtree,0,n2
0_5787_N2B-ordinal1,0,nearest_class,BASE_gbtree,0,n2
0_5787_N2C-radius1,0,counting,BASE_gbtree,0,n2
0_5788_N2A-novelband1,0,nearest_dist,BASE_gbtree,0,n2
0_5788_N2B-ordinal1,0,nearest_class,BASE_gbtree,1,n2
0_5788_N2C-radius1,0,counting,BASE_gbtree,0,n2
0_583_N2A-novelband1,0,nearest_dist,BASE_gbtree,1,n2
0_583_N2B-ordinal1,0,nearest_class,BASE_gbtree,0,n2
0_583_N2C-radius1,0,counting,BASE_gbtree,0,n2
0_621_N2A-novelband1,0,nearest_dist,BASE_gbtree,0,n2
0_621_N2B-ordinal1,0,nearest_class,BASE_gbtree,0,n2
0_621_N2C-radius1,0,counting,BASE_gbtree,0,n2
0_634_N2A-novelband1,0,nearest_dist,BASE_gbtree,1,n2
0_634_N2B-ordinal1,0,nearest_class,BASE_gbtree,0,n2
0_634_N2C-radius1,0,counting,BASE_gbtree,0,n2
10_11540_N2A-novelband1,10,nearest_dist,BASE_gbtree,0,n2
10_11540_N2B-ordinal1,10,nearest_class,BASE_gbtree,0,n2
10_11540_N2C-radius1,10,counting,BASE_gbtree,0,n2
10_11542_N2A-novelband1,10,nearest_dist,BASE_gbtree,1,n2
10_11542_N2B-ordinal1,10,nearest_class,BASE_gbtree,1,n2
10_11542_N2C-radius1,10,counting,BASE_gbtree,0,n2
10_11546_N2A-novelband1,10,nearest_dist,BASE_gbtree,1,n2
10_11546_N2B-ordinal1,10,nearest_class,BASE_gbtree,1,n2
10_11546_N2C-radius1,10,counting,BASE_gbtree,1,n2
10_11584_N2A-novelband1,10,nearest_dist,BASE_gbtree,0,n2
10_11584_N2B-ordinal1,10,nearest_class,BASE_gbtree,0,n2
10_11584_N2C-radius1,10,counting,BASE_gbtree,0,n2
10_2039_N2A-novelband1,10,nearest_dist,BASE_gbtree,0,n2
10_2039_N2B-ordinal1,10,nearest_class,BASE_gbtree,0,n2
10_2039_N2C-radius1,10,counting,BASE_gbtree,1,n2
10_2043_N2A-novelband1,10,nearest_dist,BASE_gbtree,0,n2
10_2043_N2B-ordinal1,10,nearest_class,BASE_gbtree,1,n2
10_2043_N2C-radius1,10,counting,BASE_gbtree,1,n2
10_2044_N2A-novelband1,10,nearest_dist,BASE_gbtree,0,n2
10_2044_N2B-ordinal1,10,nearest_class,BASE_gbtree,0,n2
10_2044_N2C-radius1,10,counting,BASE_gbtree,0,n2
10_2051_N2A-novelband1,10,nearest_dist,BASE_gbtree,1,n2
10_2051_N2B-ordinal1,10,nearest_class,BASE_gbtree,0,n2
10_2051_N2C-radius1,10,counting,BASE_gbtree,0,n2
10_2114_N2A-novelband1,10,nearest_dist,BASE_gbtree,1,n2
10_2114_N2B-ordinal1,10,nearest_class,BASE_gbtree,0,n2
10_2114_N2C-radius1,10,counting,BASE_gbtree,1,n2
10_2123_N2A-novelband1,10,nearest_dist,BASE_gbtree,1,n2
10_2123_N2B-ordinal1,10,nearest_class,BASE_gbtree,0,n2
10_2123_N2C-radius1,10,counting,BASE_gbtree,0,n2
10_2124_N2A-novelband1,10,nearest_dist,BASE_gbtree,0,n2
10_2124_N2B-ordinal1,10,nearest_class,BASE_gbtree,0,n2
10_2124_N2C-radius1,10,counting,BASE_gbtree,1,n2
10_2129_N2A-novelband1,10,nearest_dist,BASE_gbtree,1,n2
10_2129_N2B-ordinal1,10,nearest_class,BASE_gbtree,1,n2
10_2129_N2C-radius1,10,counting,BASE_gbtree,0,n2
10_2131_N2A-novelband1,10,nearest_dist,BASE_gbtree,1,n2
10_2131_N2B-ordinal1,10,nearest_class,BASE_gbtree,0,n2
10_2131_N2C-radius1,10,counting,BASE_gbtree,0,n2
10_2132_N2A-novelband1,10,nearest_dist,BASE_gbtree,0,n2
10_2132_N2B-ordinal1,10,nearest_class,BASE_gbtree,0,n2
10_2132_N2C-radius1,10,counting,BASE_gbtree,0,n2
10_2133_N2A-novelband1,10,nearest_dist,BASE_gbtree,0,n2
10_2133_N2B-ordinal1,10,nearest_class,BASE_gbtree,0,n2
10_2133_N2C-radius1,10,counting,BASE_gbtree,0,n2
10_2137_N2A-novelband1,10,nearest_dist,BASE_gbtree,0,n2
10_2137_N2B-ordinal1,10,nearest_class,BASE_gbtree,1,n2
10_2137_N2C-radius1,10,counting,BASE_gbtree,1,n2
10_2144_N2A-novelband1,10,nearest_dist,BASE_gbtree,0,n2
10_2144_N2B-ordinal1,10,nearest_class,BASE_gbtree,0,n2
10_2144_N2C-radius1,10,counting,BASE_gbtree,0,n2
10_5816_N2A-novelband1,10,nearest_dist,BASE_gbtree,0,n2
10_5816_N2B-ordinal1,10,nearest_class,BASE_gbtree,0,n2
10_5816_N2C-radius1,10,counting,BASE_gbtree,0,n2
10_5819_N2A-novelband1,10,nearest_dist,BASE_gbtree,0,n2
10_5819_N2B-ordinal1,10,nearest_class,BASE_gbtree,0,n2
10_5819_N2C-radius1,10,counting,BASE_gbtree,0,n2
10_5862_N2A-novelband1,10,nearest_dist,BASE_gbtree,0,n2
10_5862_N2B-ordinal1,10,nearest_class,BASE_gbtree,0,n2
10_5862_N2C-radius1,10,counting,BASE_gbtree,0,n2
10_5863_N2A-novelband1,10,nearest_dist,BASE_gbtree,0,n2
10_5863_N2B-ordinal1,10,nearest_class,BASE_gbtree,0,n2
10_5863_N2C-radius1,10,counting,BASE_gbtree,0,n2
10_5865_N2A-novelband1,10,nearest_dist,BASE_gbtree,0,n2
10_5865_N2B-ordinal1,10,nearest_class,BASE_gbtree,0,n2
10_5865_N2C-radius1,10,counting,BASE_gbtree,0,n2
10_5866_N2A-novelband1,10,nearest_dist,BASE_gbtree,0,n2
10_5866_N2B-ordinal1,10,nearest_class,BASE_gbtree,0,n2
10_5866_N2C-radius1,10,counting,BASE_gbtree,0,n2
10_5872_N2A-novelband1,10,nearest_dist,BASE_gbtree,0,n2
10_5872_N2B-ordinal1,10,nearest_class,BASE_gbtree,1,n2
10_5872_N2C-radius1,10,counting,BASE_gbtree,0,n2
10_6000_N2A-novelband1,10,nearest_dist,BASE_gbtree,1,n2
10_6000_N2B-ordinal1,10,nearest_class,BASE_gbtree,1,n2
10_6000_N2C-radius1,10,counting,BASE_gbtree,1,n2
10_6001_N2A-novelband1,10,nearest_dist,BASE_gbtree,0,n2
10_6001_N2B-ordinal1,10,nearest_class,BASE_gbtree,0,n2
10_6001_N2C-radius1,10,counting,BASE_gbtree,0,n2
10_6004_N2A-novelband1,10,nearest_dist,BASE_gbtree,0,n2
10_6004_N2B-ordinal1,10,nearest_class,BASE_gbtree,0,n2
10_6004_N2C-radius1,10,counting,BASE_gbtree,0,n2
10_8369_N2A-novelband1,10,nearest_dist,BASE_gbtree,1,n2
10_8369_N2B-ordinal1,10,nearest_class,BASE_gbtree,0,n2
10_8369_N2C-radius1,10,counting,BASE_gbtree,0,n2
10_8372_N2A-novelband1,10,nearest_dist,BASE_gbtree,1,n2
10_8372_N2B-ordinal1,10,nearest_class,BASE_gbtree,1,n2
10_8372_N2C-radius1,10,counting,BASE_gbtree,0,n2
10_8378_N2A-novelband1,10,nearest_dist,BASE_gbtree,0,n2
10_8378_N2B-ordinal1,10,nearest_class,BASE_gbtree,1,n2
10_8378_N2C-radius1,10,counting,BASE_gbtree,1,n2
10_8424_N2A-novelband1,10,nearest_dist,BASE_gbtree,0,n2
10_8424_N2B-ordinal1,10,nearest_class,BASE_gbtree,1,n2
10_8424_N2C-radius1,10,counting,BASE_gbtree,0,n2
10_8429_N2A-novelband1,10,nearest_dist,BASE_gbtree,1,n2
10_8429_N2B-ordinal1,10,nearest_class,BASE_gbtree,1,n2
10_8429_N2C-radius1,10,counting,BASE_gbtree,1,n2
10_8430_N2A-novelband1,10,nearest_dist,BASE_gbtree,0,n2
10_8430_N2B-ordinal1,10,nearest_class,BASE_gbtree,1,n2
10_8430_N2C-radius1,10,counting,BASE_gbtree,1,n2
10_8431_N2A-novelband1,10,nearest_dist,BASE_gbtree,0,n2
10_8431_N2B-ordinal1,10,nearest_class,BASE_gbtree,0,n2
10_8431_N2C-radius1,10,counting,BASE_gbtree,1,n2
10_8433_N2A-novelband1,10,nearest_dist,BASE_gbtree,1,n2
10_8433_N2B-ordinal1,10,nearest_class,BASE_gbtree,1,n2
10_8433_N2C-radius1,10,counting,BASE_gbtree,0,n2
10_9306_N2A-novelband1,10,nearest_dist,BASE_gbtree,0,n2
10_9306_N2B-ordinal1,10,nearest_class,BASE_gbtree,0,n2
10_9306_N2C-radius1,10,counting,BASE_gbtree,1,n2
10_9309_N2A-novelband1,10,nearest_dist,BASE_gbtree,0,n2
10_9309_N2B-ordinal1,10,nearest_class,BASE_gbtree,0,n2
10_9309_N2C-radius1,10,counting,BASE_gbtree,0,n2
10_9347_N2A-novelband1,10,nearest_dist,BASE_gbtree,0,n2
10_9347_N2B-ordinal1,10,nearest_class,BASE_gbtree,0,n2
10_9347_N2C-radius1,10,counting,BASE_gbtree,1,n2
10_9350_N2A-novelband1,10,nearest_dist,BASE_gbtree,0,n2
10_9350_N2B-ordinal1,10,nearest_class,BASE_gbtree,0,n2
10_9350_N2C-radius1,10,counting,BASE_gbtree,1,n2
10_9356_N2A-novelband1,10,nearest_dist,BASE_gbtree,0,n2
10_9356_N2B-ordinal1,10,nearest_class,BASE_gbtree,1,n2
10_9356_N2C-radius1,10,counting,BASE_gbtree,0,n2
10_9392_N2A-novelband1,10,nearest_dist,BASE_gbtree,1,n2
10_9392_N2B-ordinal1,10,nearest_class,BASE_gbtree,0,n2
10_9392_N2C-radius1,10,counting,BASE_gbtree,1,n2
10_9395_N2A-novelband1,10,nearest_dist,BASE_gbtree,0,n2
10_9395_N2B-ordinal1,10,nearest_class,BASE_gbtree,1,n2
10_9395_N2C-radius1,10,counting,BASE_gbtree,0,n2
10_9396_N2A-novelband1,10,nearest_dist,BASE_gbtree,0,n2
10_9396_N2B-ordinal1,10,nearest_class,BASE_gbtree,0,n2
10_9396_N2C-radius1,10,counting,BASE_gbtree,0,n2
11_1747_N2A-novelband1,11,nearest_dist,BASE_gbtree,0,n2
11_1747_N2B-ordinal1,11,nearest_class,BASE_gbtree,0,n2
11_1747_N2C-radius1,11,counting,BASE_gbtree,1,n2
11_1749_N2A-novelband1,11,nearest_dist,BASE_gbtree,0,n2
11_1749_N2B-ordinal1,11,nearest_class,BASE_gbtree,0,n2
11_1749_N2C-radius1,11,counting,BASE_gbtree,0,n2
11_1756_N2A-novelband1,11,nearest_dist,BASE_gbtree,1,n2
11_1756_N2B-ordinal1,11,nearest_class,BASE_gbtree,0,n2
11_1756_N2C-radius1,11,counting,BASE_gbtree,0,n2
11_1760_N2A-novelband1,11,nearest_dist,BASE_gbtree,1,n2
11_1760_N2B-ordinal1,11,nearest_class,BASE_gbtree,0,n2
11_1760_N2C-radius1,11,counting,BASE_gbtree,0,n2
11_1768_N2A-novelband1,11,nearest_dist,BASE_gbtree,0,n2
11_1768_N2B-ordinal1,11,nearest_class,BASE_gbtree,0,n2
11_1768_N2C-radius1,11,counting,BASE_gbtree,0,n2
11_1777_N2A-novelband1,11,nearest_dist,BASE_gbtree,0,n2
11_1777_N2B-ordinal1,11,nearest_class,BASE_gbtree,1,n2
11_1777_N2C-radius1,11,counting,BASE_gbtree,0,n2
11_1783_N2A-novelband1,11,nearest_dist,BASE_gbtree,0,n2
11_1783_N2B-ordinal1,11,nearest_class,BASE_gbtree,0,n2
11_1783_N2C-radius1,11,counting,BASE_gbtree,0,n2
11_1787_N2A-novelband1,11,nearest_dist,BASE_gbtree,0,n2
11_1787_N2B-ordinal1,11,nearest_class,BASE_gbtree,0,n2
11_1787_N2C-radius1,11,counting,BASE_gbtree,1,n2
11_1790_N2A-novelband1,11,nearest_dist,BASE_gbtree,0,n2
11_1790_N2B-ordinal1,11,nearest_class,BASE_gbtree,1,n2
11_1790_N2C-radius1,11,counting,BASE_gbtree,0,n2
11_1792_N2A-novelband1,11,nearest_dist,BASE_gbtree,0,n2
11_1792_N2B-ordinal1,11,nearest_class,BASE_gbtree,0,n2
11_1792_N2C-radius1,11,counting,BASE_gbtree,0,n2
11_1793_N2A-novelband1,11,nearest_dist,BASE_gbtree,0,n2
11_1793_N2B-ordinal1,11,nearest_class,BASE_gbtree,0,n2
11_1793_N2C-radius1,11,counting,BASE_gbtree,0,n2
11_1794_N2A-novelband1,11,nearest_dist,BASE_gbtree,0,n2
11_1794_N2B-ordinal1,11,nearest_class,BASE_gbtree,0,n2
11_1794_N2C-radius1,11,counting,BASE_gbtree,0,n2
11_1799_N2A-novelband1,11,nearest_dist,BASE_gbtree,0,n2
11_1799_N2B-ordinal1,11,nearest_class,BASE_gbtree,0,n2
11_1799_N2C-radius1,11,counting,BASE_gbtree,0,n2
11_1800_N2A-novelband1,11,nearest_dist,BASE_gbtree,1,n2
11_1800_N2B-ordinal1,11,nearest_class,BASE_gbtree,0,n2
11_1800_N2C-radius1,11,counting,BASE_gbtree,1,n2
11_1906_N2A-novelband1,11,nearest_dist,BASE_gbtree,0,n2
11_1906_N2B-ordinal1,11,nearest_class,BASE_gbtree,0,n2
11_1906_N2C-radius1,11,counting,BASE_gbtree,0,n2
11_1907_N2A-novelband1,11,nearest_dist,BASE_gbtree,1,n2
11_1907_N2B-ordinal1,11,nearest_class,BASE_gbtree,1,n2
11_1907_N2C-radius1,11,counting,BASE_gbtree,1,n2
11_1914_N2A-novelband1,11,nearest_dist,BASE_gbtree,0,n2
11_1914_N2B-ordinal1,11,nearest_class,BASE_gbtree,1,n2
11_1914_N2C-radius1,11,counting,BASE_gbtree,0,n2
11_1916_N2A-novelband1,11,nearest_dist,BASE_gbtree,1,n2
11_1916_N2B-ordinal1,11,nearest_class,BASE_gbtree,1,n2
11_1916_N2C-radius1,11,counting,BASE_gbtree,1,n2
11_1924_N2A-novelband1,11,nearest_dist,BASE_gbtree,1,n2
11_1924_N2B-ordinal1,11,nearest_class,BASE_gbtree,0,n2
11_1924_N2C-radius1,11,counting,BASE_gbtree,1,n2
11_1928_N2A-novelband1,11,nearest_dist,BASE_gbtree,0,n2
11_1928_N2B-ordinal1,11,nearest_class,BASE_gbtree,0,n2
11_1928_N2C-radius1,11,counting,BASE_gbtree,1,n2
11_1932_N2A-novelband1,11,nearest_dist,BASE_gbtree,0,n2
11_1932_N2B-ordinal1,11,nearest_class,BASE_gbtree,1,n2
11_1932_N2C-radius1,11,counting,BASE_gbtree,1,n2
11_1935_N2A-novelband1,11,nearest_dist,BASE_gbtree,1,n2
11_1935_N2B-ordinal1,11,nearest_class,BASE_gbtree,0,n2
11_1935_N2C-radius1,11,counting,BASE_gbtree,1,n2
11_1939_N2A-novelband1,11,nearest_dist,BASE_gbtree,0,n2
11_1939_N2B-ordinal1,11,nearest_class,BASE_gbtree,0,n2
11_1939_N2C-radius1,11,counting,BASE_gbtree,0,n2
11_1942_N2A-novelband1,11,nearest_dist,BASE_gbtree,0,n2
11_1942_N2B-ordinal1,11,nearest_class,BASE_gbtree,0,n2
11_1942_N2C-radius1,11,counting,BASE_gbtree,0,n2
11_2057_N2A-novelband1,11,nearest_dist,BASE_gbtree,0,n2
11_2057_N2B-ordinal1,11,nearest_class,BASE_gbtree,0,n2
11_2057_N2C-radius1,11,counting,BASE_gbtree,1,n2
11_2064_N2A-novelband1,11,nearest_dist,BASE_gbtree,0,n2
11_2064_N2B-ordinal1,11,nearest_class,BASE_gbtree,0,n2
11_2064_N2C-radius1,11,counting,BASE_gbtree,0,n2
11_2073_N2A-novelband1,11,nearest_dist,BASE_gbtree,1,n2
11_2073_N2B-ordinal1,11,nearest_class,BASE_gbtree,0,n2
11_2073_N2C-radius1,11,counting,BASE_gbtree,1,n2
11_2081_N2A-novelband1,11,nearest_dist,BASE_gbtree,0,n2
11_2081_N2B-ordinal1,11,nearest_class,BASE_gbtree,0,n2
11_2081_N2C-radius1,11,counting,BASE_gbtree,1,n2
11_2082_N2A-novelband1,11,nearest_dist,BASE_gbtree,1,n2
11_2082_N2B-ordinal1,11,nearest_class,BASE_gbtree,1,n2
11_2082_N2C-radius1,11,counting,BASE_gbtree,0,n2
11_2084_N2A-novelband1,11,nearest_dist,BASE_gbtree,0,n2
11_2084_N2B-ordinal1,11,nearest_class,BASE_gbtree,0,n2
11_2084_N2C-radius1,11,counting,BASE_gbtree,1,n2
11_2085_N2A-novelband1,11,nearest_dist,BASE_gbtree,0,n2
11_2085_N2B-ordinal1,11,nearest_class,BASE_gbtree,0,n2
11_2085_N2C-radius1,11,counting,BASE_gbtree,0,n2
11_5174_N2A-novelband1,11,nearest_dist,BASE_gbtree,0,n2
11_5174_N2B-ordinal1,11,nearest_class,BASE_gbtree,0,n2
11_5174_N2C-radius1,11,counting,BASE_gbtree,1,n2
11_5176_N2A-novelband1,11,nearest_dist,BASE_gbtree,0,n2
11_5176_N2B-ordinal1,11,nearest_class,BASE_gbtree,0,n2
11_5176_N2C-radius1,11,counting,BASE_gbtree,0,n2
11_5179_N2A-novelband1,11,nearest_dist,BASE_gbtree,1,n2
11_5179_N2B-ordinal1,11,nearest_class,BASE_gbtree,0,n2
11_5179_N2C-radius1,11,counting,BASE_gbtree,1,n2
11_5184_N2A-novelband1,11,nearest_dist,BASE_gbtree,0,n2
11_5184_N2B-ordinal1,11,nearest_class,BASE_gbtree,1,n2
11_5184_N2C-radius1,11,counting,BASE_gbtree,0,n2
11_5185_N2A-novelband1,11,nearest_dist,BASE_gbtree,0,n2
11_5185_N2B-ordinal1,11,nearest_class,BASE_gbtree,0,n2
11_5185_N2C-radius1,11,counting,BASE_gbtree,0,n2
11_5186_N2A-novelband1,11,nearest_dist,BASE_gbtree,0,n2
11_5186_N2B-ordinal1,11,nearest_class,BASE_gbtree,1,n2
11_5186_N2C-radius1,11,counting,BASE_gbtree,0,n2
11_5188_N2A-novelband1,11,nearest_dist,BASE_gbtree,0,n2
11_5188_N2B-ordinal1,11,nearest_class,BASE_gbtree,1,n2
11_5188_N2C-radius1,11,counting,BASE_gbtree,0,n2
11_5190_N2A-novelband1,11,nearest_dist,BASE_gbtree,0,n2
11_5190_N2B-ordinal1,11,nearest_class,BASE_gbtree,1,n2
11_5190_N2C-radius1,11,counting,BASE_gbtree,1,n2
11_5194_N2A-novelband1,11,nearest_dist,BASE_gbtree,1,n2
11_5194_N2B-ordinal1,11,nearest_class,BASE_gbtree,1,n2
11_5194_N2C-radius1,11,counting,BASE_gbtree,0,n2
11_5197_N2A-novelband1,11,nearest_dist,BASE_gbtree,0,n2
11_5197_N2B-ordinal1,11,nearest_class,BASE_gbtree,0,n2
11_5197_N2C-radius1,11,counting,BASE_gbtree,1,n2
11_5205_N2A-novelband1,11,nearest_dist,BASE_gbtree,0,n2
11_5205_N2B-ordinal1,11,nearest_class,BASE_gbtree,0,n2
11_5205_N2C-radius1,11,counting,BASE_gbtree,0,n2
11_5207_N2A-novelband1,11,nearest_dist,BASE_gbtree,0,n2
11_5207_N2B-ordinal1,11,nearest_class,BASE_gbtree,0,n2
11_5207_N2C-radius1,11,counting,BASE_gbtree,0,n2
11_5627_N2A-novelband1,11,nearest_dist,BASE_gbtree,0,n2
11_5627_N2B-ordinal1,11,nearest_class,BASE_gbtree,0,n2
11_5627_N2C-radius1,11,counting,BASE_gbtree,1,n2
11_5660_N2A-novelband1,11,nearest_dist,BASE_gbtree,0,n2
11_5660_N2B-ordinal1,11,nearest_class,BASE_gbtree,0,n2
11_5660_N2C-radius1,11,counting,BASE_gbtree,0,n2
11_5661_N2A-novelband1,11,nearest_dist,BASE_gbtree,1,n2
11_5661_N2B-ordinal1,11,nearest_class,BASE_gbtree,0,n2
11_5661_N2C-radius1,11,counting,BASE_gbtree,0,n2
11_5667_N2A-novelband1,11,nearest_dist,BASE_gbtree,0,n2
11_5667_N2B-ordinal1,11,nearest_class,BASE_gbtree,0,n2
11_5667_N2C-radius1,11,counting,BASE_gbtree,1,n2
11_5668_N2A-novelband1,11,nearest_dist,BASE_gbtree,1,n2
11_5668_N2B-ordinal1,11,nearest_class,BASE_gbtree,0,n2
11_5668_N2C-radius1,11,counting,BASE_gbtree,1,n2
11_5671_N2A-novelband1,11,nearest_dist,BASE_gbtree,0,n2
11_5671_N2B-ordinal1,11,nearest_class,BASE_gbtree,0,n2
11_5671_N2C-radius1,11,counting,BASE_gbtree,0,n2
11_5674_N2A-novelband1,11,nearest_dist,BASE_gbtree,0,n2
11_5674_N2B-ordinal1,11,nearest_class,BASE_gbtree,0,n2
11_5674_N2C-radius1,11,counting,BASE_gbtree,0,n2
11_5769_N2A-novelband1,11,nearest_dist,BASE_gbtree,1,n2
11_5769_N2B-ordinal1,11,nearest_class,BASE_gbtree,1,n2
11_5769_N2C-radius1,11,counting,BASE_gbtree,1,n2
11_5776_N2A-novelband1,11,nearest_dist,BASE_gbtree,1,n2
11_5776_N2B-ordinal1,11,nearest_class,BASE_gbtree,0,n2
11_5776_N2C-radius1,11,counting,BASE_gbtree,0,n2
11_5785_N2A-novelband1,11,nearest_dist,BASE_gbtree,1,n2
11_5785_N2B-ordinal1,11,nearest_class,BASE_gbtree,0,n2
11_5785_N2C-radius1,11,counting,BASE_gbtree,0,n2
12_10418_N2A-novelband1,12,nearest_dist,BASE_gbtree,0,n2
12_10418_N2B-ordinal1,12,nearest_class,BASE_gbtree,0,n2
12_10418_N2C-radius1,12,counting,BASE_gbtree,1,n2
12_10422_N2A-novelband1,12,nearest_dist,BASE_gbtree,0,n2
12_10422_N2B-ordinal1,12,nearest_class,BASE_gbtree,0,n2
12_10422_N2C-radius1,12,counting,BASE_gbtree,1,n2
12_10423_N2A-novelband1,12,nearest_dist,BASE_gbtree,1,n2
12_10423_N2B-ordinal1,12,nearest_class,BASE_gbtree,1,n2
12_10423_N2C-radius1,12,counting,BASE_gbtree,0,n2
12_10428_N2A-novelband1,12,nearest_dist,BASE_gbtree,0,n2
12_10428_N2B-ordinal1,12,nearest_class,BASE_gbtree,1,n2
12_10428_N2C-radius1,12,counting,BASE_gbtree,1,n2
12_10438_N2A-novelband1,12,nearest_dist,BASE_gbtree,1,n2
12_10438_N2C-radius1,12,counting,BASE_gbtree,1,n2
12_10442_N2A-novelband1,12,nearest_dist,BASE_gbtree,1,n2
12_10442_N2C-radius1,12,counting,BASE_gbtree,0,n2
12_10445_N2A-novelband1,12,nearest_dist,BASE_gbtree,0,n2
12_10445_N2C-radius1,12,counting,BASE_gbtree,0,n2
12_10446_N2A-novelband1,12,nearest_dist,BASE_gbtree,1,n2
12_10446_N2C-radius1,12,counting,BASE_gbtree,0,n2
12_10537_N2A-novelband1,12,nearest_dist,BASE_gbtree,1,n2
12_10537_N2B-ordinal1,12,nearest_class,BASE_gbtree,0,n2
12_10537_N2C-radius1,12,counting,BASE_gbtree,0,n2
12_10550_N2A-novelband1,12,nearest_dist,BASE_gbtree,0,n2
12_10550_N2B-ordinal1,12,nearest_class,BASE_gbtree,0,n2
12_10550_N2C-radius1,12,counting,BASE_gbtree,0,n2
12_11507_N2A-novelband1,12,nearest_dist,BASE_gbtree,0,n2
12_11507_N2B-ordinal1,12,nearest_class,BASE_gbtree,1,n2
12_11507_N2C-radius1,12,counting,BASE_gbtree,1,n2
12_11508_N2A-novelband1,12,nearest_dist,BASE_gbtree,0,n2
12_11508_N2B-ordinal1,12,nearest_class,BASE_gbtree,1,n2
12_11508_N2C-radius1,12,counting,BASE_gbtree,1,n2
12_11526_N2A-novelband1,12,nearest_dist,BASE_gbtree,0,n2
12_11526_N2B-ordinal1,12,nearest_class,BASE_gbtree,1,n2
12_11526_N2C-radius1,12,counting,BASE_gbtree,0,n2
12_11529_N2A-novelband1,12,nearest_dist,BASE_gbtree,0,n2
12_11529_N2B-ordinal1,12,nearest_class,BASE_gbtree,0,n2
12_11529_N2C-radius1,12,counting,BASE_gbtree,0,n2
12_11592_N2A-novelband1,12,nearest_dist,BASE_gbtree,1,n2
12_11592_N2B-ordinal1,12,nearest_class,BASE_gbtree,0,n2
12_11592_N2C-radius1,12,counting,BASE_gbtree,0,n2
12_11594_N2A-novelband1,12,nearest_dist,BASE_gbtree,0,n2
12_11594_N2B-ordinal1,12,nearest_class,BASE_gbtree,0,n2
12_11594_N2C-radius1,12,counting,BASE_gbtree,0,n2
12_11599_N2A-novelband1,12,nearest_dist,BASE_gbtree,1,n2
12_11599_N2B-ordinal1,12,nearest_class,BASE_gbtree,0,n2
12_11599_N2C-radius1,12,counting,BASE_gbtree,1,n2
12_11600_N2A-novelband1,12,nearest_dist,BASE_gbtree,0,n2
12_11600_N2B-ordinal1,12,nearest_class,BASE_gbtree,0,n2
12_11600_N2C-radius1,12,counting,BASE_gbtree,0,n2
12_11605_N2A-novelband1,12,nearest_dist,BASE_gbtree,0,n2
12_11605_N2B-ordinal1,12,nearest_class,BASE_gbtree,1,n2
12_11605_N2C-radius1,12,counting,BASE_gbtree,0,n2
12_11618_N2A-novelband1,12,nearest_dist,BASE_gbtree,0,n2
12_11618_N2B-ordinal1,12,nearest_class,BASE_gbtree,0,n2
12_11618_N2C-radius1,12,counting,BASE_gbtree,0,n2
12_2675_N2A-novelband1,12,nearest_dist,BASE_gbtree,0,n2
12_2675_N2B-ordinal1,12,nearest_class,BASE_gbtree,0,n2
12_2675_N2C-radius1,12,counting,BASE_gbtree,0,n2
12_2676_N2A-novelband1,12,nearest_dist,BASE_gbtree,1,n2
12_2676_N2B-ordinal1,12,nearest_class,BASE_gbtree,1,n2
12_2676_N2C-radius1,12,counting,BASE_gbtree,1,n2
12_2681_N2A-novelband1,12,nearest_dist,BASE_gbtree,1,n2
12_2681_N2B-ordinal1,12,nearest_class,BASE_gbtree,0,n2
12_2681_N2C-radius1,12,counting,BASE_gbtree,1,n2
12_2687_N2A-novelband1,12,nearest_dist,BASE_gbtree,1,n2
12_2687_N2B-ordinal1,12,nearest_class,BASE_gbtree,0,n2
12_2687_N2C-radius1,12,counting,BASE_gbtree,0,n2
12_2697_N2A-novelband1,12,nearest_dist,BASE_gbtree,0,n2
12_2697_N2B-ordinal1,12,nearest_class,BASE_gbtree,0,n2
12_2697_N2C-radius1,12,counting,BASE_gbtree,0,n2
12_2700_N2A-novelband1,12,nearest_dist,BASE_gbtree,0,n2
12_2700_N2B-ordinal1,12,nearest_class,BASE_gbtree,1,n2
12_2700_N2C-radius1,12,counting,BASE_gbtree,0,n2
12_2863_N2A-novelband1,12,nearest_dist,BASE_gbtree,1,n2
12_2863_N2B-ordinal1,12,nearest_class,BASE_gbtree,0,n2
12_2863_N2C-radius1,12,counting,BASE_gbtree,1,n2
12_2864_N2A-novelband1,12,nearest_dist,BASE_gbtree,0,n2
12_2864_N2B-ordinal1,12,nearest_class,BASE_gbtree,0,n2
12_2864_N2C-radius1,12,counting,BASE_gbtree,0,n2
12_2867_N2A-novelband1,12,nearest_dist,BASE_gbtree,0,n2
12_2867_N2B-ordinal1,12,nearest_class,BASE_gbtree,0,n2
12_2867_N2C-radius1,12,counting,BASE_gbtree,0,n2
12_2871_N2A-novelband1,12,nearest_dist,BASE_gbtree,0,n2
12_2871_N2B-ordinal1,12,nearest_class,BASE_gbtree,0,n2
12_2871_N2C-radius1,12,counting,BASE_gbtree,0,n2
12_2877_N2A-novelband1,12,nearest_dist,BASE_gbtree,0,n2
12_2877_N2B-ordinal1,12,nearest_class,BASE_gbtree,1,n2
12_2877_N2C-radius1,12,counting,BASE_gbtree,0,n2
12_2883_N2A-novelband1,12,nearest_dist,BASE_gbtree,0,n2
12_2883_N2B-ordinal1,12,nearest_class,BASE_gbtree,0,n2
12_2883_N2C-radius1,12,counting,BASE_gbtree,0,n2
12_2887_N2A-novelband1,12,nearest_dist,BASE_gbtree,1,n2
12_2887_N2B-ordinal1,12,nearest_class,BASE_gbtree,0,n2
12_2887_N2C-radius1,12,counting,BASE_gbtree,0,n2
12_2890_N2A-novelband1,12,nearest_dist,BASE_gbtree,0,n2
12_2890_N2B-ordinal1,12,nearest_class,BASE_gbtree,0,n2
12_2890_N2C-radius1,12,counting,BASE_gbtree,0,n2
12_2892_N2A-novelband1,12,nearest_dist,BASE_gbtree,1,n2
12_2892_N2B-ordinal1,12,nearest_class,BASE_gbtree,0,n2
12_2892_N2C-radius1,12,counting,BASE_gbtree,0,n2
12_2893_N2A-novelband1,12,nearest_dist,BASE_gbtree,1,n2
12_2893_N2B-ordinal1,12,nearest_class,BASE_gbtree,0,n2
12_2893_N2C-radius1,12,counting,BASE_gbtree,0,n2
12_2896_N2A-novelband1,12,nearest_dist,BASE_gbtree,1,n2
12_2896_N2B-ordinal1,12,nearest_class,BASE_gbtree,1,n2
12_2896_N2C-radius1,12,counting,BASE_gbtree,0,n2
12_2903_N2A-novelband1,12,nearest_dist,BASE_gbtree,1,n2
12_2903_N2B-ordinal1,12,nearest_class,BASE_gbtree,0,n2
12_2903_N2C-radius1,12,counting,BASE_gbtree,0,n2
12_2905_N2A-novelband1,12,nearest_dist,BASE_gbtree,0,n2
12_2905_N2B-ordinal1,12,nearest_class,BASE_gbtree,1,n2
12_2905_N2C-radius1,12,counting,BASE_gbtree,0,n2
13_10067_N2A-novelband1,13,nearest_dist,BASE_gbtree,1,n2
13_10067_N2B-ordinal1,13,nearest_class,BASE_gbtree,0,n2
13_10067_N2C-radius1,13,counting,BASE_gbtree,0,n2
13_10070_N2A-novelband1,13,nearest_dist,BASE_gbtree,0,n2
13_10070_N2B-ordinal1,13,nearest_class,BASE_gbtree,0,n2
13_10070_N2C-radius1,13,counting,BASE_gbtree,0,n2
13_10072_N2A-novelband1,13,nearest_dist,BASE_gbtree,0,n2
13_10072_N2B-ordinal1,13,nearest_class,BASE_gbtree,0,n2
13_10072_N2C-radius1,13,counting,BASE_gbtree,0,n2
13_10081_N2A-novelband1,13,nearest_dist,BASE_gbtree,0,n2
13_10081_N2B-ordinal1,13,nearest_class,BASE_gbtree,0,n2
13_10081_N2C-radius1,13,counting,BASE_gbtree,1,n2
13_10414_N2A-novelband1,13,nearest_dist,BASE_gbtree,1,n2
13_10414_N2B-ordinal1,13,nearest_class,BASE_gbtree,0,n2
13_10414_N2C-radius1,13,counting,BASE_gbtree,0,n2
13_10415_N2A-novelband1,13,nearest_dist,BASE_gbtree,0,n2
13_10415_N2B-ordinal1,13,nearest_class,BASE_gbtree,1,n2
13_10415_N2C-radius1,13,counting,BASE_gbtree,1,n2
13_10426_N2A-novelband1,13,nearest_dist,BASE_gbtree,0,n2
13_10426_N2B-ordinal1,13,nearest_class,BASE_gbtree,1,n2
13_10426_N2C-radius1,13,counting,BASE_gbtree,0,n2
13_10431_N2A-novelband1,13,nearest_dist,BASE_gbtree,1,n2
13_10431_N2B-ordinal1,13,nearest_class,BASE_gbtree,0,n2
13_10431_N2C-radius1,13,counting,BASE_gbtree,0,n2
13_10441_N2A-novelband1,13,nearest_dist,BASE_gbtree,0,n2
13_10441_N2B-ordinal1,13,nearest_class,BASE_gbtree,0,n2
13_10441_N2C-radius1,13,counting,BASE_gbtree,0,n2
13_10449_N2A-novelband1,13,nearest_dist,BASE_gbtree,0,n2
13_10449_N2B-ordinal1,13,nearest_class,BASE_gbtree,1,n2
13_10449_N2C-radius1,13,counting,BASE_gbtree,0,n2
13_10457_N2A-novelband1,13,nearest_dist,BASE_gbtree,1,n2
13_10457_N2B-ordinal1,13,nearest_class,BASE_gbtree,1,n2
13_10457_N2C-radius1,13,counting,BASE_gbtree,0,n2
13_10458_N2A-novelband1,13,nearest_dist,BASE_gbtree,0,n2
13_10458_N2B-ordinal1,13,nearest_class,BASE_gbtree,0,n2
13_10458_N2C-radius1,13,counting,BASE_gbtree,1,n2
13_10462_N2A-novelband1,13,nearest_dist,BASE_gbtree,0,n2
13_10462_N2B-ordinal1,13,nearest_class,BASE_gbtree,1,n2
13_10462_N2C-radius1,13,counting,BASE_gbtree,0,n2
13_10470_N2A-novelband1,13,nearest_dist,BASE_gbtree,1,n2
13_10470_N2B-ordinal1,13,nearest_class,BASE_gbtree,0,n2
13_10470_N2C-radius1,13,counting,BASE_gbtree,0,n2
13_10472_N2A-novelband1,13,nearest_dist,BASE_gbtree,1,n2
13_10472_N2B-ordinal1,13,nearest_class,BASE_gbtree,0,n2
13_10472_N2C-radius1,13,counting,BASE_gbtree,0,n2
13_10477_N2A-novelband1,13,nearest_dist,BASE_gbtree,0,n2
13_10477_N2B-ordinal1,13,nearest_class,BASE_gbtree,0,n2
13_10477_N2C-radius1,13,counting,BASE_gbtree,0,n2
13_10478_N2A-novelband1,13,nearest_dist,BASE_gbtree,1,n2
13_10478_N2B-ordinal1,13,nearest_class,BASE_gbtree,0,n2
13_10478_N2C-radius1,13,counting,BASE_gbtree,1,n2
13_10479_N2A-novelband1,13,nearest_dist,BASE_gbtree,0,n2
13_10479_N2B-ordinal1,13,nearest_class,BASE_gbtree,0,n2
13_10479_N2C-radius1,13,counting,BASE_gbtree,0,n2
13_10487_N2A-novelband1,13,nearest_dist,BASE_gbtree,0,n2
13_10487_N2B-ordinal1,13,nearest_class,BASE_gbtree,0,n2
13_10487_N2C-radius1,13,counting,BASE_gbtree,0,n2
13_10489_N2A-novelband1,13,nearest_dist,BASE_gbtree,0,n2
13_10489_N2B-ordinal1,13,nearest_class,BASE_gbtree,0,n2
13_10489_N2C-radius1,13,counting,BASE_gbtree,0,n2
13_10490_N2A-novelband1,13,nearest_dist,BASE_gbtree,0,n2
13_10490_N2B-ordinal1,13,nearest_class,BASE_gbtree,0,n2
13_10490_N2C-radius1,13,counting,BASE_gbtree,1,n2
13_10494_N2A-novelband1,13,nearest_dist,BASE_gbtree,1,n2
13_10494_N2B-ordinal1,13,nearest_class,BASE_gbtree,1,n2
13_10494_N2C-radius1,13,counting,BASE_gbtree,0,n2
13_1050_N2A-novelband1,13,nearest_dist,BASE_gbtree,1,n2
13_1050_N2B-ordinal1,13,nearest_class,BASE_gbtree,0,n2
13_1050_N2C-radius1,13,counting,BASE_gbtree,0,n2
13_10500_N2A-novelband1,13,nearest_dist,BASE_gbtree,0,n2
13_10500_N2B-ordinal1,13,nearest_class,BASE_gbtree,0,n2
13_10500_N2C-radius1,13,counting,BASE_gbtree,1,n2
13_10518_N2A-novelband1,13,nearest_dist,BASE_gbtree,1,n2
13_10518_N2B-ordinal1,13,nearest_class,BASE_gbtree,1,n2
13_10518_N2C-radius1,13,counting,BASE_gbtree,1,n2
13_10522_N2A-novelband1,13,nearest_dist,BASE_gbtree,0,n2
13_10522_N2B-ordinal1,13,nearest_class,BASE_gbtree,1,n2
13_10522_N2C-radius1,13,counting,BASE_gbtree,0,n2
13_10526_N2A-novelband1,13,nearest_dist,BASE_gbtree,0,n2
13_10526_N2B-ordinal1,13,nearest_class,BASE_gbtree,1,n2
13_10526_N2C-radius1,13,counting,BASE_gbtree,0,n2
13_10576_N2A-novelband1,13,nearest_dist,BASE_gbtree,0,n2
13_10576_N2B-ordinal1,13,nearest_class,BASE_gbtree,0,n2
13_10576_N2C-radius1,13,counting,BASE_gbtree,0,n2
13_10578_N2A-novelband1,13,nearest_dist,BASE_gbtree,1,n2
13_10578_N2B-ordinal1,13,nearest_class,BASE_gbtree,0,n2
13_10578_N2C-radius1,13,counting,BASE_gbtree,0,n2
13_10612_N2A-novelband1,13,nearest_dist,BASE_gbtree,1,n2
13_10612_N2B-ordinal1,13,nearest_class,BASE_gbtree,0,n2
13_10612_N2C-radius1,13,counting,BASE_gbtree,0,n2
13_10670_N2A-novelband1,13,nearest_dist,BASE_gbtree,0,n2
13_10670_N2B-ordinal1,13,nearest_class,BASE_gbtree,0,n2
13_10670_N2C-radius1,13,counting,BASE_gbtree,0,n2
13_10677_N2A-novelband1,13,nearest_dist,BASE_gbtree,0,n2
13_10677_N2B-ordinal1,13,nearest_class,BASE_gbtree,1,n2
13_10677_N2C-radius1,13,counting,BASE_gbtree,0,n2
13_10679_N2A-novelband1,13,nearest_dist,BASE_gbtree,0,n2
13_10679_N2B-ordinal1,13,nearest_class,BASE_gbtree,0,n2
13_10679_N2C-radius1,13,counting,BASE_gbtree,0,n2
13_10683_N2A-novelband1,13,nearest_dist,BASE_gbtree,0,n2
13_10683_N2B-ordinal1,13,nearest_class,BASE_gbtree,1,n2
13_10683_N2C-radius1,13,counting,BASE_gbtree,0,n2
13_10686_N2A-novelband1,13,nearest_dist,BASE_gbtree,1,n2
13_10686_N2B-ordinal1,13,nearest_class,BASE_gbtree,1,n2
13_10686_N2C-radius1,13,counting,BASE_gbtree,1,n2
13_10694_N2A-novelband1,13,nearest_dist,BASE_gbtree,0,n2
13_10694_N2B-ordinal1,13,nearest_class,BASE_gbtree,0,n2
13_10694_N2C-radius1,13,counting,BASE_gbtree,1,n2
13_10733_N2A-novelband1,13,nearest_dist,BASE_gbtree,1,n2
13_10733_N2B-ordinal1,13,nearest_class,BASE_gbtree,1,n2
13_10733_N2C-radius1,13,counting,BASE_gbtree,0,n2
13_10834_N2A-novelband1,13,nearest_dist,BASE_gbtree,0,n2
13_10834_N2B-ordinal1,13,nearest_class,BASE_gbtree,0,n2
13_10834_N2C-radius1,13,counting,BASE_gbtree,0,n2
13_10838_N2A-novelband1,13,nearest_dist,BASE_gbtree,1,n2
13_10838_N2B-ordinal1,13,nearest_class,BASE_gbtree,0,n2
13_10838_N2C-radius1,13,counting,BASE_gbtree,0,n2
13_1092_N2A-novelband1,13,nearest_dist,BASE_gbtree,0,n2
13_1092_N2B-ordinal1,13,nearest_class,BASE_gbtree,0,n2
13_1092_N2C-radius1,13,counting,BASE_gbtree,1,n2
13_11003_N2A-novelband1,13,nearest_dist,BASE_gbtree,0,n2
13_11003_N2B-ordinal1,13,nearest_class,BASE_gbtree,0,n2
13_11003_N2C-radius1,13,counting,BASE_gbtree,0,n2
13_11005_N2A-novelband1,13,nearest_dist,BASE_gbtree,1,n2
13_11005_N2B-ordinal1,13,nearest_class,BASE_gbtree,1,n2
13_11005_N2C-radius1,13,counting,BASE_gbtree,1,n2
13_11072_N2A-novelband1,13,nearest_dist,BASE_gbtree,0,n2
13_11072_N2B-ordinal1,13,nearest_class,BASE_gbtree,0,n2
13_11072_N2C-radius1,13,counting,BASE_gbtree,0,n2
13_11077_N2A-novelband1,13,nearest_dist,BASE_gbtree,1,n2
13_11077_N2B-ordinal1,13,nearest_class,BASE_gbtree,1,n2
13_11077_N2C-radius1,13,counting,BASE_gbtree,0,n2
13_11088_N2A-novelband1,13,nearest_dist,BASE_gbtree,1,n2
13_11088_N2B-ordinal1,13,nearest_class,BASE_gbtree,1,n2
13_11088_N2C-radius1,13,counting,BASE_gbtree,0,n2
13_11093_N2A-novelband1,13,nearest_dist,BASE_gbtree,0,n2
13_11093_N2B-ordinal1,13,nearest_class,BASE_gbtree,0,n2
13_11093_N2C-radius1,13,counting,BASE_gbtree,0,n2
13_11105_N2A-novelband1,13,nearest_dist,BASE_gbtree,1,n2
13_11105_N2B-ordinal1,13,nearest_class,BASE_gbtree,0,n2
13_11105_N2C-radius1,13,counting,BASE_gbtree,0,n2
13_11107_N2A-novelband1,13,nearest_dist,BASE_gbtree,0,n2
13_11107_N2B-ordinal1,13,nearest_class,BASE_gbtree,0,n2
13_11107_N2C-radius1,13,counting,BASE_gbtree,0,n2
13_11110_N2A-novelband1,13,nearest_dist,BASE_gbtree,0,n2
13_11110_N2B-ordinal1,13,nearest_class,BASE_gbtree,0,n2
13_11110_N2C-radius1,13,counting,BASE_gbtree,0,n2
13_11140_N2A-novelband1,13,nearest_dist,BASE_gbtree,0,n2
13_11140_N2B-ordinal1,13,nearest_class,BASE_gbtree,0,n2
13_11140_N2C-radius1,13,counting,BASE_gbtree,0,n2
13_11148_N2A-novelband1,13,nearest_dist,BASE_gbtree,0,n2
13_11148_N2B-ordinal1,13,nearest_class,BASE_gbtree,1,n2
13_11148_N2C-radius1,13,counting,BASE_gbtree,0,n2
13_11152_N2A-novelband1,13,nearest_dist,BASE_gbtree,1,n2
13_11152_N2B-ordinal1,13,nearest_class,BASE_gbtree,0,n2
13_11152_N2C-radius1,13,counting,BASE_gbtree,0,n2
13_11158_N2A-novelband1,13,nearest_dist,BASE_gbtree,0,n2
13_11158_N2B-ordinal1,13,nearest_class,BASE_gbtree,1,n2
13_11158_N2C-radius1,13,counting,BASE_gbtree,0,n2
13_11163_N2A-novelband1,13,nearest_dist,BASE_gbtree,1,n2
13_11163_N2B-ordinal1,13,nearest_class,BASE_gbtree,0,n2
13_11163_N2C-radius1,13,counting,BASE_gbtree,0,n2
13_11167_N2A-novelband1,13,nearest_dist,BASE_gbtree,0,n2
13_11167_N2B-ordinal1,13,nearest_class,BASE_gbtree,1,n2
13_11167_N2C-radius1,13,counting,BASE_gbtree,1,n2
13_11202_N2A-novelband1,13,nearest_dist,BASE_gbtree,0,n2
13_11202_N2B-ordinal1,13,nearest_class,BASE_gbtree,0,n2
13_11202_N2C-radius1,13,counting,BASE_gbtree,0,n2
13_11204_N2A-novelband1,13,nearest_dist,BASE_gbtree,0,n2
13_11204_N2B-ordinal1,13,nearest_class,BASE_gbtree,0,n2
13_11204_N2C-radius1,13,counting,BASE_gbtree,1,n2
13_11205_N2A-novelband1,13,nearest_dist,BASE_gbtree,0,n2
13_11205_N2B-ordinal1,13,nearest_class,BASE_gbtree,0,n2
13_11205_N2C-radius1,13,counting,BASE_gbtree,0,n2
13_11206_N2A-novelband1,13,nearest_dist,BASE_gbtree,0,n2
13_11206_N2B-ordinal1,13,nearest_class,BASE_gbtree,0,n2
13_11206_N2C-radius1,13,counting,BASE_gbtree,0,n2
13_11215_N2A-novelband1,13,nearest_dist,BASE_gbtree,0,n2
13_11215_N2B-ordinal1,13,nearest_class,BASE_gbtree,0,n2
13_11215_N2C-radius1,13,counting,BASE_gbtree,0,n2
13_11222_N2A-novelband1,13,nearest_dist,BASE_gbtree,1,n2
13_11222_N2B-ordinal1,13,nearest_class,BASE_gbtree,0,n2
13_11222_N2C-radius1,13,counting,BASE_gbtree,0,n2
13_11226_N2A-novelband1,13,nearest_dist,BASE_gbtree,0,n2
13_11226_N2B-ordinal1,13,nearest_class,BASE_gbtree,0,n2
13_11226_N2C-radius1,13,counting,BASE_gbtree,0,n2
13_11229_N2A-novelband1,13,nearest_dist,BASE_gbtree,0,n2
13_11229_N2B-ordinal1,13,nearest_class,BASE_gbtree,0,n2
13_11229_N2C-radius1,13,counting,BASE_gbtree,0,n2
13_11230_N2A-novelband1,13,nearest_dist,BASE_gbtree,0,n2
13_11230_N2B-ordinal1,13,nearest_class,BASE_gbtree,1,n2
13_11230_N2C-radius1,13,counting,BASE_gbtree,0,n2
13_1126_N2A-novelband1,13,nearest_dist,BASE_gbtree,0,n2
13_1126_N2B-ordinal1,13,nearest_class,BASE_gbtree,1,n2
13_1126_N2C-radius1,13,counting,BASE_gbtree,1,n2
13_11266_N2A-novelband1,13,nearest_dist,BASE_gbtree,0,n2
13_11266_N2B-ordinal1,13,nearest_class,BASE_gbtree,1,n2
13_11266_N2C-radius1,13,counting,BASE_gbtree,1,n2
13_1129_N2A-novelband1,13,nearest_dist,BASE_gbtree,0,n2
13_1129_N2B-ordinal1,13,nearest_class,BASE_gbtree,1,n2
13_1129_N2C-radius1,13,counting,BASE_gbtree,1,n2
13_1130_N2A-novelband1,13,nearest_dist,BASE_gbtree,1,n2
13_1130_N2B-ordinal1,13,nearest_class,BASE_gbtree,1,n2
13_1130_N2C-radius1,13,counting,BASE_gbtree,0,n2
13_1131_N2A-novelband1,13,nearest_dist,BASE_gbtree,1,n2
13_1131_N2B-ordinal1,13,nearest_class,BASE_gbtree,0,n2
13_1131_N2C-radius1,13,counting,BASE_gbtree,1,n2
13_1139_N2A-novelband1,13,nearest_dist,BASE_gbtree,0,n2
13_1139_N2B-ordinal1,13,nearest_class,BASE_gbtree,1,n2
13_1139_N2C-radius1,13,counting,BASE_gbtree,0,n2
13_1141_N2A-novelband1,13,nearest_dist,BASE_gbtree,0,n2
13_1141_N2B-ordinal1,13,nearest_class,BASE_gbtree,0,n2
13_1141_N2C-radius1,13,counting,BASE_gbtree,0,n2
13_1142_N2A-novelband1,13,nearest_dist,BASE_gbtree,0,n2
13_1142_N2B-ordinal1,13,nearest_class,BASE_gbtree,0,n2
13_1142_N2C-radius1,13,counting,BASE_gbtree,0,n2
13_1146_N2A-novelband1,13,nearest_dist,BASE_gbtree,1,n2
13_1146_N2B-ordinal1,13,nearest_class,BASE_gbtree,1,n2
13_1146_N2C-radius1,13,counting,BASE_gbtree,0,n2
13_1148_N2A-novelband1,13,nearest_dist,BASE_gbtree,1,n2
13_1148_N2B-ordinal1,13,nearest_class,BASE_gbtree,1,n2
13_1148_N2C-radius1,13,counting,BASE_gbtree,0,n2
13_1149_N2A-novelband1,13,nearest_dist,BASE_gbtree,0,n2
13_1149_N2B-ordinal1,13,nearest_class,BASE_gbtree,0,n2
13_1149_N2C-radius1,13,counting,BASE_gbtree,1,n2
13_1181_N2A-novelband1,13,nearest_dist,BASE_gbtree,0,n2
13_1181_N2B-ordinal1,13,nearest_class,BASE_gbtree,0,n2
13_1181_N2C-radius1,13,counting,BASE_gbtree,0,n2
13_11900_N2A-novelband1,13,nearest_dist,BASE_gbtree,0,n2
13_11900_N2B-ordinal1,13,nearest_class,BASE_gbtree,0,n2
13_11900_N2C-radius1,13,counting,BASE_gbtree,0,n2
13_11909_N2A-novelband1,13,nearest_dist,BASE_gbtree,1,n2
13_11909_N2B-ordinal1,13,nearest_class,BASE_gbtree,1,n2
13_11909_N2C-radius1,13,counting,BASE_gbtree,0,n2
13_1191_N2A-novelband1,13,nearest_dist,BASE_gbtree,0,n2
13_1191_N2B-ordinal1,13,nearest_class,BASE_gbtree,1,n2
13_1191_N2C-radius1,13,counting,BASE_gbtree,0,n2
13_1198_N2A-novelband1,13,nearest_dist,BASE_gbtree,0,n2
13_1198_N2B-ordinal1,13,nearest_class,BASE_gbtree,1,n2
13_1198_N2C-radius1,13,counting,BASE_gbtree,0,n2
13_11996_N2A-novelband1,13,nearest_dist,BASE_gbtree,0,n2
13_11996_N2B-ordinal1,13,nearest_class,BASE_gbtree,1,n2
13_11996_N2C-radius1,13,counting,BASE_gbtree,0,n2
13_11998_N2A-novelband1,13,nearest_dist,BASE_gbtree,1,n2
13_11998_N2B-ordinal1,13,nearest_class,BASE_gbtree,0,n2
13_11998_N2C-radius1,13,counting,BASE_gbtree,0,n2
13_12012_N2A-novelband1,13,nearest_dist,BASE_gbtree,0,n2
13_12012_N2B-ordinal1,13,nearest_class,BASE_gbtree,1,n2
13_12012_N2C-radius1,13,counting,BASE_gbtree,0,n2
13_12015_N2A-novelband1,13,nearest_dist,BASE_gbtree,0,n2
13_12015_N2B-ordinal1,13,nearest_class,BASE_gbtree,0,n2
13_12015_N2C-radius1,13,counting,BASE_gbtree,0,n2
13_12016_N2A-novelband1,13,nearest_dist,BASE_gbtree,0,n2
13_12016_N2B-ordinal1,13,nearest_class,BASE_gbtree,0,n2
13_12016_N2C-radius1,13,counting,BASE_gbtree,0,n2
13_12022_N2A-novelband1,13,nearest_dist,BASE_gbtree,1,n2
13_12022_N2B-ordinal1,13,nearest_class,BASE_gbtree,0,n2
13_12022_N2C-radius1,13,counting,BASE_gbtree,0,n2
13_12025_N2A-novelband1,13,nearest_dist,BASE_gbtree,0,n2
13_12025_N2B-ordinal1,13,nearest_class,BASE_gbtree,0,n2
13_12025_N2C-radius1,13,counting,BASE_gbtree,0,n2
13_12026_N2A-novelband1,13,nearest_dist,BASE_gbtree,0,n2
13_12026_N2B-ordinal1,13,nearest_class,BASE_gbtree,1,n2
13_12026_N2C-radius1,13,counting,BASE_gbtree,0,n2
13_12033_N2A-novelband1,13,nearest_dist,BASE_gbtree,1,n2
13_12033_N2B-ordinal1,13,nearest_class,BASE_gbtree,0,n2
13_12033_N2C-radius1,13,counting,BASE_gbtree,0,n2
13_12036_N2A-novelband1,13,nearest_dist,BASE_gbtree,0,n2
13_12036_N2B-ordinal1,13,nearest_class,BASE_gbtree,1,n2
13_12036_N2C-radius1,13,counting,BASE_gbtree,0,n2
13_12038_N2A-novelband1,13,nearest_dist,BASE_gbtree,0,n2
13_12038_N2B-ordinal1,13,nearest_class,BASE_gbtree,1,n2
13_12038_N2C-radius1,13,counting,BASE_gbtree,0,n2
13_12255_N2A-novelband1,13,nearest_dist,BASE_gbtree,0,n2
13_12255_N2B-ordinal1,13,nearest_class,BASE_gbtree,1,n2
13_12255_N2C-radius1,13,counting,BASE_gbtree,0,n2
13_12258_N2A-novelband1,13,nearest_dist,BASE_gbtree,1,n2
13_12258_N2B-ordinal1,13,nearest_class,BASE_gbtree,0,n2
13_12258_N2C-radius1,13,counting,BASE_gbtree,1,n2
13_12260_N2A-novelband1,13,nearest_dist,BASE_gbtree,0,n2
13_12260_N2B-ordinal1,13,nearest_class,BASE_gbtree,0,n2
13_12260_N2C-radius1,13,counting,BASE_gbtree,1,n2
13_12275_N2A-novelband1,13,nearest_dist,BASE_gbtree,0,n2
13_12275_N2B-ordinal1,13,nearest_class,BASE_gbtree,0,n2
13_12275_N2C-radius1,13,counting,BASE_gbtree,0,n2
13_12281_N2A-novelband1,13,nearest_dist,BASE_gbtree,0,n2
13_12281_N2B-ordinal1,13,nearest_class,BASE_gbtree,1,n2
13_12281_N2C-radius1,13,counting,BASE_gbtree,1,n2
13_12287_N2A-novelband1,13,nearest_dist,BASE_gbtree,1,n2
13_12287_N2B-ordinal1,13,nearest_class,BASE_gbtree,0,n2
13_12287_N2C-radius1,13,counting,BASE_gbtree,0,n2
13_12288_N2A-novelband1,13,nearest_dist,BASE_gbtree,1,n2
13_12288_N2B-ordinal1,13,nearest_class,BASE_gbtree,0,n2
13_12288_N2C-radius1,13,counting,BASE_gbtree,0,n2
13_12291_N2A-novelband1,13,nearest_dist,BASE_gbtree,1,n2
13_12291_N2B-ordinal1,13,nearest_class,BASE_gbtree,0,n2
13_12291_N2C-radius1,13,counting,BASE_gbtree,0,n2
13_12292_N2A-novelband1,13,nearest_dist,BASE_gbtree,0,n2
13_12292_N2B-ordinal1,13,nearest_class,BASE_gbtree,0,n2
13_12292_N2C-radius1,13,counting,BASE_gbtree,0,n2
13_12295_N2A-novelband1,13,nearest_dist,BASE_gbtree,1,n2
13_12295_N2B-ordinal1,13,nearest_class,BASE_gbtree,1,n2
13_12295_N2C-radius1,13,counting,BASE_gbtree,0,n2
13_12298_N2A-novelband1,13,nearest_dist,BASE_gbtree,0,n2
13_12298_N2B-ordinal1,13,nearest_class,BASE_gbtree,0,n2
13_12298_N2C-radius1,13,counting,BASE_gbtree,0,n2
13_12299_N2A-novelband1,13,nearest_dist,BASE_gbtree,0,n2
13_12299_N2B-ordinal1,13,nearest_class,BASE_gbtree,0,n2
13_12299_N2C-radius1,13,counting,BASE_gbtree,1,n2
13_12354_N2A-novelband1,13,nearest_dist,BASE_gbtree,0,n2
13_12354_N2B-ordinal1,13,nearest_class,BASE_gbtree,0,n2
13_12354_N2C-radius1,13,counting,BASE_gbtree,0,n2
13_12355_N2A-novelband1,13,nearest_dist,BASE_gbtree,0,n2
13_12355_N2B-ordinal1,13,nearest_class,BASE_gbtree,1,n2
13_12355_N2C-radius1,13,counting,BASE_gbtree,0,n2
13_12363_N2A-novelband1,13,nearest_dist,BASE_gbtree,0,n2
13_12363_N2B-ordinal1,13,nearest_class,BASE_gbtree,0,n2
13_12363_N2C-radius1,13,counting,BASE_gbtree,1,n2
13_12367_N2A-novelband1,13,nearest_dist,BASE_gbtree,0,n2
13_12367_N2B-ordinal1,13,nearest_class,BASE_gbtree,1,n2
13_12367_N2C-radius1,13,counting,BASE_gbtree,0,n2
13_12368_N2A-novelband1,13,nearest_dist,BASE_gbtree,1,n2
13_12368_N2B-ordinal1,13,nearest_class,BASE_gbtree,0,n2
13_12368_N2C-radius1,13,counting,BASE_gbtree,0,n2
13_12372_N2A-novelband1,13,nearest_dist,BASE_gbtree,0,n2
13_12372_N2B-ordinal1,13,nearest_class,BASE_gbtree,0,n2
13_12372_N2C-radius1,13,counting,BASE_gbtree,1,n2
13_1801_N2A-novelband1,13,nearest_dist,BASE_gbtree,0,n2
13_1801_N2B-ordinal1,13,nearest_class,BASE_gbtree,0,n2
13_1801_N2C-radius1,13,counting,BASE_gbtree,1,n2
13_1803_N2A-novelband1,13,nearest_dist,BASE_gbtree,1,n2
13_1803_N2B-ordinal1,13,nearest_class,BASE_gbtree,1,n2
13_1803_N2C-radius1,13,counting,BASE_gbtree,0,n2
13_1808_N2A-novelband1,13,nearest_dist,BASE_gbtree,1,n2
13_1808_N2B-ordinal1,13,nearest_class,BASE_gbtree,0,n2
13_1808_N2C-radius1,13,counting,BASE_gbtree,0,n2
13_1812_N2A-novelband1,13,nearest_dist,BASE_gbtree,1,n2
13_1812_N2B-ordinal1,13,nearest_class,BASE_gbtree,0,n2
13_1812_N2C-radius1,13,counting,BASE_gbtree,0,n2
13_1814_N2A-novelband1,13,nearest_dist,BASE_gbtree,0,n2
13_1814_N2B-ordinal1,13,nearest_class,BASE_gbtree,0,n2
13_1814_N2C-radius1,13,counting,BASE_gbtree,0,n2
13_1844_N2A-novelband1,13,nearest_dist,BASE_gbtree,0,n2
13_1844_N2B-ordinal1,13,nearest_class,BASE_gbtree,0,n2
13_1844_N2C-radius1,13,counting,BASE_gbtree,0,n2
13_1875_N2A-novelband1,13,nearest_dist,BASE_gbtree,0,n2
13_1875_N2B-ordinal1,13,nearest_class,BASE_gbtree,0,n2
13_1875_N2C-radius1,13,counting,BASE_gbtree,1,n2
13_1878_N2A-novelband1,13,nearest_dist,BASE_gbtree,0,n2
13_1878_N2B-ordinal1,13,nearest_class,BASE_gbtree,0,n2
13_1878_N2C-radius1,13,counting,BASE_gbtree,0,n2
13_1882_N2A-novelband1,13,nearest_dist,BASE_gbtree,0,n2
13_1882_N2B-ordinal1,13,nearest_class,BASE_gbtree,1,n2
13_1882_N2C-radius1,13,counting,BASE_gbtree,0,n2
13_1944_N2A-novelband1,13,nearest_dist,BASE_gbtree,1,n2
13_1944_N2B-ordinal1,13,nearest_class,BASE_gbtree,0,n2
13_1944_N2C-radius1,13,counting,BASE_gbtree,0,n2
13_2034_N2A-novelband1,13,nearest_dist,BASE_gbtree,1,n2
13_2034_N2B-ordinal1,13,nearest_class,BASE_gbtree,0,n2
13_2034_N2C-radius1,13,counting,BASE_gbtree,0,n2
13_2037_N2A-novelband1,13,nearest_dist,BASE_gbtree,0,n2
13_2037_N2B-ordinal1,13,nearest_class,BASE_gbtree,1,n2
13_2037_N2C-radius1,13,counting,BASE_gbtree,0,n2
13_2041_N2A-novelband1,13,nearest_dist,BASE_gbtree,1,n2
13_2041_N2B-ordinal1,13,nearest_class,BASE_gbtree,0,n2
13_2041_N2C-radius1,13,counting,BASE_gbtree,0,n2
13_2054_N2A-novelband1,13,nearest_dist,BASE_gbtree,0,n2
13_2054_N2B-ordinal1,13,nearest_class,BASE_gbtree,0,n2
13_2054_N2C-radius1,13,counting,BASE_gbtree,0,n2
13_2085_N2A-novelband1,13,nearest_dist,BASE_gbtree,0,n2
13_2085_N2B-ordinal1,13,nearest_class,BASE_gbtree,0,n2
13_2085_N2C-radius1,13,counting,BASE_gbtree,0,n2
13_2087_N2A-novelband1,13,nearest_dist,BASE_gbtree,0,n2
13_2087_N2B-ordinal1,13,nearest_class,BASE_gbtree,1,n2
13_2087_N2C-radius1,13,counting,BASE_gbtree,1,n2
13_2097_N2A-novelband1,13,nearest_dist,BASE_gbtree,0,n2
13_2097_N2B-ordinal1,13,nearest_class,BASE_gbtree,1,n2
13_2097_N2C-radius1,13,counting,BASE_gbtree,0,n2
13_2099_N2A-novelband1,13,nearest_dist,BASE_gbtree,0,n2
13_2099_N2B-ordinal1,13,nearest_class,BASE_gbtree,1,n2
13_2099_N2C-radius1,13,counting,BASE_gbtree,0,n2
13_2175_N2A-novelband1,13,nearest_dist,BASE_gbtree,1,n2
13_2175_N2B-ordinal1,13,nearest_class,BASE_gbtree,0,n2
13_2175_N2C-radius1,13,counting,BASE_gbtree,1,n2
13_2181_N2A-novelband1,13,nearest_dist,BASE_gbtree,0,n2
13_2181_N2B-ordinal1,13,nearest_class,BASE_gbtree,0,n2
13_2181_N2C-radius1,13,counting,BASE_gbtree,0,n2
13_2188_N2A-novelband1,13,nearest_dist,BASE_gbtree,0,n2
13_2188_N2B-ordinal1,13,nearest_class,BASE_gbtree,0,n2
13_2188_N2C-radius1,13,counting,BASE_gbtree,0,n2
13_2190_N2A-novelband1,13,nearest_dist,BASE_gbtree,0,n2
13_2190_N2B-ordinal1,13,nearest_class,BASE_gbtree,0,n2
13_2190_N2C-radius1,13,counting,BASE_gbtree,0,n2
13_5550_N2A-novelband1,13,nearest_dist,BASE_gbtree,1,n2
13_5550_N2B-ordinal1,13,nearest_class,BASE_gbtree,1,n2
13_5550_N2C-radius1,13,counting,BASE_gbtree,0,n2
13_5671_N2A-novelband1,13,nearest_dist,BASE_gbtree,1,n2
13_5671_N2B-ordinal1,13,nearest_class,BASE_gbtree,0,n2
13_5671_N2C-radius1,13,counting,BASE_gbtree,0,n2
13_5674_N2A-novelband1,13,nearest_dist,BASE_gbtree,1,n2
13_5674_N2B-ordinal1,13,nearest_class,BASE_gbtree,1,n2
13_5674_N2C-radius1,13,counting,BASE_gbtree,1,n2
13_5684_N2A-novelband1,13,nearest_dist,BASE_gbtree,1,n2
13_5684_N2B-ordinal1,13,nearest_class,BASE_gbtree,0,n2
13_5684_N2C-radius1,13,counting,BASE_gbtree,0,n2
13_5722_N2A-novelband1,13,nearest_dist,BASE_gbtree,0,n2
13_5722_N2B-ordinal1,13,nearest_class,BASE_gbtree,1,n2
13_5722_N2C-radius1,13,counting,BASE_gbtree,0,n2
13_5727_N2A-novelband1,13,nearest_dist,BASE_gbtree,0,n2
13_5727_N2B-ordinal1,13,nearest_class,BASE_gbtree,0,n2
13_5727_N2C-radius1,13,counting,BASE_gbtree,1,n2
13_5729_N2A-novelband1,13,nearest_dist,BASE_gbtree,0,n2
13_5729_N2B-ordinal1,13,nearest_class,BASE_gbtree,0,n2
13_5729_N2C-radius1,13,counting,BASE_gbtree,0,n2
13_5737_N2A-novelband1,13,nearest_dist,BASE_gbtree,0,n2
13_5737_N2B-ordinal1,13,nearest_class,BASE_gbtree,0,n2
13_5737_N2C-radius1,13,counting,BASE_gbtree,0,n2
13_5820_N2A-novelband1,13,nearest_dist,BASE_gbtree,0,n2
13_5820_N2B-ordinal1,13,nearest_class,BASE_gbtree,0,n2
13_5820_N2C-radius1,13,counting,BASE_gbtree,1,n2
13_5822_N2A-novelband1,13,nearest_dist,BASE_gbtree,0,n2
13_5822_N2B-ordinal1,13,nearest_class,BASE_gbtree,1,n2
13_5822_N2C-radius1,13,counting,BASE_gbtree,0,n2
13_5826_N2A-novelband1,13,nearest_dist,BASE_gbtree,0,n2
13_5826_N2B-ordinal1,13,nearest_class,BASE_gbtree,1,n2
13_5826_N2C-radius1,13,counting,BASE_gbtree,0,n2
13_5829_N2A-novelband1,13,nearest_dist,BASE_gbtree,0,n2
13_5829_N2B-ordinal1,13,nearest_class,BASE_gbtree,0,n2
13_5829_N2C-radius1,13,counting,BASE_gbtree,0,n2
13_5831_N2A-novelband1,13,nearest_dist,BASE_gbtree,0,n2
13_5831_N2B-ordinal1,13,nearest_class,BASE_gbtree,0,n2
13_5831_N2C-radius1,13,counting,BASE_gbtree,0,n2
13_5893_N2A-novelband1,13,nearest_dist,BASE_gbtree,0,n2
13_5893_N2B-ordinal1,13,nearest_class,BASE_gbtree,0,n2
13_5893_N2C-radius1,13,counting,BASE_gbtree,0,n2
13_5896_N2A-novelband1,13,nearest_dist,BASE_gbtree,1,n2
13_5896_N2B-ordinal1,13,nearest_class,BASE_gbtree,0,n2
13_5896_N2C-radius1,13,counting,BASE_gbtree,1,n2
13_5900_N2A-novelband1,13,nearest_dist,BASE_gbtree,0,n2
13_5900_N2B-ordinal1,13,nearest_class,BASE_gbtree,1,n2
13_5900_N2C-radius1,13,counting,BASE_gbtree,0,n2
13_5901_N2A-novelband1,13,nearest_dist,BASE_gbtree,1,n2
13_5901_N2B-ordinal1,13,nearest_class,BASE_gbtree,0,n2
13_5901_N2C-radius1,13,counting,BASE_gbtree,0,n2
13_6073_N2A-novelband1,13,nearest_dist,BASE_gbtree,1,n2
13_6073_N2B-ordinal1,13,nearest_class,BASE_gbtree,1,n2
13_6073_N2C-radius1,13,counting,BASE_gbtree,0,n2
13_6075_N2A-novelband1,13,nearest_dist,BASE_gbtree,0,n2
13_6075_N2B-ordinal1,13,nearest_class,BASE_gbtree,0,n2
13_6075_N2C-radius1,13,counting,BASE_gbtree,0,n2
13_6085_N2A-novelband1,13,nearest_dist,BASE_gbtree,0,n2
13_6085_N2B-ordinal1,13,nearest_class,BASE_gbtree,1,n2
13_6085_N2C-radius1,13,counting,BASE_gbtree,0,n2
13_6089_N2A-novelband1,13,nearest_dist,BASE_gbtree,0,n2
13_6089_N2B-ordinal1,13,nearest_class,BASE_gbtree,0,n2
13_6089_N2C-radius1,13,counting,BASE_gbtree,0,n2
13_6122_N2A-novelband1,13,nearest_dist,BASE_gbtree,1,n2
13_6122_N2B-ordinal1,13,nearest_class,BASE_gbtree,0,n2
13_6122_N2C-radius1,13,counting,BASE_gbtree,1,n2
13_6125_N2A-novelband1,13,nearest_dist,BASE_gbtree,0,n2
13_6125_N2B-ordinal1,13,nearest_class,BASE_gbtree,0,n2
13_6125_N2C-radius1,13,counting,BASE_gbtree,0,n2
13_6190_N2A-novelband1,13,nearest_dist,BASE_gbtree,0,n2
13_6190_N2B-ordinal1,13,nearest_class,BASE_gbtree,0,n2
13_6190_N2C-radius1,13,counting,BASE_gbtree,0,n2
13_6193_N2A-novelband1,13,nearest_dist,BASE_gbtree,0,n2
13_6193_N2B-ordinal1,13,nearest_class,BASE_gbtree,0,n2
13_6193_N2C-radius1,13,counting,BASE_gbtree,0,n2
13_6203_N2A-novelband1,13,nearest_dist,BASE_gbtree,1,n2
13_6203_N2B-ordinal1,13,nearest_class,BASE_gbtree,0,n2
13_6203_N2C-radius1,13,counting,BASE_gbtree,0,n2
13_6216_N2A-novelband1,13,nearest_dist,BASE_gbtree,0,n2
13_6216_N2B-ordinal1,13,nearest_class,BASE_gbtree,0,n2
13_6216_N2C-radius1,13,counting,BASE_gbtree,0,n2
13_6220_N2A-novelband1,13,nearest_dist,BASE_gbtree,0,n2
13_6220_N2B-ordinal1,13,nearest_class,BASE_gbtree,1,n2
13_6220_N2C-radius1,13,counting,BASE_gbtree,0,n2
13_6293_N2A-novelband1,13,nearest_dist,BASE_gbtree,1,n2
13_6293_N2B-ordinal1,13,nearest_class,BASE_gbtree,1,n2
13_6293_N2C-radius1,13,counting,BASE_gbtree,0,n2
13_6305_N2A-novelband1,13,nearest_dist,BASE_gbtree,0,n2
13_6305_N2B-ordinal1,13,nearest_class,BASE_gbtree,0,n2
13_6305_N2C-radius1,13,counting,BASE_gbtree,0,n2
13_6308_N2A-novelband1,13,nearest_dist,BASE_gbtree,0,n2
13_6308_N2B-ordinal1,13,nearest_class,BASE_gbtree,0,n2
13_6308_N2C-radius1,13,counting,BASE_gbtree,0,n2
13_6312_N2A-novelband1,13,nearest_dist,BASE_gbtree,0,n2
13_6312_N2B-ordinal1,13,nearest_class,BASE_gbtree,0,n2
13_6312_N2C-radius1,13,counting,BASE_gbtree,0,n2
13_6314_N2A-novelband1,13,nearest_dist,BASE_gbtree,0,n2
13_6314_N2B-ordinal1,13,nearest_class,BASE_gbtree,0,n2
13_6314_N2C-radius1,13,counting,BASE_gbtree,0,n2
13_9083_N2A-novelband1,13,nearest_dist,BASE_gbtree,0,n2
13_9083_N2B-ordinal1,13,nearest_class,BASE_gbtree,1,n2
13_9083_N2C-radius1,13,counting,BASE_gbtree,0,n2
13_9119_N2A-novelband1,13,nearest_dist,BASE_gbtree,0,n2
13_9119_N2B-ordinal1,13,nearest_class,BASE_gbtree,0,n2
13_9119_N2C-radius1,13,counting,BASE_gbtree,1,n2
13_9120_N2A-novelband1,13,nearest_dist,BASE_gbtree,1,n2
13_9120_N2B-ordinal1,13,nearest_class,BASE_gbtree,1,n2
13_9120_N2C-radius1,13,counting,BASE_gbtree,0,n2
13_9125_N2A-novelband1,13,nearest_dist,BASE_gbtree,0,n2
13_9125_N2B-ordinal1,13,nearest_class,BASE_gbtree,0,n2
13_9125_N2C-radius1,13,counting,BASE_gbtree,1,n2
13_9241_N2A-novelband1,13,nearest_dist,BASE_gbtree,1,n2
13_9241_N2B-ordinal1,13,nearest_class,BASE_gbtree,1,n2
13_9241_N2C-radius1,13,counting,BASE_gbtree,0,n2
13_9242_N2A-novelband1,13,nearest_dist,BASE_gbtree,1,n2
13_9242_N2B-ordinal1,13,nearest_class,BASE_gbtree,0,n2
13_9242_N2C-radius1,13,counting,BASE_gbtree,0,n2
13_9244_N2A-novelband1,13,nearest_dist,BASE_gbtree,0,n2
13_9244_N2B-ordinal1,13,nearest_class,BASE_gbtree,1,n2
13_9244_N2C-radius1,13,counting,BASE_gbtree,0,n2
13_9443_N2A-novelband1,13,nearest_dist,BASE_gbtree,0,n2
13_9443_N2B-ordinal1,13,nearest_class,BASE_gbtree,0,n2
13_9443_N2C-radius1,13,counting,BASE_gbtree,0,n2
13_9444_N2A-novelband1,13,nearest_dist,BASE_gbtree,0,n2
13_9444_N2B-ordinal1,13,nearest_class,BASE_gbtree,0,n2
13_9444_N2C-radius1,13,counting,BASE_gbtree,0,n2
13_9451_N2A-novelband1,13,nearest_dist,BASE_gbtree,0,n2
13_9451_N2B-ordinal1,13,nearest_class,BASE_gbtree,1,n2
13_9451_N2C-radius1,13,counting,BASE_gbtree,0,n2
13_9562_N2A-novelband1,13,nearest_dist,BASE_gbtree,1,n2
13_9562_N2B-ordinal1,13,nearest_class,BASE_gbtree,0,n2
13_9562_N2C-radius1,13,counting,BASE_gbtree,0,n2
13_9662_N2A-novelband1,13,nearest_dist,BASE_gbtree,0,n2
13_9662_N2B-ordinal1,13,nearest_class,BASE_gbtree,1,n2
13_9662_N2C-radius1,13,counting,BASE_gbtree,0,n2
13_9668_N2A-novelband1,13,nearest_dist,BASE_gbtree,1,n2
13_9668_N2B-ordinal1,13,nearest_class,BASE_gbtree,1,n2
13_9668_N2C-radius1,13,counting,BASE_gbtree,0,n2
13_9800_N2A-novelband1,13,nearest_dist,BASE_gbtree,1,n2
13_9800_N2B-ordinal1,13,nearest_class,BASE_gbtree,0,n2
13_9800_N2C-radius1,13,counting,BASE_gbtree,0,n2
13_9801_N2A-novelband1,13,nearest_dist,BASE_gbtree,1,n2
13_9801_N2B-ordinal1,13,nearest_class,BASE_gbtree,1,n2
13_9801_N2C-radius1,13,counting,BASE_gbtree,0,n2
13_9802_N2A-novelband1,13,nearest_dist,BASE_gbtree,0,n2
13_9802_N2B-ordinal1,13,nearest_class,BASE_gbtree,0,n2
13_9802_N2C-radius1,13,counting,BASE_gbtree,0,n2
13_9803_N2A-novelband1,13,nearest_dist,BASE_gbtree,1,n2
13_9803_N2B-ordinal1,13,nearest_class,BASE_gbtree,0,n2
13_9803_N2C-radius1,13,counting,BASE_gbtree,0,n2
13_9863_N2A-novelband1,13,nearest_dist,BASE_gbtree,0,n2
13_9863_N2B-ordinal1,13,nearest_class,BASE_gbtree,0,n2
13_9863_N2C-radius1,13,counting,BASE_gbtree,0,n2
13_9880_N2A-novelband1,13,nearest_dist,BASE_gbtree,1,n2
13_9880_N2B-ordinal1,13,nearest_class,BASE_gbtree,1,n2
13_9880_N2C-radius1,13,counting,BASE_gbtree,0,n2
13_9888_N2A-novelband1,13,nearest_dist,BASE_gbtree,0,n2
13_9888_N2B-ordinal1,13,nearest_class,BASE_gbtree,0,n2
13_9888_N2C-radius1,13,counting,BASE_gbtree,1,n2
13_9894_N2A-novelband1,13,nearest_dist,BASE_gbtree,0,n2
13_9894_N2B-ordinal1,13,nearest_class,BASE_gbtree,0,n2
13_9894_N2C-radius1,13,counting,BASE_gbtree,0,n2
13_9900_N2A-novelband1,13,nearest_dist,BASE_gbtree,1,n2
13_9900_N2B-ordinal1,13,nearest_class,BASE_gbtree,0,n2
13_9900_N2C-radius1,13,counting,BASE_gbtree,0,n2
13_9977_N2A-novelband1,13,nearest_dist,BASE_gbtree,0,n2
13_9977_N2B-ordinal1,13,nearest_class,BASE_gbtree,1,n2
13_9977_N2C-radius1,13,counting,BASE_gbtree,0,n2
13_9979_N2A-novelband1,13,nearest_dist,BASE_gbtree,0,n2
13_9979_N2B-ordinal1,13,nearest_class,BASE_gbtree,0,n2
13_9979_N2C-radius1,13,counting,BASE_gbtree,1,n2
14_3847_N2A-novelband1,14,nearest_dist,BASE_gbtree,0,n2
14_3847_N2B-ordinal1,14,nearest_class,BASE_gbtree,0,n2
14_3847_N2C-radius1,14,counting,BASE_gbtree,0,n2
14_3851_N2A-novelband1,14,nearest_dist,BASE_gbtree,1,n2
14_3851_N2B-ordinal1,14,nearest_class,BASE_gbtree,0,n2
14_3851_N2C-radius1,14,counting,BASE_gbtree,0,n2
14_3852_N2A-novelband1,14,nearest_dist,BASE_gbtree,0,n2
14_3852_N2B-ordinal1,14,nearest_class,BASE_gbtree,0,n2
14_3852_N2C-radius1,14,counting,BASE_gbtree,0,n2
14_3855_N2A-novelband1,14,nearest_dist,BASE_gbtree,0,n2
14_3855_N2B-ordinal1,14,nearest_class,BASE_gbtree,0,n2
14_3855_N2C-radius1,14,counting,BASE_gbtree,1,n2
14_3857_N2A-novelband1,14,nearest_dist,BASE_gbtree,0,n2
14_3857_N2B-ordinal1,14,nearest_class,BASE_gbtree,0,n2
14_3857_N2C-radius1,14,counting,BASE_gbtree,0,n2
14_3867_N2A-novelband1,14,nearest_dist,BASE_gbtree,1,n2
14_3867_N2B-ordinal1,14,nearest_class,BASE_gbtree,1,n2
14_3867_N2C-radius1,14,counting,BASE_gbtree,0,n2
14_3868_N2A-novelband1,14,nearest_dist,BASE_gbtree,1,n2
14_3868_N2B-ordinal1,14,nearest_class,BASE_gbtree,1,n2
14_3868_N2C-radius1,14,counting,BASE_gbtree,1,n2
14_3869_N2A-novelband1,14,nearest_dist,BASE_gbtree,0,n2
14_3869_N2B-ordinal1,14,nearest_class,BASE_gbtree,1,n2
14_3869_N2C-radius1,14,counting,BASE_gbtree,1,n2
14_3870_N2A-novelband1,14,nearest_dist,BASE_gbtree,0,n2
14_3870_N2B-ordinal1,14,nearest_class,BASE_gbtree,1,n2
14_3870_N2C-radius1,14,counting,BASE_gbtree,1,n2
14_3878_N2A-novelband1,14,nearest_dist,BASE_gbtree,0,n2
14_3878_N2B-ordinal1,14,nearest_class,BASE_gbtree,1,n2
14_3878_N2C-radius1,14,counting,BASE_gbtree,1,n2
14_3889_N2A-novelband1,14,nearest_dist,BASE_gbtree,0,n2
14_3889_N2B-ordinal1,14,nearest_class,BASE_gbtree,1,n2
14_3889_N2C-radius1,14,counting,BASE_gbtree,1,n2
14_3891_N2A-novelband1,14,nearest_dist,BASE_gbtree,0,n2
14_3891_N2B-ordinal1,14,nearest_class,BASE_gbtree,1,n2
14_3891_N2C-radius1,14,counting,BASE_gbtree,0,n2
14_3894_N2A-novelband1,14,nearest_dist,BASE_gbtree,0,n2
14_3894_N2B-ordinal1,14,nearest_class,BASE_gbtree,0,n2
14_3894_N2C-radius1,14,counting,BASE_gbtree,1,n2
15_145_N2A-novelband1,15,nearest_dist,BASE_gbtree,0,n2
15_145_N2B-ordinal1,15,nearest_class,BASE_gbtree,1,n2
15_145_N2C-radius1,15,counting,BASE_gbtree,1,n2
15_147_N2A-novelband1,15,nearest_dist,BASE_gbtree,1,n2
15_147_N2B-ordinal1,15,nearest_class,BASE_gbtree,0,n2
15_147_N2C-radius1,15,counting,BASE_gbtree,1,n2
15_187_N2A-novelband1,15,nearest_dist,BASE_gbtree,0,n2
15_187_N2B-ordinal1,15,nearest_class,BASE_gbtree,0,n2
15_187_N2C-radius1,15,counting,BASE_gbtree,0,n2
15_191_N2A-novelband1,15,nearest_dist,BASE_gbtree,1,n2
15_191_N2B-ordinal1,15,nearest_class,BASE_gbtree,0,n2
15_191_N2C-radius1,15,counting,BASE_gbtree,0,n2
15_195_N2A-novelband1,15,nearest_dist,BASE_gbtree,0,n2
15_195_N2B-ordinal1,15,nearest_class,BASE_gbtree,0,n2
15_195_N2C-radius1,15,counting,BASE_gbtree,1,n2
15_202_N2A-novelband1,15,nearest_dist,BASE_gbtree,0,n2
15_202_N2B-ordinal1,15,nearest_class,BASE_gbtree,0,n2
15_202_N2C-radius1,15,counting,BASE_gbtree,0,n2
15_205_N2A-novelband1,15,nearest_dist,BASE_gbtree,1,n2
15_205_N2B-ordinal1,15,nearest_class,BASE_gbtree,0,n2
15_205_N2C-radius1,15,counting,BASE_gbtree,0,n2
15_209_N2A-novelband1,15,nearest_dist,BASE_gbtree,1,n2
15_209_N2B-ordinal1,15,nearest_class,BASE_gbtree,1,n2
15_209_N2C-radius1,15,counting,BASE_gbtree,0,n2
15_210_N2A-novelband1,15,nearest_dist,BASE_gbtree,1,n2
15_210_N2B-ordinal1,15,nearest_class,BASE_gbtree,0,n2
15_210_N2C-radius1,15,counting,BASE_gbtree,1,n2
15_212_N2A-novelband1,15,nearest_dist,BASE_gbtree,0,n2
15_212_N2B-ordinal1,15,nearest_class,BASE_gbtree,0,n2
15_212_N2C-radius1,15,counting,BASE_gbtree,1,n2
15_238_N2A-novelband1,15,nearest_dist,BASE_gbtree,0,n2
15_238_N2B-ordinal1,15,nearest_class,BASE_gbtree,1,n2
15_238_N2C-radius1,15,counting,BASE_gbtree,0,n2
15_240_N2A-novelband1,15,nearest_dist,BASE_gbtree,0,n2
15_240_N2B-ordinal1,15,nearest_class,BASE_gbtree,0,n2
15_240_N2C-radius1,15,counting,BASE_gbtree,1,n2
15_241_N2A-novelband1,15,nearest_dist,BASE_gbtree,1,n2
15_241_N2B-ordinal1,15,nearest_class,BASE_gbtree,0,n2
15_241_N2C-radius1,15,counting,BASE_gbtree,1,n2
15_242_N2A-novelband1,15,nearest_dist,BASE_gbtree,0,n2
15_242_N2B-ordinal1,15,nearest_class,BASE_gbtree,1,n2
15_242_N2C-radius1,15,counting,BASE_gbtree,0,n2
15_243_N2A-novelband1,15,nearest_dist,BASE_gbtree,0,n2
15_243_N2B-ordinal1,15,nearest_class,BASE_gbtree,0,n2
15_243_N2C-radius1,15,counting,BASE_gbtree,1,n2
15_296_N2A-novelband1,15,nearest_dist,BASE_gbtree,1,n2
15_296_N2B-ordinal1,15,nearest_class,BASE_gbtree,0,n2
15_296_N2C-radius1,15,counting,BASE_gbtree,0,n2
15_297_N2A-novelband1,15,nearest_dist,BASE_gbtree,1,n2
15_297_N2B-ordinal1,15,nearest_class,BASE_gbtree,1,n2
15_297_N2C-radius1,15,counting,BASE_gbtree,0,n2
16_10663_N2A-novelband1,16,nearest_dist,BASE_gbtree,1,n2
16_10663_N2B-ordinal1,16,nearest_class,BASE_gbtree,0,n2
16_10663_N2C-radius1,16,counting,BASE_gbtree,1,n2
16_10665_N2A-novelband1,16,nearest_dist,BASE_gbtree,0,n2
16_10665_N2B-ordinal1,16,nearest_class,BASE_gbtree,1,n2
16_10665_N2C-radius1,16,counting,BASE_gbtree,1,n2
16_10670_N2A-novelband1,16,nearest_dist,BASE_gbtree,0,n2
16_10670_N2B-ordinal1,16,nearest_class,BASE_gbtree,1,n2
16_10670_N2C-radius1,16,counting,BASE_gbtree,0,n2
16_10673_N2A-novelband1,16,nearest_dist,BASE_gbtree,1,n2
16_10673_N2B-ordinal1,16,nearest_class,BASE_gbtree,0,n2
16_10673_N2C-radius1,16,counting,BASE_gbtree,0,n2
16_10674_N2A-novelband1,16,nearest_dist,BASE_gbtree,0,n2
16_10674_N2B-ordinal1,16,nearest_class,BASE_gbtree,0,n2
16_10674_N2C-radius1,16,counting,BASE_gbtree,1,n2
16_10679_N2A-novelband1,16,nearest_dist,BASE_gbtree,0,n2
16_10679_N2B-ordinal1,16,nearest_class,BASE_gbtree,0,n2
16_10679_N2C-radius1,16,counting,BASE_gbtree,1,n2
16_10685_N2A-novelband1,16,nearest_dist,BASE_gbtree,0,n2
16_10685_N2B-ordinal1,16,nearest_class,BASE_gbtree,0,n2
16_10685_N2C-radius1,16,counting,BASE_gbtree,1,n2
16_10692_N2A-novelband1,16,nearest_dist,BASE_gbtree,1,n2
16_10692_N2B-ordinal1,16,nearest_class,BASE_gbtree,0,n2
16_10692_N2C-radius1,16,counting,BASE_gbtree,1,n2
16_10701_N2A-novelband1,16,nearest_dist,BASE_gbtree,0,n2
16_10701_N2B-ordinal1,16,nearest_class,BASE_gbtree,0,n2
16_10701_N2C-radius1,16,counting,BASE_gbtree,1,n2
16_10704_N2A-novelband1,16,nearest_dist,BASE_gbtree,0,n2
16_10704_N2B-ordinal1,16,nearest_class,BASE_gbtree,0,n2
16_10704_N2C-radius1,16,counting,BASE_gbtree,0,n2
16_10706_N2A-novelband1,16,nearest_dist,BASE_gbtree,1,n2
16_10706_N2B-ordinal1,16,nearest_class,BASE_gbtree,1,n2
16_10706_N2C-radius1,16,counting,BASE_gbtree,0,n2
16_10820_N2A-novelband1,16,nearest_dist,BASE_gbtree,0,n2
16_10820_N2B-ordinal1,16,nearest_class,BASE_gbtree,1,n2
16_10820_N2C-radius1,16,counting,BASE_gbtree,1,n2
16_10932_N2A-novelband1,16,nearest_dist,BASE_gbtree,1,n2
16_10932_N2B-ordinal1,16,nearest_class,BASE_gbtree,1,n2
16_10932_N2C-radius1,16,counting,BASE_gbtree,1,n2
16_10934_N2A-novelband1,16,nearest_dist,BASE_gbtree,0,n2
16_10934_N2B-ordinal1,16,nearest_class,BASE_gbtree,0,n2
16_10934_N2C-radius1,16,counting,BASE_gbtree,1,n2
16_10935_N2A-novelband1,16,nearest_dist,BASE_gbtree,0,n2
16_10935_N2B-ordinal1,16,nearest_class,BASE_gbtree,0,n2
16_10935_N2C-radius1,16,counting,BASE_gbtree,1,n2
16_10937_N2A-novelband1,16,nearest_dist,BASE_gbtree,0,n2
16_10937_N2B-ordinal1,16,nearest_class,BASE_gbtree,0,n2
16_10937_N2C-radius1,16,counting,BASE_gbtree,0,n2
16_10939_N2A-novelband1,16,nearest_dist,BASE_gbtree,1,n2
16_10939_N2B-ordinal1,16,nearest_class,BASE_gbtree,0,n2
16_10939_N2C-radius1,16,counting,BASE_gbtree,1,n2
16_10946_N2A-novelband1,16,nearest_dist,BASE_gbtree,0,n2
16_10946_N2B-ordinal1,16,nearest_class,BASE_gbtree,0,n2
16_10946_N2C-radius1,16,counting,BASE_gbtree,1,n2
16_10950_N2A-novelband1,16,nearest_dist,BASE_gbtree,0,n2
16_10950_N2B-ordinal1,16,nearest_class,BASE_gbtree,0,n2
16_10950_N2C-radius1,16,counting,BASE_gbtree,0,n2
16_10958_N2A-novelband1,16,nearest_dist,BASE_gbtree,0,n2
16_10958_N2B-ordinal1,16,nearest_class,BASE_gbtree,0,n2
16_10958_N2C-radius1,16,counting,BASE_gbtree,1,n2
16_10959_N2A-novelband1,16,nearest_dist,BASE_gbtree,0,n2
16_10959_N2B-ordinal1,16,nearest_class,BASE_gbtree,0,n2
16_10959_N2C-radius1,16,counting,BASE_gbtree,0,n2
16_10961_N2A-novelband1,16,nearest_dist,BASE_gbtree,1,n2
16_10961_N2B-ordinal1,16,nearest_class,BASE_gbtree,1,n2
16_10961_N2C-radius1,16,counting,BASE_gbtree,0,n2
16_11014_N2A-novelband1,16,nearest_dist,BASE_gbtree,0,n2
16_11014_N2B-ordinal1,16,nearest_class,BASE_gbtree,0,n2
16_11014_N2C-radius1,16,counting,BASE_gbtree,0,n2
16_11016_N2A-novelband1,16,nearest_dist,BASE_gbtree,1,n2
16_11016_N2B-ordinal1,16,nearest_class,BASE_gbtree,0,n2
16_11016_N2C-radius1,16,counting,BASE_gbtree,0,n2
16_11024_N2A-novelband1,16,nearest_dist,BASE_gbtree,0,n2
16_11024_N2B-ordinal1,16,nearest_class,BASE_gbtree,1,n2
16_11024_N2C-radius1,16,counting,BASE_gbtree,0,n2
16_11030_N2A-novelband1,16,nearest_dist,BASE_gbtree,1,n2
16_11030_N2B-ordinal1,16,nearest_class,BASE_gbtree,0,n2
16_11030_N2C-radius1,16,counting,BASE_gbtree,1,n2
16_11031_N2A-novelband1,16,nearest_dist,BASE_gbtree,0,n2
16_11031_N2B-ordinal1,16,nearest_class,BASE_gbtree,0,n2
16_11031_N2C-radius1,16,counting,BASE_gbtree,1,n2
16_11063_N2A-novelband1,16,nearest_dist,BASE_gbtree,0,n2
16_11063_N2B-ordinal1,16,nearest_class,BASE_gbtree,0,n2
16_11063_N2C-radius1,16,counting,BASE_gbtree,0,n2
16_11065_N2A-novelband1,16,nearest_dist,BASE_gbtree,0,n2
16_11065_N2B-ordinal1,16,nearest_class,BASE_gbtree,0,n2
16_11065_N2C-radius1,16,counting,BASE_gbtree,1,n2
16_11066_N2A-novelband1,16,nearest_dist,BASE_gbtree,0,n2
16_11066_N2B-ordinal1,16,nearest_class,BASE_gbtree,0,n2
16_11066_N2C-radius1,16,counting,BASE_gbtree,0,n2
16_11067_N2A-novelband1,16,nearest_dist,BASE_gbtree,0,n2
16_11067_N2B-ordinal1,16,nearest_class,BASE_gbtree,0,n2
16_11067_N2C-radius1,16,counting,BASE_gbtree,0,n2
16_11070_N2A-novelband1,16,nearest_dist,BASE_gbtree,0,n2
16_11070_N2B-ordinal1,16,nearest_class,BASE_gbtree,1,n2
16_11070_N2C-radius1,16,counting,BASE_gbtree,1,n2
16_11071_N2A-novelband1,16,nearest_dist,BASE_gbtree,0,n2
16_11071_N2B-ordinal1,16,nearest_class,BASE_gbtree,1,n2
16_11071_N2C-radius1,16,counting,BASE_gbtree,0,n2
16_11076_N2A-novelband1,16,nearest_dist,BASE_gbtree,0,n2
16_11076_N2B-ordinal1,16,nearest_class,BASE_gbtree,0,n2
16_11076_N2C-radius1,16,counting,BASE_gbtree,0,n2
16_11077_N2A-novelband1,16,nearest_dist,BASE_gbtree,0,n2
16_11077_N2B-ordinal1,16,nearest_class,BASE_gbtree,0,n2
16_11077_N2C-radius1,16,counting,BASE_gbtree,1,n2
16_11080_N2A-novelband1,16,nearest_dist,BASE_gbtree,1,n2
16_11080_N2B-ordinal1,16,nearest_class,BASE_gbtree,0,n2
16_11080_N2C-radius1,16,counting,BASE_gbtree,1,n2
16_11082_N2A-novelband1,16,nearest_dist,BASE_gbtree,0,n2
16_11082_N2B-ordinal1,16,nearest_class,BASE_gbtree,1,n2
16_11082_N2C-radius1,16,counting,BASE_gbtree,0,n2
16_11083_N2A-novelband1,16,nearest_dist,BASE_gbtree,0,n2
16_11083_N2B-ordinal1,16,nearest_class,BASE_gbtree,1,n2
16_11083_N2C-radius1,16,counting,BASE_gbtree,0,n2
16_11131_N2A-novelband1,16,nearest_dist,BASE_gbtree,0,n2
16_11131_N2B-ordinal1,16,nearest_class,BASE_gbtree,0,n2
16_11131_N2C-radius1,16,counting,BASE_gbtree,0,n2
16_11133_N2A-novelband1,16,nearest_dist,BASE_gbtree,0,n2
16_11133_N2B-ordinal1,16,nearest_class,BASE_gbtree,0,n2
16_11133_N2C-radius1,16,counting,BASE_gbtree,0,n2
16_11170_N2A-novelband1,16,nearest_dist,BASE_gbtree,1,n2
16_11170_N2B-ordinal1,16,nearest_class,BASE_gbtree,0,n2
16_11170_N2C-radius1,16,counting,BASE_gbtree,0,n2
16_11171_N2A-novelband1,16,nearest_dist,BASE_gbtree,0,n2
16_11171_N2B-ordinal1,16,nearest_class,BASE_gbtree,1,n2
16_11171_N2C-radius1,16,counting,BASE_gbtree,1,n2
16_11272_N2A-novelband1,16,nearest_dist,BASE_gbtree,1,n2
16_11272_N2B-ordinal1,16,nearest_class,BASE_gbtree,0,n2
16_11272_N2C-radius1,16,counting,BASE_gbtree,0,n2
16_11275_N2A-novelband1,16,nearest_dist,BASE_gbtree,0,n2
16_11275_N2B-ordinal1,16,nearest_class,BASE_gbtree,0,n2
16_11275_N2C-radius1,16,counting,BASE_gbtree,0,n2
16_11282_N2A-novelband1,16,nearest_dist,BASE_gbtree,1,n2
16_11282_N2B-ordinal1,16,nearest_class,BASE_gbtree,0,n2
16_11282_N2C-radius1,16,counting,BASE_gbtree,1,n2
16_11307_N2A-novelband1,16,nearest_dist,BASE_gbtree,0,n2
16_11307_N2B-ordinal1,16,nearest_class,BASE_gbtree,1,n2
16_11307_N2C-radius1,16,counting,BASE_gbtree,0,n2
16_11429_N2A-novelband1,16,nearest_dist,BASE_gbtree,0,n2
16_11429_N2B-ordinal1,16,nearest_class,BASE_gbtree,1,n2
16_11429_N2C-radius1,16,counting,BASE_gbtree,0,n2
16_11516_N2A-novelband1,16,nearest_dist,BASE_gbtree,0,n2
16_11516_N2B-ordinal1,16,nearest_class,BASE_gbtree,0,n2
16_11516_N2C-radius1,16,counting,BASE_gbtree,0,n2
16_11517_N2A-novelband1,16,nearest_dist,BASE_gbtree,0,n2
16_11517_N2B-ordinal1,16,nearest_class,BASE_gbtree,0,n2
16_11517_N2C-radius1,16,counting,BASE_gbtree,0,n2
16_11518_N2A-novelband1,16,nearest_dist,BASE_gbtree,0,n2
16_11518_N2B-ordinal1,16,nearest_class,BASE_gbtree,0,n2
16_11518_N2C-radius1,16,counting,BASE_gbtree,1,n2
16_11528_N2A-novelband1,16,nearest_dist,BASE_gbtree,1,n2
16_11528_N2B-ordinal1,16,nearest_class,BASE_gbtree,1,n2
16_11528_N2C-radius1,16,counting,BASE_gbtree,1,n2
16_11536_N2A-novelband1,16,nearest_dist,BASE_gbtree,1,n2
16_11536_N2B-ordinal1,16,nearest_class,BASE_gbtree,1,n2
16_11536_N2C-radius1,16,counting,BASE_gbtree,1,n2
16_11540_N2A-novelband1,16,nearest_dist,BASE_gbtree,0,n2
16_11540_N2B-ordinal1,16,nearest_class,BASE_gbtree,1,n2
16_11540_N2C-radius1,16,counting,BASE_gbtree,0,n2
16_11541_N2A-novelband1,16,nearest_dist,BASE_gbtree,0,n2
16_11541_N2B-ordinal1,16,nearest_class,BASE_gbtree,0,n2
16_11541_N2C-radius1,16,counting,BASE_gbtree,0,n2
16_11542_N2A-novelband1,16,nearest_dist,BASE_gbtree,1,n2
16_11542_N2B-ordinal1,16,nearest_class,BASE_gbtree,1,n2
16_11542_N2C-radius1,16,counting,BASE_gbtree,0,n2
16_14901_N2A-novelband1,16,nearest_dist,BASE_gbtree,0,n2
16_14901_N2B-ordinal1,16,nearest_class,BASE_gbtree,1,n2
16_14901_N2C-radius1,16,counting,BASE_gbtree,0,n2
16_14908_N2A-novelband1,16,nearest_dist,BASE_gbtree,1,n2
16_14908_N2B-ordinal1,16,nearest_class,BASE_gbtree,0,n2
16_14908_N2C-radius1,16,counting,BASE_gbtree,0,n2
16_14909_N2A-novelband1,16,nearest_dist,BASE_gbtree,0,n2
16_14909_N2B-ordinal1,16,nearest_class,BASE_gbtree,0,n2
16_14909_N2C-radius1,16,counting,BASE_gbtree,0,n2
16_14910_N2A-novelband1,16,nearest_dist,BASE_gbtree,1,n2
16_14910_N2B-ordinal1,16,nearest_class,BASE_gbtree,1,n2
16_14910_N2C-radius1,16,counting,BASE_gbtree,1,n2
16_14911_N2A-novelband1,16,nearest_dist,BASE_gbtree,0,n2
16_14911_N2B-ordinal1,16,nearest_class,BASE_gbtree,1,n2
16_14911_N2C-radius1,16,counting,BASE_gbtree,0,n2
16_14916_N2A-novelband1,16,nearest_dist,BASE_gbtree,0,n2
16_14916_N2B-ordinal1,16,nearest_class,BASE_gbtree,0,n2
16_14916_N2C-radius1,16,counting,BASE_gbtree,1,n2
16_14919_N2A-novelband1,16,nearest_dist,BASE_gbtree,0,n2
16_14919_N2B-ordinal1,16,nearest_class,BASE_gbtree,0,n2
16_14919_N2C-radius1,16,counting,BASE_gbtree,0,n2
16_14920_N2A-novelband1,16,nearest_dist,BASE_gbtree,0,n2
16_14920_N2B-ordinal1,16,nearest_class,BASE_gbtree,0,n2
16_14920_N2C-radius1,16,counting,BASE_gbtree,0,n2
16_14921_N2A-novelband1,16,nearest_dist,BASE_gbtree,0,n2
16_14921_N2B-ordinal1,16,nearest_class,BASE_gbtree,0,n2
16_14921_N2C-radius1,16,counting,BASE_gbtree,1,n2
16_14927_N2A-novelband1,16,nearest_dist,BASE_gbtree,1,n2
16_14927_N2B-ordinal1,16,nearest_class,BASE_gbtree,1,n2
16_14927_N2C-radius1,16,counting,BASE_gbtree,0,n2
16_14931_N2A-novelband1,16,nearest_dist,BASE_gbtree,0,n2
16_14931_N2B-ordinal1,16,nearest_class,BASE_gbtree,0,n2
16_14931_N2C-radius1,16,counting,BASE_gbtree,0,n2
16_15019_N2A-novelband1,16,nearest_dist,BASE_gbtree,0,n2
16_15019_N2B-ordinal1,16,nearest_class,BASE_gbtree,1,n2
16_15019_N2C-radius1,16,counting,BASE_gbtree,0,n2
16_15027_N2A-novelband1,16,nearest_dist,BASE_gbtree,0,n2
16_15027_N2B-ordinal1,16,nearest_class,BASE_gbtree,1,n2
16_15027_N2C-radius1,16,counting,BASE_gbtree,0,n2
16_15100_N2A-novelband1,16,nearest_dist,BASE_gbtree,0,n2
16_15100_N2B-ordinal1,16,nearest_class,BASE_gbtree,0,n2
16_15100_N2C-radius1,16,counting,BASE_gbtree,0,n2
16_15137_N2A-novelband1,16,nearest_dist,BASE_gbtree,0,n2
16_15137_N2B-ordinal1,16,nearest_class,BASE_gbtree,0,n2
16_15137_N2C-radius1,16,counting,BASE_gbtree,0,n2
16_15138_N2A-novelband1,16,nearest_dist,BASE_gbtree,1,n2
16_15138_N2B-ordinal1,16,nearest_class,BASE_gbtree,0,n2
16_15138_N2C-radius1,16,counting,BASE_gbtree,0,n2
16_15217_N2A-novelband1,16,nearest_dist,BASE_gbtree,0,n2
16_15217_N2B-ordinal1,16,nearest_class,BASE_gbtree,1,n2
16_15217_N2C-radius1,16,counting,BASE_gbtree,0,n2
16_15218_N2A-novelband1,16,nearest_dist,BASE_gbtree,1,n2
16_15218_N2B-ordinal1,16,nearest_class,BASE_gbtree,1,n2
16_15218_N2C-radius1,16,counting,BASE_gbtree,1,n2
16_15750_N2A-novelband1,16,nearest_dist,BASE_gbtree,0,n2
16_15750_N2B-ordinal1,16,nearest_class,BASE_gbtree,1,n2
16_15750_N2C-radius1,16,counting,BASE_gbtree,0,n2
16_3206_N2A-novelband1,16,nearest_dist,BASE_gbtree,1,n2
16_3206_N2B-ordinal1,16,nearest_class,BASE_gbtree,1,n2
16_3206_N2C-radius1,16,counting,BASE_gbtree,0,n2
16_3269_N2A-novelband1,16,nearest_dist,BASE_gbtree,0,n2
16_3269_N2B-ordinal1,16,nearest_class,BASE_gbtree,0,n2
16_3269_N2C-radius1,16,counting,BASE_gbtree,0,n2
16_3299_N2A-novelband1,16,nearest_dist,BASE_gbtree,1,n2
16_3299_N2B-ordinal1,16,nearest_class,BASE_gbtree,0,n2
16_3299_N2C-radius1,16,counting,BASE_gbtree,0,n2
16_3301_N2A-novelband1,16,nearest_dist,BASE_gbtree,0,n2
16_3301_N2B-ordinal1,16,nearest_class,BASE_gbtree,0,n2
16_3301_N2C-radius1,16,counting,BASE_gbtree,1,n2
16_3352_N2A-novelband1,16,nearest_dist,BASE_gbtree,0,n2
16_3352_N2B-ordinal1,16,nearest_class,BASE_gbtree,0,n2
16_3352_N2C-radius1,16,counting,BASE_gbtree,1,n2
16_3355_N2A-novelband1,16,nearest_dist,BASE_gbtree,1,n2
16_3355_N2B-ordinal1,16,nearest_class,BASE_gbtree,1,n2
16_3355_N2C-radius1,16,counting,BASE_gbtree,0,n2
16_3362_N2A-novelband1,16,nearest_dist,BASE_gbtree,1,n2
16_3362_N2B-ordinal1,16,nearest_class,BASE_gbtree,0,n2
16_3362_N2C-radius1,16,counting,BASE_gbtree,0,n2
16_3367_N2A-novelband1,16,nearest_dist,BASE_gbtree,0,n2
16_3367_N2B-ordinal1,16,nearest_class,BASE_gbtree,0,n2
16_3367_N2C-radius1,16,counting,BASE_gbtree,0,n2
16_3368_N2A-novelband1,16,nearest_dist,BASE_gbtree,1,n2
16_3368_N2B-ordinal1,16,nearest_class,BASE_gbtree,0,n2
16_3368_N2C-radius1,16,counting,BASE_gbtree,0,n2
16_3464_N2A-novelband1,16,nearest_dist,BASE_gbtree,0,n2
16_3464_N2B-ordinal1,16,nearest_class,BASE_gbtree,0,n2
16_3464_N2C-radius1,16,counting,BASE_gbtree,1,n2
16_3466_N2A-novelband1,16,nearest_dist,BASE_gbtree,0,n2
16_3466_N2B-ordinal1,16,nearest_class,BASE_gbtree,1,n2
16_3466_N2C-radius1,16,counting,BASE_gbtree,0,n2
16_3658_N2A-novelband1,16,nearest_dist,BASE_gbtree,1,n2
16_3658_N2B-ordinal1,16,nearest_class,BASE_gbtree,0,n2
16_3658_N2C-radius1,16,counting,BASE_gbtree,0,n2
16_3743_N2A-novelband1,16,nearest_dist,BASE_gbtree,1,n2
16_3743_N2B-ordinal1,16,nearest_class,BASE_gbtree,0,n2
16_3743_N2C-radius1,16,counting,BASE_gbtree,1,n2
16_4069_N2A-novelband1,16,nearest_dist,BASE_gbtree,0,n2
16_4069_N2B-ordinal1,16,nearest_class,BASE_gbtree,0,n2
16_4069_N2C-radius1,16,counting,BASE_gbtree,0,n2
16_4075_N2A-novelband1,16,nearest_dist,BASE_gbtree,0,n2
16_4075_N2B-ordinal1,16,nearest_class,BASE_gbtree,0,n2
16_4075_N2C-radius1,16,counting,BASE_gbtree,0,n2
16_4256_N2A-novelband1,16,nearest_dist,BASE_gbtree,0,n2
16_4256_N2B-ordinal1,16,nearest_class,BASE_gbtree,1,n2
16_4256_N2C-radius1,16,counting,BASE_gbtree,0,n2
16_4259_N2A-novelband1,16,nearest_dist,BASE_gbtree,0,n2
16_4259_N2B-ordinal1,16,nearest_class,BASE_gbtree,0,n2
16_4259_N2C-radius1,16,counting,BASE_gbtree,0,n2
16_4263_N2A-novelband1,16,nearest_dist,BASE_gbtree,0,n2
16_4263_N2B-ordinal1,16,nearest_class,BASE_gbtree,0,n2
16_4263_N2C-radius1,16,counting,BASE_gbtree,1,n2
16_4264_N2A-novelband1,16,nearest_dist,BASE_gbtree,0,n2
16_4264_N2B-ordinal1,16,nearest_class,BASE_gbtree,1,n2
16_4264_N2C-radius1,16,counting,BASE_gbtree,1,n2
16_4267_N2A-novelband1,16,nearest_dist,BASE_gbtree,1,n2
16_4267_N2B-ordinal1,16,nearest_class,BASE_gbtree,1,n2
16_4267_N2C-radius1,16,counting,BASE_gbtree,0,n2
16_4268_N2A-novelband1,16,nearest_dist,BASE_gbtree,0,n2
16_4268_N2B-ordinal1,16,nearest_class,BASE_gbtree,0,n2
16_4268_N2C-radius1,16,counting,BASE_gbtree,1,n2
16_4271_N2A-novelband1,16,nearest_dist,BASE_gbtree,1,n2
16_4271_N2B-ordinal1,16,nearest_class,BASE_gbtree,0,n2
16_4271_N2C-radius1,16,counting,BASE_gbtree,1,n2
16_5839_N2A-novelband1,16,nearest_dist,BASE_gbtree,1,n2
16_5839_N2B-ordinal1,16,nearest_class,BASE_gbtree,0,n2
16_5839_N2C-radius1,16,counting,BASE_gbtree,0,n2
16_5849_N2A-novelband1,16,nearest_dist,BASE_gbtree,0,n2
16_5849_N2B-ordinal1,16,nearest_class,BASE_gbtree,1,n2
16_5849_N2C-radius1,16,counting,BASE_gbtree,0,n2
16_6029_N2A-novelband1,16,nearest_dist,BASE_gbtree,1,n2
16_6029_N2B-ordinal1,16,nearest_class,BASE_gbtree,0,n2
16_6029_N2C-radius1,16,counting,BASE_gbtree,0,n2
16_6030_N2A-novelband1,16,nearest_dist,BASE_gbtree,1,n2
16_6030_N2B-ordinal1,16,nearest_class,BASE_gbtree,0,n2
16_6030_N2C-radius1,16,counting,BASE_gbtree,0,n2
16_6033_N2A-novelband1,16,nearest_dist,BASE_gbtree,0,n2
16_6033_N2B-ordinal1,16,nearest_class,BASE_gbtree,0,n2
16_6033_N2C-radius1,16,counting,BASE_gbtree,1,n2
16_6035_N2A-novelband1,16,nearest_dist,BASE_gbtree,1,n2
16_6035_N2B-ordinal1,16,nearest_class,BASE_gbtree,0,n2
16_6035_N2C-radius1,16,counting,BASE_gbtree,0,n2
16_6039_N2A-novelband1,16,nearest_dist,BASE_gbtree,0,n2
16_6039_N2B-ordinal1,16,nearest_class,BASE_gbtree,0,n2
16_6039_N2C-radius1,16,counting,BASE_gbtree,0,n2
16_6085_N2A-novelband1,16,nearest_dist,BASE_gbtree,0,n2
16_6085_N2B-ordinal1,16,nearest_class,BASE_gbtree,1,n2
16_6085_N2C-radius1,16,counting,BASE_gbtree,1,n2
16_6087_N2A-novelband1,16,nearest_dist,BASE_gbtree,1,n2
16_6087_N2B-ordinal1,16,nearest_class,BASE_gbtree,1,n2
16_6087_N2C-radius1,16,counting,BASE_gbtree,1,n2
16_7061_N2A-novelband1,16,nearest_dist,BASE_gbtree,0,n2
16_7061_N2B-ordinal1,16,nearest_class,BASE_gbtree,1,n2
16_7061_N2C-radius1,16,counting,BASE_gbtree,0,n2
16_7062_N2A-novelband1,16,nearest_dist,BASE_gbtree,1,n2
16_7062_N2B-ordinal1,16,nearest_class,BASE_gbtree,0,n2
16_7062_N2C-radius1,16,counting,BASE_gbtree,0,n2
16_7070_N2A-novelband1,16,nearest_dist,BASE_gbtree,1,n2
16_7070_N2B-ordinal1,16,nearest_class,BASE_gbtree,0,n2
16_7070_N2C-radius1,16,counting,BASE_gbtree,1,n2
16_7071_N2A-novelband1,16,nearest_dist,BASE_gbtree,1,n2
16_7071_N2B-ordinal1,16,nearest_class,BASE_gbtree,0,n2
16_7071_N2C-radius1,16,counting,BASE_gbtree,0,n2
16_7072_N2A-novelband1,16,nearest_dist,BASE_gbtree,0,n2
16_7072_N2B-ordinal1,16,nearest_class,BASE_gbtree,1,n2
16_7072_N2C-radius1,16,counting,BASE_gbtree,0,n2
16_7078_N2A-novelband1,16,nearest_dist,BASE_gbtree,1,n2
16_7078_N2B-ordinal1,16,nearest_class,BASE_gbtree,1,n2
16_7078_N2C-radius1,16,counting,BASE_gbtree,0,n2
16_7146_N2A-novelband1,16,nearest_dist,BASE_gbtree,0,n2
16_7146_N2B-ordinal1,16,nearest_class,BASE_gbtree,1,n2
16_7146_N2C-radius1,16,counting,BASE_gbtree,0,n2
16_7148_N2A-novelband1,16,nearest_dist,BASE_gbtree,0,n2
16_7148_N2B-ordinal1,16,nearest_class,BASE_gbtree,1,n2
16_7148_N2C-radius1,16,counting,BASE_gbtree,0,n2
16_7149_N2A-novelband1,16,nearest_dist,BASE_gbtree,0,n2
16_7149_N2B-ordinal1,16,nearest_class,BASE_gbtree,1,n2
16_7149_N2C-radius1,16,counting,BASE_gbtree,0,n2
16_7253_N2A-novelband1,16,nearest_dist,BASE_gbtree,0,n2
16_7253_N2C-radius1,16,counting,BASE_gbtree,0,n2
16_7350_N2A-novelband1,16,nearest_dist,BASE_gbtree,1,n2
16_7350_N2B-ordinal1,16,nearest_class,BASE_gbtree,0,n2
16_7350_N2C-radius1,16,counting,BASE_gbtree,1,n2
16_7351_N2A-novelband1,16,nearest_dist,BASE_gbtree,0,n2
16_7351_N2B-ordinal1,16,nearest_class,BASE_gbtree,1,n2
16_7351_N2C-radius1,16,counting,BASE_gbtree,0,n2
16_7355_N2A-novelband1,16,nearest_dist,BASE_gbtree,0,n2
16_7355_N2B-ordinal1,16,nearest_class,BASE_gbtree,1,n2
16_7355_N2C-radius1,16,counting,BASE_gbtree,1,n2
16_7356_N2A-novelband1,16,nearest_dist,BASE_gbtree,1,n2
16_7356_N2B-ordinal1,16,nearest_class,BASE_gbtree,0,n2
16_7356_N2C-radius1,16,counting,BASE_gbtree,1,n2
16_7358_N2A-novelband1,16,nearest_dist,BASE_gbtree,0,n2
16_7358_N2B-ordinal1,16,nearest_class,BASE_gbtree,1,n2
16_7358_N2C-radius1,16,counting,BASE_gbtree,0,n2
16_7402_N2A-novelband1,16,nearest_dist,BASE_gbtree,1,n2
16_7402_N2B-ordinal1,16,nearest_class,BASE_gbtree,0,n2
16_7402_N2C-radius1,16,counting,BASE_gbtree,0,n2
16_7457_N2A-novelband1,16,nearest_dist,BASE_gbtree,1,n2
16_7457_N2B-ordinal1,16,nearest_class,BASE_gbtree,0,n2
16_7457_N2C-radius1,16,counting,BASE_gbtree,0,n2
16_7458_N2A-novelband1,16,nearest_dist,BASE_gbtree,0,n2
16_7458_N2B-ordinal1,16,nearest_class,BASE_gbtree,1,n2
16_7458_N2C-radius1,16,counting,BASE_gbtree,0,n2
16_7467_N2A-novelband1,16,nearest_dist,BASE_gbtree,0,n2
16_7467_N2B-ordinal1,16,nearest_class,BASE_gbtree,0,n2
16_7467_N2C-radius1,16,counting,BASE_gbtree,0,n2
16_7472_N2A-novelband1,16,nearest_dist,BASE_gbtree,0,n2
16_7472_N2B-ordinal1,16,nearest_class,BASE_gbtree,0,n2
16_7472_N2C-radius1,16,counting,BASE_gbtree,1,n2
16_7473_N2A-novelband1,16,nearest_dist,BASE_gbtree,0,n2
16_7473_N2B-ordinal1,16,nearest_class,BASE_gbtree,1,n2
16_7473_N2C-radius1,16,counting,BASE_gbtree,1,n2
16_7477_N2A-novelband1,16,nearest_dist,BASE_gbtree,1,n2
16_7477_N2B-ordinal1,16,nearest_class,BASE_gbtree,1,n2
16_7477_N2C-radius1,16,counting,BASE_gbtree,1,n2
16_7481_N2A-novelband1,16,nearest_dist,BASE_gbtree,0,n2
16_7481_N2B-ordinal1,16,nearest_class,BASE_gbtree,1,n2
16_7481_N2C-radius1,16,counting,BASE_gbtree,0,n2
16_7482_N2A-novelband1,16,nearest_dist,BASE_gbtree,0,n2
16_7482_N2B-ordinal1,16,nearest_class,BASE_gbtree,0,n2
16_7482_N2C-radius1,16,counting,BASE_gbtree,0,n2
16_7492_N2A-novelband1,16,nearest_dist,BASE_gbtree,0,n2
16_7492_N2B-ordinal1,16,nearest_class,BASE_gbtree,0,n2
16_7492_N2C-radius1,16,counting,BASE_gbtree,0,n2
16_7494_N2A-novelband1,16,nearest_dist,BASE_gbtree,0,n2
16_7494_N2B-ordinal1,16,nearest_class,BASE_gbtree,0,n2
16_7494_N2C-radius1,16,counting,BASE_gbtree,0,n2
16_8699_N2A-novelband1,16,nearest_dist,BASE_gbtree,0,n2
16_8699_N2B-ordinal1,16,nearest_class,BASE_gbtree,0,n2
16_8699_N2C-radius1,16,counting,BASE_gbtree,0,n2
16_8705_N2A-novelband1,16,nearest_dist,BASE_gbtree,0,n2
16_8705_N2B-ordinal1,16,nearest_class,BASE_gbtree,1,n2
16_8705_N2C-radius1,16,counting,BASE_gbtree,0,n2
16_8708_N2A-novelband1,16,nearest_dist,BASE_gbtree,0,n2
16_8708_N2B-ordinal1,16,nearest_class,BASE_gbtree,0,n2
16_8708_N2C-radius1,16,counting,BASE_gbtree,1,n2
16_8710_N2A-novelband1,16,nearest_dist,BASE_gbtree,1,n2
16_8710_N2B-ordinal1,16,nearest_class,BASE_gbtree,0,n2
16_8710_N2C-radius1,16,counting,BASE_gbtree,1,n2
16_8766_N2A-novelband1,16,nearest_dist,BASE_gbtree,0,n2
16_8766_N2B-ordinal1,16,nearest_class,BASE_gbtree,0,n2
16_8766_N2C-radius1,16,counting,BASE_gbtree,1,n2
16_8767_N2A-novelband1,16,nearest_dist,BASE_gbtree,0,n2
16_8767_N2B-ordinal1,16,nearest_class,BASE_gbtree,0,n2
16_8767_N2C-radius1,16,counting,BASE_gbtree,1,n2
16_8769_N2A-novelband1,16,nearest_dist,BASE_gbtree,0,n2
16_8769_N2B-ordinal1,16,nearest_class,BASE_gbtree,0,n2
16_8769_N2C-radius1,16,counting,BASE_gbtree,1,n2
16_8775_N2A-novelband1,16,nearest_dist,BASE_gbtree,0,n2
16_8775_N2B-ordinal1,16,nearest_class,BASE_gbtree,0,n2
16_8775_N2C-radius1,16,counting,BASE_gbtree,1,n2
16_8781_N2A-novelband1,16,nearest_dist,BASE_gbtree,0,n2
16_8781_N2B-ordinal1,16,nearest_class,BASE_gbtree,1,n2
16_8781_N2C-radius1,16,counting,BASE_gbtree,0,n2
16_8787_N2A-novelband1,16,nearest_dist,BASE_gbtree,0,n2
16_8787_N2B-ordinal1,16,nearest_class,BASE_gbtree,0,n2
16_8787_N2C-radius1,16,counting,BASE_gbtree,1,n2
16_8825_N2A-novelband1,16,nearest_dist,BASE_gbtree,0,n2
16_8825_N2B-ordinal1,16,nearest_class,BASE_gbtree,0,n2
16_8825_N2C-radius1,16,counting,BASE_gbtree,0,n2
16_8828_N2A-novelband1,16,nearest_dist,BASE_gbtree,0,n2
16_8828_N2B-ordinal1,16,nearest_class,BASE_gbtree,0,n2
16_8828_N2C-radius1,16,counting,BASE_gbtree,0,n2
16_8955_N2A-novelband1,16,nearest_dist,BASE_gbtree,1,n2
16_8955_N2B-ordinal1,16,nearest_class,BASE_gbtree,0,n2
16_8955_N2C-radius1,16,counting,BASE_gbtree,1,n2
16_9027_N2A-novelband1,16,nearest_dist,BASE_gbtree,1,n2
16_9027_N2B-ordinal1,16,nearest_class,BASE_gbtree,1,n2
16_9027_N2C-radius1,16,counting,BASE_gbtree,0,n2
16_9034_N2A-novelband1,16,nearest_dist,BASE_gbtree,0,n2
16_9034_N2B-ordinal1,16,nearest_class,BASE_gbtree,0,n2
16_9034_N2C-radius1,16,counting,BASE_gbtree,0,n2
16_9035_N2A-novelband1,16,nearest_dist,BASE_gbtree,1,n2
16_9035_N2B-ordinal1,16,nearest_class,BASE_gbtree,0,n2
16_9035_N2C-radius1,16,counting,BASE_gbtree,0,n2
16_9038_N2A-novelband1,16,nearest_dist,BASE_gbtree,0,n2
16_9038_N2B-ordinal1,16,nearest_class,BASE_gbtree,0,n2
16_9038_N2C-radius1,16,counting,BASE_gbtree,1,n2
16_9041_N2A-novelband1,16,nearest_dist,BASE_gbtree,0,n2
16_9041_N2B-ordinal1,16,nearest_class,BASE_gbtree,1,n2
16_9041_N2C-radius1,16,counting,BASE_gbtree,1,n2
16_9051_N2A-novelband1,16,nearest_dist,BASE_gbtree,0,n2
16_9051_N2B-ordinal1,16,nearest_class,BASE_gbtree,0,n2
16_9051_N2C-radius1,16,counting,BASE_gbtree,1,n2
16_9127_N2A-novelband1,16,nearest_dist,BASE_gbtree,1,n2
16_9127_N2B-ordinal1,16,nearest_class,BASE_gbtree,0,n2
16_9127_N2C-radius1,16,counting,BASE_gbtree,0,n2
16_9130_N2A-novelband1,16,nearest_dist,BASE_gbtree,0,n2
16_9130_N2B-ordinal1,16,nearest_class,BASE_gbtree,0,n2
16_9130_N2C-radius1,16,counting,BASE_gbtree,0,n2
16_9135_N2A-novelband1,16,nearest_dist,BASE_gbtree,0,n2
16_9135_N2B-ordinal1,16,nearest_class,BASE_gbtree,0,n2
16_9135_N2C-radius1,16,counting,BASE_gbtree,0,n2
16_9138_N2A-novelband1,16,nearest_dist,BASE_gbtree,0,n2
16_9138_N2B-ordinal1,16,nearest_class,BASE_gbtree,0,n2
16_9138_N2C-radius1,16,counting,BASE_gbtree,0,n2
16_9229_N2A-novelband1,16,nearest_dist,BASE_gbtree,0,n2
16_9229_N2B-ordinal1,16,nearest_class,BASE_gbtree,0,n2
16_9229_N2C-radius1,16,counting,BASE_gbtree,0,n2
17_10197_N2A-novelband1,17,nearest_dist,BASE_gbtree,0,n2
17_10197_N2B-ordinal1,17,nearest_class,BASE_gbtree,1,n2
17_10197_N2C-radius1,17,counting,BASE_gbtree,1,n2
17_10199_N2A-novelband1,17,nearest_dist,BASE_gbtree,0,n2
17_10199_N2B-ordinal1,17,nearest_class,BASE_gbtree,1,n2
17_10199_N2C-radius1,17,counting,BASE_gbtree,1,n2
17_10201_N2A-novelband1,17,nearest_dist,BASE_gbtree,0,n2
17_10201_N2B-ordinal1,17,nearest_class,BASE_gbtree,0,n2
17_10201_N2C-radius1,17,counting,BASE_gbtree,1,n2
17_10930_N2A-novelband1,17,nearest_dist,BASE_gbtree,1,n2
17_10930_N2B-ordinal1,17,nearest_class,BASE_gbtree,1,n2
17_10930_N2C-radius1,17,counting,BASE_gbtree,1,n2
17_10931_N2A-novelband1,17,nearest_dist,BASE_gbtree,0,n2
17_10931_N2B-ordinal1,17,nearest_class,BASE_gbtree,0,n2
17_10931_N2C-radius1,17,counting,BASE_gbtree,1,n2
17_10934_N2A-novelband1,17,nearest_dist,BASE_gbtree,0,n2
17_10934_N2B-ordinal1,17,nearest_class,BASE_gbtree,0,n2
17_10934_N2C-radius1,17,counting,BASE_gbtree,0,n2
17_10935_N2A-novelband1,17,nearest_dist,BASE_gbtree,0,n2
17_10935_N2B-ordinal1,17,nearest_class,BASE_gbtree,0,n2
17_10935_N2C-radius1,17,counting,BASE_gbtree,1,n2
17_10940_N2A-novelband1,17,nearest_dist,BASE_gbtree,1,n2
17_10940_N2B-ordinal1,17,nearest_class,BASE_gbtree,0,n2
17_10940_N2C-radius1,17,counting,BASE_gbtree,1,n2
17_10943_N2A-novelband1,17,nearest_dist,BASE_gbtree,1,n2
17_10943_N2B-ordinal1,17,nearest_class,BASE_gbtree,1,n2
17_10943_N2C-radius1,17,counting,BASE_gbtree,0,n2
17_10951_N2A-novelband1,17,nearest_dist,BASE_gbtree,0,n2
17_10951_N2B-ordinal1,17,nearest_class,BASE_gbtree,0,n2
17_10951_N2C-radius1,17,counting,BASE_gbtree,0,n2
17_10955_N2A-novelband1,17,nearest_dist,BASE_gbtree,0,n2
17_10955_N2B-ordinal1,17,nearest_class,BASE_gbtree,0,n2
17_10955_N2C-radius1,17,counting,BASE_gbtree,0,n2
17_10961_N2A-novelband1,17,nearest_dist,BASE_gbtree,0,n2
17_10961_N2B-ordinal1,17,nearest_class,BASE_gbtree,0,n2
17_10961_N2C-radius1,17,counting,BASE_gbtree,1,n2
17_10962_N2A-novelband1,17,nearest_dist,BASE_gbtree,1,n2
17_10962_N2B-ordinal1,17,nearest_class,BASE_gbtree,0,n2
17_10962_N2C-radius1,17,counting,BASE_gbtree,1,n2
17_10967_N2A-novelband1,17,nearest_dist,BASE_gbtree,1,n2
17_10967_N2B-ordinal1,17,nearest_class,BASE_gbtree,0,n2
17_10967_N2C-radius1,17,counting,BASE_gbtree,0,n2
17_11006_N2A-novelband1,17,nearest_dist,BASE_gbtree,0,n2
17_11006_N2B-ordinal1,17,nearest_class,BASE_gbtree,0,n2
17_11006_N2C-radius1,17,counting,BASE_gbtree,1,n2
17_2050_N2A-novelband1,17,nearest_dist,BASE_gbtree,1,n2
17_2050_N2B-ordinal1,17,nearest_class,BASE_gbtree,1,n2
17_2050_N2C-radius1,17,counting,BASE_gbtree,1,n2
17_2051_N2A-novelband1,17,nearest_dist,BASE_gbtree,0,n2
17_2051_N2B-ordinal1,17,nearest_class,BASE_gbtree,0,n2
17_2051_N2C-radius1,17,counting,BASE_gbtree,0,n2
17_2064_N2A-novelband1,17,nearest_dist,BASE_gbtree,1,n2
17_2064_N2B-ordinal1,17,nearest_class,BASE_gbtree,1,n2
17_2064_N2C-radius1,17,counting,BASE_gbtree,0,n2
17_2098_N2A-novelband1,17,nearest_dist,BASE_gbtree,0,n2
17_2098_N2B-ordinal1,17,nearest_class,BASE_gbtree,0,n2
17_2098_N2C-radius1,17,counting,BASE_gbtree,0,n2
17_2104_N2A-novelband1,17,nearest_dist,BASE_gbtree,0,n2
17_2104_N2B-ordinal1,17,nearest_class,BASE_gbtree,0,n2
17_2104_N2C-radius1,17,counting,BASE_gbtree,1,n2
17_2120_N2A-novelband1,17,nearest_dist,BASE_gbtree,0,n2
17_2120_N2B-ordinal1,17,nearest_class,BASE_gbtree,1,n2
17_2120_N2C-radius1,17,counting,BASE_gbtree,1,n2
17_2122_N2A-novelband1,17,nearest_dist,BASE_gbtree,0,n2
17_2122_N2B-ordinal1,17,nearest_class,BASE_gbtree,0,n2
17_2122_N2C-radius1,17,counting,BASE_gbtree,1,n2
17_2173_N2A-novelband1,17,nearest_dist,BASE_gbtree,0,n2
17_2173_N2B-ordinal1,17,nearest_class,BASE_gbtree,0,n2
17_2173_N2C-radius1,17,counting,BASE_gbtree,0,n2
17_6027_N2A-novelband1,17,nearest_dist,BASE_gbtree,0,n2
17_6027_N2B-ordinal1,17,nearest_class,BASE_gbtree,0,n2
17_6027_N2C-radius1,17,counting,BASE_gbtree,0,n2
17_6183_N2A-novelband1,17,nearest_dist,BASE_gbtree,1,n2
17_6183_N2B-ordinal1,17,nearest_class,BASE_gbtree,0,n2
17_6183_N2C-radius1,17,counting,BASE_gbtree,1,n2
17_6187_N2A-novelband1,17,nearest_dist,BASE_gbtree,0,n2
17_6187_N2B-ordinal1,17,nearest_class,BASE_gbtree,0,n2
17_6187_N2C-radius1,17,counting,BASE_gbtree,0,n2
17_6192_N2A-novelband1,17,nearest_dist,BASE_gbtree,0,n2
17_6192_N2B-ordinal1,17,nearest_class,BASE_gbtree,1,n2
17_6192_N2C-radius1,17,counting,BASE_gbtree,1,n2
17_6194_N2A-novelband1,17,nearest_dist,BASE_gbtree,1,n2
17_6194_N2B-ordinal1,17,nearest_class,BASE_gbtree,1,n2
17_6194_N2C-radius1,17,counting,BASE_gbtree,0,n2
17_6197_N2A-novelband1,17,nearest_dist,BASE_gbtree,0,n2
17_6197_N2B-ordinal1,17,nearest_class,BASE_gbtree,1,n2
17_6197_N2C-radius1,17,counting,BASE_gbtree,0,n2
17_6198_N2A-novelband1,17,nearest_dist,BASE_gbtree,0,n2
17_6198_N2B-ordinal1,17,nearest_class,BASE_gbtree,1,n2
17_6198_N2C-radius1,17,counting,BASE_gbtree,1,n2
17_6201_N2A-novelband1,17,nearest_dist,BASE_gbtree,0,n2
17_6201_N2B-ordinal1,17,nearest_class,BASE_gbtree,0,n2
17_6201_N2C-radius1,17,counting,BASE_gbtree,1,n2
17_6203_N2A-novelband1,17,nearest_dist,BASE_gbtree,1,n2
17_6203_N2B-ordinal1,17,nearest_class,BASE_gbtree,0,n2
17_6203_N2C-radius1,17,counting,BASE_gbtree,0,n2
17_6207_N2A-novelband1,17,nearest_dist,BASE_gbtree,0,n2
17_6207_N2B-ordinal1,17,nearest_class,BASE_gbtree,0,n2
17_6207_N2C-radius1,17,counting,BASE_gbtree,0,n2
17_6208_N2A-novelband1,17,nearest_dist,BASE_gbtree,1,n2
17_6208_N2B-ordinal1,17,nearest_class,BASE_gbtree,0,n2
17_6208_N2C-radius1,17,counting,BASE_gbtree,0,n2
17_6209_N2A-novelband1,17,nearest_dist,BASE_gbtree,1,n2
17_6209_N2B-ordinal1,17,nearest_class,BASE_gbtree,1,n2
17_6209_N2C-radius1,17,counting,BASE_gbtree,0,n2
17_6210_N2A-novelband1,17,nearest_dist,BASE_gbtree,0,n2
17_6210_N2B-ordinal1,17,nearest_class,BASE_gbtree,0,n2
17_6210_N2C-radius1,17,counting,BASE_gbtree,0,n2
17_6216_N2A-novelband1,17,nearest_dist,BASE_gbtree,1,n2
17_6216_N2B-ordinal1,17,nearest_class,BASE_gbtree,0,n2
17_6216_N2C-radius1,17,counting,BASE_gbtree,0,n2
17_6336_N2A-novelband1,17,nearest_dist,BASE_gbtree,0,n2
17_6336_N2B-ordinal1,17,nearest_class,BASE_gbtree,0,n2
17_6336_N2C-radius1,17,counting,BASE_gbtree,0,n2
17_6337_N2A-novelband1,17,nearest_dist,BASE_gbtree,1,n2
17_6337_N2B-ordinal1,17,nearest_class,BASE_gbtree,0,n2
17_6337_N2C-radius1,17,counting,BASE_gbtree,0,n2
17_6341_N2A-novelband1,17,nearest_dist,BASE_gbtree,0,n2
17_6341_N2B-ordinal1,17,nearest_class,BASE_gbtree,1,n2
17_6341_N2C-radius1,17,counting,BASE_gbtree,0,n2
17_7781_N2A-novelband1,17,nearest_dist,BASE_gbtree,0,n2
17_7781_N2B-ordinal1,17,nearest_class,BASE_gbtree,0,n2
17_7781_N2C-radius1,17,counting,BASE_gbtree,0,n2
17_7786_N2A-novelband1,17,nearest_dist,BASE_gbtree,0,n2
17_7786_N2B-ordinal1,17,nearest_class,BASE_gbtree,1,n2
17_7786_N2C-radius1,17,counting,BASE_gbtree,1,n2
17_7793_N2A-novelband1,17,nearest_dist,BASE_gbtree,1,n2
17_7793_N2B-ordinal1,17,nearest_class,BASE_gbtree,0,n2
17_7793_N2C-radius1,17,counting,BASE_gbtree,0,n2
17_7800_N2A-novelband1,17,nearest_dist,BASE_gbtree,0,n2
17_7800_N2B-ordinal1,17,nearest_class,BASE_gbtree,0,n2
17_7800_N2C-radius1,17,counting,BASE_gbtree,0,n2
17_7807_N2A-novelband1,17,nearest_dist,BASE_gbtree,1,n2
17_7807_N2B-ordinal1,17,nearest_class,BASE_gbtree,0,n2
17_7807_N2C-radius1,17,counting,BASE_gbtree,0,n2
17_8272_N2A-novelband1,17,nearest_dist,BASE_gbtree,1,n2
17_8272_N2B-ordinal1,17,nearest_class,BASE_gbtree,0,n2
17_8272_N2C-radius1,17,counting,BASE_gbtree,1,n2
17_8275_N2A-novelband1,17,nearest_dist,BASE_gbtree,1,n2
17_8275_N2B-ordinal1,17,nearest_class,BASE_gbtree,0,n2
17_8275_N2C-radius1,17,counting,BASE_gbtree,0,n2
17_8276_N2A-novelband1,17,nearest_dist,BASE_gbtree,0,n2
17_8276_N2B-ordinal1,17,nearest_class,BASE_gbtree,0,n2
17_8276_N2C-radius1,17,counting,BASE_gbtree,0,n2
17_9866_N2A-novelband1,17,nearest_dist,BASE_gbtree,1,n2
17_9866_N2B-ordinal1,17,nearest_class,BASE_gbtree,1,n2
17_9866_N2C-radius1,17,counting,BASE_gbtree,0,n2
17_9874_N2A-novelband1,17,nearest_dist,BASE_gbtree,0,n2
17_9874_N2B-ordinal1,17,nearest_class,BASE_gbtree,0,n2
17_9874_N2C-radius1,17,counting,BASE_gbtree,0,n2
17_9875_N2A-novelband1,17,nearest_dist,BASE_gbtree,1,n2
17_9875_N2B-ordinal1,17,nearest_class,BASE_gbtree,0,n2
17_9875_N2C-radius1,17,counting,BASE_gbtree,0,n2
17_9876_N2A-novelband1,17,nearest_dist,BASE_gbtree,0,n2
17_9876_N2B-ordinal1,17,nearest_class,BASE_gbtree,0,n2
17_9876_N2C-radius1,17,counting,BASE_gbtree,0,n2
18_1654_N2A-novelband1,18,nearest_dist,BASE_gbtree,0,n2
18_1654_N2B-ordinal1,18,nearest_class,BASE_gbtree,0,n2
18_1654_N2C-radius1,18,counting,BASE_gbtree,0,n2
18_1657_N2A-novelband1,18,nearest_dist,BASE_gbtree,1,n2
18_1657_N2B-ordinal1,18,nearest_class,BASE_gbtree,0,n2
18_1657_N2C-radius1,18,counting,BASE_gbtree,0,n2
18_1660_N2A-novelband1,18,nearest_dist,BASE_gbtree,1,n2
18_1660_N2B-ordinal1,18,nearest_class,BASE_gbtree,1,n2
18_1660_N2C-radius1,18,counting,BASE_gbtree,0,n2
18_1663_N2A-novelband1,18,nearest_dist,BASE_gbtree,0,n2
18_1663_N2B-ordinal1,18,nearest_class,BASE_gbtree,0,n2
18_1663_N2C-radius1,18,counting,BASE_gbtree,1,n2
18_1705_N2A-novelband1,18,nearest_dist,BASE_gbtree,0,n2
18_1705_N2B-ordinal1,18,nearest_class,BASE_gbtree,1,n2
18_1705_N2C-radius1,18,counting,BASE_gbtree,0,n2
18_1711_N2A-novelband1,18,nearest_dist,BASE_gbtree,0,n2
18_1711_N2B-ordinal1,18,nearest_class,BASE_gbtree,0,n2
18_1711_N2C-radius1,18,counting,BASE_gbtree,0,n2
18_1716_N2A-novelband1,18,nearest_dist,BASE_gbtree,0,n2
18_1716_N2B-ordinal1,18,nearest_class,BASE_gbtree,0,n2
18_1716_N2C-radius1,18,counting,BASE_gbtree,0,n2
18_1722_N2A-novelband1,18,nearest_dist,BASE_gbtree,0,n2
18_1722_N2B-ordinal1,18,nearest_class,BASE_gbtree,1,n2
18_1722_N2C-radius1,18,counting,BASE_gbtree,1,n2
18_6581_N2A-novelband1,18,nearest_dist,BASE_gbtree,0,n2
18_6581_N2B-ordinal1,18,nearest_class,BASE_gbtree,0,n2
18_6581_N2C-radius1,18,counting,BASE_gbtree,0,n2
18_6634_N2A-novelband1,18,nearest_dist,BASE_gbtree,0,n2
18_6634_N2B-ordinal1,18,nearest_class,BASE_gbtree,0,n2
18_6634_N2C-radius1,18,counting,BASE_gbtree,0,n2
18_6648_N2A-novelband1,18,nearest_dist,BASE_gbtree,1,n2
18_6648_N2B-ordinal1,18,nearest_class,BASE_gbtree,0,n2
18_6648_N2C-radius1,18,counting,BASE_gbtree,0,n2
18_6652_N2A-novelband1,18,nearest_dist,BASE_gbtree,1,n2
18_6652_N2B-ordinal1,18,nearest_class,BASE_gbtree,1,n2
18_6652_N2C-radius1,18,counting,BASE_gbtree,0,n2
18_6653_N2A-novelband1,18,nearest_dist,BASE_gbtree,1,n2
18_6653_N2B-ordinal1,18,nearest_class,BASE_gbtree,0,n2
18_6653_N2C-radius1,18,counting,BASE_gbtree,1,n2
19_2757_N2A-novelband1,19,nearest_dist,BASE_gbtree,0,n2
19_2757_N2B-ordinal1,19,nearest_class,BASE_gbtree,1,n2
19_2757_N2C-radius1,19,counting,BASE_gbtree,0,n2
19_2759_N2A-novelband1,19,nearest_dist,BASE_gbtree,1,n2
19_2759_N2B-ordinal1,19,nearest_class,BASE_gbtree,0,n2
19_2759_N2C-radius1,19,counting,BASE_gbtree,0,n2
19_2768_N2A-novelband1,19,nearest_dist,BASE_gbtree,0,n2
19_2768_N2B-ordinal1,19,nearest_class,BASE_gbtree,1,n2
19_2768_N2C-radius1,19,counting,BASE_gbtree,0,n2
19_2770_N2A-novelband1,19,nearest_dist,BASE_gbtree,1,n2
19_2770_N2B-ordinal1,19,nearest_class,BASE_gbtree,1,n2
19_2770_N2C-radius1,19,counting,BASE_gbtree,1,n2
19_2775_N2A-novelband1,19,nearest_dist,BASE_gbtree,0,n2
19_2775_N2B-ordinal1,19,nearest_class,BASE_gbtree,0,n2
19_2775_N2C-radius1,19,counting,BASE_gbtree,1,n2
19_2786_N2A-novelband1,19,nearest_dist,BASE_gbtree,0,n2
19_2786_N2B-ordinal1,19,nearest_class,BASE_gbtree,0,n2
19_2786_N2C-radius1,19,counting,BASE_gbtree,1,n2
19_2795_N2A-novelband1,19,nearest_dist,BASE_gbtree,0,n2
19_2795_N2B-ordinal1,19,nearest_class,BASE_gbtree,0,n2
19_2795_N2C-radius1,19,counting,BASE_gbtree,1,n2
19_2799_N2A-novelband1,19,nearest_dist,BASE_gbtree,1,n2
19_2799_N2B-ordinal1,19,nearest_class,BASE_gbtree,0,n2
19_2799_N2C-radius1,19,counting,BASE_gbtree,1,n2
19_2800_N2A-novelband1,19,nearest_dist,BASE_gbtree,0,n2
19_2800_N2B-ordinal1,19,nearest_class,BASE_gbtree,1,n2
19_2800_N2C-radius1,19,counting,BASE_gbtree,0,n2
19_2801_N2A-novelband1,19,nearest_dist,BASE_gbtree,0,n2
19_2801_N2B-ordinal1,19,nearest_class,BASE_gbtree,1,n2
19_2801_N2C-radius1,19,counting,BASE_gbtree,0,n2
19_2806_N2A-novelband1,19,nearest_dist,BASE_gbtree,0,n2
19_2806_N2B-ordinal1,19,nearest_class,BASE_gbtree,0,n2
19_2806_N2C-radius1,19,counting,BASE_gbtree,0,n2
19_2814_N2A-novelband1,19,nearest_dist,BASE_gbtree,1,n2
19_2814_N2B-ordinal1,19,nearest_class,BASE_gbtree,0,n2
19_2814_N2C-radius1,19,counting,BASE_gbtree,0,n2
19_2816_N2A-novelband1,19,nearest_dist,BASE_gbtree,1,n2
19_2816_N2B-ordinal1,19,nearest_class,BASE_gbtree,1,n2
19_2816_N2C-radius1,19,counting,BASE_gbtree,0,n2
19_2820_N2A-novelband1,19,nearest_dist,BASE_gbtree,0,n2
19_2820_N2B-ordinal1,19,nearest_class,BASE_gbtree,0,n2
19_2820_N2C-radius1,19,counting,BASE_gbtree,0,n2
19_2824_N2A-novelband1,19,nearest_dist,BASE_gbtree,1,n2
19_2824_N2B-ordinal1,19,nearest_class,BASE_gbtree,0,n2
19_2824_N2C-radius1,19,counting,BASE_gbtree,0,n2
19_2892_N2A-novelband1,19,nearest_dist,BASE_gbtree,0,n2
19_2892_N2B-ordinal1,19,nearest_class,BASE_gbtree,0,n2
19_2892_N2C-radius1,19,counting,BASE_gbtree,1,n2
1_1851_N2A-novelband1,1,nearest_dist,BASE_gbtree,0,n2
1_1851_N2B-ordinal1,1,nearest_class,BASE_gbtree,0,n2
1_1851_N2C-radius1,1,counting,BASE_gbtree,0,n2
1_1852_N2A-novelband1,1,nearest_dist,BASE_gbtree,0,n2
1_1852_N2B-ordinal1,1,nearest_class,BASE_gbtree,1,n2
1_1852_N2C-radius1,1,counting,BASE_gbtree,0,n2
1_1857_N2A-novelband1,1,nearest_dist,BASE_gbtree,0,n2
1_1857_N2B-ordinal1,1,nearest_class,BASE_gbtree,1,n2
1_1857_N2C-radius1,1,counting,BASE_gbtree,0,n2
1_1858_N2A-novelband1,1,nearest_dist,BASE_gbtree,0,n2
1_1858_N2B-ordinal1,1,nearest_class,BASE_gbtree,1,n2
1_1858_N2C-radius1,1,counting,BASE_gbtree,0,n2
1_1864_N2A-novelband1,1,nearest_dist,BASE_gbtree,1,n2
1_1864_N2B-ordinal1,1,nearest_class,BASE_gbtree,1,n2
1_1864_N2C-radius1,1,counting,BASE_gbtree,0,n2
1_1908_N2A-novelband1,1,nearest_dist,BASE_gbtree,0,n2
1_1908_N2B-ordinal1,1,nearest_class,BASE_gbtree,0,n2
1_1908_N2C-radius1,1,counting,BASE_gbtree,0,n2
1_1915_N2A-novelband1,1,nearest_dist,BASE_gbtree,0,n2
1_1915_N2B-ordinal1,1,nearest_class,BASE_gbtree,0,n2
1_1915_N2C-radius1,1,counting,BASE_gbtree,0,n2
1_2006_N2A-novelband1,1,nearest_dist,BASE_gbtree,1,n2
1_2006_N2B-ordinal1,1,nearest_class,BASE_gbtree,0,n2
1_2006_N2C-radius1,1,counting,BASE_gbtree,1,n2
1_2045_N2A-novelband1,1,nearest_dist,BASE_gbtree,1,n2
1_2045_N2B-ordinal1,1,nearest_class,BASE_gbtree,1,n2
1_2045_N2C-radius1,1,counting,BASE_gbtree,0,n2
1_2078_N2A-novelband1,1,nearest_dist,BASE_gbtree,0,n2
1_2078_N2B-ordinal1,1,nearest_class,BASE_gbtree,0,n2
1_2078_N2C-radius1,1,counting,BASE_gbtree,0,n2
1_2081_N2A-novelband1,1,nearest_dist,BASE_gbtree,0,n2
1_2081_N2B-ordinal1,1,nearest_class,BASE_gbtree,0,n2
1_2081_N2C-radius1,1,counting,BASE_gbtree,0,n2
1_2083_N2A-novelband1,1,nearest_dist,BASE_gbtree,0,n2
1_2083_N2B-ordinal1,1,nearest_class,BASE_gbtree,1,n2
1_2083_N2C-radius1,1,counting,BASE_gbtree,0,n2
1_2085_N2A-novelband1,1,nearest_dist,BASE_gbtree,1,n2
1_2085_N2B-ordinal1,1,nearest_class,BASE_gbtree,0,n2
1_2085_N2C-radius1,1,counting,BASE_gbtree,1,n2
1_2088_N2A-novelband1,1,nearest_dist,BASE_gbtree,1,n2
1_2088_N2B-ordinal1,1,nearest_class,BASE_gbtree,0,n2
1_2088_N2C-radius1,1,counting,BASE_gbtree,0,n2
1_2092_N2A-novelband1,1,nearest_dist,BASE_gbtree,1,n2
1_2092_N2B-ordinal1,1,nearest_class,BASE_gbtree,1,n2
1_2092_N2C-radius1,1,counting,BASE_gbtree,0,n2
1_2093_N2A-novelband1,1,nearest_dist,BASE_gbtree,1,n2
1_2093_N2B-ordinal1,1,nearest_class,BASE_gbtree,0,n2
1_2093_N2C-radius1,1,counting,BASE_gbtree,0,n2
1_2099_N2A-novelband1,1,nearest_dist,BASE_gbtree,1,n2
1_2099_N2B-ordinal1,1,nearest_class,BASE_gbtree,1,n2
1_2099_N2C-radius1,1,counting,BASE_gbtree,1,n2
1_2105_N2A-novelband1,1,nearest_dist,BASE_gbtree,1,n2
1_2105_N2B-ordinal1,1,nearest_class,BASE_gbtree,0,n2
1_2105_N2C-radius1,1,counting,BASE_gbtree,0,n2
1_2106_N2A-novelband1,1,nearest_dist,BASE_gbtree,1,n2
1_2106_N2B-ordinal1,1,nearest_class,BASE_gbtree,0,n2
1_2106_N2C-radius1,1,counting,BASE_gbtree,0,n2
1_2109_N2A-novelband1,1,nearest_dist,BASE_gbtree,0,n2
1_2109_N2B-ordinal1,1,nearest_class,BASE_gbtree,0,n2
1_2109_N2C-radius1,1,counting,BASE_gbtree,0,n2
1_2111_N2A-novelband1,1,nearest_dist,BASE_gbtree,0,n2
1_2111_N2B-ordinal1,1,nearest_class,BASE_gbtree,0,n2
1_2111_N2C-radius1,1,counting,BASE_gbtree,0,n2
1_2157_N2A-novelband1,1,nearest_dist,BASE_gbtree,1,n2
1_2157_N2B-ordinal1,1,nearest_class,BASE_gbtree,0,n2
1_2157_N2C-radius1,1,counting,BASE_gbtree,1,n2
1_2161_N2A-novelband1,1,nearest_dist,BASE_gbtree,0,n2
1_2161_N2B-ordinal1,1,nearest_class,BASE_gbtree,0,n2
1_2161_N2C-radius1,1,counting,BASE_gbtree,1,n2
1_2166_N2A-novelband1,1,nearest_dist,BASE_gbtree,0,n2
1_2166_N2B-ordinal1,1,nearest_class,BASE_gbtree,0,n2
1_2166_N2C-radius1,1,counting,BASE_gbtree,1,n2
1_2232_N2A-novelband1,1,nearest_dist,BASE_gbtree,0,n2
1_2232_N2B-ordinal1,1,nearest_class,BASE_gbtree,0,n2
1_2232_N2C-radius1,1,counting,BASE_gbtree,1,n2
1_2234_N2A-novelband1,1,nearest_dist,BASE_gbtree,1,n2
1_2234_N2B-ordinal1,1,nearest_class,BASE_gbtree,0,n2
1_2234_N2C-radius1,1,counting,BASE_gbtree,1,n2
1_2236_N2A-novelband1,1,nearest_dist,BASE_gbtree,1,n2
1_2236_N2B-ordinal1,1,nearest_class,BASE_gbtree,0,n2
1_2236_N2C-radius1,1,counting,BASE_gbtree,1,n2
1_2237_N2A-novelband1,1,nearest_dist,BASE_gbtree,0,n2
1_2237_N2B-ordinal1,1,nearest_class,BASE_gbtree,0,n2
1_2237_N2C-radius1,1,counting,BASE_gbtree,0,n2
1_2238_N2A-novelband1,1,nearest_dist,BASE_gbtree,1,n2
1_2238_N2B-ordinal1,1,nearest_class,BASE_gbtree,0,n2
1_2238_N2C-radius1,1,counting,BASE_gbtree,1,n2
1_2244_N2A-novelband1,1,nearest_dist,BASE_gbtree,1,n2
1_2244_N2B-ordinal1,1,nearest_class,BASE_gbtree,0,n2
1_2244_N2C-radius1,1,counting,BASE_gbtree,1,n2
1_2245_N2A-novelband1,1,nearest_dist,BASE_gbtree,1,n2
1_2245_N2B-ordinal1,1,nearest_class,BASE_gbtree,1,n2
1_2245_N2C-radius1,1,counting,BASE_gbtree,1,n2
1_2937_N2A-novelband1,1,nearest_dist,BASE_gbtree,1,n2
1_2937_N2B-ordinal1,1,nearest_class,BASE_gbtree,0,n2
1_2937_N2C-radius1,1,counting,BASE_gbtree,1,n2
1_2939_N2A-novelband1,1,nearest_dist,BASE_gbtree,1,n2
1_2939_N2B-ordinal1,1,nearest_class,BASE_gbtree,0,n2
1_2939_N2C-radius1,1,counting,BASE_gbtree,1,n2
1_2952_N2A-novelband1,1,nearest_dist,BASE_gbtree,0,n2
1_2952_N2B-ordinal1,1,nearest_class,BASE_gbtree,0,n2
1_2952_N2C-radius1,1,counting,BASE_gbtree,0,n2
1_2955_N2A-novelband1,1,nearest_dist,BASE_gbtree,0,n2
1_2955_N2B-ordinal1,1,nearest_class,BASE_gbtree,0,n2
1_2955_N2C-radius1,1,counting,BASE_gbtree,0,n2
1_2968_N2A-novelband1,1,nearest_dist,BASE_gbtree,1,n2
1_2968_N2B-ordinal1,1,nearest_class,BASE_gbtree,0,n2
1_2968_N2C-radius1,1,counting,BASE_gbtree,1,n2
1_2983_N2A-novelband1,1,nearest_dist,BASE_gbtree,1,n2
1_2983_N2B-ordinal1,1,nearest_class,BASE_gbtree,1,n2
1_2983_N2C-radius1,1,counting,BASE_gbtree,1,n2
1_2984_N2A-novelband1,1,nearest_dist,BASE_gbtree,1,n2
1_2984_N2B-ordinal1,1,nearest_class,BASE_gbtree,0,n2
1_2984_N2C-radius1,1,counting,BASE_gbtree,0,n2
1_3371_N2A-novelband1,1,nearest_dist,BASE_gbtree,0,n2
1_3371_N2B-ordinal1,1,nearest_class,BASE_gbtree,1,n2
1_3371_N2C-radius1,1,counting,BASE_gbtree,0,n2
20_10010_N2A-novelband1,20,nearest_dist,BASE_gbtree,1,n2
20_10010_N2B-ordinal1,20,nearest_class,BASE_gbtree,1,n2
20_10010_N2C-radius1,20,counting,BASE_gbtree,0,n2
20_10011_N2A-novelband1,20,nearest_dist,BASE_gbtree,0,n2
20_10011_N2B-ordinal1,20,nearest_class,BASE_gbtree,0,n2
20_10011_N2C-radius1,20,counting,BASE_gbtree,1,n2
20_10012_N2A-novelband1,20,nearest_dist,BASE_gbtree,0,n2
20_10012_N2B-ordinal1,20,nearest_class,BASE_gbtree,1,n2
20_10012_N2C-radius1,20,counting,BASE_gbtree,1,n2
20_10026_N2A-novelband1,20,nearest_dist,BASE_gbtree,0,n2
20_10026_N2B-ordinal1,20,nearest_class,BASE_gbtree,0,n2
20_10026_N2C-radius1,20,counting,BASE_gbtree,0,n2
20_10032_N2A-novelband1,20,nearest_dist,BASE_gbtree,1,n2
20_10032_N2B-ordinal1,20,nearest_class,BASE_gbtree,0,n2
20_10032_N2C-radius1,20,counting,BASE_gbtree,0,n2
20_10033_N2A-novelband1,20,nearest_dist,BASE_gbtree,0,n2
20_10033_N2B-ordinal1,20,nearest_class,BASE_gbtree,0,n2
20_10033_N2C-radius1,20,counting,BASE_gbtree,0,n2
20_10034_N2A-novelband1,20,nearest_dist,BASE_gbtree,0,n2
20_10034_N2B-ordinal1,20,nearest_class,BASE_gbtree,0,n2
20_10034_N2C-radius1,20,counting,BASE_gbtree,1,n2
20_10117_N2A-novelband1,20,nearest_dist,BASE_gbtree,1,n2
20_10117_N2B-ordinal1,20,nearest_class,BASE_gbtree,0,n2
20_10117_N2C-radius1,20,counting,BASE_gbtree,0,n2
20_10118_N2A-novelband1,20,nearest_dist,BASE_gbtree,0,n2
20_10118_N2B-ordinal1,20,nearest_class,BASE_gbtree,1,n2
20_10118_N2C-radius1,20,counting,BASE_gbtree,1,n2
20_10193_N2A-novelband1,20,nearest_dist,BASE_gbtree,0,n2
20_10193_N2B-ordinal1,20,nearest_class,BASE_gbtree,0,n2
20_10193_N2C-radius1,20,counting,BASE_gbtree,1,n2
20_10203_N2A-novelband1,20,nearest_dist,BASE_gbtree,0,n2
20_10203_N2B-ordinal1,20,nearest_class,BASE_gbtree,0,n2
20_10203_N2C-radius1,20,counting,BASE_gbtree,0,n2
20_10212_N2A-novelband1,20,nearest_dist,BASE_gbtree,0,n2
20_10212_N2B-ordinal1,20,nearest_class,BASE_gbtree,0,n2
20_10212_N2C-radius1,20,counting,BASE_gbtree,1,n2
20_10325_N2A-novelband1,20,nearest_dist,BASE_gbtree,0,n2
20_10325_N2B-ordinal1,20,nearest_class,BASE_gbtree,0,n2
20_10325_N2C-radius1,20,counting,BASE_gbtree,0,n2
20_10328_N2A-novelband1,20,nearest_dist,BASE_gbtree,1,n2
20_10328_N2B-ordinal1,20,nearest_class,BASE_gbtree,0,n2
20_10328_N2C-radius1,20,counting,BASE_gbtree,0,n2
20_10333_N2A-novelband1,20,nearest_dist,BASE_gbtree,0,n2
20_10333_N2B-ordinal1,20,nearest_class,BASE_gbtree,0,n2
20_10333_N2C-radius1,20,counting,BASE_gbtree,0,n2
20_10334_N2A-novelband1,20,nearest_dist,BASE_gbtree,0,n2
20_10334_N2B-ordinal1,20,nearest_class,BASE_gbtree,1,n2
20_10334_N2C-radius1,20,counting,BASE_gbtree,0,n2
20_10335_N2A-novelband1,20,nearest_dist,BASE_gbtree,1,n2
20_10335_N2B-ordinal1,20,nearest_class,BASE_gbtree,0,n2
20_10335_N2C-radius1,20,counting,BASE_gbtree,0,n2
20_10340_N2A-novelband1,20,nearest_dist,BASE_gbtree,0,n2
20_10340_N2B-ordinal1,20,nearest_class,BASE_gbtree,0,n2
20_10340_N2C-radius1,20,counting,BASE_gbtree,0,n2
20_10378_N2A-novelband1,20,nearest_dist,BASE_gbtree,0,n2
20_10378_N2B-ordinal1,20,nearest_class,BASE_gbtree,1,n2
20_10378_N2C-radius1,20,counting,BASE_gbtree,0,n2
20_10380_N2A-novelband1,20,nearest_dist,BASE_gbtree,1,n2
20_10380_N2B-ordinal1,20,nearest_class,BASE_gbtree,0,n2
20_10380_N2C-radius1,20,counting,BASE_gbtree,0,n2
20_10386_N2A-novelband1,20,nearest_dist,BASE_gbtree,1,n2
20_10386_N2B-ordinal1,20,nearest_class,BASE_gbtree,1,n2
20_10386_N2C-radius1,20,counting,BASE_gbtree,0,n2
20_10387_N2A-novelband1,20,nearest_dist,BASE_gbtree,1,n2
20_10387_N2B-ordinal1,20,nearest_class,BASE_gbtree,0,n2
20_10387_N2C-radius1,20,counting,BASE_gbtree,0,n2
20_10388_N2A-novelband1,20,nearest_dist,BASE_gbtree,0,n2
20_10388_N2B-ordinal1,20,nearest_class,BASE_gbtree,0,n2
20_10388_N2C-radius1,20,counting,BASE_gbtree,0,n2
20_10393_N2A-novelband1,20,nearest_dist,BASE_gbtree,1,n2
20_10393_N2B-ordinal1,20,nearest_class,BASE_gbtree,0,n2
20_10393_N2C-radius1,20,counting,BASE_gbtree,0,n2
20_10394_N2A-novelband1,20,nearest_dist,BASE_gbtree,1,n2
20_10394_N2B-ordinal1,20,nearest_class,BASE_gbtree,1,n2
20_10394_N2C-radius1,20,counting,BASE_gbtree,0,n2
20_10396_N2A-novelband1,20,nearest_dist,BASE_gbtree,0,n2
20_10396_N2B-ordinal1,20,nearest_class,BASE_gbtree,0,n2
20_10396_N2C-radius1,20,counting,BASE_gbtree,0,n2
20_10397_N2A-novelband1,20,nearest_dist,BASE_gbtree,0,n2
20_10397_N2B-ordinal1,20,nearest_class,BASE_gbtree,0,n2
20_10397_N2C-radius1,20,counting,BASE_gbtree,1,n2
20_10399_N2A-novelband1,20,nearest_dist,BASE_gbtree,0,n2
20_10399_N2B-ordinal1,20,nearest_class,BASE_gbtree,1,n2
20_10399_N2C-radius1,20,counting,BASE_gbtree,0,n2
20_10409_N2A-novelband1,20,nearest_dist,BASE_gbtree,0,n2
20_10409_N2B-ordinal1,20,nearest_class,BASE_gbtree,0,n2
20_10409_N2C-radius1,20,counting,BASE_gbtree,0,n2
20_10414_N2A-novelband1,20,nearest_dist,BASE_gbtree,1,n2
20_10414_N2B-ordinal1,20,nearest_class,BASE_gbtree,0,n2
20_10414_N2C-radius1,20,counting,BASE_gbtree,0,n2
20_10415_N2A-novelband1,20,nearest_dist,BASE_gbtree,1,n2
20_10415_N2B-ordinal1,20,nearest_class,BASE_gbtree,1,n2
20_10415_N2C-radius1,20,counting,BASE_gbtree,0,n2
20_10425_N2A-novelband1,20,nearest_dist,BASE_gbtree,0,n2
20_10425_N2B-ordinal1,20,nearest_class,BASE_gbtree,0,n2
20_10425_N2C-radius1,20,counting,BASE_gbtree,0,n2
20_10426_N2A-novelband1,20,nearest_dist,BASE_gbtree,1,n2
20_10426_N2B-ordinal1,20,nearest_class,BASE_gbtree,0,n2
20_10426_N2C-radius1,20,counting,BASE_gbtree,0,n2
20_10427_N2A-novelband1,20,nearest_dist,BASE_gbtree,0,n2
20_10427_N2B-ordinal1,20,nearest_class,BASE_gbtree,1,n2
20_10427_N2C-radius1,20,counting,BASE_gbtree,0,n2
20_10428_N2A-novelband1,20,nearest_dist,BASE_gbtree,0,n2
20_10428_N2B-ordinal1,20,nearest_class,BASE_gbtree,1,n2
20_10428_N2C-radius1,20,counting,BASE_gbtree,0,n2
20_1076_N2A-novelband1,20,nearest_dist,BASE_gbtree,1,n2
20_1076_N2B-ordinal1,20,nearest_class,BASE_gbtree,0,n2
20_1076_N2C-radius1,20,counting,BASE_gbtree,0,n2
20_1077_N2A-novelband1,20,nearest_dist,BASE_gbtree,0,n2
20_1077_N2B-ordinal1,20,nearest_class,BASE_gbtree,0,n2
20_1077_N2C-radius1,20,counting,BASE_gbtree,0,n2
20_1078_N2A-novelband1,20,nearest_dist,BASE_gbtree,0,n2
20_1078_N2B-ordinal1,20,nearest_class,BASE_gbtree,1,n2
20_1078_N2C-radius1,20,counting,BASE_gbtree,0,n2
20_1137_N2A-novelband1,20,nearest_dist,BASE_gbtree,0,n2
20_1137_N2B-ordinal1,20,nearest_class,BASE_gbtree,0,n2
20_1137_N2C-radius1,20,counting,BASE_gbtree,0,n2
20_1140_N2A-novelband1,20,nearest_dist,BASE_gbtree,0,n2
20_1140_N2B-ordinal1,20,nearest_class,BASE_gbtree,0,n2
20_1140_N2C-radius1,20,counting,BASE_gbtree,0,n2
20_1144_N2A-novelband1,20,nearest_dist,BASE_gbtree,1,n2
20_1144_N2B-ordinal1,20,nearest_class,BASE_gbtree,1,n2
20_1144_N2C-radius1,20,counting,BASE_gbtree,0,n2
20_11920_N2A-novelband1,20,nearest_dist,BASE_gbtree,1,n2
20_11920_N2B-ordinal1,20,nearest_class,BASE_gbtree,1,n2
20_11920_N2C-radius1,20,counting,BASE_gbtree,0,n2
20_12092_N2A-novelband1,20,nearest_dist,BASE_gbtree,0,n2
20_12092_N2B-ordinal1,20,nearest_class,BASE_gbtree,0,n2
20_12092_N2C-radius1,20,counting,BASE_gbtree,0,n2
20_12095_N2A-novelband1,20,nearest_dist,BASE_gbtree,1,n2
20_12095_N2B-ordinal1,20,nearest_class,BASE_gbtree,1,n2
20_12095_N2C-radius1,20,counting,BASE_gbtree,1,n2
20_12099_N2A-novelband1,20,nearest_dist,BASE_gbtree,0,n2
20_12099_N2B-ordinal1,20,nearest_class,BASE_gbtree,1,n2
20_12099_N2C-radius1,20,counting,BASE_gbtree,0,n2
20_12100_N2A-novelband1,20,nearest_dist,BASE_gbtree,1,n2
20_12100_N2B-ordinal1,20,nearest_class,BASE_gbtree,0,n2
20_12100_N2C-radius1,20,counting,BASE_gbtree,0,n2
20_12104_N2A-novelband1,20,nearest_dist,BASE_gbtree,0,n2
20_12104_N2B-ordinal1,20,nearest_class,BASE_gbtree,1,n2
20_12104_N2C-radius1,20,counting,BASE_gbtree,0,n2
20_12106_N2A-novelband1,20,nearest_dist,BASE_gbtree,1,n2
20_12106_N2B-ordinal1,20,nearest_class,BASE_gbtree,1,n2
20_12106_N2C-radius1,20,counting,BASE_gbtree,0,n2
20_12108_N2A-novelband1,20,nearest_dist,BASE_gbtree,0,n2
20_12108_N2B-ordinal1,20,nearest_class,BASE_gbtree,0,n2
20_12108_N2C-radius1,20,counting,BASE_gbtree,0,n2
20_1219_N2A-novelband1,20,nearest_dist,BASE_gbtree,0,n2
20_1219_N2B-ordinal1,20,nearest_class,BASE_gbtree,0,n2
20_1219_N2C-radius1,20,counting,BASE_gbtree,1,n2
20_1222_N2A-novelband1,20,nearest_dist,BASE_gbtree,0,n2
20_1222_N2B-ordinal1,20,nearest_class,BASE_gbtree,0,n2
20_1222_N2C-radius1,20,counting,BASE_gbtree,0,n2
20_12638_N2A-novelband1,20,nearest_dist,BASE_gbtree,1,n2
20_12638_N2B-ordinal1,20,nearest_class,BASE_gbtree,0,n2
20_12638_N2C-radius1,20,counting,BASE_gbtree,0,n2
20_12643_N2A-novelband1,20,nearest_dist,BASE_gbtree,1,n2
20_12643_N2B-ordinal1,20,nearest_class,BASE_gbtree,0,n2
20_12643_N2C-radius1,20,counting,BASE_gbtree,0,n2
20_12771_N2A-novelband1,20,nearest_dist,BASE_gbtree,0,n2
20_12771_N2B-ordinal1,20,nearest_class,BASE_gbtree,1,n2
20_12771_N2C-radius1,20,counting,BASE_gbtree,1,n2
20_12810_N2A-novelband1,20,nearest_dist,BASE_gbtree,1,n2
20_12810_N2B-ordinal1,20,nearest_class,BASE_gbtree,1,n2
20_12810_N2C-radius1,20,counting,BASE_gbtree,0,n2
20_12868_N2A-novelband1,20,nearest_dist,BASE_gbtree,0,n2
20_12868_N2B-ordinal1,20,nearest_class,BASE_gbtree,0,n2
20_12868_N2C-radius1,20,counting,BASE_gbtree,0,n2
20_12869_N2A-novelband1,20,nearest_dist,BASE_gbtree,1,n2
20_12869_N2B-ordinal1,20,nearest_class,BASE_gbtree,1,n2
20_12869_N2C-radius1,20,counting,BASE_gbtree,1,n2
20_12872_N2A-novelband1,20,nearest_dist,BASE_gbtree,0,n2
20_12872_N2B-ordinal1,20,nearest_class,BASE_gbtree,0,n2
20_12872_N2C-radius1,20,counting,BASE_gbtree,0,n2
20_12874_N2A-novelband1,20,nearest_dist,BASE_gbtree,0,n2
20_12874_N2B-ordinal1,20,nearest_class,BASE_gbtree,0,n2
20_12874_N2C-radius1,20,counting,BASE_gbtree,1,n2
20_12883_N2A-novelband1,20,nearest_dist,BASE_gbtree,1,n2
20_12883_N2B-ordinal1,20,nearest_class,BASE_gbtree,0,n2
20_12883_N2C-radius1,20,counting,BASE_gbtree,0,n2
20_12892_N2A-novelband1,20,nearest_dist,BASE_gbtree,1,n2
20_12892_N2B-ordinal1,20,nearest_class,BASE_gbtree,1,n2
20_12892_N2C-radius1,20,counting,BASE_gbtree,1,n2
20_12895_N2A-novelband1,20,nearest_dist,BASE_gbtree,0,n2
20_12895_N2B-ordinal1,20,nearest_class,BASE_gbtree,0,n2
20_12895_N2C-radius1,20,counting,BASE_gbtree,0,n2
20_12897_N2A-novelband1,20,nearest_dist,BASE_gbtree,1,n2
20_12897_N2B-ordinal1,20,nearest_class,BASE_gbtree,0,n2
20_12897_N2C-radius1,20,counting,BASE_gbtree,1,n2
20_12900_N2A-novelband1,20,nearest_dist,BASE_gbtree,0,n2
20_12900_N2B-ordinal1,20,nearest_class,BASE_gbtree,0,n2
20_12900_N2C-radius1,20,counting,BASE_gbtree,1,n2
20_12901_N2A-novelband1,20,nearest_dist,BASE_gbtree,0,n2
20_12901_N2B-ordinal1,20,nearest_class,BASE_gbtree,0,n2
20_12901_N2C-radius1,20,counting,BASE_gbtree,1,n2
20_12982_N2A-novelband1,20,nearest_dist,BASE_gbtree,0,n2
20_12982_N2B-ordinal1,20,nearest_class,BASE_gbtree,0,n2
20_12982_N2C-radius1,20,counting,BASE_gbtree,0,n2
20_12984_N2A-novelband1,20,nearest_dist,BASE_gbtree,0,n2
20_12984_N2B-ordinal1,20,nearest_class,BASE_gbtree,1,n2
20_12984_N2C-radius1,20,counting,BASE_gbtree,1,n2
20_12986_N2A-novelband1,20,nearest_dist,BASE_gbtree,0,n2
20_12986_N2B-ordinal1,20,nearest_class,BASE_gbtree,0,n2
20_12986_N2C-radius1,20,counting,BASE_gbtree,0,n2
20_12987_N2A-novelband1,20,nearest_dist,BASE_gbtree,0,n2
20_12987_N2B-ordinal1,20,nearest_class,BASE_gbtree,1,n2
20_12987_N2C-radius1,20,counting,BASE_gbtree,1,n2
20_12988_N2A-novelband1,20,nearest_dist,BASE_gbtree,1,n2
20_12988_N2B-ordinal1,20,nearest_class,BASE_gbtree,0,n2
20_12988_N2C-radius1,20,counting,BASE_gbtree,1,n2
20_12996_N2A-novelband1,20,nearest_dist,BASE_gbtree,0,n2
20_12996_N2B-ordinal1,20,nearest_class,BASE_gbtree,0,n2
20_12996_N2C-radius1,20,counting,BASE_gbtree,0,n2
20_13003_N2A-novelband1,20,nearest_dist,BASE_gbtree,0,n2
20_13003_N2B-ordinal1,20,nearest_class,BASE_gbtree,0,n2
20_13003_N2C-radius1,20,counting,BASE_gbtree,0,n2
20_13013_N2A-novelband1,20,nearest_dist,BASE_gbtree,1,n2
20_13013_N2B-ordinal1,20,nearest_class,BASE_gbtree,1,n2
20_13013_N2C-radius1,20,counting,BASE_gbtree,1,n2
20_13016_N2A-novelband1,20,nearest_dist,BASE_gbtree,0,n2
20_13016_N2B-ordinal1,20,nearest_class,BASE_gbtree,0,n2
20_13016_N2C-radius1,20,counting,BASE_gbtree,0,n2
20_13019_N2A-novelband1,20,nearest_dist,BASE_gbtree,0,n2
20_13019_N2B-ordinal1,20,nearest_class,BASE_gbtree,0,n2
20_13019_N2C-radius1,20,counting,BASE_gbtree,0,n2
20_13025_N2A-novelband1,20,nearest_dist,BASE_gbtree,1,n2
20_13025_N2B-ordinal1,20,nearest_class,BASE_gbtree,0,n2
20_13025_N2C-radius1,20,counting,BASE_gbtree,1,n2
20_13029_N2A-novelband1,20,nearest_dist,BASE_gbtree,0,n2
20_13029_N2B-ordinal1,20,nearest_class,BASE_gbtree,0,n2
20_13029_N2C-radius1,20,counting,BASE_gbtree,0,n2
20_13038_N2A-novelband1,20,nearest_dist,BASE_gbtree,1,n2
20_13038_N2B-ordinal1,20,nearest_class,BASE_gbtree,0,n2
20_13038_N2C-radius1,20,counting,BASE_gbtree,0,n2
20_13039_N2A-novelband1,20,nearest_dist,BASE_gbtree,0,n2
20_13039_N2B-ordinal1,20,nearest_class,BASE_gbtree,0,n2
20_13039_N2C-radius1,20,counting,BASE_gbtree,0,n2
20_13048_N2A-novelband1,20,nearest_dist,BASE_gbtree,0,n2
20_13048_N2B-ordinal1,20,nearest_class,BASE_gbtree,0,n2
20_13048_N2C-radius1,20,counting,BASE_gbtree,1,n2
20_13054_N2A-novelband1,20,nearest_dist,BASE_gbtree,1,n2
20_13054_N2B-ordinal1,20,nearest_class,BASE_gbtree,0,n2
20_13054_N2C-radius1,20,counting,BASE_gbtree,1,n2
20_13060_N2A-novelband1,20,nearest_dist,BASE_gbtree,0,n2
20_13060_N2B-ordinal1,20,nearest_class,BASE_gbtree,0,n2
20_13060_N2C-radius1,20,counting,BASE_gbtree,0,n2
20_13064_N2A-novelband1,20,nearest_dist,BASE_gbtree,0,n2
20_13064_N2B-ordinal1,20,nearest_class,BASE_gbtree,0,n2
20_13064_N2C-radius1,20,counting,BASE_gbtree,0,n2
20_13071_N2A-novelband1,20,nearest_dist,BASE_gbtree,0,n2
20_13071_N2B-ordinal1,20,nearest_class,BASE_gbtree,1,n2
20_13071_N2C-radius1,20,counting,BASE_gbtree,1,n2
20_13079_N2A-novelband1,20,nearest_dist,BASE_gbtree,0,n2
20_13079_N2B-ordinal1,20,nearest_class,BASE_gbtree,0,n2
20_13079_N2C-radius1,20,counting,BASE_gbtree,0,n2
20_13081_N2A-novelband1,20,nearest_dist,BASE_gbtree,0,n2
20_13081_N2B-ordinal1,20,nearest_class,BASE_gbtree,1,n2
20_13081_N2C-radius1,20,counting,BASE_gbtree,0,n2
20_13143_N2A-novelband1,20,nearest_dist,BASE_gbtree,0,n2
20_13143_N2B-ordinal1,20,nearest_class,BASE_gbtree,0,n2
20_13143_N2C-radius1,20,counting,BASE_gbtree,0,n2
20_13146_N2A-novelband1,20,nearest_dist,BASE_gbtree,1,n2
20_13146_N2B-ordinal1,20,nearest_class,BASE_gbtree,0,n2
20_13146_N2C-radius1,20,counting,BASE_gbtree,0,n2
20_13210_N2A-novelband1,20,nearest_dist,BASE_gbtree,0,n2
20_13210_N2B-ordinal1,20,nearest_class,BASE_gbtree,0,n2
20_13210_N2C-radius1,20,counting,BASE_gbtree,0,n2
20_13211_N2A-novelband1,20,nearest_dist,BASE_gbtree,0,n2
20_13211_N2B-ordinal1,20,nearest_class,BASE_gbtree,1,n2
20_13211_N2C-radius1,20,counting,BASE_gbtree,0,n2
20_13212_N2A-novelband1,20,nearest_dist,BASE_gbtree,0,n2
20_13212_N2B-ordinal1,20,nearest_class,BASE_gbtree,0,n2
20_13212_N2C-radius1,20,counting,BASE_gbtree,0,n2
20_13214_N2A-novelband1,20,nearest_dist,BASE_gbtree,1,n2
20_13214_N2B-ordinal1,20,nearest_class,BASE_gbtree,1,n2
20_13214_N2C-radius1,20,counting,BASE_gbtree,1,n2
20_13215_N2A-novelband1,20,nearest_dist,BASE_gbtree,0,n2
20_13215_N2B-ordinal1,20,nearest_class,BASE_gbtree,0,n2
20_13215_N2C-radius1,20,counting,BASE_gbtree,0,n2
20_13251_N2A-novelband1,20,nearest_dist,BASE_gbtree,0,n2
20_13251_N2B-ordinal1,20,nearest_class,BASE_gbtree,0,n2
20_13251_N2C-radius1,20,counting,BASE_gbtree,0,n2
20_13261_N2A-novelband1,20,nearest_dist,BASE_gbtree,1,n2
20_13261_N2B-ordinal1,20,nearest_class,BASE_gbtree,0,n2
20_13261_N2C-radius1,20,counting,BASE_gbtree,0,n2
20_13262_N2A-novelband1,20,nearest_dist,BASE_gbtree,0,n2
20_13262_N2B-ordinal1,20,nearest_class,BASE_gbtree,0,n2
20_13262_N2C-radius1,20,counting,BASE_gbtree,1,n2
20_13263_N2A-novelband1,20,nearest_dist,BASE_gbtree,0,n2
20_13263_N2B-ordinal1,20,nearest_class,BASE_gbtree,0,n2
20_13263_N2C-radius1,20,counting,BASE_gbtree,1,n2
20_13269_N2A-novelband1,20,nearest_dist,BASE_gbtree,0,n2
20_13269_N2B-ordinal1,20,nearest_class,BASE_gbtree,0,n2
20_13269_N2C-radius1,20,counting,BASE_gbtree,1,n2
20_13270_N2A-novelband1,20,nearest_dist,BASE_gbtree,0,n2
20_13270_N2B-ordinal1,20,nearest_class,BASE_gbtree,1,n2
20_13270_N2C-radius1,20,counting,BASE_gbtree,1,n2
20_13271_N2A-novelband1,20,nearest_dist,BASE_gbtree,1,n2
20_13271_N2B-ordinal1,20,nearest_class,BASE_gbtree,0,n2
20_13271_N2C-radius1,20,counting,BASE_gbtree,0,n2
20_3056_N2A-novelband1,20,nearest_dist,BASE_gbtree,0,n2
20_3056_N2B-ordinal1,20,nearest_class,BASE_gbtree,0,n2
20_3056_N2C-radius1,20,counting,BASE_gbtree,0,n2
20_3066_N2A-novelband1,20,nearest_dist,BASE_gbtree,0,n2
20_3066_N2B-ordinal1,20,nearest_class,BASE_gbtree,1,n2
20_3066_N2C-radius1,20,counting,BASE_gbtree,0,n2
20_3067_N2A-novelband1,20,nearest_dist,BASE_gbtree,0,n2
20_3067_N2B-ordinal1,20,nearest_class,BASE_gbtree,0,n2
20_3067_N2C-radius1,20,counting,BASE_gbtree,0,n2
20_3174_N2A-novelband1,20,nearest_dist,BASE_gbtree,1,n2
20_3174_N2B-ordinal1,20,nearest_class,BASE_gbtree,1,n2
20_3174_N2C-radius1,20,counting,BASE_gbtree,0,n2
20_3292_N2A-novelband1,20,nearest_dist,BASE_gbtree,1,n2
20_3292_N2B-ordinal1,20,nearest_class,BASE_gbtree,0,n2
20_3292_N2C-radius1,20,counting,BASE_gbtree,0,n2
20_3293_N2A-novelband1,20,nearest_dist,BASE_gbtree,1,n2
20_3293_N2B-ordinal1,20,nearest_class,BASE_gbtree,0,n2
20_3293_N2C-radius1,20,counting,BASE_gbtree,0,n2
20_3305_N2A-novelband1,20,nearest_dist,BASE_gbtree,0,n2
20_3305_N2B-ordinal1,20,nearest_class,BASE_gbtree,1,n2
20_3305_N2C-radius1,20,counting,BASE_gbtree,0,n2
20_3311_N2A-novelband1,20,nearest_dist,BASE_gbtree,1,n2
20_3311_N2B-ordinal1,20,nearest_class,BASE_gbtree,0,n2
20_3311_N2C-radius1,20,counting,BASE_gbtree,0,n2
20_3387_N2A-novelband1,20,nearest_dist,BASE_gbtree,0,n2
20_3387_N2B-ordinal1,20,nearest_class,BASE_gbtree,1,n2
20_3387_N2C-radius1,20,counting,BASE_gbtree,1,n2
20_3453_N2A-novelband1,20,nearest_dist,BASE_gbtree,0,n2
20_3453_N2B-ordinal1,20,nearest_class,BASE_gbtree,0,n2
20_3453_N2C-radius1,20,counting,BASE_gbtree,0,n2
20_3486_N2A-novelband1,20,nearest_dist,BASE_gbtree,0,n2
20_3486_N2B-ordinal1,20,nearest_class,BASE_gbtree,0,n2
20_3486_N2C-radius1,20,counting,BASE_gbtree,0,n2
20_3489_N2A-novelband1,20,nearest_dist,BASE_gbtree,0,n2
20_3489_N2B-ordinal1,20,nearest_class,BASE_gbtree,0,n2
20_3489_N2C-radius1,20,counting,BASE_gbtree,0,n2
20_3494_N2A-novelband1,20,nearest_dist,BASE_gbtree,1,n2
20_3494_N2B-ordinal1,20,nearest_class,BASE_gbtree,1,n2
20_3494_N2C-radius1,20,counting,BASE_gbtree,0,n2
20_3497_N2A-novelband1,20,nearest_dist,BASE_gbtree,0,n2
20_3497_N2B-ordinal1,20,nearest_class,BASE_gbtree,1,n2
20_3497_N2C-radius1,20,counting,BASE_gbtree,0,n2
20_4243_N2A-novelband1,20,nearest_dist,BASE_gbtree,0,n2
20_4243_N2B-ordinal1,20,nearest_class,BASE_gbtree,1,n2
20_4243_N2C-radius1,20,counting,BASE_gbtree,0,n2
20_4250_N2A-novelband1,20,nearest_dist,BASE_gbtree,0,n2
20_4250_N2B-ordinal1,20,nearest_class,BASE_gbtree,0,n2
20_4250_N2C-radius1,20,counting,BASE_gbtree,0,n2
20_4256_N2A-novelband1,20,nearest_dist,BASE_gbtree,0,n2
20_4256_N2B-ordinal1,20,nearest_class,BASE_gbtree,0,n2
20_4256_N2C-radius1,20,counting,BASE_gbtree,0,n2
20_4260_N2A-novelband1,20,nearest_dist,BASE_gbtree,0,n2
20_4260_N2B-ordinal1,20,nearest_class,BASE_gbtree,0,n2
20_4260_N2C-radius1,20,counting,BASE_gbtree,0,n2
20_4261_N2A-novelband1,20,nearest_dist,BASE_gbtree,1,n2
20_4261_N2B-ordinal1,20,nearest_class,BASE_gbtree,0,n2
20_4261_N2C-radius1,20,counting,BASE_gbtree,0,n2
20_4262_N2A-novelband1,20,nearest_dist,BASE_gbtree,0,n2
20_4262_N2B-ordinal1,20,nearest_class,BASE_gbtree,0,n2
20_4262_N2C-radius1,20,counting,BASE_gbtree,0,n2
20_4267_N2A-novelband1,20,nearest_dist,BASE_gbtree,1,n2
20_4267_N2B-ordinal1,20,nearest_class,BASE_gbtree,0,n2
20_4267_N2C-radius1,20,counting,BASE_gbtree,0,n2
20_4300_N2A-novelband1,20,nearest_dist,BASE_gbtree,0,n2
20_4300_N2B-ordinal1,20,nearest_class,BASE_gbtree,0,n2
20_4300_N2C-radius1,20,counting,BASE_gbtree,0,n2
20_4303_N2A-novelband1,20,nearest_dist,BASE_gbtree,0,n2
20_4303_N2B-ordinal1,20,nearest_class,BASE_gbtree,1,n2
20_4303_N2C-radius1,20,counting,BASE_gbtree,0,n2
20_4356_N2A-novelband1,20,nearest_dist,BASE_gbtree,0,n2
20_4356_N2B-ordinal1,20,nearest_class,BASE_gbtree,1,n2
20_4356_N2C-radius1,20,counting,BASE_gbtree,0,n2
20_4357_N2A-novelband1,20,nearest_dist,BASE_gbtree,0,n2
20_4357_N2B-ordinal1,20,nearest_class,BASE_gbtree,1,n2
20_4357_N2C-radius1,20,counting,BASE_gbtree,0,n2
20_4554_N2A-novelband1,20,nearest_dist,BASE_gbtree,0,n2
20_4554_N2B-ordinal1,20,nearest_class,BASE_gbtree,1,n2
20_4554_N2C-radius1,20,counting,BASE_gbtree,0,n2
20_4566_N2A-novelband1,20,nearest_dist,BASE_gbtree,1,n2
20_4566_N2B-ordinal1,20,nearest_class,BASE_gbtree,1,n2
20_4566_N2C-radius1,20,counting,BASE_gbtree,0,n2
20_4567_N2A-novelband1,20,nearest_dist,BASE_gbtree,0,n2
20_4567_N2B-ordinal1,20,nearest_class,BASE_gbtree,0,n2
20_4567_N2C-radius1,20,counting,BASE_gbtree,0,n2
20_4573_N2A-novelband1,20,nearest_dist,BASE_gbtree,0,n2
20_4573_N2B-ordinal1,20,nearest_class,BASE_gbtree,0,n2
20_4573_N2C-radius1,20,counting,BASE_gbtree,0,n2
20_4630_N2A-novelband1,20,nearest_dist,BASE_gbtree,1,n2
20_4630_N2B-ordinal1,20,nearest_class,BASE_gbtree,1,n2
20_4630_N2C-radius1,20,counting,BASE_gbtree,1,n2
20_4876_N2A-novelband1,20,nearest_dist,BASE_gbtree,0,n2
20_4876_N2B-ordinal1,20,nearest_class,BASE_gbtree,1,n2
20_4876_N2C-radius1,20,counting,BASE_gbtree,0,n2
20_4877_N2A-novelband1,20,nearest_dist,BASE_gbtree,0,n2
20_4877_N2B-ordinal1,20,nearest_class,BASE_gbtree,1,n2
20_4877_N2C-radius1,20,counting,BASE_gbtree,0,n2
20_4883_N2A-novelband1,20,nearest_dist,BASE_gbtree,0,n2
20_4883_N2B-ordinal1,20,nearest_class,BASE_gbtree,1,n2
20_4883_N2C-radius1,20,counting,BASE_gbtree,1,n2
20_4885_N2A-novelband1,20,nearest_dist,BASE_gbtree,1,n2
20_4885_N2B-ordinal1,20,nearest_class,BASE_gbtree,1,n2
20_4885_N2C-radius1,20,counting,BASE_gbtree,0,n2
20_4890_N2A-novelband1,20,nearest_dist,BASE_gbtree,0,n2
20_4890_N2B-ordinal1,20,nearest_class,BASE_gbtree,0,n2
20_4890_N2C-radius1,20,counting,BASE_gbtree,0,n2
20_4894_N2A-novelband1,20,nearest_dist,BASE_gbtree,1,n2
20_4894_N2B-ordinal1,20,nearest_class,BASE_gbtree,0,n2
20_4894_N2C-radius1,20,counting,BASE_gbtree,0,n2
20_4926_N2A-novelband1,20,nearest_dist,BASE_gbtree,0,n2
20_4926_N2B-ordinal1,20,nearest_class,BASE_gbtree,1,n2
20_4926_N2C-radius1,20,counting,BASE_gbtree,0,n2
20_4928_N2A-novelband1,20,nearest_dist,BASE_gbtree,1,n2
20_4928_N2B-ordinal1,20,nearest_class,BASE_gbtree,0,n2
20_4928_N2C-radius1,20,counting,BASE_gbtree,0,n2
20_4932_N2A-novelband1,20,nearest_dist,BASE_gbtree,1,n2
20_4932_N2B-ordinal1,20,nearest_class,BASE_gbtree,0,n2
20_4932_N2C-radius1,20,counting,BASE_gbtree,0,n2
20_4934_N2A-novelband1,20,nearest_dist,BASE_gbtree,0,n2
20_4934_N2B-ordinal1,20,nearest_class,BASE_gbtree,0,n2
20_4934_N2C-radius1,20,counting,BASE_gbtree,1,n2
20_4938_N2A-novelband1,20,nearest_dist,BASE_gbtree,1,n2
20_4938_N2B-ordinal1,20,nearest_class,BASE_gbtree,0,n2
20_4938_N2C-radius1,20,counting,BASE_gbtree,0,n2
20_4939_N2A-novelband1,20,nearest_dist,BASE_gbtree,1,n2
20_4939_N2B-ordinal1,20,nearest_class,BASE_gbtree,0,n2
20_4939_N2C-radius1,20,counting,BASE_gbtree,0,n2
20_4943_N2A-novelband1,20,nearest_dist,BASE_gbtree,1,n2
20_4943_N2B-ordinal1,20,nearest_class,BASE_gbtree,0,n2
20_4943_N2C-radius1,20,counting,BASE_gbtree,0,n2
20_4944_N2A-novelband1,20,nearest_dist,BASE_gbtree,1,n2
20_4944_N2B-ordinal1,20,nearest_class,BASE_gbtree,1,n2
20_4944_N2C-radius1,20,counting,BASE_gbtree,0,n2
20_4948_N2A-novelband1,20,nearest_dist,BASE_gbtree,1,n2
20_4948_N2B-ordinal1,20,nearest_class,BASE_gbtree,0,n2
20_4948_N2C-radius1,20,counting,BASE_gbtree,0,n2
20_4952_N2A-novelband1,20,nearest_dist,BASE_gbtree,0,n2
20_4952_N2B-ordinal1,20,nearest_class,BASE_gbtree,0,n2
20_4952_N2C-radius1,20,counting,BASE_gbtree,0,n2
20_4953_N2A-novelband1,20,nearest_dist,BASE_gbtree,0,n2
20_4953_N2B-ordinal1,20,nearest_class,BASE_gbtree,0,n2
20_4953_N2C-radius1,20,counting,BASE_gbtree,0,n2
20_5288_N2A-novelband1,20,nearest_dist,BASE_gbtree,0,n2
20_5288_N2B-ordinal1,20,nearest_class,BASE_gbtree,0,n2
20_5288_N2C-radius1,20,counting,BASE_gbtree,0,n2
20_5293_N2A-novelband1,20,nearest_dist,BASE_gbtree,0,n2
20_5293_N2C-radius1,20,counting,BASE_gbtree,1,n2
20_5300_N2A-novelband1,20,nearest_dist,BASE_gbtree,1,n2
20_5300_N2B-ordinal1,20,nearest_class,BASE_gbtree,1,n2
20_5300_N2C-radius1,20,counting,BASE_gbtree,0,n2
20_5354_N2A-novelband1,20,nearest_dist,BASE_gbtree,1,n2
20_5354_N2B-ordinal1,20,nearest_class,BASE_gbtree,0,n2
20_5354_N2C-radius1,20,counting,BASE_gbtree,0,n2
20_5357_N2A-novelband1,20,nearest_dist,BASE_gbtree,1,n2
20_5357_N2B-ordinal1,20,nearest_class,BASE_gbtree,0,n2
20_5357_N2C-radius1,20,counting,BASE_gbtree,0,n2
20_5359_N2A-novelband1,20,nearest_dist,BASE_gbtree,1,n2
20_5359_N2B-ordinal1,20,nearest_class,BASE_gbtree,0,n2
20_5359_N2C-radius1,20,counting,BASE_gbtree,1,n2
20_5361_N2A-novelband1,20,nearest_dist,BASE_gbtree,0,n2
20_5361_N2B-ordinal1,20,nearest_class,BASE_gbtree,0,n2
20_5361_N2C-radius1,20,counting,BASE_gbtree,0,n2
20_5476_N2A-novelband1,20,nearest_dist,BASE_gbtree,0,n2
20_5476_N2B-ordinal1,20,nearest_class,BASE_gbtree,1,n2
20_5476_N2C-radius1,20,counting,BASE_gbtree,0,n2
20_5477_N2A-novelband1,20,nearest_dist,BASE_gbtree,1,n2
20_5477_N2B-ordinal1,20,nearest_class,BASE_gbtree,0,n2
20_5477_N2C-radius1,20,counting,BASE_gbtree,0,n2
20_5489_N2A-novelband1,20,nearest_dist,BASE_gbtree,1,n2
20_5489_N2B-ordinal1,20,nearest_class,BASE_gbtree,1,n2
20_5489_N2C-radius1,20,counting,BASE_gbtree,0,n2
20_5611_N2A-novelband1,20,nearest_dist,BASE_gbtree,1,n2
20_5611_N2B-ordinal1,20,nearest_class,BASE_gbtree,0,n2
20_5611_N2C-radius1,20,counting,BASE_gbtree,0,n2
20_5674_N2A-novelband1,20,nearest_dist,BASE_gbtree,0,n2
20_5674_N2B-ordinal1,20,nearest_class,BASE_gbtree,0,n2
20_5674_N2C-radius1,20,counting,BASE_gbtree,0,n2
20_5684_N2A-novelband1,20,nearest_dist,BASE_gbtree,0,n2
20_5684_N2B-ordinal1,20,nearest_class,BASE_gbtree,0,n2
20_5684_N2C-radius1,20,counting,BASE_gbtree,0,n2
20_5689_N2A-novelband1,20,nearest_dist,BASE_gbtree,1,n2
20_5689_N2B-ordinal1,20,nearest_class,BASE_gbtree,1,n2
20_5689_N2C-radius1,20,counting,BASE_gbtree,0,n2
20_5690_N2A-novelband1,20,nearest_dist,BASE_gbtree,0,n2
20_5690_N2B-ordinal1,20,nearest_class,BASE_gbtree,0,n2
20_5690_N2C-radius1,20,counting,BASE_gbtree,0,n2
20_5701_N2A-novelband1,20,nearest_dist,BASE_gbtree,1,n2
20_5701_N2B-ordinal1,20,nearest_class,BASE_gbtree,0,n2
20_5701_N2C-radius1,20,counting,BASE_gbtree,0,n2
20_5702_N2A-novelband1,20,nearest_dist,BASE_gbtree,0,n2
20_5702_N2B-ordinal1,20,nearest_class,BASE_gbtree,0,n2
20_5702_N2C-radius1,20,counting,BASE_gbtree,0,n2
20_5703_N2A-novelband1,20,nearest_dist,BASE_gbtree,1,n2
20_5703_N2B-ordinal1,20,nearest_class,BASE_gbtree,0,n2
20_5703_N2C-radius1,20,counting,BASE_gbtree,1,n2
20_5704_N2A-novelband1,20,nearest_dist,BASE_gbtree,1,n2
20_5704_N2B-ordinal1,20,nearest_class,BASE_gbtree,0,n2
20_5704_N2C-radius1,20,counting,BASE_gbtree,1,n2
20_5752_N2A-novelband1,20,nearest_dist,BASE_gbtree,0,n2
20_5752_N2B-ordinal1,20,nearest_class,BASE_gbtree,0,n2
20_5752_N2C-radius1,20,counting,BASE_gbtree,0,n2
20_7488_N2A-novelband1,20,nearest_dist,BASE_gbtree,1,n2
20_7488_N2B-ordinal1,20,nearest_class,BASE_gbtree,0,n2
20_7488_N2C-radius1,20,counting,BASE_gbtree,1,n2
20_7489_N2A-novelband1,20,nearest_dist,BASE_gbtree,1,n2
20_7489_N2B-ordinal1,20,nearest_class,BASE_gbtree,1,n2
20_7489_N2C-radius1,20,counting,BASE_gbtree,0,n2
20_7493_N2A-novelband1,20,nearest_dist,BASE_gbtree,0,n2
20_7493_N2B-ordinal1,20,nearest_class,BASE_gbtree,1,n2
20_7493_N2C-radius1,20,counting,BASE_gbtree,1,n2
20_7526_N2A-novelband1,20,nearest_dist,BASE_gbtree,0,n2
20_7526_N2B-ordinal1,20,nearest_class,BASE_gbtree,0,n2
20_7526_N2C-radius1,20,counting,BASE_gbtree,0,n2
20_7534_N2A-novelband1,20,nearest_dist,BASE_gbtree,1,n2
20_7534_N2B-ordinal1,20,nearest_class,BASE_gbtree,0,n2
20_7534_N2C-radius1,20,counting,BASE_gbtree,1,n2
20_7536_N2A-novelband1,20,nearest_dist,BASE_gbtree,0,n2
20_7536_N2B-ordinal1,20,nearest_class,BASE_gbtree,0,n2
20_7536_N2C-radius1,20,counting,BASE_gbtree,0,n2
20_7542_N2A-novelband1,20,nearest_dist,BASE_gbtree,0,n2
20_7542_N2B-ordinal1,20,nearest_class,BASE_gbtree,0,n2
20_7542_N2C-radius1,20,counting,BASE_gbtree,1,n2
20_7544_N2A-novelband1,20,nearest_dist,BASE_gbtree,0,n2
20_7544_N2B-ordinal1,20,nearest_class,BASE_gbtree,0,n2
20_7544_N2C-radius1,20,counting,BASE_gbtree,0,n2
20_7630_N2A-novelband1,20,nearest_dist,BASE_gbtree,0,n2
20_7630_N2B-ordinal1,20,nearest_class,BASE_gbtree,0,n2
20_7630_N2C-radius1,20,counting,BASE_gbtree,0,n2
20_7703_N2A-novelband1,20,nearest_dist,BASE_gbtree,1,n2
20_7703_N2B-ordinal1,20,nearest_class,BASE_gbtree,0,n2
20_7703_N2C-radius1,20,counting,BASE_gbtree,0,n2
20_7710_N2A-novelband1,20,nearest_dist,BASE_gbtree,1,n2
20_7710_N2B-ordinal1,20,nearest_class,BASE_gbtree,0,n2
20_7710_N2C-radius1,20,counting,BASE_gbtree,0,n2
20_7712_N2A-novelband1,20,nearest_dist,BASE_gbtree,0,n2
20_7712_N2B-ordinal1,20,nearest_class,BASE_gbtree,0,n2
20_7712_N2C-radius1,20,counting,BASE_gbtree,0,n2
20_7715_N2A-novelband1,20,nearest_dist,BASE_gbtree,1,n2
20_7715_N2B-ordinal1,20,nearest_class,BASE_gbtree,0,n2
20_7715_N2C-radius1,20,counting,BASE_gbtree,1,n2
20_7751_N2A-novelband1,20,nearest_dist,BASE_gbtree,0,n2
20_7751_N2B-ordinal1,20,nearest_class,BASE_gbtree,0,n2
20_7751_N2C-radius1,20,counting,BASE_gbtree,0,n2
20_7923_N2A-novelband1,20,nearest_dist,BASE_gbtree,1,n2
20_7923_N2C-radius1,20,counting,BASE_gbtree,1,n2
20_7927_N2A-novelband1,20,nearest_dist,BASE_gbtree,0,n2
20_7927_N2C-radius1,20,counting,BASE_gbtree,0,n2
20_7928_N2A-novelband1,20,nearest_dist,BASE_gbtree,0,n2
20_7928_N2C-radius1,20,counting,BASE_gbtree,0,n2
20_7936_N2A-novelband1,20,nearest_dist,BASE_gbtree,0,n2
20_7936_N2C-radius1,20,counting,BASE_gbtree,1,n2
20_7937_N2A-novelband1,20,nearest_dist,BASE_gbtree,0,n2
20_7937_N2C-radius1,20,counting,BASE_gbtree,0,n2
20_7938_N2A-novelband1,20,nearest_dist,BASE_gbtree,0,n2
20_7938_N2C-radius1,20,counting,BASE_gbtree,0,n2
20_7968_N2A-novelband1,20,nearest_dist,BASE_gbtree,0,n2
20_7968_N2B-ordinal1,20,nearest_class,BASE_gbtree,0,n2
20_7968_N2C-radius1,20,counting,BASE_gbtree,1,n2
20_8176_N2A-novelband1,20,nearest_dist,BASE_gbtree,1,n2
20_8176_N2B-ordinal1,20,nearest_class,BASE_gbtree,0,n2
20_8176_N2C-radius1,20,counting,BASE_gbtree,0,n2
20_8178_N2A-novelband1,20,nearest_dist,BASE_gbtree,0,n2
20_8178_N2B-ordinal1,20,nearest_class,BASE_gbtree,0,n2
20_8178_N2C-radius1,20,counting,BASE_gbtree,1,n2
20_8181_N2A-novelband1,20,nearest_dist,BASE_gbtree,0,n2
20_8181_N2B-ordinal1,20,nearest_class,BASE_gbtree,1,n2
20_8181_N2C-radius1,20,counting,BASE_gbtree,0,n2
20_8182_N2A-novelband1,20,nearest_dist,BASE_gbtree,0,n2
20_8182_N2B-ordinal1,20,nearest_class,BASE_gbtree,0,n2
20_8182_N2C-radius1,20,counting,BASE_gbtree,0,n2
20_8183_N2A-novelband1,20,nearest_dist,BASE_gbtree,0,n2
20_8183_N2B-ordinal1,20,nearest_class,BASE_gbtree,0,n2
20_8183_N2C-radius1,20,counting,BASE_gbtree,1,n2
20_8185_N2A-novelband1,20,nearest_dist,BASE_gbtree,0,n2
20_8185_N2B-ordinal1,20,nearest_class,BASE_gbtree,0,n2
20_8185_N2C-radius1,20,counting,BASE_gbtree,0,n2
20_8196_N2A-novelband1,20,nearest_dist,BASE_gbtree,1,n2
20_8196_N2B-ordinal1,20,nearest_class,BASE_gbtree,1,n2
20_8196_N2C-radius1,20,counting,BASE_gbtree,1,n2
20_8198_N2A-novelband1,20,nearest_dist,BASE_gbtree,0,n2
20_8198_N2B-ordinal1,20,nearest_class,BASE_gbtree,0,n2
20_8198_N2C-radius1,20,counting,BASE_gbtree,0,n2
20_8466_N2A-novelband1,20,nearest_dist,BASE_gbtree,0,n2
20_8466_N2B-ordinal1,20,nearest_class,BASE_gbtree,0,n2
20_8466_N2C-radius1,20,counting,BASE_gbtree,0,n2
20_8467_N2A-novelband1,20,nearest_dist,BASE_gbtree,1,n2
20_8467_N2B-ordinal1,20,nearest_class,BASE_gbtree,0,n2
20_8467_N2C-radius1,20,counting,BASE_gbtree,1,n2
20_8474_N2A-novelband1,20,nearest_dist,BASE_gbtree,1,n2
20_8474_N2B-ordinal1,20,nearest_class,BASE_gbtree,1,n2
20_8474_N2C-radius1,20,counting,BASE_gbtree,1,n2
20_8475_N2A-novelband1,20,nearest_dist,BASE_gbtree,0,n2
20_8475_N2B-ordinal1,20,nearest_class,BASE_gbtree,0,n2
20_8475_N2C-radius1,20,counting,BASE_gbtree,0,n2
20_8483_N2A-novelband1,20,nearest_dist,BASE_gbtree,0,n2
20_8483_N2B-ordinal1,20,nearest_class,BASE_gbtree,1,n2
20_8483_N2C-radius1,20,counting,BASE_gbtree,0,n2
20_8519_N2A-novelband1,20,nearest_dist,BASE_gbtree,0,n2
20_8519_N2B-ordinal1,20,nearest_class,BASE_gbtree,0,n2
20_8519_N2C-radius1,20,counting,BASE_gbtree,1,n2
20_8613_N2A-novelband1,20,nearest_dist,BASE_gbtree,0,n2
20_8613_N2B-ordinal1,20,nearest_class,BASE_gbtree,0,n2
20_8613_N2C-radius1,20,counting,BASE_gbtree,0,n2
20_8618_N2A-novelband1,20,nearest_dist,BASE_gbtree,0,n2
20_8618_N2B-ordinal1,20,nearest_class,BASE_gbtree,0,n2
20_8618_N2C-radius1,20,counting,BASE_gbtree,1,n2
20_8619_N2A-novelband1,20,nearest_dist,BASE_gbtree,1,n2
20_8619_N2B-ordinal1,20,nearest_class,BASE_gbtree,0,n2
20_8619_N2C-radius1,20,counting,BASE_gbtree,1,n2
20_8738_N2A-novelband1,20,nearest_dist,BASE_gbtree,1,n2
20_8738_N2B-ordinal1,20,nearest_class,BASE_gbtree,0,n2
20_8738_N2C-radius1,20,counting,BASE_gbtree,0,n2
20_8741_N2A-novelband1,20,nearest_dist,BASE_gbtree,0,n2
20_8741_N2B-ordinal1,20,nearest_class,BASE_gbtree,0,n2
20_8741_N2C-radius1,20,counting,BASE_gbtree,1,n2
20_8742_N2A-novelband1,20,nearest_dist,BASE_gbtree,0,n2
20_8742_N2B-ordinal1,20,nearest_class,BASE_gbtree,0,n2
20_8742_N2C-radius1,20,counting,BASE_gbtree,1,n2
20_8744_N2A-novelband1,20,nearest_dist,BASE_gbtree,0,n2
20_8744_N2B-ordinal1,20,nearest_class,BASE_gbtree,1,n2
20_8744_N2C-radius1,20,counting,BASE_gbtree,0,n2
20_8746_N2A-novelband1,20,nearest_dist,BASE_gbtree,0,n2
20_8746_N2B-ordinal1,20,nearest_class,BASE_gbtree,0,n2
20_8746_N2C-radius1,20,counting,BASE_gbtree,1,n2
20_8747_N2A-novelband1,20,nearest_dist,BASE_gbtree,1,n2
20_8747_N2B-ordinal1,20,nearest_class,BASE_gbtree,0,n2
20_8747_N2C-radius1,20,counting,BASE_gbtree,0,n2
20_8751_N2A-novelband1,20,nearest_dist,BASE_gbtree,0,n2
20_8751_N2B-ordinal1,20,nearest_class,BASE_gbtree,0,n2
20_8751_N2C-radius1,20,counting,BASE_gbtree,1,n2
20_8783_N2A-novelband1,20,nearest_dist,BASE_gbtree,0,n2
20_8783_N2B-ordinal1,20,nearest_class,BASE_gbtree,0,n2
20_8783_N2C-radius1,20,counting,BASE_gbtree,0,n2
20_8792_N2A-novelband1,20,nearest_dist,BASE_gbtree,0,n2
20_8792_N2B-ordinal1,20,nearest_class,BASE_gbtree,1,n2
20_8792_N2C-radius1,20,counting,BASE_gbtree,1,n2
20_8795_N2A-novelband1,20,nearest_dist,BASE_gbtree,0,n2
20_8795_N2B-ordinal1,20,nearest_class,BASE_gbtree,1,n2
20_8795_N2C-radius1,20,counting,BASE_gbtree,0,n2
20_8803_N2A-novelband1,20,nearest_dist,BASE_gbtree,0,n2
20_8803_N2B-ordinal1,20,nearest_class,BASE_gbtree,1,n2
20_8803_N2C-radius1,20,counting,BASE_gbtree,0,n2
20_8806_N2A-novelband1,20,nearest_dist,BASE_gbtree,0,n2
20_8806_N2B-ordinal1,20,nearest_class,BASE_gbtree,0,n2
20_8806_N2C-radius1,20,counting,BASE_gbtree,0,n2
20_8808_N2A-novelband1,20,nearest_dist,BASE_gbtree,1,n2
20_8808_N2B-ordinal1,20,nearest_class,BASE_gbtree,0,n2
20_8808_N2C-radius1,20,counting,BASE_gbtree,0,n2
20_8813_N2A-novelband1,20,nearest_dist,BASE_gbtree,0,n2
20_8813_N2B-ordinal1,20,nearest_class,BASE_gbtree,1,n2
20_8813_N2C-radius1,20,counting,BASE_gbtree,1,n2
20_8824_N2A-novelband1,20,nearest_dist,BASE_gbtree,1,n2
20_8824_N2B-ordinal1,20,nearest_class,BASE_gbtree,1,n2
20_8824_N2C-radius1,20,counting,BASE_gbtree,0,n2
20_8845_N2A-novelband1,20,nearest_dist,BASE_gbtree,0,n2
20_8845_N2B-ordinal1,20,nearest_class,BASE_gbtree,0,n2
20_8845_N2C-radius1,20,counting,BASE_gbtree,1,n2
20_9392_N2A-novelband1,20,nearest_dist,BASE_gbtree,1,n2
20_9392_N2B-ordinal1,20,nearest_class,BASE_gbtree,1,n2
20_9392_N2C-radius1,20,counting,BASE_gbtree,0,n2
20_9393_N2A-novelband1,20,nearest_dist,BASE_gbtree,1,n2
20_9393_N2B-ordinal1,20,nearest_class,BASE_gbtree,0,n2
20_9393_N2C-radius1,20,counting,BASE_gbtree,0,n2
20_9397_N2A-novelband1,20,nearest_dist,BASE_gbtree,1,n2
20_9397_N2B-ordinal1,20,nearest_class,BASE_gbtree,0,n2
20_9397_N2C-radius1,20,counting,BASE_gbtree,1,n2
20_9406_N2A-novelband1,20,nearest_dist,BASE_gbtree,0,n2
20_9406_N2B-ordinal1,20,nearest_class,BASE_gbtree,0,n2
20_9406_N2C-radius1,20,counting,BASE_gbtree,0,n2
20_9411_N2A-novelband1,20,nearest_dist,BASE_gbtree,0,n2
20_9411_N2B-ordinal1,20,nearest_class,BASE_gbtree,0,n2
20_9411_N2C-radius1,20,counting,BASE_gbtree,0,n2
20_9412_N2A-novelband1,20,nearest_dist,BASE_gbtree,0,n2
20_9412_N2B-ordinal1,20,nearest_class,BASE_gbtree,0,n2
20_9412_N2C-radius1,20,counting,BASE_gbtree,0,n2
20_9424_N2A-novelband1,20,nearest_dist,BASE_gbtree,0,n2
20_9424_N2B-ordinal1,20,nearest_class,BASE_gbtree,0,n2
20_9424_N2C-radius1,20,counting,BASE_gbtree,1,n2
20_9429_N2A-novelband1,20,nearest_dist,BASE_gbtree,0,n2
20_9429_N2B-ordinal1,20,nearest_class,BASE_gbtree,0,n2
20_9429_N2C-radius1,20,counting,BASE_gbtree,0,n2
20_9432_N2A-novelband1,20,nearest_dist,BASE_gbtree,0,n2
20_9432_N2B-ordinal1,20,nearest_class,BASE_gbtree,0,n2
20_9432_N2C-radius1,20,counting,BASE_gbtree,0,n2
20_9436_N2A-novelband1,20,nearest_dist,BASE_gbtree,0,n2
20_9436_N2B-ordinal1,20,nearest_class,BASE_gbtree,0,n2
20_9436_N2C-radius1,20,counting,BASE_gbtree,0,n2
20_9471_N2A-novelband1,20,nearest_dist,BASE_gbtree,0,n2
20_9471_N2B-ordinal1,20,nearest_class,BASE_gbtree,0,n2
20_9471_N2C-radius1,20,counting,BASE_gbtree,1,n2
20_9474_N2A-novelband1,20,nearest_dist,BASE_gbtree,1,n2
20_9474_N2B-ordinal1,20,nearest_class,BASE_gbtree,0,n2
20_9474_N2C-radius1,20,counting,BASE_gbtree,0,n2
20_9478_N2A-novelband1,20,nearest_dist,BASE_gbtree,0,n2
20_9478_N2B-ordinal1,20,nearest_class,BASE_gbtree,0,n2
20_9478_N2C-radius1,20,counting,BASE_gbtree,0,n2
20_9479_N2A-novelband1,20,nearest_dist,BASE_gbtree,0,n2
20_9479_N2B-ordinal1,20,nearest_class,BASE_gbtree,0,n2
20_9479_N2C-radius1,20,counting,BASE_gbtree,1,n2
20_9612_N2A-novelband1,20,nearest_dist,BASE_gbtree,1,n2
20_9612_N2B-ordinal1,20,nearest_class,BASE_gbtree,0,n2
20_9612_N2C-radius1,20,counting,BASE_gbtree,0,n2
20_9722_N2A-novelband1,20,nearest_dist,BASE_gbtree,1,n2
20_9722_N2B-ordinal1,20,nearest_class,BASE_gbtree,0,n2
20_9722_N2C-radius1,20,counting,BASE_gbtree,1,n2
20_9725_N2A-novelband1,20,nearest_dist,BASE_gbtree,0,n2
20_9725_N2B-ordinal1,20,nearest_class,BASE_gbtree,1,n2
20_9725_N2C-radius1,20,counting,BASE_gbtree,0,n2
20_9727_N2A-novelband1,20,nearest_dist,BASE_gbtree,0,n2
20_9727_N2B-ordinal1,20,nearest_class,BASE_gbtree,0,n2
20_9727_N2C-radius1,20,counting,BASE_gbtree,0,n2
20_9728_N2A-novelband1,20,nearest_dist,BASE_gbtree,0,n2
20_9728_N2B-ordinal1,20,nearest_class,BASE_gbtree,1,n2
20_9728_N2C-radius1,20,counting,BASE_gbtree,0,n2
20_973_N2A-novelband1,20,nearest_dist,BASE_gbtree,0,n2
20_973_N2B-ordinal1,20,nearest_class,BASE_gbtree,0,n2
20_973_N2C-radius1,20,counting,BASE_gbtree,1,n2
20_9736_N2A-novelband1,20,nearest_dist,BASE_gbtree,0,n2
20_9736_N2B-ordinal1,20,nearest_class,BASE_gbtree,0,n2
20_9736_N2C-radius1,20,counting,BASE_gbtree,0,n2
20_9737_N2A-novelband1,20,nearest_dist,BASE_gbtree,0,n2
20_9737_N2B-ordinal1,20,nearest_class,BASE_gbtree,0,n2
20_9737_N2C-radius1,20,counting,BASE_gbtree,0,n2
20_9745_N2A-novelband1,20,nearest_dist,BASE_gbtree,0,n2
20_9745_N2B-ordinal1,20,nearest_class,BASE_gbtree,1,n2
20_9745_N2C-radius1,20,counting,BASE_gbtree,0,n2
20_9746_N2A-novelband1,20,nearest_dist,BASE_gbtree,1,n2
20_9746_N2B-ordinal1,20,nearest_class,BASE_gbtree,0,n2
20_9746_N2C-radius1,20,counting,BASE_gbtree,1,n2
20_9754_N2A-novelband1,20,nearest_dist,BASE_gbtree,0,n2
20_9754_N2B-ordinal1,20,nearest_class,BASE_gbtree,1,n2
20_9754_N2C-radius1,20,counting,BASE_gbtree,1,n2
20_9785_N2A-novelband1,20,nearest_dist,BASE_gbtree,0,n2
20_9785_N2B-ordinal1,20,nearest_class,BASE_gbtree,0,n2
20_9785_N2C-radius1,20,counting,BASE_gbtree,0,n2
20_9787_N2A-novelband1,20,nearest_dist,BASE_gbtree,0,n2
20_9787_N2B-ordinal1,20,nearest_class,BASE_gbtree,1,n2
20_9787_N2C-radius1,20,counting,BASE_gbtree,0,n2
20_9788_N2A-novelband1,20,nearest_dist,BASE_gbtree,1,n2
20_9788_N2B-ordinal1,20,nearest_class,BASE_gbtree,0,n2
20_9788_N2C-radius1,20,counting,BASE_gbtree,0,n2
20_9790_N2A-novelband1,20,nearest_dist,BASE_gbtree,1,n2
20_9790_N2B-ordinal1,20,nearest_class,BASE_gbtree,1,n2
20_9790_N2C-radius1,20,counting,BASE_gbtree,0,n2
20_9927_N2A-novelband1,20,nearest_dist,BASE_gbtree,1,n2
20_9927_N2B-ordinal1,20,nearest_class,BASE_gbtree,0,n2
20_9927_N2C-radius1,20,counting,BASE_gbtree,1,n2
20_9928_N2A-novelband1,20,nearest_dist,BASE_gbtree,1,n2
20_9928_N2B-ordinal1,20,nearest_class,BASE_gbtree,1,n2
20_9928_N2C-radius1,20,counting,BASE_gbtree,1,n2
20_9958_N2A-novelband1,20,nearest_dist,BASE_gbtree,0,n2
20_9958_N2B-ordinal1,20,nearest_class,BASE_gbtree,0,n2
20_9958_N2C-radius1,20,counting,BASE_gbtree,0,n2
20_9959_N2A-novelband1,20,nearest_dist,BASE_gbtree,0,n2
20_9959_N2B-ordinal1,20,nearest_class,BASE_gbtree,0,n2
20_9959_N2C-radius1,20,counting,BASE_gbtree,0,n2
2_2441_N2A-novelband1,2,nearest_dist,BASE_gbtree,1,n2
2_2441_N2B-ordinal1,2,nearest_class,BASE_gbtree,1,n2
2_2441_N2C-radius1,2,counting,BASE_gbtree,0,n2
2_2442_N2A-novelband1,2,nearest_dist,BASE_gbtree,0,n2
2_2442_N2B-ordinal1,2,nearest_class,BASE_gbtree,0,n2
2_2442_N2C-radius1,2,counting,BASE_gbtree,0,n2
2_2443_N2A-novelband1,2,nearest_dist,BASE_gbtree,1,n2
2_2443_N2B-ordinal1,2,nearest_class,BASE_gbtree,1,n2
2_2443_N2C-radius1,2,counting,BASE_gbtree,0,n2
2_2457_N2A-novelband1,2,nearest_dist,BASE_gbtree,1,n2
2_2457_N2B-ordinal1,2,nearest_class,BASE_gbtree,0,n2
2_2457_N2C-radius1,2,counting,BASE_gbtree,0,n2
2_2459_N2A-novelband1,2,nearest_dist,BASE_gbtree,0,n2
2_2459_N2B-ordinal1,2,nearest_class,BASE_gbtree,0,n2
2_2459_N2C-radius1,2,counting,BASE_gbtree,0,n2
2_2460_N2A-novelband1,2,nearest_dist,BASE_gbtree,1,n2
2_2460_N2B-ordinal1,2,nearest_class,BASE_gbtree,0,n2
2_2460_N2C-radius1,2,counting,BASE_gbtree,0,n2
2_2465_N2A-novelband1,2,nearest_dist,BASE_gbtree,0,n2
2_2465_N2B-ordinal1,2,nearest_class,BASE_gbtree,1,n2
2_2465_N2C-radius1,2,counting,BASE_gbtree,0,n2
2_2468_N2A-novelband1,2,nearest_dist,BASE_gbtree,0,n2
2_2468_N2B-ordinal1,2,nearest_class,BASE_gbtree,1,n2
2_2468_N2C-radius1,2,counting,BASE_gbtree,1,n2
2_2537_N2A-novelband1,2,nearest_dist,BASE_gbtree,0,n2
2_2537_N2B-ordinal1,2,nearest_class,BASE_gbtree,1,n2
2_2537_N2C-radius1,2,counting,BASE_gbtree,0,n2
2_2539_N2A-novelband1,2,nearest_dist,BASE_gbtree,0,n2
2_2539_N2B-ordinal1,2,nearest_class,BASE_gbtree,1,n2
2_2539_N2C-radius1,2,counting,BASE_gbtree,0,n2
2_2541_N2A-novelband1,2,nearest_dist,BASE_gbtree,0,n2
2_2541_N2B-ordinal1,2,nearest_class,BASE_gbtree,0,n2
2_2541_N2C-radius1,2,counting,BASE_gbtree,1,n2
2_2544_N2A-novelband1,2,nearest_dist,BASE_gbtree,0,n2
2_2544_N2B-ordinal1,2,nearest_class,BASE_gbtree,1,n2
2_2544_N2C-radius1,2,counting,BASE_gbtree,0,n2
2_2545_N2A-novelband1,2,nearest_dist,BASE_gbtree,1,n2
2_2545_N2B-ordinal1,2,nearest_class,BASE_gbtree,0,n2
2_2545_N2C-radius1,2,counting,BASE_gbtree,0,n2
2_5041_N2A-novelband1,2,nearest_dist,BASE_gbtree,0,n2
2_5041_N2B-ordinal1,2,nearest_class,BASE_gbtree,1,n2
2_5041_N2C-radius1,2,counting,BASE_gbtree,0,n2
2_5044_N2A-novelband1,2,nearest_dist,BASE_gbtree,0,n2
2_5044_N2B-ordinal1,2,nearest_class,BASE_gbtree,0,n2
2_5044_N2C-radius1,2,counting,BASE_gbtree,1,n2
2_5046_N2A-novelband1,2,nearest_dist,BASE_gbtree,1,n2
2_5046_N2B-ordinal1,2,nearest_class,BASE_gbtree,0,n2
2_5046_N2C-radius1,2,counting,BASE_gbtree,1,n2
2_5048_N2A-novelband1,2,nearest_dist,BASE_gbtree,0,n2
2_5048_N2B-ordinal1,2,nearest_class,BASE_gbtree,1,n2
2_5048_N2C-radius1,2,counting,BASE_gbtree,0,n2
2_5051_N2A-novelband1,2,nearest_dist,BASE_gbtree,1,n2
2_5051_N2B-ordinal1,2,nearest_class,BASE_gbtree,1,n2
2_5051_N2C-radius1,2,counting,BASE_gbtree,1,n2
2_5058_N2A-novelband1,2,nearest_dist,BASE_gbtree,0,n2
2_5058_N2B-ordinal1,2,nearest_class,BASE_gbtree,0,n2
2_5058_N2C-radius1,2,counting,BASE_gbtree,0,n2
2_5060_N2A-novelband1,2,nearest_dist,BASE_gbtree,0,n2
2_5060_N2B-ordinal1,2,nearest_class,BASE_gbtree,1,n2
2_5060_N2C-radius1,2,counting,BASE_gbtree,0,n2
2_5081_N2A-novelband1,2,nearest_dist,BASE_gbtree,0,n2
2_5081_N2B-ordinal1,2,nearest_class,BASE_gbtree,1,n2
2_5081_N2C-radius1,2,counting,BASE_gbtree,0,n2
2_5084_N2A-novelband1,2,nearest_dist,BASE_gbtree,0,n2
2_5084_N2B-ordinal1,2,nearest_class,BASE_gbtree,1,n2
2_5084_N2C-radius1,2,counting,BASE_gbtree,0,n2
2_5086_N2A-novelband1,2,nearest_dist,BASE_gbtree,0,n2
2_5086_N2B-ordinal1,2,nearest_class,BASE_gbtree,0,n2
2_5086_N2C-radius1,2,counting,BASE_gbtree,0,n2
2_5091_N2A-novelband1,2,nearest_dist,BASE_gbtree,1,n2
2_5091_N2B-ordinal1,2,nearest_class,BASE_gbtree,1,n2
2_5091_N2C-radius1,2,counting,BASE_gbtree,0,n2
2_5093_N2A-novelband1,2,nearest_dist,BASE_gbtree,1,n2
2_5093_N2B-ordinal1,2,nearest_class,BASE_gbtree,1,n2
2_5093_N2C-radius1,2,counting,BASE_gbtree,0,n2
2_5094_N2A-novelband1,2,nearest_dist,BASE_gbtree,1,n2
2_5094_N2B-ordinal1,2,nearest_class,BASE_gbtree,1,n2
2_5094_N2C-radius1,2,counting,BASE_gbtree,1,n2
2_5101_N2A-novelband1,2,nearest_dist,BASE_gbtree,1,n2
2_5101_N2B-ordinal1,2,nearest_class,BASE_gbtree,0,n2
2_5101_N2C-radius1,2,counting,BASE_gbtree,0,n2
2_5104_N2A-novelband1,2,nearest_dist,BASE_gbtree,1,n2
2_5104_N2B-ordinal1,2,nearest_class,BASE_gbtree,0,n2
2_5104_N2C-radius1,2,counting,BASE_gbtree,1,n2
2_5109_N2A-novelband1,2,nearest_dist,BASE_gbtree,1,n2
2_5109_N2B-ordinal1,2,nearest_class,BASE_gbtree,1,n2
2_5109_N2C-radius1,2,counting,BASE_gbtree,0,n2
2_5111_N2A-novelband1,2,nearest_dist,BASE_gbtree,0,n2
2_5111_N2B-ordinal1,2,nearest_class,BASE_gbtree,0,n2
2_5111_N2C-radius1,2,counting,BASE_gbtree,0,n2
2_5112_N2A-novelband1,2,nearest_dist,BASE_gbtree,1,n2
2_5112_N2B-ordinal1,2,nearest_class,BASE_gbtree,0,n2
2_5112_N2C-radius1,2,counting,BASE_gbtree,0,n2
2_5114_N2A-novelband1,2,nearest_dist,BASE_gbtree,0,n2
2_5114_N2B-ordinal1,2,nearest_class,BASE_gbtree,1,n2
2_5114_N2C-radius1,2,counting,BASE_gbtree,0,n2
2_5120_N2A-novelband1,2,nearest_dist,BASE_gbtree,0,n2
2_5120_N2B-ordinal1,2,nearest_class,BASE_gbtree,0,n2
2_5120_N2C-radius1,2,counting,BASE_gbtree,0,n2
2_5122_N2A-novelband1,2,nearest_dist,BASE_gbtree,0,n2
2_5122_N2B-ordinal1,2,nearest_class,BASE_gbtree,0,n2
2_5122_N2C-radius1,2,counting,BASE_gbtree,1,n2
2_5126_N2A-novelband1,2,nearest_dist,BASE_gbtree,0,n2
2_5126_N2B-ordinal1,2,nearest_class,BASE_gbtree,0,n2
2_5126_N2C-radius1,2,counting,BASE_gbtree,0,n2
2_5129_N2A-novelband1,2,nearest_dist,BASE_gbtree,0,n2
2_5129_N2B-ordinal1,2,nearest_class,BASE_gbtree,0,n2
2_5129_N2C-radius1,2,counting,BASE_gbtree,0,n2
2_5198_N2A-novelband1,2,nearest_dist,BASE_gbtree,1,n2
2_5198_N2B-ordinal1,2,nearest_class,BASE_gbtree,0,n2
2_5198_N2C-radius1,2,counting,BASE_gbtree,1,n2
2_5202_N2A-novelband1,2,nearest_dist,BASE_gbtree,0,n2
2_5202_N2B-ordinal1,2,nearest_class,BASE_gbtree,0,n2
2_5202_N2C-radius1,2,counting,BASE_gbtree,1,n2
2_5203_N2A-novelband1,2,nearest_dist,BASE_gbtree,0,n2
2_5203_N2B-ordinal1,2,nearest_class,BASE_gbtree,1,n2
2_5203_N2C-radius1,2,counting,BASE_gbtree,0,n2
2_5205_N2A-novelband1,2,nearest_dist,BASE_gbtree,0,n2
2_5205_N2B-ordinal1,2,nearest_class,BASE_gbtree,0,n2
2_5205_N2C-radius1,2,counting,BASE_gbtree,1,n2
2_5289_N2A-novelband1,2,nearest_dist,BASE_gbtree,0,n2
2_5289_N2B-ordinal1,2,nearest_class,BASE_gbtree,0,n2
2_5289_N2C-radius1,2,counting,BASE_gbtree,1,n2
2_5293_N2A-novelband1,2,nearest_dist,BASE_gbtree,1,n2
2_5293_N2B-ordinal1,2,nearest_class,BASE_gbtree,1,n2
2_5293_N2C-radius1,2,counting,BASE_gbtree,0,n2
2_5338_N2A-novelband1,2,nearest_dist,BASE_gbtree,0,n2
2_5338_N2B-ordinal1,2,nearest_class,BASE_gbtree,1,n2
2_5338_N2C-radius1,2,counting,BASE_gbtree,0,n2
2_5339_N2A-novelband1,2,nearest_dist,BASE_gbtree,0,n2
2_5339_N2B-ordinal1,2,nearest_class,BASE_gbtree,0,n2
2_5339_N2C-radius1,2,counting,BASE_gbtree,1,n2
2_5587_N2A-novelband1,2,nearest_dist,BASE_gbtree,0,n2
2_5587_N2B-ordinal1,2,nearest_class,BASE_gbtree,1,n2
2_5587_N2C-radius1,2,counting,BASE_gbtree,0,n2
2_5589_N2A-novelband1,2,nearest_dist,BASE_gbtree,1,n2
2_5589_N2B-ordinal1,2,nearest_class,BASE_gbtree,0,n2
2_5589_N2C-radius1,2,counting,BASE_gbtree,0,n2
2_5591_N2A-novelband1,2,nearest_dist,BASE_gbtree,1,n2
2_5591_N2B-ordinal1,2,nearest_class,BASE_gbtree,0,n2
2_5591_N2C-radius1,2,counting,BASE_gbtree,1,n2
2_5593_N2A-novelband1,2,nearest_dist,BASE_gbtree,1,n2
2_5593_N2B-ordinal1,2,nearest_class,BASE_gbtree,0,n2
2_5593_N2C-radius1,2,counting,BASE_gbtree,0,n2
2_5595_N2A-novelband1,2,nearest_dist,BASE_gbtree,0,n2
2_5595_N2B-ordinal1,2,nearest_class,BASE_gbtree,1,n2
2_5595_N2C-radius1,2,counting,BASE_gbtree,0,n2
2_6852_N2A-novelband1,2,nearest_dist,BASE_gbtree,1,n2
2_6852_N2B-ordinal1,2,nearest_class,BASE_gbtree,0,n2
2_6852_N2C-radius1,2,counting,BASE_gbtree,0,n2
2_6962_N2A-novelband1,2,nearest_dist,BASE_gbtree,0,n2
2_6962_N2B-ordinal1,2,nearest_class,BASE_gbtree,0,n2
2_6962_N2C-radius1,2,counting,BASE_gbtree,1,n2
2_6968_N2A-novelband1,2,nearest_dist,BASE_gbtree,0,n2
2_6968_N2B-ordinal1,2,nearest_class,BASE_gbtree,1,n2
2_6968_N2C-radius1,2,counting,BASE_gbtree,0,n2
2_6970_N2A-novelband1,2,nearest_dist,BASE_gbtree,0,n2
2_6970_N2B-ordinal1,2,nearest_class,BASE_gbtree,0,n2
2_6970_N2C-radius1,2,counting,BASE_gbtree,0,n2
2_6974_N2A-novelband1,2,nearest_dist,BASE_gbtree,1,n2
2_6974_N2B-ordinal1,2,nearest_class,BASE_gbtree,1,n2
2_6974_N2C-radius1,2,counting,BASE_gbtree,0,n2
2_6975_N2A-novelband1,2,nearest_dist,BASE_gbtree,0,n2
2_6975_N2B-ordinal1,2,nearest_class,BASE_gbtree,1,n2
2_6975_N2C-radius1,2,counting,BASE_gbtree,0,n2
2_6988_N2A-novelband1,2,nearest_dist,BASE_gbtree,0,n2
2_6988_N2B-ordinal1,2,nearest_class,BASE_gbtree,1,n2
2_6988_N2C-radius1,2,counting,BASE_gbtree,0,n2
2_6990_N2A-novelband1,2,nearest_dist,BASE_gbtree,0,n2
2_6990_N2B-ordinal1,2,nearest_class,BASE_gbtree,0,n2
2_6990_N2C-radius1,2,counting,BASE_gbtree,1,n2
2_7032_N2A-novelband1,2,nearest_dist,BASE_gbtree,0,n2
2_7032_N2B-ordinal1,2,nearest_class,BASE_gbtree,0,n2
2_7032_N2C-radius1,2,counting,BASE_gbtree,0,n2
2_7141_N2A-novelband1,2,nearest_dist,BASE_gbtree,0,n2
2_7141_N2B-ordinal1,2,nearest_class,BASE_gbtree,1,n2
2_7141_N2C-radius1,2,counting,BASE_gbtree,0,n2
2_7142_N2A-novelband1,2,nearest_dist,BASE_gbtree,1,n2
2_7142_N2B-ordinal1,2,nearest_class,BASE_gbtree,1,n2
2_7142_N2C-radius1,2,counting,BASE_gbtree,1,n2
2_7149_N2A-novelband1,2,nearest_dist,BASE_gbtree,0,n2
2_7149_N2B-ordinal1,2,nearest_class,BASE_gbtree,1,n2
2_7149_N2C-radius1,2,counting,BASE_gbtree,1,n2
3_11984_N2A-novelband1,3,nearest_dist,BASE_gbtree,0,n2
3_11984_N2B-ordinal1,3,nearest_class,BASE_gbtree,1,n2
3_11984_N2C-radius1,3,counting,BASE_gbtree,0,n2
3_12067_N2A-novelband1,3,nearest_dist,BASE_gbtree,0,n2
3_12067_N2B-ordinal1,3,nearest_class,BASE_gbtree,0,n2
3_12067_N2C-radius1,3,counting,BASE_gbtree,0,n2
3_12069_N2A-novelband1,3,nearest_dist,BASE_gbtree,0,n2
3_12069_N2B-ordinal1,3,nearest_class,BASE_gbtree,1,n2
3_12069_N2C-radius1,3,counting,BASE_gbtree,1,n2
3_12072_N2A-novelband1,3,nearest_dist,BASE_gbtree,0,n2
3_12072_N2B-ordinal1,3,nearest_class,BASE_gbtree,0,n2
3_12072_N2C-radius1,3,counting,BASE_gbtree,0,n2
3_12075_N2A-novelband1,3,nearest_dist,BASE_gbtree,0,n2
3_12075_N2B-ordinal1,3,nearest_class,BASE_gbtree,0,n2
3_12075_N2C-radius1,3,counting,BASE_gbtree,1,n2
3_12137_N2A-novelband1,3,nearest_dist,BASE_gbtree,0,n2
3_12137_N2B-ordinal1,3,nearest_class,BASE_gbtree,0,n2
3_12137_N2C-radius1,3,counting,BASE_gbtree,0,n2
3_12145_N2A-novelband1,3,nearest_dist,BASE_gbtree,1,n2
3_12145_N2B-ordinal1,3,nearest_class,BASE_gbtree,1,n2
3_12145_N2C-radius1,3,counting,BASE_gbtree,0,n2
3_12149_N2A-novelband1,3,nearest_dist,BASE_gbtree,1,n2
3_12149_N2B-ordinal1,3,nearest_class,BASE_gbtree,1,n2
3_12149_N2C-radius1,3,counting,BASE_gbtree,0,n2
3_1820_N2A-novelband1,3,nearest_dist,BASE_gbtree,0,n2
3_1820_N2B-ordinal1,3,nearest_class,BASE_gbtree,1,n2
3_1820_N2C-radius1,3,counting,BASE_gbtree,0,n2
3_1825_N2A-novelband1,3,nearest_dist,BASE_gbtree,0,n2
3_1825_N2B-ordinal1,3,nearest_class,BASE_gbtree,0,n2
3_1825_N2C-radius1,3,counting,BASE_gbtree,1,n2
3_1826_N2A-novelband1,3,nearest_dist,BASE_gbtree,0,n2
3_1826_N2B-ordinal1,3,nearest_class,BASE_gbtree,1,n2
3_1826_N2C-radius1,3,counting,BASE_gbtree,0,n2
3_1837_N2A-novelband1,3,nearest_dist,BASE_gbtree,0,n2
3_1837_N2B-ordinal1,3,nearest_class,BASE_gbtree,0,n2
3_1837_N2C-radius1,3,counting,BASE_gbtree,1,n2
3_1840_N2A-novelband1,3,nearest_dist,BASE_gbtree,0,n2
3_1840_N2B-ordinal1,3,nearest_class,BASE_gbtree,0,n2
3_1840_N2C-radius1,3,counting,BASE_gbtree,1,n2
3_1842_N2A-novelband1,3,nearest_dist,BASE_gbtree,1,n2
3_1842_N2B-ordinal1,3,nearest_class,BASE_gbtree,0,n2
3_1842_N2C-radius1,3,counting,BASE_gbtree,0,n2
3_1844_N2A-novelband1,3,nearest_dist,BASE_gbtree,1,n2
3_1844_N2B-ordinal1,3,nearest_class,BASE_gbtree,1,n2
3_1844_N2C-radius1,3,counting,BASE_gbtree,0,n2
3_1933_N2A-novelband1,3,nearest_dist,BASE_gbtree,0,n2
3_1933_N2B-ordinal1,3,nearest_class,BASE_gbtree,0,n2
3_1933_N2C-radius1,3,counting,BASE_gbtree,0,n2
3_1934_N2A-novelband1,3,nearest_dist,BASE_gbtree,1,n2
3_1934_N2B-ordinal1,3,nearest_class,BASE_gbtree,1,n2
3_1934_N2C-radius1,3,counting,BASE_gbtree,0,n2
3_1937_N2A-novelband1,3,nearest_dist,BASE_gbtree,1,n2
3_1937_N2B-ordinal1,3,nearest_class,BASE_gbtree,0,n2
3_1937_N2C-radius1,3,counting,BASE_gbtree,0,n2
3_1942_N2A-novelband1,3,nearest_dist,BASE_gbtree,1,n2
3_1942_N2B-ordinal1,3,nearest_class,BASE_gbtree,0,n2
3_1942_N2C-radius1,3,counting,BASE_gbtree,0,n2
3_1996_N2A-novelband1,3,nearest_dist,BASE_gbtree,0,n2
3_1996_N2B-ordinal1,3,nearest_class,BASE_gbtree,1,n2
3_1996_N2C-radius1,3,counting,BASE_gbtree,1,n2
3_2000_N2A-novelband1,3,nearest_dist,BASE_gbtree,1,n2
3_2000_N2B-ordinal1,3,nearest_class,BASE_gbtree,1,n2
3_2000_N2C-radius1,3,counting,BASE_gbtree,0,n2
3_2001_N2A-novelband1,3,nearest_dist,BASE_gbtree,0,n2
3_2001_N2B-ordinal1,3,nearest_class,BASE_gbtree,0,n2
3_2001_N2C-radius1,3,counting,BASE_gbtree,0,n2
3_2009_N2A-novelband1,3,nearest_dist,BASE_gbtree,0,n2
3_2009_N2B-ordinal1,3,nearest_class,BASE_gbtree,0,n2
3_2009_N2C-radius1,3,counting,BASE_gbtree,0,n2
3_2015_N2A-novelband1,3,nearest_dist,BASE_gbtree,0,n2
3_2015_N2B-ordinal1,3,nearest_class,BASE_gbtree,1,n2
3_2015_N2C-radius1,3,counting,BASE_gbtree,0,n2
3_2026_N2A-novelband1,3,nearest_dist,BASE_gbtree,0,n2
3_2026_N2B-ordinal1,3,nearest_class,BASE_gbtree,0,n2
3_2026_N2C-radius1,3,counting,BASE_gbtree,0,n2
3_2027_N2A-novelband1,3,nearest_dist,BASE_gbtree,0,n2
3_2027_N2B-ordinal1,3,nearest_class,BASE_gbtree,1,n2
3_2027_N2C-radius1,3,counting,BASE_gbtree,0,n2
3_2033_N2A-novelband1,3,nearest_dist,BASE_gbtree,1,n2
3_2033_N2B-ordinal1,3,nearest_class,BASE_gbtree,0,n2
3_2033_N2C-radius1,3,counting,BASE_gbtree,1,n2
4_1337_N2A-novelband1,4,nearest_dist,BASE_gbtree,0,n2
4_1337_N2B-ordinal1,4,nearest_class,BASE_gbtree,0,n2
4_1337_N2C-radius1,4,counting,BASE_gbtree,0,n2
4_1340_N2A-novelband1,4,nearest_dist,BASE_gbtree,0,n2
4_1340_N2B-ordinal1,4,nearest_class,BASE_gbtree,1,n2
4_1340_N2C-radius1,4,counting,BASE_gbtree,0,n2
4_1343_N2A-novelband1,4,nearest_dist,BASE_gbtree,0,n2
4_1343_N2B-ordinal1,4,nearest_class,BASE_gbtree,0,n2
4_1343_N2C-radius1,4,counting,BASE_gbtree,0,n2
4_1427_N2A-novelband1,4,nearest_dist,BASE_gbtree,1,n2
4_1427_N2B-ordinal1,4,nearest_class,BASE_gbtree,0,n2
4_1427_N2C-radius1,4,counting,BASE_gbtree,0,n2
4_1431_N2A-novelband1,4,nearest_dist,BASE_gbtree,1,n2
4_1431_N2B-ordinal1,4,nearest_class,BASE_gbtree,0,n2
4_1431_N2C-radius1,4,counting,BASE_gbtree,1,n2
4_1475_N2A-novelband1,4,nearest_dist,BASE_gbtree,1,n2
4_1475_N2B-ordinal1,4,nearest_class,BASE_gbtree,0,n2
4_1475_N2C-radius1,4,counting,BASE_gbtree,0,n2
4_1476_N2A-novelband1,4,nearest_dist,BASE_gbtree,0,n2
4_1476_N2B-ordinal1,4,nearest_class,BASE_gbtree,0,n2
4_1476_N2C-radius1,4,counting,BASE_gbtree,0,n2
4_6639_N2A-novelband1,4,nearest_dist,BASE_gbtree,0,n2
4_6639_N2B-ordinal1,4,nearest_class,BASE_gbtree,0,n2
4_6639_N2C-radius1,4,counting,BASE_gbtree,1,n2
4_6640_N2A-novelband1,4,nearest_dist,BASE_gbtree,1,n2
4_6640_N2B-ordinal1,4,nearest_class,BASE_gbtree,0,n2
4_6640_N2C-radius1,4,counting,BASE_gbtree,0,n2
4_6644_N2A-novelband1,4,nearest_dist,BASE_gbtree,0,n2
4_6644_N2B-ordinal1,4,nearest_class,BASE_gbtree,0,n2
4_6644_N2C-radius1,4,counting,BASE_gbtree,0,n2
4_6651_N2A-novelband1,4,nearest_dist,BASE_gbtree,1,n2
4_6651_N2B-ordinal1,4,nearest_class,BASE_gbtree,0,n2
4_6651_N2C-radius1,4,counting,BASE_gbtree,0,n2
4_6653_N2A-novelband1,4,nearest_dist,BASE_gbtree,0,n2
4_6653_N2B-ordinal1,4,nearest_class,BASE_gbtree,0,n2
4_6653_N2C-radius1,4,counting,BASE_gbtree,0,n2
4_6656_N2A-novelband1,4,nearest_dist,BASE_gbtree,0,n2
4_6656_N2B-ordinal1,4,nearest_class,BASE_gbtree,0,n2
4_6656_N2C-radius1,4,counting,BASE_gbtree,0,n2
4_6663_N2A-novelband1,4,nearest_dist,BASE_gbtree,0,n2
4_6663_N2B-ordinal1,4,nearest_class,BASE_gbtree,1,n2
4_6663_N2C-radius1,4,counting,BASE_gbtree,1,n2
4_6694_N2A-novelband1,4,nearest_dist,BASE_gbtree,0,n2
4_6694_N2B-ordinal1,4,nearest_class,BASE_gbtree,0,n2
4_6694_N2C-radius1,4,counting,BASE_gbtree,1,n2
4_6769_N2A-novelband1,4,nearest_dist,BASE_gbtree,0,n2
4_6769_N2B-ordinal1,4,nearest_class,BASE_gbtree,0,n2
4_6769_N2C-radius1,4,counting,BASE_gbtree,0,n2
4_6774_N2A-novelband1,4,nearest_dist,BASE_gbtree,0,n2
4_6774_N2B-ordinal1,4,nearest_class,BASE_gbtree,1,n2
4_6774_N2C-radius1,4,counting,BASE_gbtree,0,n2
4_6777_N2A-novelband1,4,nearest_dist,BASE_gbtree,0,n2
4_6777_N2B-ordinal1,4,nearest_class,BASE_gbtree,1,n2
4_6777_N2C-radius1,4,counting,BASE_gbtree,0,n2
4_6782_N2A-novelband1,4,nearest_dist,BASE_gbtree,0,n2
4_6782_N2B-ordinal1,4,nearest_class,BASE_gbtree,0,n2
4_6782_N2C-radius1,4,counting,BASE_gbtree,0,n2
4_6796_N2A-novelband1,4,nearest_dist,BASE_gbtree,0,n2
4_6796_N2B-ordinal1,4,nearest_class,BASE_gbtree,0,n2
4_6796_N2C-radius1,4,counting,BASE_gbtree,0,n2
4_6799_N2A-novelband1,4,nearest_dist,BASE_gbtree,0,n2
4_6799_N2B-ordinal1,4,nearest_class,BASE_gbtree,1,n2
4_6799_N2C-radius1,4,counting,BASE_gbtree,0,n2
4_6804_N2A-novelband1,4,nearest_dist,BASE_gbtree,0,n2
4_6804_N2B-ordinal1,4,nearest_class,BASE_gbtree,0,n2
4_6804_N2C-radius1,4,counting,BASE_gbtree,0,n2
4_6807_N2A-novelband1,4,nearest_dist,BASE_gbtree,0,n2
4_6807_N2B-ordinal1,4,nearest_class,BASE_gbtree,0,n2
4_6807_N2C-radius1,4,counting,BASE_gbtree,1,n2
4_6875_N2A-novelband1,4,nearest_dist,BASE_gbtree,0,n2
4_6875_N2B-ordinal1,4,nearest_class,BASE_gbtree,1,n2
4_6875_N2C-radius1,4,counting,BASE_gbtree,1,n2
4_6880_N2A-novelband1,4,nearest_dist,BASE_gbtree,0,n2
4_6880_N2B-ordinal1,4,nearest_class,BASE_gbtree,1,n2
4_6880_N2C-radius1,4,counting,BASE_gbtree,0,n2
4_6882_N2A-novelband1,4,nearest_dist,BASE_gbtree,0,n2
4_6882_N2B-ordinal1,4,nearest_class,BASE_gbtree,0,n2
4_6882_N2C-radius1,4,counting,BASE_gbtree,0,n2
4_6883_N2A-novelband1,4,nearest_dist,BASE_gbtree,1,n2
4_6883_N2B-ordinal1,4,nearest_class,BASE_gbtree,0,n2
4_6883_N2C-radius1,4,counting,BASE_gbtree,1,n2
4_6895_N2A-novelband1,4,nearest_dist,BASE_gbtree,0,n2
4_6895_N2B-ordinal1,4,nearest_class,BASE_gbtree,0,n2
4_6895_N2C-radius1,4,counting,BASE_gbtree,0,n2
4_6903_N2A-novelband1,4,nearest_dist,BASE_gbtree,1,n2
4_6903_N2B-ordinal1,4,nearest_class,BASE_gbtree,1,n2
4_6903_N2C-radius1,4,counting,BASE_gbtree,0,n2
4_6906_N2A-novelband1,4,nearest_dist,BASE_gbtree,1,n2
4_6906_N2B-ordinal1,4,nearest_class,BASE_gbtree,0,n2
4_6906_N2C-radius1,4,counting,BASE_gbtree,1,n2
4_6909_N2A-novelband1,4,nearest_dist,BASE_gbtree,0,n2
4_6909_N2B-ordinal1,4,nearest_class,BASE_gbtree,1,n2
4_6909_N2C-radius1,4,counting,BASE_gbtree,1,n2
4_6912_N2A-novelband1,4,nearest_dist,BASE_gbtree,0,n2
4_6912_N2B-ordinal1,4,nearest_class,BASE_gbtree,0,n2
4_6912_N2C-radius1,4,counting,BASE_gbtree,0,n2
4_6923_N2A-novelband1,4,nearest_dist,BASE_gbtree,0,n2
4_6923_N2B-ordinal1,4,nearest_class,BASE_gbtree,0,n2
4_6923_N2C-radius1,4,counting,BASE_gbtree,1,n2
4_6926_N2A-novelband1,4,nearest_dist,BASE_gbtree,1,n2
4_6926_N2B-ordinal1,4,nearest_class,BASE_gbtree,1,n2
4_6926_N2C-radius1,4,counting,BASE_gbtree,0,n2
4_6933_N2A-novelband1,4,nearest_dist,BASE_gbtree,0,n2
4_6933_N2B-ordinal1,4,nearest_class,BASE_gbtree,0,n2
4_6933_N2C-radius1,4,counting,BASE_gbtree,1,n2
5_1803_N2A-novelband1,5,nearest_dist,BASE_gbtree,0,n2
5_1803_N2B-ordinal1,5,nearest_class,BASE_gbtree,1,n2
5_1803_N2C-radius1,5,counting,BASE_gbtree,0,n2
5_1810_N2A-novelband1,5,nearest_dist,BASE_gbtree,0,n2
5_1810_N2B-ordinal1,5,nearest_class,BASE_gbtree,1,n2
5_1810_N2C-radius1,5,counting,BASE_gbtree,0,n2
5_1848_N2A-novelband1,5,nearest_dist,BASE_gbtree,0,n2
5_1848_N2B-ordinal1,5,nearest_class,BASE_gbtree,1,n2
5_1848_N2C-radius1,5,counting,BASE_gbtree,0,n2
6_10385_N2A-novelband1,6,nearest_dist,BASE_gbtree,1,n2
6_10385_N2B-ordinal1,6,nearest_class,BASE_gbtree,1,n2
6_10385_N2C-radius1,6,counting,BASE_gbtree,0,n2
6_10386_N2A-novelband1,6,nearest_dist,BASE_gbtree,1,n2
6_10386_N2B-ordinal1,6,nearest_class,BASE_gbtree,1,n2
6_10386_N2C-radius1,6,counting,BASE_gbtree,0,n2
6_10388_N2A-novelband1,6,nearest_dist,BASE_gbtree,0,n2
6_10388_N2B-ordinal1,6,nearest_class,BASE_gbtree,0,n2
6_10388_N2C-radius1,6,counting,BASE_gbtree,0,n2
6_10393_N2A-novelband1,6,nearest_dist,BASE_gbtree,0,n2
6_10393_N2B-ordinal1,6,nearest_class,BASE_gbtree,1,n2
6_10393_N2C-radius1,6,counting,BASE_gbtree,0,n2
6_10395_N2A-novelband1,6,nearest_dist,BASE_gbtree,1,n2
6_10395_N2B-ordinal1,6,nearest_class,BASE_gbtree,0,n2
6_10395_N2C-radius1,6,counting,BASE_gbtree,0,n2
6_10430_N2A-novelband1,6,nearest_dist,BASE_gbtree,0,n2
6_10430_N2B-ordinal1,6,nearest_class,BASE_gbtree,1,n2
6_10430_N2C-radius1,6,counting,BASE_gbtree,0,n2
6_10434_N2A-novelband1,6,nearest_dist,BASE_gbtree,0,n2
6_10434_N2B-ordinal1,6,nearest_class,BASE_gbtree,0,n2
6_10434_N2C-radius1,6,counting,BASE_gbtree,1,n2
6_10440_N2A-novelband1,6,nearest_dist,BASE_gbtree,0,n2
6_10440_N2B-ordinal1,6,nearest_class,BASE_gbtree,0,n2
6_10440_N2C-radius1,6,counting,BASE_gbtree,1,n2
6_10441_N2A-novelband1,6,nearest_dist,BASE_gbtree,0,n2
6_10441_N2B-ordinal1,6,nearest_class,BASE_gbtree,0,n2
6_10441_N2C-radius1,6,counting,BASE_gbtree,1,n2
6_10442_N2A-novelband1,6,nearest_dist,BASE_gbtree,0,n2
6_10442_N2B-ordinal1,6,nearest_class,BASE_gbtree,1,n2
6_10442_N2C-radius1,6,counting,BASE_gbtree,0,n2
6_10453_N2A-novelband1,6,nearest_dist,BASE_gbtree,1,n2
6_10453_N2B-ordinal1,6,nearest_class,BASE_gbtree,1,n2
6_10453_N2C-radius1,6,counting,BASE_gbtree,0,n2
6_10457_N2A-novelband1,6,nearest_dist,BASE_gbtree,1,n2
6_10457_N2B-ordinal1,6,nearest_class,BASE_gbtree,0,n2
6_10457_N2C-radius1,6,counting,BASE_gbtree,1,n2
6_10465_N2A-novelband1,6,nearest_dist,BASE_gbtree,0,n2
6_10465_N2B-ordinal1,6,nearest_class,BASE_gbtree,0,n2
6_10465_N2C-radius1,6,counting,BASE_gbtree,1,n2
6_10471_N2A-novelband1,6,nearest_dist,BASE_gbtree,0,n2
6_10471_N2B-ordinal1,6,nearest_class,BASE_gbtree,1,n2
6_10471_N2C-radius1,6,counting,BASE_gbtree,0,n2
6_10472_N2A-novelband1,6,nearest_dist,BASE_gbtree,1,n2
6_10472_N2B-ordinal1,6,nearest_class,BASE_gbtree,0,n2
6_10472_N2C-radius1,6,counting,BASE_gbtree,1,n2
6_10478_N2A-novelband1,6,nearest_dist,BASE_gbtree,0,n2
6_10478_N2B-ordinal1,6,nearest_class,BASE_gbtree,0,n2
6_10478_N2C-radius1,6,counting,BASE_gbtree,1,n2
6_10563_N2A-novelband1,6,nearest_dist,BASE_gbtree,0,n2
6_10563_N2B-ordinal1,6,nearest_class,BASE_gbtree,0,n2
6_10563_N2C-radius1,6,counting,BASE_gbtree,0,n2
6_1243_N2A-novelband1,6,nearest_dist,BASE_gbtree,0,n2
6_1243_N2B-ordinal1,6,nearest_class,BASE_gbtree,0,n2
6_1243_N2C-radius1,6,counting,BASE_gbtree,1,n2
6_1245_N2A-novelband1,6,nearest_dist,BASE_gbtree,1,n2
6_1245_N2B-ordinal1,6,nearest_class,BASE_gbtree,0,n2
6_1245_N2C-radius1,6,counting,BASE_gbtree,0,n2
6_1253_N2A-novelband1,6,nearest_dist,BASE_gbtree,1,n2
6_1253_N2B-ordinal1,6,nearest_class,BASE_gbtree,0,n2
6_1253_N2C-radius1,6,counting,BASE_gbtree,0,n2
6_1254_N2A-novelband1,6,nearest_dist,BASE_gbtree,0,n2
6_1254_N2B-ordinal1,6,nearest_class,BASE_gbtree,0,n2
6_1254_N2C-radius1,6,counting,BASE_gbtree,0,n2
6_1322_N2A-novelband1,6,nearest_dist,BASE_gbtree,0,n2
6_1322_N2B-ordinal1,6,nearest_class,BASE_gbtree,0,n2
6_1322_N2C-radius1,6,counting,BASE_gbtree,0,n2
6_1324_N2A-novelband1,6,nearest_dist,BASE_gbtree,0,n2
6_1324_N2B-ordinal1,6,nearest_class,BASE_gbtree,0,n2
6_1324_N2C-radius1,6,counting,BASE_gbtree,0,n2
6_1421_N2A-novelband1,6,nearest_dist,BASE_gbtree,0,n2
6_1421_N2B-ordinal1,6,nearest_class,BASE_gbtree,1,n2
6_1421_N2C-radius1,6,counting,BASE_gbtree,0,n2
6_2601_N2A-novelband1,6,nearest_dist,BASE_gbtree,0,n2
6_2601_N2B-ordinal1,6,nearest_class,BASE_gbtree,1,n2
6_2601_N2C-radius1,6,counting,BASE_gbtree,1,n2
6_2641_N2A-novelband1,6,nearest_dist,BASE_gbtree,0,n2
6_2641_N2B-ordinal1,6,nearest_class,BASE_gbtree,1,n2
6_2641_N2C-radius1,6,counting,BASE_gbtree,0,n2
6_2649_N2A-novelband1,6,nearest_dist,BASE_gbtree,0,n2
6_2649_N2B-ordinal1,6,nearest_class,BASE_gbtree,0,n2
6_2649_N2C-radius1,6,counting,BASE_gbtree,0,n2
6_2654_N2A-novelband1,6,nearest_dist,BASE_gbtree,1,n2
6_2654_N2B-ordinal1,6,nearest_class,BASE_gbtree,1,n2
6_2654_N2C-radius1,6,counting,BASE_gbtree,0,n2
6_2655_N2A-novelband1,6,nearest_dist,BASE_gbtree,1,n2
6_2655_N2B-ordinal1,6,nearest_class,BASE_gbtree,0,n2
6_2655_N2C-radius1,6,counting,BASE_gbtree,0,n2
6_2656_N2A-novelband1,6,nearest_dist,BASE_gbtree,0,n2
6_2656_N2B-ordinal1,6,nearest_class,BASE_gbtree,0,n2
6_2656_N2C-radius1,6,counting,BASE_gbtree,0,n2
6_2657_N2A-novelband1,6,nearest_dist,BASE_gbtree,1,n2
6_2657_N2B-ordinal1,6,nearest_class,BASE_gbtree,0,n2
6_2657_N2C-radius1,6,counting,BASE_gbtree,0,n2
6_2747_N2A-novelband1,6,nearest_dist,BASE_gbtree,1,n2
6_2747_N2B-ordinal1,6,nearest_class,BASE_gbtree,0,n2
6_2747_N2C-radius1,6,counting,BASE_gbtree,1,n2
6_2759_N2A-novelband1,6,nearest_dist,BASE_gbtree,0,n2
6_2759_N2B-ordinal1,6,nearest_class,BASE_gbtree,0,n2
6_2759_N2C-radius1,6,counting,BASE_gbtree,0,n2
6_2760_N2A-novelband1,6,nearest_dist,BASE_gbtree,1,n2
6_2760_N2B-ordinal1,6,nearest_class,BASE_gbtree,0,n2
6_2760_N2C-radius1,6,counting,BASE_gbtree,0,n2
6_2761_N2A-novelband1,6,nearest_dist,BASE_gbtree,0,n2
6_2761_N2B-ordinal1,6,nearest_class,BASE_gbtree,0,n2
6_2761_N2C-radius1,6,counting,BASE_gbtree,0,n2
6_2774_N2A-novelband1,6,nearest_dist,BASE_gbtree,0,n2
6_2774_N2B-ordinal1,6,nearest_class,BASE_gbtree,0,n2
6_2774_N2C-radius1,6,counting,BASE_gbtree,0,n2
6_2784_N2A-novelband1,6,nearest_dist,BASE_gbtree,1,n2
6_2784_N2B-ordinal1,6,nearest_class,BASE_gbtree,0,n2
6_2784_N2C-radius1,6,counting,BASE_gbtree,0,n2
6_2794_N2A-novelband1,6,nearest_dist,BASE_gbtree,0,n2
6_2794_N2B-ordinal1,6,nearest_class,BASE_gbtree,0,n2
6_2794_N2C-radius1,6,counting,BASE_gbtree,0,n2
6_2796_N2A-novelband1,6,nearest_dist,BASE_gbtree,0,n2
6_2796_N2B-ordinal1,6,nearest_class,BASE_gbtree,1,n2
6_2796_N2C-radius1,6,counting,BASE_gbtree,0,n2
6_2828_N2A-novelband1,6,nearest_dist,BASE_gbtree,1,n2
6_2828_N2B-ordinal1,6,nearest_class,BASE_gbtree,0,n2
6_2828_N2C-radius1,6,counting,BASE_gbtree,0,n2
6_2831_N2A-novelband1,6,nearest_dist,BASE_gbtree,0,n2
6_2831_N2B-ordinal1,6,nearest_class,BASE_gbtree,0,n2
6_2831_N2C-radius1,6,counting,BASE_gbtree,0,n2
6_2834_N2A-novelband1,6,nearest_dist,BASE_gbtree,1,n2
6_2834_N2B-ordinal1,6,nearest_class,BASE_gbtree,0,n2
6_2834_N2C-radius1,6,counting,BASE_gbtree,1,n2
6_2839_N2A-novelband1,6,nearest_dist,BASE_gbtree,0,n2
6_2839_N2B-ordinal1,6,nearest_class,BASE_gbtree,0,n2
6_2839_N2C-radius1,6,counting,BASE_gbtree,0,n2
6_2840_N2A-novelband1,6,nearest_dist,BASE_gbtree,0,n2
6_2840_N2B-ordinal1,6,nearest_class,BASE_gbtree,1,n2
6_2840_N2C-radius1,6,counting,BASE_gbtree,0,n2
6_2841_N2A-novelband1,6,nearest_dist,BASE_gbtree,1,n2
6_2841_N2B-ordinal1,6,nearest_class,BASE_gbtree,0,n2
6_2841_N2C-radius1,6,counting,BASE_gbtree,0,n2
6_2846_N2A-novelband1,6,nearest_dist,BASE_gbtree,1,n2
6_2846_N2B-ordinal1,6,nearest_class,BASE_gbtree,0,n2
6_2846_N2C-radius1,6,counting,BASE_gbtree,1,n2
6_2854_N2A-novelband1,6,nearest_dist,BASE_gbtree,1,n2
6_2854_N2B-ordinal1,6,nearest_class,BASE_gbtree,0,n2
6_2854_N2C-radius1,6,counting,BASE_gbtree,0,n2
6_2855_N2A-novelband1,6,nearest_dist,BASE_gbtree,0,n2
6_2855_N2B-ordinal1,6,nearest_class,BASE_gbtree,1,n2
6_2855_N2C-radius1,6,counting,BASE_gbtree,0,n2
6_2857_N2A-novelband1,6,nearest_dist,BASE_gbtree,0,n2
6_2857_N2B-ordinal1,6,nearest_class,BASE_gbtree,0,n2
6_2857_N2C-radius1,6,counting,BASE_gbtree,0,n2
6_2859_N2A-novelband1,6,nearest_dist,BASE_gbtree,1,n2
6_2859_N2B-ordinal1,6,nearest_class,BASE_gbtree,0,n2
6_2859_N2C-radius1,6,counting,BASE_gbtree,0,n2
6_4502_N2A-novelband1,6,nearest_dist,BASE_gbtree,0,n2
6_4502_N2B-ordinal1,6,nearest_class,BASE_gbtree,0,n2
6_4502_N2C-radius1,6,counting,BASE_gbtree,0,n2
6_4509_N2A-novelband1,6,nearest_dist,BASE_gbtree,0,n2
6_4509_N2B-ordinal1,6,nearest_class,BASE_gbtree,1,n2
6_4509_N2C-radius1,6,counting,BASE_gbtree,0,n2
6_4515_N2A-novelband1,6,nearest_dist,BASE_gbtree,1,n2
6_4515_N2B-ordinal1,6,nearest_class,BASE_gbtree,0,n2
6_4515_N2C-radius1,6,counting,BASE_gbtree,0,n2
6_4524_N2A-novelband1,6,nearest_dist,BASE_gbtree,1,n2
6_4524_N2B-ordinal1,6,nearest_class,BASE_gbtree,0,n2
6_4524_N2C-radius1,6,counting,BASE_gbtree,0,n2
6_4529_N2A-novelband1,6,nearest_dist,BASE_gbtree,0,n2
6_4529_N2B-ordinal1,6,nearest_class,BASE_gbtree,0,n2
6_4529_N2C-radius1,6,counting,BASE_gbtree,0,n2
6_4533_N2A-novelband1,6,nearest_dist,BASE_gbtree,0,n2
6_4533_N2B-ordinal1,6,nearest_class,BASE_gbtree,0,n2
6_4533_N2C-radius1,6,counting,BASE_gbtree,0,n2
6_4601_N2A-novelband1,6,nearest_dist,BASE_gbtree,1,n2
6_4601_N2B-ordinal1,6,nearest_class,BASE_gbtree,0,n2
6_4601_N2C-radius1,6,counting,BASE_gbtree,0,n2
6_4603_N2A-novelband1,6,nearest_dist,BASE_gbtree,1,n2
6_4603_N2B-ordinal1,6,nearest_class,BASE_gbtree,1,n2
6_4603_N2C-radius1,6,counting,BASE_gbtree,1,n2
6_4607_N2A-novelband1,6,nearest_dist,BASE_gbtree,0,n2
6_4607_N2B-ordinal1,6,nearest_class,BASE_gbtree,1,n2
6_4607_N2C-radius1,6,counting,BASE_gbtree,1,n2
6_4611_N2A-novelband1,6,nearest_dist,BASE_gbtree,0,n2
6_4611_N2B-ordinal1,6,nearest_class,BASE_gbtree,0,n2
6_4611_N2C-radius1,6,counting,BASE_gbtree,1,n2
6_4618_N2A-novelband1,6,nearest_dist,BASE_gbtree,1,n2
6_4618_N2B-ordinal1,6,nearest_class,BASE_gbtree,1,n2
6_4618_N2C-radius1,6,counting,BASE_gbtree,0,n2
6_4619_N2A-novelband1,6,nearest_dist,BASE_gbtree,0,n2
6_4619_N2B-ordinal1,6,nearest_class,BASE_gbtree,0,n2
6_4619_N2C-radius1,6,counting,BASE_gbtree,1,n2
6_4662_N2A-novelband1,6,nearest_dist,BASE_gbtree,0,n2
6_4662_N2B-ordinal1,6,nearest_class,BASE_gbtree,1,n2
6_4662_N2C-radius1,6,counting,BASE_gbtree,0,n2
6_4664_N2A-novelband1,6,nearest_dist,BASE_gbtree,0,n2
6_4664_N2B-ordinal1,6,nearest_class,BASE_gbtree,1,n2
6_4664_N2C-radius1,6,counting,BASE_gbtree,0,n2
6_4740_N2A-novelband1,6,nearest_dist,BASE_gbtree,1,n2
6_4740_N2B-ordinal1,6,nearest_class,BASE_gbtree,1,n2
6_4740_N2C-radius1,6,counting,BASE_gbtree,1,n2
6_4741_N2A-novelband1,6,nearest_dist,BASE_gbtree,0,n2
6_4741_N2B-ordinal1,6,nearest_class,BASE_gbtree,0,n2
6_4741_N2C-radius1,6,counting,BASE_gbtree,0,n2
6_4747_N2A-novelband1,6,nearest_dist,BASE_gbtree,0,n2
6_4747_N2B-ordinal1,6,nearest_class,BASE_gbtree,0,n2
6_4747_N2C-radius1,6,counting,BASE_gbtree,1,n2
6_4750_N2A-novelband1,6,nearest_dist,BASE_gbtree,0,n2
6_4750_N2B-ordinal1,6,nearest_class,BASE_gbtree,1,n2
6_4750_N2C-radius1,6,counting,BASE_gbtree,1,n2
6_4756_N2A-novelband1,6,nearest_dist,BASE_gbtree,0,n2
6_4756_N2B-ordinal1,6,nearest_class,BASE_gbtree,0,n2
6_4756_N2C-radius1,6,counting,BASE_gbtree,0,n2
6_4757_N2A-novelband1,6,nearest_dist,BASE_gbtree,0,n2
6_4757_N2B-ordinal1,6,nearest_class,BASE_gbtree,0,n2
6_4757_N2C-radius1,6,counting,BASE_gbtree,1,n2
6_4764_N2A-novelband1,6,nearest_dist,BASE_gbtree,0,n2
6_4764_N2B-ordinal1,6,nearest_class,BASE_gbtree,0,n2
6_4764_N2C-radius1,6,counting,BASE_gbtree,0,n2
6_4769_N2A-novelband1,6,nearest_dist,BASE_gbtree,0,n2
6_4769_N2B-ordinal1,6,nearest_class,BASE_gbtree,0,n2
6_4769_N2C-radius1,6,counting,BASE_gbtree,1,n2
6_4772_N2A-novelband1,6,nearest_dist,BASE_gbtree,0,n2
6_4772_N2B-ordinal1,6,nearest_class,BASE_gbtree,1,n2
6_4772_N2C-radius1,6,counting,BASE_gbtree,0,n2
6_4773_N2A-novelband1,6,nearest_dist,BASE_gbtree,0,n2
6_4773_N2B-ordinal1,6,nearest_class,BASE_gbtree,0,n2
6_4773_N2C-radius1,6,counting,BASE_gbtree,1,n2
6_4776_N2A-novelband1,6,nearest_dist,BASE_gbtree,0,n2
6_4776_N2B-ordinal1,6,nearest_class,BASE_gbtree,0,n2
6_4776_N2C-radius1,6,counting,BASE_gbtree,0,n2
6_5518_N2A-novelband1,6,nearest_dist,BASE_gbtree,1,n2
6_5518_N2B-ordinal1,6,nearest_class,BASE_gbtree,0,n2
6_5518_N2C-radius1,6,counting,BASE_gbtree,1,n2
6_5526_N2A-novelband1,6,nearest_dist,BASE_gbtree,1,n2
6_5526_N2B-ordinal1,6,nearest_class,BASE_gbtree,0,n2
6_5526_N2C-radius1,6,counting,BASE_gbtree,0,n2
6_5528_N2A-novelband1,6,nearest_dist,BASE_gbtree,0,n2
6_5528_N2B-ordinal1,6,nearest_class,BASE_gbtree,1,n2
6_5528_N2C-radius1,6,counting,BASE_gbtree,0,n2
6_5534_N2A-novelband1,6,nearest_dist,BASE_gbtree,1,n2
6_5534_N2B-ordinal1,6,nearest_class,BASE_gbtree,0,n2
6_5534_N2C-radius1,6,counting,BASE_gbtree,0,n2
6_5578_N2A-novelband1,6,nearest_dist,BASE_gbtree,0,n2
6_5578_N2B-ordinal1,6,nearest_class,BASE_gbtree,0,n2
6_5578_N2C-radius1,6,counting,BASE_gbtree,0,n2
6_5581_N2A-novelband1,6,nearest_dist,BASE_gbtree,1,n2
6_5581_N2B-ordinal1,6,nearest_class,BASE_gbtree,0,n2
6_5581_N2C-radius1,6,counting,BASE_gbtree,0,n2
6_5584_N2A-novelband1,6,nearest_dist,BASE_gbtree,0,n2
6_5584_N2B-ordinal1,6,nearest_class,BASE_gbtree,0,n2
6_5584_N2C-radius1,6,counting,BASE_gbtree,1,n2
6_5632_N2A-novelband1,6,nearest_dist,BASE_gbtree,1,n2
6_5632_N2B-ordinal1,6,nearest_class,BASE_gbtree,1,n2
6_5632_N2C-radius1,6,counting,BASE_gbtree,0,n2
6_5634_N2A-novelband1,6,nearest_dist,BASE_gbtree,1,n2
6_5634_N2B-ordinal1,6,nearest_class,BASE_gbtree,0,n2
6_5634_N2C-radius1,6,counting,BASE_gbtree,0,n2
6_5635_N2A-novelband1,6,nearest_dist,BASE_gbtree,0,n2
6_5635_N2B-ordinal1,6,nearest_class,BASE_gbtree,0,n2
6_5635_N2C-radius1,6,counting,BASE_gbtree,0,n2
6_5645_N2A-novelband1,6,nearest_dist,BASE_gbtree,1,n2
6_5645_N2B-ordinal1,6,nearest_class,BASE_gbtree,0,n2
6_5645_N2C-radius1,6,counting,BASE_gbtree,1,n2
6_5646_N2A-novelband1,6,nearest_dist,BASE_gbtree,0,n2
6_5646_N2B-ordinal1,6,nearest_class,BASE_gbtree,0,n2
6_5646_N2C-radius1,6,counting,BASE_gbtree,0,n2
6_5680_N2A-novelband1,6,nearest_dist,BASE_gbtree,1,n2
6_5680_N2B-ordinal1,6,nearest_class,BASE_gbtree,0,n2
6_5680_N2C-radius1,6,counting,BASE_gbtree,0,n2
6_5685_N2A-novelband1,6,nearest_dist,BASE_gbtree,0,n2
6_5685_N2B-ordinal1,6,nearest_class,BASE_gbtree,0,n2
6_5685_N2C-radius1,6,counting,BASE_gbtree,0,n2
6_5691_N2A-novelband1,6,nearest_dist,BASE_gbtree,1,n2
6_5691_N2B-ordinal1,6,nearest_class,BASE_gbtree,0,n2
6_5691_N2C-radius1,6,counting,BASE_gbtree,0,n2
6_5692_N2A-novelband1,6,nearest_dist,BASE_gbtree,0,n2
6_5692_N2B-ordinal1,6,nearest_class,BASE_gbtree,1,n2
6_5692_N2C-radius1,6,counting,BASE_gbtree,0,n2
6_5693_N2A-novelband1,6,nearest_dist,BASE_gbtree,1,n2
6_5693_N2B-ordinal1,6,nearest_class,BASE_gbtree,1,n2
6_5693_N2C-radius1,6,counting,BASE_gbtree,0,n2
6_5702_N2A-novelband1,6,nearest_dist,BASE_gbtree,1,n2
6_5702_N2B-ordinal1,6,nearest_class,BASE_gbtree,0,n2
6_5702_N2C-radius1,6,counting,BASE_gbtree,0,n2
6_5705_N2A-novelband1,6,nearest_dist,BASE_gbtree,0,n2
6_5705_N2B-ordinal1,6,nearest_class,BASE_gbtree,0,n2
6_5705_N2C-radius1,6,counting,BASE_gbtree,0,n2
6_5707_N2A-novelband1,6,nearest_dist,BASE_gbtree,0,n2
6_5707_N2B-ordinal1,6,nearest_class,BASE_gbtree,1,n2
6_5707_N2C-radius1,6,counting,BASE_gbtree,0,n2
6_5710_N2A-novelband1,6,nearest_dist,BASE_gbtree,0,n2
6_5710_N2B-ordinal1,6,nearest_class,BASE_gbtree,0,n2
6_5710_N2C-radius1,6,counting,BASE_gbtree,0,n2
6_5714_N2A-novelband1,6,nearest_dist,BASE_gbtree,1,n2
6_5714_N2B-ordinal1,6,nearest_class,BASE_gbtree,1,n2
6_5714_N2C-radius1,6,counting,BASE_gbtree,1,n2
6_5716_N2A-novelband1,6,nearest_dist,BASE_gbtree,0,n2
6_5716_N2B-ordinal1,6,nearest_class,BASE_gbtree,0,n2
6_5716_N2C-radius1,6,counting,BASE_gbtree,1,n2
6_5717_N2A-novelband1,6,nearest_dist,BASE_gbtree,1,n2
6_5717_N2B-ordinal1,6,nearest_class,BASE_gbtree,0,n2
6_5717_N2C-radius1,6,counting,BASE_gbtree,0,n2
6_5721_N2A-novelband1,6,nearest_dist,BASE_gbtree,0,n2
6_5721_N2B-ordinal1,6,nearest_class,BASE_gbtree,1,n2
6_5721_N2C-radius1,6,counting,BASE_gbtree,0,n2
6_5723_N2A-novelband1,6,nearest_dist,BASE_gbtree,1,n2
6_5723_N2B-ordinal1,6,nearest_class,BASE_gbtree,1,n2
6_5723_N2C-radius1,6,counting,BASE_gbtree,0,n2
6_5730_N2A-novelband1,6,nearest_dist,BASE_gbtree,0,n2
6_5730_N2B-ordinal1,6,nearest_class,BASE_gbtree,0,n2
6_5730_N2C-radius1,6,counting,BASE_gbtree,0,n2
6_5734_N2A-novelband1,6,nearest_dist,BASE_gbtree,0,n2
6_5734_N2B-ordinal1,6,nearest_class,BASE_gbtree,0,n2
6_5734_N2C-radius1,6,counting,BASE_gbtree,0,n2
6_8483_N2A-novelband1,6,nearest_dist,BASE_gbtree,0,n2
6_8483_N2B-ordinal1,6,nearest_class,BASE_gbtree,0,n2
6_8483_N2C-radius1,6,counting,BASE_gbtree,1,n2
6_8484_N2A-novelband1,6,nearest_dist,BASE_gbtree,0,n2
6_8484_N2B-ordinal1,6,nearest_class,BASE_gbtree,1,n2
6_8484_N2C-radius1,6,counting,BASE_gbtree,1,n2
6_8485_N2A-novelband1,6,nearest_dist,BASE_gbtree,1,n2
6_8485_N2B-ordinal1,6,nearest_class,BASE_gbtree,0,n2
6_8485_N2C-radius1,6,counting,BASE_gbtree,1,n2
6_8487_N2A-novelband1,6,nearest_dist,BASE_gbtree,0,n2
6_8487_N2B-ordinal1,6,nearest_class,BASE_gbtree,1,n2
6_8487_N2C-radius1,6,counting,BASE_gbtree,1,n2
6_8494_N2A-novelband1,6,nearest_dist,BASE_gbtree,0,n2
6_8494_N2B-ordinal1,6,nearest_class,BASE_gbtree,0,n2
6_8494_N2C-radius1,6,counting,BASE_gbtree,1,n2
6_8495_N2A-novelband1,6,nearest_dist,BASE_gbtree,0,n2
6_8495_N2B-ordinal1,6,nearest_class,BASE_gbtree,0,n2
6_8495_N2C-radius1,6,counting,BASE_gbtree,0,n2
6_8500_N2A-novelband1,6,nearest_dist,BASE_gbtree,1,n2
6_8500_N2B-ordinal1,6,nearest_class,BASE_gbtree,1,n2
6_8500_N2C-radius1,6,counting,BASE_gbtree,0,n2
6_8504_N2A-novelband1,6,nearest_dist,BASE_gbtree,0,n2
6_8504_N2B-ordinal1,6,nearest_class,BASE_gbtree,0,n2
6_8504_N2C-radius1,6,counting,BASE_gbtree,0,n2
6_8509_N2A-novelband1,6,nearest_dist,BASE_gbtree,0,n2
6_8509_N2B-ordinal1,6,nearest_class,BASE_gbtree,0,n2
6_8509_N2C-radius1,6,counting,BASE_gbtree,0,n2
6_8656_N2A-novelband1,6,nearest_dist,BASE_gbtree,0,n2
6_8656_N2B-ordinal1,6,nearest_class,BASE_gbtree,0,n2
6_8656_N2C-radius1,6,counting,BASE_gbtree,0,n2
6_8657_N2A-novelband1,6,nearest_dist,BASE_gbtree,1,n2
6_8657_N2B-ordinal1,6,nearest_class,BASE_gbtree,1,n2
6_8657_N2C-radius1,6,counting,BASE_gbtree,0,n2
6_8660_N2A-novelband1,6,nearest_dist,BASE_gbtree,0,n2
6_8660_N2B-ordinal1,6,nearest_class,BASE_gbtree,0,n2
6_8660_N2C-radius1,6,counting,BASE_gbtree,1,n2
6_8822_N2A-novelband1,6,nearest_dist,BASE_gbtree,1,n2
6_8822_N2B-ordinal1,6,nearest_class,BASE_gbtree,0,n2
6_8822_N2C-radius1,6,counting,BASE_gbtree,1,n2
6_8824_N2A-novelband1,6,nearest_dist,BASE_gbtree,0,n2
6_8824_N2B-ordinal1,6,nearest_class,BASE_gbtree,0,n2
6_8824_N2C-radius1,6,counting,BASE_gbtree,1,n2
6_8829_N2A-novelband1,6,nearest_dist,BASE_gbtree,0,n2
6_8829_N2B-ordinal1,6,nearest_class,BASE_gbtree,1,n2
6_8829_N2C-radius1,6,counting,BASE_gbtree,0,n2
6_8835_N2A-novelband1,6,nearest_dist,BASE_gbtree,0,n2
6_8835_N2B-ordinal1,6,nearest_class,BASE_gbtree,0,n2
6_8835_N2C-radius1,6,counting,BASE_gbtree,0,n2
6_8839_N2A-novelband1,6,nearest_dist,BASE_gbtree,1,n2
6_8839_N2B-ordinal1,6,nearest_class,BASE_gbtree,1,n2
6_8839_N2C-radius1,6,counting,BASE_gbtree,0,n2
6_8840_N2A-novelband1,6,nearest_dist,BASE_gbtree,0,n2
6_8840_N2B-ordinal1,6,nearest_class,BASE_gbtree,0,n2
6_8840_N2C-radius1,6,counting,BASE_gbtree,1,n2
6_8852_N2A-novelband1,6,nearest_dist,BASE_gbtree,1,n2
6_8852_N2B-ordinal1,6,nearest_class,BASE_gbtree,0,n2
6_8852_N2C-radius1,6,counting,BASE_gbtree,1,n2
6_8920_N2A-novelband1,6,nearest_dist,BASE_gbtree,0,n2
6_8920_N2B-ordinal1,6,nearest_class,BASE_gbtree,1,n2
6_8920_N2C-radius1,6,counting,BASE_gbtree,1,n2
6_8922_N2A-novelband1,6,nearest_dist,BASE_gbtree,0,n2
6_8922_N2B-ordinal1,6,nearest_class,BASE_gbtree,0,n2
6_8922_N2C-radius1,6,counting,BASE_gbtree,0,n2
6_9135_N2A-novelband1,6,nearest_dist,BASE_gbtree,0,n2
6_9135_N2B-ordinal1,6,nearest_class,BASE_gbtree,0,n2
6_9135_N2C-radius1,6,counting,BASE_gbtree,1,n2
6_9141_N2A-novelband1,6,nearest_dist,BASE_gbtree,0,n2
6_9141_N2B-ordinal1,6,nearest_class,BASE_gbtree,0,n2
6_9141_N2C-radius1,6,counting,BASE_gbtree,1,n2
7_12955_N2A-novelband1,7,nearest_dist,BASE_gbtree,1,n2
7_12955_N2B-ordinal1,7,nearest_class,BASE_gbtree,0,n2
7_12955_N2C-radius1,7,counting,BASE_gbtree,0,n2
7_12956_N2A-novelband1,7,nearest_dist,BASE_gbtree,0,n2
7_12956_N2B-ordinal1,7,nearest_class,BASE_gbtree,0,n2
7_12956_N2C-radius1,7,counting,BASE_gbtree,0,n2
7_12957_N2A-novelband1,7,nearest_dist,BASE_gbtree,1,n2
7_12957_N2B-ordinal1,7,nearest_class,BASE_gbtree,1,n2
7_12957_N2C-radius1,7,counting,BASE_gbtree,0,n2
7_12967_N2A-novelband1,7,nearest_dist,BASE_gbtree,0,n2
7_12967_N2B-ordinal1,7,nearest_class,BASE_gbtree,0,n2
7_12967_N2C-radius1,7,counting,BASE_gbtree,0,n2
7_12971_N2A-novelband1,7,nearest_dist,BASE_gbtree,0,n2
7_12971_N2B-ordinal1,7,nearest_class,BASE_gbtree,1,n2
7_12971_N2C-radius1,7,counting,BASE_gbtree,0,n2
7_12975_N2A-novelband1,7,nearest_dist,BASE_gbtree,0,n2
7_12975_N2B-ordinal1,7,nearest_class,BASE_gbtree,0,n2
7_12975_N2C-radius1,7,counting,BASE_gbtree,1,n2
7_12979_N2A-novelband1,7,nearest_dist,BASE_gbtree,1,n2
7_12979_N2B-ordinal1,7,nearest_class,BASE_gbtree,0,n2
7_12979_N2C-radius1,7,counting,BASE_gbtree,0,n2
7_13023_N2A-novelband1,7,nearest_dist,BASE_gbtree,1,n2
7_13023_N2B-ordinal1,7,nearest_class,BASE_gbtree,0,n2
7_13023_N2C-radius1,7,counting,BASE_gbtree,0,n2
7_13027_N2A-novelband1,7,nearest_dist,BASE_gbtree,1,n2
7_13027_N2B-ordinal1,7,nearest_class,BASE_gbtree,0,n2
7_13027_N2C-radius1,7,counting,BASE_gbtree,1,n2
7_13028_N2A-novelband1,7,nearest_dist,BASE_gbtree,1,n2
7_13028_N2B-ordinal1,7,nearest_class,BASE_gbtree,0,n2
7_13028_N2C-radius1,7,counting,BASE_gbtree,1,n2
7_13030_N2A-novelband1,7,nearest_dist,BASE_gbtree,0,n2
7_13030_N2B-ordinal1,7,nearest_class,BASE_gbtree,0,n2
7_13030_N2C-radius1,7,counting,BASE_gbtree,0,n2
7_13040_N2A-novelband1,7,nearest_dist,BASE_gbtree,0,n2
7_13040_N2B-ordinal1,7,nearest_class,BASE_gbtree,0,n2
7_13040_N2C-radius1,7,counting,BASE_gbtree,0,n2
7_13045_N2A-novelband1,7,nearest_dist,BASE_gbtree,0,n2
7_13045_N2B-ordinal1,7,nearest_class,BASE_gbtree,0,n2
7_13045_N2C-radius1,7,counting,BASE_gbtree,1,n2
7_13047_N2A-novelband1,7,nearest_dist,BASE_gbtree,1,n2
7_13047_N2B-ordinal1,7,nearest_class,BASE_gbtree,0,n2
7_13047_N2C-radius1,7,counting,BASE_gbtree,0,n2
7_14701_N2A-novelband1,7,nearest_dist,BASE_gbtree,1,n2
7_14701_N2B-ordinal1,7,nearest_class,BASE_gbtree,1,n2
7_14701_N2C-radius1,7,counting,BASE_gbtree,0,n2
7_14879_N2A-novelband1,7,nearest_dist,BASE_gbtree,0,n2
7_14879_N2B-ordinal1,7,nearest_class,BASE_gbtree,1,n2
7_14879_N2C-radius1,7,counting,BASE_gbtree,0,n2
7_14924_N2A-novelband1,7,nearest_dist,BASE_gbtree,1,n2
7_14924_N2B-ordinal1,7,nearest_class,BASE_gbtree,1,n2
7_14924_N2C-radius1,7,counting,BASE_gbtree,0,n2
7_14927_N2A-novelband1,7,nearest_dist,BASE_gbtree,1,n2
7_14927_N2B-ordinal1,7,nearest_class,BASE_gbtree,0,n2
7_14927_N2C-radius1,7,counting,BASE_gbtree,0,n2
7_14972_N2A-novelband1,7,nearest_dist,BASE_gbtree,0,n2
7_14972_N2B-ordinal1,7,nearest_class,BASE_gbtree,0,n2
7_14972_N2C-radius1,7,counting,BASE_gbtree,1,n2
7_14973_N2A-novelband1,7,nearest_dist,BASE_gbtree,1,n2
7_14973_N2B-ordinal1,7,nearest_class,BASE_gbtree,1,n2
7_14973_N2C-radius1,7,counting,BASE_gbtree,0,n2
7_14975_N2A-novelband1,7,nearest_dist,BASE_gbtree,0,n2
7_14975_N2B-ordinal1,7,nearest_class,BASE_gbtree,1,n2
7_14975_N2C-radius1,7,counting,BASE_gbtree,0,n2
7_14985_N2A-novelband1,7,nearest_dist,BASE_gbtree,1,n2
7_14985_N2B-ordinal1,7,nearest_class,BASE_gbtree,1,n2
7_14985_N2C-radius1,7,counting,BASE_gbtree,0,n2
7_14986_N2A-novelband1,7,nearest_dist,BASE_gbtree,0,n2
7_14986_N2B-ordinal1,7,nearest_class,BASE_gbtree,0,n2
7_14986_N2C-radius1,7,counting,BASE_gbtree,0,n2
7_15069_N2A-novelband1,7,nearest_dist,BASE_gbtree,0,n2
7_15069_N2B-ordinal1,7,nearest_class,BASE_gbtree,0,n2
7_15069_N2C-radius1,7,counting,BASE_gbtree,0,n2
7_15070_N2A-novelband1,7,nearest_dist,BASE_gbtree,0,n2
7_15070_N2B-ordinal1,7,nearest_class,BASE_gbtree,1,n2
7_15070_N2C-radius1,7,counting,BASE_gbtree,0,n2
7_15072_N2A-novelband1,7,nearest_dist,BASE_gbtree,0,n2
7_15072_N2B-ordinal1,7,nearest_class,BASE_gbtree,0,n2
7_15072_N2C-radius1,7,counting,BASE_gbtree,0,n2
7_15075_N2A-novelband1,7,nearest_dist,BASE_gbtree,0,n2
7_15075_N2B-ordinal1,7,nearest_class,BASE_gbtree,1,n2
7_15075_N2C-radius1,7,counting,BASE_gbtree,0,n2
7_15079_N2A-novelband1,7,nearest_dist,BASE_gbtree,0,n2
7_15079_N2B-ordinal1,7,nearest_class,BASE_gbtree,0,n2
7_15079_N2C-radius1,7,counting,BASE_gbtree,0,n2
7_15084_N2A-novelband1,7,nearest_dist,BASE_gbtree,0,n2
7_15084_N2C-radius1,7,counting,BASE_gbtree,1,n2
7_15088_N2A-novelband1,7,nearest_dist,BASE_gbtree,0,n2
7_15088_N2B-ordinal1,7,nearest_class,BASE_gbtree,1,n2
7_15088_N2C-radius1,7,counting,BASE_gbtree,0,n2
7_15101_N2A-novelband1,7,nearest_dist,BASE_gbtree,1,n2
7_15101_N2B-ordinal1,7,nearest_class,BASE_gbtree,0,n2
7_15101_N2C-radius1,7,counting,BASE_gbtree,0,n2
7_15111_N2A-novelband1,7,nearest_dist,BASE_gbtree,0,n2
7_15111_N2B-ordinal1,7,nearest_class,BASE_gbtree,0,n2
7_15111_N2C-radius1,7,counting,BASE_gbtree,0,n2
7_15114_N2A-novelband1,7,nearest_dist,BASE_gbtree,1,n2
7_15114_N2B-ordinal1,7,nearest_class,BASE_gbtree,0,n2
7_15114_N2C-radius1,7,counting,BASE_gbtree,0,n2
7_15199_N2A-novelband1,7,nearest_dist,BASE_gbtree,0,n2
7_15199_N2B-ordinal1,7,nearest_class,BASE_gbtree,0,n2
7_15199_N2C-radius1,7,counting,BASE_gbtree,0,n2
7_15206_N2A-novelband1,7,nearest_dist,BASE_gbtree,1,n2
7_15206_N2B-ordinal1,7,nearest_class,BASE_gbtree,1,n2
7_15206_N2C-radius1,7,counting,BASE_gbtree,0,n2
7_15212_N2A-novelband1,7,nearest_dist,BASE_gbtree,0,n2
7_15212_N2B-ordinal1,7,nearest_class,BASE_gbtree,0,n2
7_15212_N2C-radius1,7,counting,BASE_gbtree,0,n2
7_15219_N2A-novelband1,7,nearest_dist,BASE_gbtree,0,n2
7_15219_N2B-ordinal1,7,nearest_class,BASE_gbtree,0,n2
7_15219_N2C-radius1,7,counting,BASE_gbtree,0,n2
7_15258_N2A-novelband1,7,nearest_dist,BASE_gbtree,1,n2
7_15258_N2B-ordinal1,7,nearest_class,BASE_gbtree,1,n2
7_15258_N2C-radius1,7,counting,BASE_gbtree,0,n2
7_15308_N2A-novelband1,7,nearest_dist,BASE_gbtree,1,n2
7_15308_N2B-ordinal1,7,nearest_class,BASE_gbtree,0,n2
7_15308_N2C-radius1,7,counting,BASE_gbtree,0,n2
7_15313_N2A-novelband1,7,nearest_dist,BASE_gbtree,0,n2
7_15313_N2B-ordinal1,7,nearest_class,BASE_gbtree,0,n2
7_15313_N2C-radius1,7,counting,BASE_gbtree,0,n2
7_15316_N2A-novelband1,7,nearest_dist,BASE_gbtree,0,n2
7_15316_N2B-ordinal1,7,nearest_class,BASE_gbtree,0,n2
7_15316_N2C-radius1,7,counting,BASE_gbtree,0,n2
7_15318_N2A-novelband1,7,nearest_dist,BASE_gbtree,1,n2
7_15318_N2B-ordinal1,7,nearest_class,BASE_gbtree,1,n2
7_15318_N2C-radius1,7,counting,BASE_gbtree,0,n2
7_15322_N2A-novelband1,7,nearest_dist,BASE_gbtree,1,n2
7_15322_N2B-ordinal1,7,nearest_class,BASE_gbtree,0,n2
7_15322_N2C-radius1,7,counting,BASE_gbtree,0,n2
7_15331_N2A-novelband1,7,nearest_dist,BASE_gbtree,0,n2
7_15331_N2B-ordinal1,7,nearest_class,BASE_gbtree,0,n2
7_15331_N2C-radius1,7,counting,BASE_gbtree,0,n2
7_15333_N2A-novelband1,7,nearest_dist,BASE_gbtree,1,n2
7_15333_N2B-ordinal1,7,nearest_class,BASE_gbtree,0,n2
7_15333_N2C-radius1,7,counting,BASE_gbtree,0,n2
7_4781_N2A-novelband1,7,nearest_dist,BASE_gbtree,0,n2
7_4781_N2B-ordinal1,7,nearest_class,BASE_gbtree,0,n2
7_4781_N2C-radius1,7,counting,BASE_gbtree,1,n2
7_4850_N2A-novelband1,7,nearest_dist,BASE_gbtree,1,n2
7_4850_N2B-ordinal1,7,nearest_class,BASE_gbtree,0,n2
7_4850_N2C-radius1,7,counting,BASE_gbtree,0,n2
7_4853_N2A-novelband1,7,nearest_dist,BASE_gbtree,0,n2
7_4853_N2B-ordinal1,7,nearest_class,BASE_gbtree,0,n2
7_4853_N2C-radius1,7,counting,BASE_gbtree,1,n2
7_4971_N2A-novelband1,7,nearest_dist,BASE_gbtree,0,n2
7_4971_N2B-ordinal1,7,nearest_class,BASE_gbtree,0,n2
7_4971_N2C-radius1,7,counting,BASE_gbtree,0,n2
7_6615_N2A-novelband1,7,nearest_dist,BASE_gbtree,0,n2
7_6615_N2B-ordinal1,7,nearest_class,BASE_gbtree,1,n2
7_6615_N2C-radius1,7,counting,BASE_gbtree,0,n2
7_6622_N2A-novelband1,7,nearest_dist,BASE_gbtree,0,n2
7_6622_N2B-ordinal1,7,nearest_class,BASE_gbtree,0,n2
7_6622_N2C-radius1,7,counting,BASE_gbtree,1,n2
7_6623_N2A-novelband1,7,nearest_dist,BASE_gbtree,0,n2
7_6623_N2B-ordinal1,7,nearest_class,BASE_gbtree,0,n2
7_6623_N2C-radius1,7,counting,BASE_gbtree,0,n2
7_6625_N2A-novelband1,7,nearest_dist,BASE_gbtree,0,n2
7_6625_N2B-ordinal1,7,nearest_class,BASE_gbtree,1,n2
7_6625_N2C-radius1,7,counting,BASE_gbtree,0,n2
7_6686_N2A-novelband1,7,nearest_dist,BASE_gbtree,0,n2
7_6686_N2B-ordinal1,7,nearest_class,BASE_gbtree,0,n2
7_6686_N2C-radius1,7,counting,BASE_gbtree,0,n2
7_6693_N2A-novelband1,7,nearest_dist,BASE_gbtree,0,n2
7_6693_N2B-ordinal1,7,nearest_class,BASE_gbtree,0,n2
7_6693_N2C-radius1,7,counting,BASE_gbtree,0,n2
7_6698_N2A-novelband1,7,nearest_dist,BASE_gbtree,1,n2
7_6698_N2B-ordinal1,7,nearest_class,BASE_gbtree,1,n2
7_6698_N2C-radius1,7,counting,BASE_gbtree,1,n2
7_6699_N2A-novelband1,7,nearest_dist,BASE_gbtree,0,n2
7_6699_N2B-ordinal1,7,nearest_class,BASE_gbtree,0,n2
7_6699_N2C-radius1,7,counting,BASE_gbtree,0,n2
7_6701_N2A-novelband1,7,nearest_dist,BASE_gbtree,0,n2
7_6701_N2B-ordinal1,7,nearest_class,BASE_gbtree,0,n2
7_6701_N2C-radius1,7,counting,BASE_gbtree,1,n2
7_6711_N2A-novelband1,7,nearest_dist,BASE_gbtree,0,n2
7_6711_N2B-ordinal1,7,nearest_class,BASE_gbtree,1,n2
7_6711_N2C-radius1,7,counting,BASE_gbtree,0,n2
7_6712_N2A-novelband1,7,nearest_dist,BASE_gbtree,0,n2
7_6712_N2B-ordinal1,7,nearest_class,BASE_gbtree,0,n2
7_6712_N2C-radius1,7,counting,BASE_gbtree,0,n2
7_6714_N2A-novelband1,7,nearest_dist,BASE_gbtree,0,n2
7_6714_N2B-ordinal1,7,nearest_class,BASE_gbtree,1,n2
7_6714_N2C-radius1,7,counting,BASE_gbtree,0,n2
7_6772_N2A-novelband1,7,nearest_dist,BASE_gbtree,0,n2
7_6772_N2B-ordinal1,7,nearest_class,BASE_gbtree,0,n2
7_6772_N2C-radius1,7,counting,BASE_gbtree,0,n2
7_6775_N2A-novelband1,7,nearest_dist,BASE_gbtree,0,n2
7_6775_N2B-ordinal1,7,nearest_class,BASE_gbtree,0,n2
7_6775_N2C-radius1,7,counting,BASE_gbtree,0,n2
7_6777_N2A-novelband1,7,nearest_dist,BASE_gbtree,1,n2
7_6777_N2B-ordinal1,7,nearest_class,BASE_gbtree,0,n2
7_6777_N2C-radius1,7,counting,BASE_gbtree,0,n2
7_6780_N2A-novelband1,7,nearest_dist,BASE_gbtree,0,n2
7_6780_N2B-ordinal1,7,nearest_class,BASE_gbtree,1,n2
7_6780_N2C-radius1,7,counting,BASE_gbtree,0,n2
7_6790_N2A-novelband1,7,nearest_dist,BASE_gbtree,0,n2
7_6790_N2B-ordinal1,7,nearest_class,BASE_gbtree,0,n2
7_6790_N2C-radius1,7,counting,BASE_gbtree,0,n2
7_8412_N2A-novelband1,7,nearest_dist,BASE_gbtree,1,n2
7_8412_N2B-ordinal1,7,nearest_class,BASE_gbtree,1,n2
7_8412_N2C-radius1,7,counting,BASE_gbtree,1,n2
7_8414_N2A-novelband1,7,nearest_dist,BASE_gbtree,1,n2
7_8414_N2B-ordinal1,7,nearest_class,BASE_gbtree,1,n2
7_8414_N2C-radius1,7,counting,BASE_gbtree,0,n2
7_8415_N2A-novelband1,7,nearest_dist,BASE_gbtree,1,n2
7_8415_N2B-ordinal1,7,nearest_class,BASE_gbtree,0,n2
7_8415_N2C-radius1,7,counting,BASE_gbtree,0,n2
7_8418_N2A-novelband1,7,nearest_dist,BASE_gbtree,0,n2
7_8418_N2B-ordinal1,7,nearest_class,BASE_gbtree,0,n2
7_8418_N2C-radius1,7,counting,BASE_gbtree,0,n2
7_8421_N2A-novelband1,7,nearest_dist,BASE_gbtree,1,n2
7_8421_N2B-ordinal1,7,nearest_class,BASE_gbtree,0,n2
7_8421_N2C-radius1,7,counting,BASE_gbtree,1,n2
7_8425_N2A-novelband1,7,nearest_dist,BASE_gbtree,0,n2
7_8425_N2B-ordinal1,7,nearest_class,BASE_gbtree,0,n2
7_8425_N2C-radius1,7,counting,BASE_gbtree,0,n2
8_631_N2A-novelband1,8,nearest_dist,BASE_gbtree,0,n2
8_631_N2B-ordinal1,8,nearest_class,BASE_gbtree,0,n2
8_631_N2C-radius1,8,counting,BASE_gbtree,0,n2
9_1531_N2A-novelband1,9,nearest_dist,BASE_gbtree,1,n2
9_1531_N2B-ordinal1,9,nearest_class,BASE_gbtree,1,n2
9_1531_N2C-radius1,9,counting,BASE_gbtree,1,n2
9_1532_N2A-novelband1,9,nearest_dist,BASE_gbtree,0,n2
9_1532_N2B-ordinal1,9,nearest_class,BASE_gbtree,1,n2
9_1532_N2C-radius1,9,counting,BASE_gbtree,0,n2
9_1538_N2A-novelband1,9,nearest_dist,BASE_gbtree,0,n2
9_1538_N2B-ordinal1,9,nearest_class,BASE_gbtree,1,n2
9_1538_N2C-radius1,9,counting,BASE_gbtree,0,n2
9_1539_N2A-novelband1,9,nearest_dist,BASE_gbtree,0,n2
9_1539_N2B-ordinal1,9,nearest_class,BASE_gbtree,0,n2
9_1539_N2C-radius1,9,counting,BASE_gbtree,0,n2
9_1549_N2A-novelband1,9,nearest_dist,BASE_gbtree,0,n2
9_1549_N2B-ordinal1,9,nearest_class,BASE_gbtree,0,n2
9_1549_N2C-radius1,9,counting,BASE_gbtree,1,n2
9_1550_N2A-novelband1,9,nearest_dist,BASE_gbtree,0,n2
9_1550_N2B-ordinal1,9,nearest_class,BASE_gbtree,0,n2
9_1550_N2C-radius1,9,counting,BASE_gbtree,0,n2
9_1551_N2A-novelband1,9,nearest_dist,BASE_gbtree,0,n2
9_1551_N2B-ordinal1,9,nearest_class,BASE_gbtree,0,n2
9_1551_N2C-radius1,9,counting,BASE_gbtree,0,n2
9_1552_N2A-novelband1,9,nearest_dist,BASE_gbtree,0,n2
9_1552_N2B-ordinal1,9,nearest_class,BASE_gbtree,0,n2
9_1552_N2C-radius1,9,counting,BASE_gbtree,0,n2
9_1586_N2A-novelband1,9,nearest_dist,BASE_gbtree,1,n2
9_1586_N2B-ordinal1,9,nearest_class,BASE_gbtree,0,n2
9_1586_N2C-radius1,9,counting,BASE_gbtree,0,n2
9_1637_N2A-novelband1,9,nearest_dist,BASE_gbtree,0,n2
9_1637_N2B-ordinal1,9,nearest_class,BASE_gbtree,0,n2
9_1637_N2C-radius1,9,counting,BASE_gbtree,0,n2
9_1641_N2A-novelband1,9,nearest_dist,BASE_gbtree,1,n2
9_1641_N2B-ordinal1,9,nearest_class,BASE_gbtree,1,n2
9_1641_N2C-radius1,9,counting,BASE_gbtree,0,n2
9_1644_N2A-novelband1,9,nearest_dist,BASE_gbtree,0,n2
9_1644_N2B-ordinal1,9,nearest_class,BASE_gbtree,1,n2
9_1644_N2C-radius1,9,counting,BASE_gbtree,0,n2
9_1646_N2A-novelband1,9,nearest_dist,BASE_gbtree,1,n2
9_1646_N2B-ordinal1,9,nearest_class,BASE_gbtree,0,n2
9_1646_N2C-radius1,9,counting,BASE_gbtree,0,n2
9_1648_N2A-novelband1,9,nearest_dist,BASE_gbtree,0,n2
9_1648_N2B-ordinal1,9,nearest_class,BASE_gbtree,1,n2
9_1648_N2C-radius1,9,counting,BASE_gbtree,0,n2
9_2495_N2A-novelband1,9,nearest_dist,BASE_gbtree,0,n2
9_2495_N2B-ordinal1,9,nearest_class,BASE_gbtree,1,n2
9_2495_N2C-radius1,9,counting,BASE_gbtree,0,n2
9_2501_N2A-novelband1,9,nearest_dist,BASE_gbtree,0,n2
9_2501_N2B-ordinal1,9,nearest_class,BASE_gbtree,0,n2
9_2501_N2C-radius1,9,counting,BASE_gbtree,0,n2
9_2505_N2A-novelband1,9,nearest_dist,BASE_gbtree,1,n2
9_2505_N2B-ordinal1,9,nearest_class,BASE_gbtree,1,n2
9_2505_N2C-radius1,9,counting,BASE_gbtree,1,n2
9_2506_N2A-novelband1,9,nearest_dist,BASE_gbtree,0,n2
9_2506_N2B-ordinal1,9,nearest_class,BASE_gbtree,0,n2
9_2506_N2C-radius1,9,counting,BASE_gbtree,1,n2
9_2507_N2A-novelband1,9,nearest_dist,BASE_gbtree,0,n2
9_2507_N2B-ordinal1,9,nearest_class,BASE_gbtree,0,n2
9_2507_N2C-radius1,9,counting,BASE_gbtree,1,n2
9_2644_N2A-novelband1,9,nearest_dist,BASE_gbtree,0,n2
9_2644_N2B-ordinal1,9,nearest_class,BASE_gbtree,1,n2
9_2644_N2C-radius1,9,counting,BASE_gbtree,0,n2
9_2647_N2A-novelband1,9,nearest_dist,BASE_gbtree,0,n2
9_2647_N2B-ordinal1,9,nearest_class,BASE_gbtree,1,n2
9_2647_N2C-radius1,9,counting,BASE_gbtree,0,n2
9_6680_N2A-novelband1,9,nearest_dist,BASE_gbtree,0,n2
9_6680_N2B-ordinal1,9,nearest_class,BASE_gbtree,0,n2
9_6680_N2C-radius1,9,counting,BASE_gbtree,0,n2
9_6719_N2A-novelband1,9,nearest_dist,BASE_gbtree,1,n2
9_6719_N2B-ordinal1,9,nearest_class,BASE_gbtree,0,n2
9_6719_N2C-radius1,9,counting,BASE_gbtree,0,n2
9_6720_N2A-novelband1,9,nearest_dist,BASE_gbtree,0,n2
9_6720_N2B-ordinal1,9,nearest_class,BASE_gbtree,0,n2
9_6720_N2C-radius1,9,counting,BASE_gbtree,0,n2
9_6728_N2A-novelband1,9,nearest_dist,BASE_gbtree,1,n2
9_6728_N2B-ordinal1,9,nearest_class,BASE_gbtree,0,n2
9_6728_N2C-radius1,9,counting,BASE_gbtree,0,n2
9_6785_N2A-novelband1,9,nearest_dist,BASE_gbtree,0,n2
9_6785_N2B-ordinal1,9,nearest_class,BASE_gbtree,0,n2
9_6785_N2C-radius1,9,counting,BASE_gbtree,0,n2
9_6787_N2A-novelband1,9,nearest_dist,BASE_gbtree,1,n2
9_6787_N2B-ordinal1,9,nearest_class,BASE_gbtree,0,n2
9_6787_N2C-radius1,9,counting,BASE_gbtree,0,n2
9_6797_N2A-novelband1,9,nearest_dist,BASE_gbtree,1,n2
9_6797_N2B-ordinal1,9,nearest_class,BASE_gbtree,0,n2
9_6797_N2C-radius1,9,counting,BASE_gbtree,0,n2
9_6798_N2A-novelband1,9,nearest_dist,BASE_gbtree,0,n2
9_6798_N2B-ordinal1,9,nearest_class,BASE_gbtree,0,n2
9_6798_N2C-radius1,9,counting,BASE_gbtree,0,n2
9_6800_N2A-novelband1,9,nearest_dist,BASE_gbtree,0,n2
9_6800_N2B-ordinal1,9,nearest_class,BASE_gbtree,0,n2
9_6800_N2C-radius1,9,counting,BASE_gbtree,0,n2
9_8515_N2A-novelband1,9,nearest_dist,BASE_gbtree,0,n2
9_8515_N2B-ordinal1,9,nearest_class,BASE_gbtree,1,n2
9_8515_N2C-radius1,9,counting,BASE_gbtree,0,n2
9_8519_N2A-novelband1,9,nearest_dist,BASE_gbtree,0,n2
9_8519_N2B-ordinal1,9,nearest_class,BASE_gbtree,1,n2
9_8519_N2C-radius1,9,counting,BASE_gbtree,0,n2
9_8536_N2A-novelband1,9,nearest_dist,BASE_gbtree,1,n2
9_8536_N2B-ordinal1,9,nearest_class,BASE_gbtree,0,n2
9_8536_N2C-radius1,9,counting,BASE_gbtree,0,n2
9_8537_N2A-novelband1,9,nearest_dist,BASE_gbtree,0,n2
9_8537_N2B-ordinal1,9,nearest_class,BASE_gbtree,0,n2
9_8537_N2C-radius1,9,counting,BASE_gbtree,1,n2
9_8540_N2A-novelband1,9,nearest_dist,BASE_gbtree,0,n2
9_8540_N2B-ordinal1,9,nearest_class,BASE_gbtree,1,n2
9_8540_N2C-radius1,9,counting,BASE_gbtree,0,n2
9_8545_N2A-novelband1,9,nearest_dist,BASE_gbtree,0,n2
9_8545_N2B-ordinal1,9,nearest_class,BASE_gbtree,0,n2
9_8545_N2C-radius1,9,counting,BASE_gbtree,0,n2
9_8551_N2A-novelband1,9,nearest_dist,BASE_gbtree,0,n2
9_8551_N2B-ordinal1,9,nearest_class,BASE_gbtree,0,n2
9_8551_N2C-radius1,9,counting,BASE_gbtree,0,n2
9_8553_N2A-novelband1,9,nearest_dist,BASE_gbtree,0,n2
9_8553_N2B-ordinal1,9,nearest_class,BASE_gbtree,0,n2
9_8553_N2C-radius1,9,counting,BASE_gbtree,0,n2
9_8559_N2A-novelband1,9,nearest_dist,BASE_gbtree,1,n2
9_8559_N2B-ordinal1,9,nearest_class,BASE_gbtree,1,n2
9_8559_N2C-radius1,9,counting,BASE_gbtree,0,n2
9_8561_N2A-novelband1,9,nearest_dist,BASE_gbtree,0,n2
9_8561_N2B-ordinal1,9,nearest_class,BASE_gbtree,0,n2
9_8561_N2C-radius1,9,counting,BASE_gbtree,0,n2
9_8562_N2A-novelband1,9,nearest_dist,BASE_gbtree,0,n2
9_8562_N2B-ordinal1,9,nearest_class,BASE_gbtree,0,n2
9_8562_N2C-radius1,9,counting,BASE_gbtree,0,n2
9_8566_N2A-novelband1,9,nearest_dist,BASE_gbtree,0,n2
9_8566_N2B-ordinal1,9,nearest_class,BASE_gbtree,0,n2
9_8566_N2C-radius1,9,counting,BASE_gbtree,0,n2
9_8567_N2A-novelband1,9,nearest_dist,BASE_gbtree,0,n2
9_8567_N2B-ordinal1,9,nearest_class,BASE_gbtree,0,n2
9_8567_N2C-radius1,9,counting,BASE_gbtree,0,n2
9_8571_N2A-novelband1,9,nearest_dist,BASE_gbtree,0,n2
9_8571_N2B-ordinal1,9,nearest_class,BASE_gbtree,0,n2
9_8571_N2C-radius1,9,counting,BASE_gbtree,0,n2
9_8604_N2A-novelband1,9,nearest_dist,BASE_gbtree,1,n2
9_8604_N2B-ordinal1,9,nearest_class,BASE_gbtree,0,n2
9_8604_N2C-radius1,9,counting,BASE_gbtree,0,n2
9_8606_N2A-novelband1,9,nearest_dist,BASE_gbtree,0,n2
9_8606_N2B-ordinal1,9,nearest_class,BASE_gbtree,1,n2
9_8606_N2C-radius1,9,counting,BASE_gbtree,0,n2
9_8612_N2A-novelband1,9,nearest_dist,BASE_gbtree,1,n2
9_8612_N2B-ordinal1,9,nearest_class,BASE_gbtree,0,n2
9_8612_N2C-radius1,9,counting,BASE_gbtree,0,n2
9_8616_N2A-novelband1,9,nearest_dist,BASE_gbtree,1,n2
9_8616_N2B-ordinal1,9,nearest_class,BASE_gbtree,0,n2
9_8616_N2C-radius1,9,counting,BASE_gbtree,0,n2
9_8681_N2A-novelband1,9,nearest_dist,BASE_gbtree,1,n2
9_8681_N2B-ordinal1,9,nearest_class,BASE_gbtree,0,n2
9_8681_N2C-radius1,9,counting,BASE_gbtree,0,n2
9_8684_N2A-novelband1,9,nearest_dist,BASE_gbtree,0,n2
9_8684_N2B-ordinal1,9,nearest_class,BASE_gbtree,0,n2
9_8684_N2C-radius1,9,counting,BASE_gbtree,1,n2
9_8838_N2A-novelband1,9,nearest_dist,BASE_gbtree,1,n2
9_8838_N2B-ordinal1,9,nearest_class,BASE_gbtree,1,n2
9_8838_N2C-radius1,9,counting,BASE_gbtree,0,n2
9_8841_N2A-novelband1,9,nearest_dist,BASE_gbtree,0,n2
9_8841_N2B-ordinal1,9,nearest_class,BASE_gbtree,0,n2
9_8841_N2C-radius1,9,counting,BASE_gbtree,0,n2
9_8842_N2A-novelband1,9,nearest_dist,BASE_gbtree,0,n2
9_8842_N2B-ordinal1,9,nearest_class,BASE_gbtree,0,n2
9_8842_N2C-radius1,9,counting,BASE_gbtree,0,n2
9_8845_N2A-novelband1,9,nearest_dist,BASE_gbtree,0,n2
9_8845_N2B-ordinal1,9,nearest_class,BASE_gbtree,1,n2
9_8845_N2C-radius1,9,counting,BASE_gbtree,0,n2
9_9352_N2A-novelband1,9,nearest_dist,BASE_gbtree,0,n2
9_9352_N2B-ordinal1,9,nearest_class,BASE_gbtree,0,n2
9_9352_N2C-radius1,9,counting,BASE_gbtree,0,n2
9_9354_N2A-novelband1,9,nearest_dist,BASE_gbtree,0,n2
9_9354_N2B-ordinal1,9,nearest_class,BASE_gbtree,1,n2
9_9354_N2C-radius1,9,counting,BASE_gbtree,0,n2
9_9361_N2A-novelband1,9,nearest_dist,BASE_gbtree,0,n2
9_9361_N2B-ordinal1,9,nearest_class,BASE_gbtree,0,n2
9_9361_N2C-radius1,9,counting,BASE_gbtree,0,n2
9_9363_N2A-novelband1,9,nearest_dist,BASE_gbtree,0,n2
9_9363_N2B-ordinal1,9,nearest_class,BASE_gbtree,1,n2
9_9363_N2C-radius1,9,counting,BASE_gbtree,0,n2
9_9368_N2A-novelband1,9,nearest_dist,BASE_gbtree,0,n2
9_9368_N2B-ordinal1,9,nearest_class,BASE_gbtree,0,n2
9_9368_N2C-radius1,9,counting,BASE_gbtree,0,n2
9_9371_N2A-novelband1,9,nearest_dist,BASE_gbtree,1,n2
9_9371_N2B-ordinal1,9,nearest_class,BASE_gbtree,0,n2
9_9371_N2C-radius1,9,counting,BASE_gbtree,0,n2
9_9372_N2A-novelband1,9,nearest_dist,BASE_gbtree,1,n2
9_9372_N2B-ordinal1,9,nearest_class,BASE_gbtree,0,n2
9_9372_N2C-radius1,9,counting,BASE_gbtree,0,n2
9_9377_N2A-novelband1,9,nearest_dist,BASE_gbtree,0,n2
9_9377_N2B-ordinal1,9,nearest_class,BASE_gbtree,0,n2
9_9377_N2C-radius1,9,counting,BASE_gbtree,0,n2
9_9380_N2A-novelband1,9,nearest_dist,BASE_gbtree,0,n2
9_9380_N2B-ordinal1,9,nearest_class,BASE_gbtree,0,n2
9_9380_N2C-radius1,9,counting,BASE_gbtree,0,n2
9_9382_N2A-novelband1,9,nearest_dist,BASE_gbtree,0,n2
9_9382_N2B-ordinal1,9,nearest_class,BASE_gbtree,1,n2
9_9382_N2C-radius1,9,counting,BASE_gbtree,0,n2
9_9394_N2A-novelband1,9,nearest_dist,BASE_gbtree,0,n2
9_9394_N2B-ordinal1,9,nearest_class,BASE_gbtree,0,n2
9_9394_N2C-radius1,9,counting,BASE_gbtree,0,n2
9_9398_N2A-novelband1,9,nearest_dist,BASE_gbtree,0,n2
9_9398_N2B-ordinal1,9,nearest_class,BASE_gbtree,0,n2
9_9398_N2C-radius1,9,counting,BASE_gbtree,0,n2
9_9466_N2A-novelband1,9,nearest_dist,BASE_gbtree,0,n2
9_9466_N2B-ordinal1,9,nearest_class,BASE_gbtree,0,n2
9_9466_N2C-radius1,9,counting,BASE_gbtree,0,n2
9_9467_N2A-novelband1,9,nearest_dist,BASE_gbtree,1,n2
9_9467_N2B-ordinal1,9,nearest_class,BASE_gbtree,0,n2
9_9467_N2C-radius1,9,counting,BASE_gbtree,0,n2
9_9469_N2A-novelband1,9,nearest_dist,BASE_gbtree,0,n2
9_9469_N2B-ordinal1,9,nearest_class,BASE_gbtree,0,n2
9_9469_N2C-radius1,9,counting,BASE_gbtree,0,n2
9_9471_N2A-novelband1,9,nearest_dist,BASE_gbtree,0,n2
9_9471_N2B-ordinal1,9,nearest_class,BASE_gbtree,0,n2
9_9471_N2C-radius1,9,counting,BASE_gbtree,0,n2
9_9577_N2A-novelband1,9,nearest_dist,BASE_gbtree,0,n2
9_9577_N2B-ordinal1,9,nearest_class,BASE_gbtree,1,n2
9_9577_N2C-radius1,9,counting,BASE_gbtree,0,n2
9_9578_N2A-novelband1,9,nearest_dist,BASE_gbtree,1,n2
9_9578_N2B-ordinal1,9,nearest_class,BASE_gbtree,0,n2
9_9578_N2C-radius1,9,counting,BASE_gbtree,0,n2
9_9579_N2A-novelband1,9,nearest_dist,BASE_gbtree,0,n2
9_9579_N2B-ordinal1,9,nearest_class,BASE_gbtree,0,n2
9_9579_N2C-radius1,9,counting,BASE_gbtree,0,n2
9_9582_N2A-novelband1,9,nearest_dist,BASE_gbtree,1,n2
9_9582_N2B-ordinal1,9,nearest_class,BASE_gbtree,0,n2
9_9582_N2C-radius1,9,counting,BASE_gbtree,0,n2
9_9588_N2A-novelband1,9,nearest_dist,BASE_gbtree,0,n2
9_9588_N2B-ordinal1,9,nearest_class,BASE_gbtree,0,n2
9_9588_N2C-radius1,9,counting,BASE_gbtree,0,n2
9_9589_N2A-novelband1,9,nearest_dist,BASE_gbtree,0,n2
9_9589_N2B-ordinal1,9,nearest_class,BASE_gbtree,0,n2
9_9589_N2C-radius1,9,counting,BASE_gbtree,1,n2
9_9595_N2A-novelband1,9,nearest_dist,BASE_gbtree,0,n2
9_9595_N2B-ordinal1,9,nearest_class,BASE_gbtree,0,n2
9_9595_N2C-radius1,9,counting,BASE_gbtree,0,n2
