question_id,sequence_id,family,arm,correct
coda_0_421_counting_n1,0,counting,D0_3b,1
coda_0_422_nearest_dist_n1,0,nearest-distance,D0_3b,1
coda_0_429_nearest_dist_n1,0,nearest-distance,D0_3b,1
coda_0_436_direction_n1,0,direction,D0_3b,0
coda_0_4797_path_object_n1,0,path-object,D0_3b,1
coda_0_4803_counting_n1,0,counting,D0_3b,1
coda_0_4804_nearest_class_n1,0,nearest-class,D0_3b,0
coda_0_4805_nearest_dist_n1,0,nearest-distance,D0_3b,0
coda_0_4809_direction_n1,0,direction,D0_3b,0
coda_0_4813_path_object_n1,0,path-object,D0_3b,0
coda_0_4815_counting_n1,0,counting,D0_3b,0
coda_0_4818_nearest_class_n1,0,nearest-class,D0_3b,0
coda_0_4821_nearest_dist_n1,0,nearest-distance,D0_3b,1
coda_0_4902_direction_n1,0,direction,D0_3b,1
coda_0_4907_path_object_n1,0,path-object,D0_3b,1
coda_0_4908_counting_n1,0,counting,D0_3b,0
coda_0_4910_nearest_class_n1,0,nearest-class,D0_3b,1
coda_0_4914_nearest_dist_n1,0,nearest-distance,D0_3b,1
coda_0_4916_direction_n1,0,direction,D0_3b,0
coda_0_4924_nearest_class_n1,0,nearest-class,D0_3b,1
coda_0_4925_counting_n1,0,counting,D0_3b,1
coda_0_4926_nearest_class_n1,0,nearest-class,D0_3b,1
coda_0_4930_nearest_dist_n1,0,nearest-distance,D0_3b,1
coda_0_507_direction_n1,0,direction,D0_3b,0
coda_0_508_path_object_n1,0,path-object,D0_3b,1
coda_0_514_counting_n1,0,counting,D0_3b,1
coda_0_520_nearest_class_n1,0,nearest-class,D0_3b,1
coda_0_525_nearest_dist_n1,0,nearest-distance,D0_3b,1
coda_0_526_direction_n1,0,direction,D0_3b,1
coda_0_570_path_object_n1,0,path-object,D0_3b,1
coda_0_5704_counting_n1,0,counting,D0_3b,1
coda_0_5707_nearest_class_n1,0,nearest-class,D0_3b,1
coda_0_571_nearest_dist_n1,0,nearest-distance,D0_3b,1
coda_0_5710_direction_n1,0,direction,D0_3b,1
coda_0_5712_counting_n1,0,counting,D0_3b,1
coda_0_572_nearest_class_n1,0,nearest-class,D0_3b,1
coda_0_5752_nearest_class_n1,0,nearest-class,D0_3b,1
coda_0_5753_nearest_dist_n1,0,nearest-distance,D0_3b,1
coda_0_5754_direction_n1,0,direction,D0_3b,1
coda_0_5787_path_object_n1,0,path-object,D0_3b,1
coda_0_5788_counting_n1,0,counting,D0_3b,0
coda_0_583_nearest_class_n1,0,nearest-class,D0_3b,1
coda_0_621_direction_n1,0,direction,D0_3b,1
coda_0_634_direction_n1,0,direction,D0_3b,1
coda_10_11540_path_object_n1,10,path-object,D0_3b,1
coda_10_11542_counting_n1,10,counting,D0_3b,1
coda_10_11546_nearest_class_n1,10,nearest-class,D0_3b,0
coda_10_11584_nearest_dist_n1,10,nearest-distance,D0_3b,1
coda_10_2039_direction_n1,10,direction,D0_3b,1
coda_10_2043_counting_n1,10,counting,D0_3b,1
coda_10_2044_counting_n1,10,counting,D0_3b,1
coda_10_2051_nearest_class_n1,10,nearest-class,D0_3b,1
coda_10_2114_nearest_dist_n1,10,nearest-distance,D0_3b,1
coda_10_2123_direction_n1,10,direction,D0_3b,1
coda_10_2124_counting_n1,10,counting,D0_3b,0
coda_10_2129_counting_n1,10,counting,D0_3b,0
coda_10_2131_nearest_class_n1,10,nearest-class,D0_3b,1
coda_10_2132_nearest_dist_n1,10,nearest-distance,D0_3b,0
coda_10_2133_direction_n1,10,direction,D0_3b,0
coda_10_2137_counting_n1,10,counting,D0_3b,0
coda_10_2144_counting_n1,10,counting,D0_3b,1
coda_10_5816_nearest_dist_n1,10,nearest-distance,D0_3b,0
coda_10_5819_nearest_dist_n1,10,nearest-distance,D0_3b,0
coda_10_5862_direction_n1,10,direction,D0_3b,0
coda_10_5863_counting_n1,10,counting,D0_3b,1
coda_10_5865_counting_n1,10,counting,D0_3b,1
coda_10_5866_nearest_dist_n1,10,nearest-distance,D0_3b,0
coda_10_5872_nearest_dist_n1,10,nearest-distance,D0_3b,0
coda_10_6000_direction_n1,10,direction,D0_3b,1
coda_10_6001_counting_n1,10,counting,D0_3b,0
coda_10_6004_counting_n1,10,counting,D0_3b,0
coda_10_8369_nearest_class_n1,10,nearest-class,D0_3b,0
coda_10_8372_path_object_n1,10,path-object,D0_3b,0
coda_10_8378_direction_n1,10,direction,D0_3b,1
coda_10_8424_path_object_n1,10,path-object,D0_3b,1
coda_10_8429_counting_n1,10,counting,D0_3b,0
coda_10_8430_nearest_class_n1,10,nearest-class,D0_3b,1
coda_10_8431_nearest_dist_n1,10,nearest-distance,D0_3b,0
coda_10_8433_direction_n1,10,direction,D0_3b,1
coda_10_9306_path_object_n1,10,path-object,D0_3b,1
coda_10_9309_counting_n1,10,counting,D0_3b,1
coda_10_9347_nearest_class_n1,10,nearest-class,D0_3b,1
coda_10_9350_nearest_dist_n1,10,nearest-distance,D0_3b,1
coda_10_9356_direction_n1,10,direction,D0_3b,0
coda_10_9392_path_object_n1,10,path-object,D0_3b,1
coda_10_9395_counting_n1,10,counting,D0_3b,0
coda_10_9396_nearest_class_n1,10,nearest-class,D0_3b,1
coda_11_1747_nearest_dist_n1,11,nearest-distance,D0_3b,1
coda_11_1749_counting_n1,11,counting,D0_3b,1
coda_11_1756_counting_n1,11,counting,D0_3b,1
coda_11_1760_counting_n1,11,counting,D0_3b,0
coda_11_1768_nearest_class_n1,11,nearest-class,D0_3b,1
coda_11_1777_nearest_dist_n1,11,nearest-distance,D0_3b,1
coda_11_1783_counting_n1,11,counting,D0_3b,0
coda_11_1787_counting_n1,11,counting,D0_3b,1
coda_11_1790_counting_n1,11,counting,D0_3b,1
coda_11_1792_nearest_class_n1,11,nearest-class,D0_3b,1
coda_11_1793_nearest_dist_n1,11,nearest-distance,D0_3b,1
coda_11_1794_counting_n1,11,counting,D0_3b,1
coda_11_1799_counting_n1,11,counting,D0_3b,1
coda_11_1800_counting_n1,11,counting,D0_3b,0
coda_11_1906_nearest_class_n1,11,nearest-class,D0_3b,1
coda_11_1907_direction_n1,11,direction,D0_3b,0
coda_11_1914_direction_n1,11,direction,D0_3b,1
coda_11_1916_counting_n1,11,counting,D0_3b,1
coda_11_1924_counting_n1,11,counting,D0_3b,1
coda_11_1928_nearest_class_n1,11,nearest-class,D0_3b,0
coda_11_1932_nearest_dist_n1,11,nearest-distance,D0_3b,0
coda_11_1935_direction_n1,11,direction,D0_3b,1
coda_11_1939_path_object_n1,11,path-object,D0_3b,1
coda_11_1942_counting_n1,11,counting,D0_3b,1
coda_11_2057_nearest_class_n1,11,nearest-class,D0_3b,1
coda_11_2064_direction_n1,11,direction,D0_3b,1
coda_11_2073_direction_n1,11,direction,D0_3b,1
coda_11_2081_path_object_n1,11,path-object,D0_3b,0
coda_11_2082_counting_n1,11,counting,D0_3b,1
coda_11_2084_nearest_class_n1,11,nearest-class,D0_3b,0
coda_11_2085_nearest_dist_n1,11,nearest-distance,D0_3b,0
coda_11_5174_path_object_n1,11,path-object,D0_3b,1
coda_11_5176_path_object_n1,11,path-object,D0_3b,1
coda_11_5179_counting_n1,11,counting,D0_3b,0
coda_11_5184_nearest_class_n1,11,nearest-class,D0_3b,1
coda_11_5185_direction_n1,11,direction,D0_3b,1
coda_11_5186_direction_n1,11,direction,D0_3b,1
coda_11_5188_path_object_n1,11,path-object,D0_3b,1
coda_11_5190_counting_n1,11,counting,D0_3b,0
coda_11_5194_nearest_class_n1,11,nearest-class,D0_3b,1
coda_11_5197_path_object_n1,11,path-object,D0_3b,1
coda_11_5205_path_object_n1,11,path-object,D0_3b,1
coda_11_5207_path_object_n1,11,path-object,D0_3b,1
coda_11_5627_counting_n1,11,counting,D0_3b,1
coda_11_5660_nearest_dist_n1,11,nearest-distance,D0_3b,1
coda_11_5661_nearest_dist_n1,11,nearest-distance,D0_3b,1
coda_11_5667_direction_n1,11,direction,D0_3b,0
coda_11_5668_counting_n1,11,counting,D0_3b,0
coda_11_5671_counting_n1,11,counting,D0_3b,1
coda_11_5674_nearest_dist_n1,11,nearest-distance,D0_3b,1
coda_11_5769_nearest_dist_n1,11,nearest-distance,D0_3b,1
coda_11_5776_direction_n1,11,direction,D0_3b,1
coda_11_5785_counting_n1,11,counting,D0_3b,0
coda_12_10418_counting_n1,12,counting,D0_3b,1
coda_12_10422_nearest_class_n1,12,nearest-class,D0_3b,1
coda_12_10423_nearest_dist_n1,12,nearest-distance,D0_3b,0
coda_12_10428_direction_n1,12,direction,D0_3b,1
coda_12_10438_counting_n1,12,counting,D0_3b,0
coda_12_10442_counting_n1,12,counting,D0_3b,1
coda_12_10445_nearest_class_n1,12,nearest-class,D0_3b,0
coda_12_10446_nearest_dist_n1,12,nearest-distance,D0_3b,0
coda_12_10537_path_object_n1,12,path-object,D0_3b,1
coda_12_10550_path_object_n1,12,path-object,D0_3b,1
coda_12_11507_counting_n1,12,counting,D0_3b,0
coda_12_11508_nearest_class_n1,12,nearest-class,D0_3b,1
coda_12_11526_nearest_dist_n1,12,nearest-distance,D0_3b,1
coda_12_11529_direction_n1,12,direction,D0_3b,1
coda_12_11592_path_object_n1,12,path-object,D0_3b,1
coda_12_11594_counting_n1,12,counting,D0_3b,0
coda_12_11599_nearest_class_n1,12,nearest-class,D0_3b,1
coda_12_11600_nearest_dist_n1,12,nearest-distance,D0_3b,1
coda_12_11605_direction_n1,12,direction,D0_3b,1
coda_12_11618_path_object_n1,12,path-object,D0_3b,1
coda_12_2675_counting_n1,12,counting,D0_3b,1
coda_12_2676_direction_n1,12,direction,D0_3b,1
coda_12_2681_direction_n1,12,direction,D0_3b,1
coda_12_2687_direction_n1,12,direction,D0_3b,1
coda_12_2697_path_object_n1,12,path-object,D0_3b,1
coda_12_2700_counting_n1,12,counting,D0_3b,1
coda_12_2863_nearest_class_n1,12,nearest-class,D0_3b,1
coda_12_2864_nearest_dist_n1,12,nearest-distance,D0_3b,0
coda_12_2867_path_object_n1,12,path-object,D0_3b,1
coda_12_2871_path_object_n1,12,path-object,D0_3b,1
coda_12_2877_counting_n1,12,counting,D0_3b,1
coda_12_2883_nearest_class_n1,12,nearest-class,D0_3b,0
coda_12_2887_path_object_n1,12,path-object,D0_3b,1
coda_12_2890_path_object_n1,12,path-object,D0_3b,0
coda_12_2892_counting_n1,12,counting,D0_3b,1
coda_12_2893_counting_n1,12,counting,D0_3b,0
coda_12_2896_direction_n1,12,direction,D0_3b,1
coda_12_2903_nearest_dist_n1,12,nearest-distance,D0_3b,1
coda_12_2905_direction_n1,12,direction,D0_3b,1
coda_13_10067_path_object_n1,13,path-object,D0_3b,1
coda_13_10070_nearest_class_n1,13,nearest-class,D0_3b,1
coda_13_10072_nearest_class_n1,13,nearest-class,D0_3b,1
coda_13_10081_nearest_dist_n1,13,nearest-distance,D0_3b,1
coda_13_10414_path_object_n1,13,path-object,D0_3b,1
coda_13_10415_path_object_n1,13,path-object,D0_3b,1
coda_13_10426_nearest_class_n1,13,nearest-class,D0_3b,1
coda_13_10431_nearest_class_n1,13,nearest-class,D0_3b,1
coda_13_10441_nearest_dist_n1,13,nearest-distance,D0_3b,1
coda_13_10449_path_object_n1,13,path-object,D0_3b,1
coda_13_10457_path_object_n1,13,path-object,D0_3b,1
coda_13_10458_counting_n1,13,counting,D0_3b,1
coda_13_10462_nearest_class_n1,13,nearest-class,D0_3b,1
coda_13_10470_nearest_dist_n1,13,nearest-distance,D0_3b,1
coda_13_10472_direction_n1,13,direction,D0_3b,1
coda_13_10477_path_object_n1,13,path-object,D0_3b,1
coda_13_10478_counting_n1,13,counting,D0_3b,1
coda_13_10479_nearest_class_n1,13,nearest-class,D0_3b,1
coda_13_10487_nearest_dist_n1,13,nearest-distance,D0_3b,0
coda_13_10489_direction_n1,13,direction,D0_3b,1
coda_13_10490_path_object_n1,13,path-object,D0_3b,1
coda_13_10494_counting_n1,13,counting,D0_3b,0
coda_13_1050_nearest_class_n1,13,nearest-class,D0_3b,1
coda_13_10500_nearest_dist_n1,13,nearest-distance,D0_3b,0
coda_13_10518_direction_n1,13,direction,D0_3b,1
coda_13_10522_path_object_n1,13,path-object,D0_3b,1
coda_13_10526_counting_n1,13,counting,D0_3b,1
coda_13_10576_nearest_class_n1,13,nearest-class,D0_3b,1
coda_13_10578_direction_n1,13,direction,D0_3b,1
coda_13_10612_direction_n1,13,direction,D0_3b,1
coda_13_10670_path_object_n1,13,path-object,D0_3b,1
coda_13_10677_counting_n1,13,counting,D0_3b,0
coda_13_10679_nearest_class_n1,13,nearest-class,D0_3b,1
coda_13_10683_nearest_dist_n1,13,nearest-distance,D0_3b,1
coda_13_10686_direction_n1,13,direction,D0_3b,0
coda_13_10694_path_object_n1,13,path-object,D0_3b,1
coda_13_10733_nearest_class_n1,13,nearest-class,D0_3b,1
coda_13_10834_nearest_class_n1,13,nearest-class,D0_3b,1
coda_13_10838_path_object_n1,13,path-object,D0_3b,1
coda_13_1092_direction_n1,13,direction,D0_3b,1
coda_13_11003_path_object_n1,13,path-object,D0_3b,1
coda_13_11005_counting_n1,13,counting,D0_3b,0
coda_13_11072_nearest_class_n1,13,nearest-class,D0_3b,1
coda_13_11077_nearest_dist_n1,13,nearest-distance,D0_3b,1
coda_13_11088_path_object_n1,13,path-object,D0_3b,1
coda_13_11093_path_object_n1,13,path-object,D0_3b,1
coda_13_11105_nearest_class_n1,13,nearest-class,D0_3b,1
coda_13_11107_nearest_class_n1,13,nearest-class,D0_3b,1
coda_13_11110_direction_n1,13,direction,D0_3b,1
coda_13_11140_direction_n1,13,direction,D0_3b,1
coda_13_11148_path_object_n1,13,path-object,D0_3b,0
coda_13_11152_nearest_class_n1,13,nearest-class,D0_3b,1
coda_13_11158_nearest_class_n1,13,nearest-class,D0_3b,1
coda_13_11163_nearest_dist_n1,13,nearest-distance,D0_3b,1
coda_13_11167_direction_n1,13,direction,D0_3b,1
coda_13_11202_path_object_n1,13,path-object,D0_3b,1
coda_13_11204_counting_n1,13,counting,D0_3b,0
coda_13_11205_nearest_class_n1,13,nearest-class,D0_3b,1
coda_13_11206_nearest_dist_n1,13,nearest-distance,D0_3b,0
coda_13_11215_direction_n1,13,direction,D0_3b,1
coda_13_11222_path_object_n1,13,path-object,D0_3b,1
coda_13_11226_counting_n1,13,counting,D0_3b,1
coda_13_11229_nearest_class_n1,13,nearest-class,D0_3b,1
coda_13_11230_nearest_dist_n1,13,nearest-distance,D0_3b,0
coda_13_1126_direction_n1,13,direction,D0_3b,1
coda_13_11266_counting_n1,13,counting,D0_3b,1
coda_13_1129_counting_n1,13,counting,D0_3b,1
coda_13_1130_nearest_class_n1,13,nearest-class,D0_3b,1
coda_13_1131_nearest_dist_n1,13,nearest-distance,D0_3b,1
coda_13_1139_direction_n1,13,direction,D0_3b,0
coda_13_1141_path_object_n1,13,path-object,D0_3b,1
coda_13_1142_counting_n1,13,counting,D0_3b,1
coda_13_1146_nearest_class_n1,13,nearest-class,D0_3b,0
coda_13_1148_nearest_dist_n1,13,nearest-distance,D0_3b,1
coda_13_1149_direction_n1,13,direction,D0_3b,1
coda_13_1181_path_object_n1,13,path-object,D0_3b,1
coda_13_11900_counting_n1,13,counting,D0_3b,0
coda_13_11909_nearest_class_n1,13,nearest-class,D0_3b,1
coda_13_1191_direction_n1,13,direction,D0_3b,1
coda_13_1198_direction_n1,13,direction,D0_3b,1
coda_13_11996_path_object_n1,13,path-object,D0_3b,1
coda_13_11998_counting_n1,13,counting,D0_3b,1
coda_13_12012_nearest_class_n1,13,nearest-class,D0_3b,1
coda_13_12015_nearest_dist_n1,13,nearest-distance,D0_3b,1
coda_13_12016_direction_n1,13,direction,D0_3b,0
coda_13_12022_path_object_n1,13,path-object,D0_3b,1
coda_13_12025_nearest_class_n1,13,nearest-class,D0_3b,1
coda_13_12026_nearest_class_n1,13,nearest-class,D0_3b,1
coda_13_12033_path_object_n1,13,path-object,D0_3b,1
coda_13_12036_direction_n1,13,direction,D0_3b,1
coda_13_12038_path_object_n1,13,path-object,D0_3b,1
coda_13_12255_counting_n1,13,counting,D0_3b,0
coda_13_12258_nearest_class_n1,13,nearest-class,D0_3b,1
coda_13_12260_direction_n1,13,direction,D0_3b,1
coda_13_12275_direction_n1,13,direction,D0_3b,1
coda_13_12281_path_object_n1,13,path-object,D0_3b,1
coda_13_12287_counting_n1,13,counting,D0_3b,1
coda_13_12288_direction_n1,13,direction,D0_3b,1
coda_13_12291_direction_n1,13,direction,D0_3b,0
coda_13_12292_direction_n1,13,direction,D0_3b,1
coda_13_12295_path_object_n1,13,path-object,D0_3b,1
coda_13_12298_nearest_dist_n1,13,nearest-distance,D0_3b,0
coda_13_12299_nearest_dist_n1,13,nearest-distance,D0_3b,1
coda_13_12354_nearest_dist_n1,13,nearest-distance,D0_3b,1
coda_13_12355_direction_n1,13,direction,D0_3b,1
coda_13_12363_path_object_n1,13,path-object,D0_3b,1
coda_13_12367_counting_n1,13,counting,D0_3b,0
coda_13_12368_nearest_class_n1,13,nearest-class,D0_3b,1
coda_13_12372_nearest_dist_n1,13,nearest-distance,D0_3b,1
coda_13_1801_direction_n1,13,direction,D0_3b,1
coda_13_1803_counting_n1,13,counting,D0_3b,1
coda_13_1808_counting_n1,13,counting,D0_3b,1
coda_13_1812_nearest_dist_n1,13,nearest-distance,D0_3b,1
coda_13_1814_nearest_dist_n1,13,nearest-distance,D0_3b,1
coda_13_1844_direction_n1,13,direction,D0_3b,1
coda_13_1875_path_object_n1,13,path-object,D0_3b,0
coda_13_1878_counting_n1,13,counting,D0_3b,1
coda_13_1882_nearest_dist_n1,13,nearest-distance,D0_3b,1
coda_13_1944_direction_n1,13,direction,D0_3b,1
coda_13_2034_direction_n1,13,direction,D0_3b,1
coda_13_2037_path_object_n1,13,path-object,D0_3b,0
coda_13_2041_counting_n1,13,counting,D0_3b,0
coda_13_2054_nearest_class_n1,13,nearest-class,D0_3b,0
coda_13_2085_nearest_dist_n1,13,nearest-distance,D0_3b,0
coda_13_2087_direction_n1,13,direction,D0_3b,0
coda_13_2097_path_object_n1,13,path-object,D0_3b,1
coda_13_2099_counting_n1,13,counting,D0_3b,0
coda_13_2175_nearest_dist_n1,13,nearest-distance,D0_3b,1
coda_13_2181_nearest_dist_n1,13,nearest-distance,D0_3b,1
coda_13_2188_direction_n1,13,direction,D0_3b,1
coda_13_2190_path_object_n1,13,path-object,D0_3b,1
coda_13_5550_counting_n1,13,counting,D0_3b,0
coda_13_5671_nearest_class_n1,13,nearest-class,D0_3b,1
coda_13_5674_nearest_dist_n1,13,nearest-distance,D0_3b,1
coda_13_5684_path_object_n1,13,path-object,D0_3b,1
coda_13_5722_path_object_n1,13,path-object,D0_3b,1
coda_13_5727_counting_n1,13,counting,D0_3b,0
coda_13_5729_nearest_class_n1,13,nearest-class,D0_3b,1
coda_13_5737_nearest_dist_n1,13,nearest-distance,D0_3b,1
coda_13_5820_direction_n1,13,direction,D0_3b,1
coda_13_5822_path_object_n1,13,path-object,D0_3b,1
coda_13_5826_nearest_class_n1,13,nearest-class,D0_3b,1
coda_13_5829_nearest_class_n1,13,nearest-class,D0_3b,1
coda_13_5831_nearest_dist_n1,13,nearest-distance,D0_3b,1
coda_13_5893_direction_n1,13,direction,D0_3b,1
coda_13_5896_path_object_n1,13,path-object,D0_3b,1
coda_13_5900_nearest_class_n1,13,nearest-class,D0_3b,1
coda_13_5901_nearest_class_n1,13,nearest-class,D0_3b,1
coda_13_6073_direction_n1,13,direction,D0_3b,1
coda_13_6075_direction_n1,13,direction,D0_3b,0
coda_13_6085_path_object_n1,13,path-object,D0_3b,1
coda_13_6089_counting_n1,13,counting,D0_3b,1
coda_13_6122_nearest_class_n1,13,nearest-class,D0_3b,1
coda_13_6125_nearest_dist_n1,13,nearest-distance,D0_3b,1
coda_13_6190_direction_n1,13,direction,D0_3b,0
coda_13_6193_counting_n1,13,counting,D0_3b,0
coda_13_6203_counting_n1,13,counting,D0_3b,0
coda_13_6216_nearest_dist_n1,13,nearest-distance,D0_3b,1
coda_13_6220_nearest_dist_n1,13,nearest-distance,D0_3b,1
coda_13_6293_direction_n1,13,direction,D0_3b,0
coda_13_6305_counting_n1,13,counting,D0_3b,0
coda_13_6308_counting_n1,13,counting,D0_3b,0
coda_13_6312_nearest_dist_n1,13,nearest-distance,D0_3b,0
coda_13_6314_nearest_dist_n1,13,nearest-distance,D0_3b,1
coda_13_9083_direction_n1,13,direction,D0_3b,0
coda_13_9119_path_object_n1,13,path-object,D0_3b,0
coda_13_9120_counting_n1,13,counting,D0_3b,0
coda_13_9125_nearest_class_n1,13,nearest-class,D0_3b,1
coda_13_9241_nearest_dist_n1,13,nearest-distance,D0_3b,1
coda_13_9242_direction_n1,13,direction,D0_3b,1
coda_13_9244_path_object_n1,13,path-object,D0_3b,1
coda_13_9443_nearest_class_n1,13,nearest-class,D0_3b,1
coda_13_9444_nearest_class_n1,13,nearest-class,D0_3b,1
coda_13_9451_nearest_dist_n1,13,nearest-distance,D0_3b,0
coda_13_9562_direction_n1,13,direction,D0_3b,1
coda_13_9662_path_object_n1,13,path-object,D0_3b,1
coda_13_9668_counting_n1,13,counting,D0_3b,0
coda_13_9800_nearest_class_n1,13,nearest-class,D0_3b,1
coda_13_9801_nearest_dist_n1,13,nearest-distance,D0_3b,1
coda_13_9802_path_object_n1,13,path-object,D0_3b,1
coda_13_9803_path_object_n1,13,path-object,D0_3b,1
coda_13_9863_counting_n1,13,counting,D0_3b,1
coda_13_9880_nearest_class_n1,13,nearest-class,D0_3b,1
coda_13_9888_nearest_dist_n1,13,nearest-distance,D0_3b,1
coda_13_9894_direction_n1,13,direction,D0_3b,0
coda_13_9900_path_object_n1,13,path-object,D0_3b,1
coda_13_9977_nearest_class_n1,13,nearest-class,D0_3b,1
coda_13_9979_nearest_class_n1,13,nearest-class,D0_3b,1
coda_14_3847_nearest_dist_n1,14,nearest-distance,D0_3b,0
coda_14_3851_direction_n1,14,direction,D0_3b,0
coda_14_3852_path_object_n1,14,path-object,D0_3b,0
coda_14_3855_counting_n1,14,counting,D0_3b,1
coda_14_3857_nearest_class_n1,14,nearest-class,D0_3b,0
coda_14_3867_nearest_dist_n1,14,nearest-distance,D0_3b,0
coda_14_3868_direction_n1,14,direction,D0_3b,1
coda_14_3869_path_object_n1,14,path-object,D0_3b,1
coda_14_3870_counting_n1,14,counting,D0_3b,0
coda_14_3878_nearest_dist_n1,14,nearest-distance,D0_3b,1
coda_14_3889_nearest_dist_n1,14,nearest-distance,D0_3b,0
coda_14_3891_direction_n1,14,direction,D0_3b,1
coda_14_3894_path_object_n1,14,path-object,D0_3b,0
coda_15_145_counting_n1,15,counting,D0_3b,1
coda_15_147_nearest_class_n1,15,nearest-class,D0_3b,1
coda_15_187_nearest_dist_n1,15,nearest-distance,D0_3b,0
coda_15_191_direction_n1,15,direction,D0_3b,1
coda_15_195_counting_n1,15,counting,D0_3b,0
coda_15_202_counting_n1,15,counting,D0_3b,1
coda_15_205_nearest_dist_n1,15,nearest-distance,D0_3b,1
coda_15_209_nearest_dist_n1,15,nearest-distance,D0_3b,1
coda_15_210_direction_n1,15,direction,D0_3b,0
coda_15_212_counting_n1,15,counting,D0_3b,1
coda_15_238_counting_n1,15,counting,D0_3b,1
coda_15_240_nearest_dist_n1,15,nearest-distance,D0_3b,1
coda_15_241_nearest_dist_n1,15,nearest-distance,D0_3b,1
coda_15_242_direction_n1,15,direction,D0_3b,1
coda_15_243_counting_n1,15,counting,D0_3b,1
coda_15_296_counting_n1,15,counting,D0_3b,1
coda_15_297_nearest_class_n1,15,nearest-class,D0_3b,1
coda_16_10663_nearest_dist_n1,16,nearest-distance,D0_3b,1
coda_16_10665_direction_n1,16,direction,D0_3b,1
coda_16_10670_path_object_n1,16,path-object,D0_3b,1
coda_16_10673_counting_n1,16,counting,D0_3b,1
coda_16_10674_nearest_dist_n1,16,nearest-distance,D0_3b,1
coda_16_10679_nearest_dist_n1,16,nearest-distance,D0_3b,1
coda_16_10685_direction_n1,16,direction,D0_3b,1
coda_16_10692_path_object_n1,16,path-object,D0_3b,1
coda_16_10701_counting_n1,16,counting,D0_3b,1
coda_16_10704_nearest_class_n1,16,nearest-class,D0_3b,1
coda_16_10706_nearest_dist_n1,16,nearest-distance,D0_3b,1
coda_16_10820_direction_n1,16,direction,D0_3b,0
coda_16_10932_path_object_n1,16,path-object,D0_3b,0
coda_16_10934_counting_n1,16,counting,D0_3b,0
coda_16_10935_nearest_class_n1,16,nearest-class,D0_3b,1
coda_16_10937_nearest_dist_n1,16,nearest-distance,D0_3b,1
coda_16_10939_path_object_n1,16,path-object,D0_3b,1
coda_16_10946_path_object_n1,16,path-object,D0_3b,1
coda_16_10950_counting_n1,16,counting,D0_3b,0
coda_16_10958_nearest_class_n1,16,nearest-class,D0_3b,1
coda_16_10959_path_object_n1,16,path-object,D0_3b,1
coda_16_10961_path_object_n1,16,path-object,D0_3b,1
coda_16_11014_path_object_n1,16,path-object,D0_3b,1
coda_16_11016_counting_n1,16,counting,D0_3b,0
coda_16_11024_nearest_class_n1,16,nearest-class,D0_3b,1
coda_16_11030_nearest_dist_n1,16,nearest-distance,D0_3b,1
coda_16_11031_direction_n1,16,direction,D0_3b,1
coda_16_11063_path_object_n1,16,path-object,D0_3b,1
coda_16_11065_counting_n1,16,counting,D0_3b,0
coda_16_11066_nearest_dist_n1,16,nearest-distance,D0_3b,1
coda_16_11067_nearest_dist_n1,16,nearest-distance,D0_3b,1
coda_16_11070_direction_n1,16,direction,D0_3b,0
coda_16_11071_path_object_n1,16,path-object,D0_3b,1
coda_16_11076_counting_n1,16,counting,D0_3b,0
coda_16_11077_nearest_class_n1,16,nearest-class,D0_3b,1
coda_16_11080_nearest_dist_n1,16,nearest-distance,D0_3b,1
coda_16_11082_direction_n1,16,direction,D0_3b,1
coda_16_11083_path_object_n1,16,path-object,D0_3b,1
coda_16_11131_counting_n1,16,counting,D0_3b,1
coda_16_11133_nearest_class_n1,16,nearest-class,D0_3b,1
coda_16_11170_nearest_dist_n1,16,nearest-distance,D0_3b,0
coda_16_11171_nearest_dist_n1,16,nearest-distance,D0_3b,0
coda_16_11272_path_object_n1,16,path-object,D0_3b,1
coda_16_11275_counting_n1,16,counting,D0_3b,0
coda_16_11282_nearest_class_n1,16,nearest-class,D0_3b,1
coda_16_11307_nearest_dist_n1,16,nearest-distance,D0_3b,1
coda_16_11429_direction_n1,16,direction,D0_3b,0
coda_16_11516_counting_n1,16,counting,D0_3b,1
coda_16_11517_counting_n1,16,counting,D0_3b,1
coda_16_11518_nearest_dist_n1,16,nearest-distance,D0_3b,0
coda_16_11528_nearest_dist_n1,16,nearest-distance,D0_3b,1
coda_16_11536_counting_n1,16,counting,D0_3b,0
coda_16_11540_counting_n1,16,counting,D0_3b,0
coda_16_11541_counting_n1,16,counting,D0_3b,1
coda_16_11542_nearest_dist_n1,16,nearest-distance,D0_3b,1
coda_16_14901_nearest_dist_n1,16,nearest-distance,D0_3b,1
coda_16_14908_direction_n1,16,direction,D0_3b,0
coda_16_14909_path_object_n1,16,path-object,D0_3b,1
coda_16_14910_nearest_class_n1,16,nearest-class,D0_3b,1
coda_16_14911_nearest_class_n1,16,nearest-class,D0_3b,1
coda_16_14916_nearest_dist_n1,16,nearest-distance,D0_3b,1
coda_16_14919_direction_n1,16,direction,D0_3b,1
coda_16_14920_path_object_n1,16,path-object,D0_3b,1
coda_16_14921_counting_n1,16,counting,D0_3b,1
coda_16_14927_nearest_class_n1,16,nearest-class,D0_3b,1
coda_16_14931_nearest_dist_n1,16,nearest-distance,D0_3b,1
coda_16_15019_direction_n1,16,direction,D0_3b,1
coda_16_15027_path_object_n1,16,path-object,D0_3b,1
coda_16_15100_counting_n1,16,counting,D0_3b,1
coda_16_15137_nearest_class_n1,16,nearest-class,D0_3b,0
coda_16_15138_nearest_dist_n1,16,nearest-distance,D0_3b,0
coda_16_15217_direction_n1,16,direction,D0_3b,0
coda_16_15218_path_object_n1,16,path-object,D0_3b,1
coda_16_15750_counting_n1,16,counting,D0_3b,0
coda_16_3206_nearest_dist_n1,16,nearest-distance,D0_3b,1
coda_16_3269_direction_n1,16,direction,D0_3b,0
coda_16_3299_direction_n1,16,direction,D0_3b,0
coda_16_3301_path_object_n1,16,path-object,D0_3b,1
coda_16_3352_counting_n1,16,counting,D0_3b,1
coda_16_3355_nearest_class_n1,16,nearest-class,D0_3b,0
coda_16_3362_nearest_dist_n1,16,nearest-distance,D0_3b,1
coda_16_3367_direction_n1,16,direction,D0_3b,1
coda_16_3368_counting_n1,16,counting,D0_3b,0
coda_16_3464_counting_n1,16,counting,D0_3b,0
coda_16_3466_nearest_class_n1,16,nearest-class,D0_3b,1
coda_16_3658_direction_n1,16,direction,D0_3b,1
coda_16_3743_direction_n1,16,direction,D0_3b,1
coda_16_4069_path_object_n1,16,path-object,D0_3b,1
coda_16_4075_counting_n1,16,counting,D0_3b,0
coda_16_4256_nearest_class_n1,16,nearest-class,D0_3b,1
coda_16_4259_nearest_dist_n1,16,nearest-distance,D0_3b,1
coda_16_4263_direction_n1,16,direction,D0_3b,1
coda_16_4264_path_object_n1,16,path-object,D0_3b,1
coda_16_4267_counting_n1,16,counting,D0_3b,0
coda_16_4268_nearest_class_n1,16,nearest-class,D0_3b,1
coda_16_4271_nearest_dist_n1,16,nearest-distance,D0_3b,0
coda_16_5839_direction_n1,16,direction,D0_3b,1
coda_16_5849_path_object_n1,16,path-object,D0_3b,1
coda_16_6029_counting_n1,16,counting,D0_3b,1
coda_16_6030_nearest_class_n1,16,nearest-class,D0_3b,1
coda_16_6033_nearest_dist_n1,16,nearest-distance,D0_3b,1
coda_16_6035_direction_n1,16,direction,D0_3b,1
coda_16_6039_path_object_n1,16,path-object,D0_3b,1
coda_16_6085_counting_n1,16,counting,D0_3b,0
coda_16_6087_nearest_class_n1,16,nearest-class,D0_3b,1
coda_16_7061_direction_n1,16,direction,D0_3b,0
coda_16_7062_direction_n1,16,direction,D0_3b,0
coda_16_7070_nearest_dist_n1,16,nearest-distance,D0_3b,0
coda_16_7071_counting_n1,16,counting,D0_3b,0
coda_16_7072_nearest_dist_n1,16,nearest-distance,D0_3b,0
coda_16_7078_nearest_dist_n1,16,nearest-distance,D0_3b,0
coda_16_7146_direction_n1,16,direction,D0_3b,1
coda_16_7148_counting_n1,16,counting,D0_3b,0
coda_16_7149_counting_n1,16,counting,D0_3b,1
coda_16_7253_nearest_class_n1,16,nearest-class,D0_3b,1
coda_16_7350_nearest_dist_n1,16,nearest-distance,D0_3b,1
coda_16_7351_direction_n1,16,direction,D0_3b,1
coda_16_7355_path_object_n1,16,path-object,D0_3b,1
coda_16_7356_counting_n1,16,counting,D0_3b,1
coda_16_7358_nearest_dist_n1,16,nearest-distance,D0_3b,1
coda_16_7402_nearest_dist_n1,16,nearest-distance,D0_3b,1
coda_16_7457_direction_n1,16,direction,D0_3b,1
coda_16_7458_path_object_n1,16,path-object,D0_3b,1
coda_16_7467_counting_n1,16,counting,D0_3b,1
coda_16_7472_nearest_class_n1,16,nearest-class,D0_3b,1
coda_16_7473_nearest_dist_n1,16,nearest-distance,D0_3b,1
coda_16_7477_direction_n1,16,direction,D0_3b,1
coda_16_7481_path_object_n1,16,path-object,D0_3b,1
coda_16_7482_counting_n1,16,counting,D0_3b,1
coda_16_7492_nearest_class_n1,16,nearest-class,D0_3b,1
coda_16_7494_nearest_dist_n1,16,nearest-distance,D0_3b,0
coda_16_8699_direction_n1,16,direction,D0_3b,1
coda_16_8705_path_object_n1,16,path-object,D0_3b,1
coda_16_8708_counting_n1,16,counting,D0_3b,1
coda_16_8710_nearest_class_n1,16,nearest-class,D0_3b,1
coda_16_8766_direction_n1,16,direction,D0_3b,0
coda_16_8767_direction_n1,16,direction,D0_3b,1
coda_16_8769_path_object_n1,16,path-object,D0_3b,1
coda_16_8775_counting_n1,16,counting,D0_3b,0
coda_16_8781_nearest_class_n1,16,nearest-class,D0_3b,0
coda_16_8787_nearest_dist_n1,16,nearest-distance,D0_3b,1
coda_16_8825_direction_n1,16,direction,D0_3b,1
coda_16_8828_counting_n1,16,counting,D0_3b,1
coda_16_8955_counting_n1,16,counting,D0_3b,0
coda_16_9027_nearest_dist_n1,16,nearest-distance,D0_3b,1
coda_16_9034_nearest_dist_n1,16,nearest-distance,D0_3b,1
coda_16_9035_direction_n1,16,direction,D0_3b,1
coda_16_9038_counting_n1,16,counting,D0_3b,1
coda_16_9041_counting_n1,16,counting,D0_3b,0
coda_16_9051_counting_n1,16,counting,D0_3b,1
coda_16_9127_nearest_dist_n1,16,nearest-distance,D0_3b,0
coda_16_9130_direction_n1,16,direction,D0_3b,1
coda_16_9135_counting_n1,16,counting,D0_3b,1
coda_16_9138_counting_n1,16,counting,D0_3b,0
coda_16_9229_nearest_class_n1,16,nearest-class,D0_3b,1
coda_17_10197_nearest_dist_n1,17,nearest-distance,D0_3b,1
coda_17_10199_direction_n1,17,direction,D0_3b,1
coda_17_10201_path_object_n1,17,path-object,D0_3b,1
coda_17_10930_nearest_class_n1,17,nearest-class,D0_3b,1
coda_17_10931_nearest_class_n1,17,nearest-class,D0_3b,1
coda_17_10934_direction_n1,17,direction,D0_3b,0
coda_17_10935_direction_n1,17,direction,D0_3b,1
coda_17_10940_path_object_n1,17,path-object,D0_3b,1
coda_17_10943_nearest_class_n1,17,nearest-class,D0_3b,1
coda_17_10951_nearest_class_n1,17,nearest-class,D0_3b,1
coda_17_10955_nearest_dist_n1,17,nearest-distance,D0_3b,1
coda_17_10961_direction_n1,17,direction,D0_3b,1
coda_17_10962_path_object_n1,17,path-object,D0_3b,1
coda_17_10967_counting_n1,17,counting,D0_3b,0
coda_17_11006_nearest_class_n1,17,nearest-class,D0_3b,1
coda_17_2050_nearest_dist_n1,17,nearest-distance,D0_3b,1
coda_17_2051_direction_n1,17,direction,D0_3b,1
coda_17_2064_path_object_n1,17,path-object,D0_3b,1
coda_17_2098_counting_n1,17,counting,D0_3b,1
coda_17_2104_nearest_class_n1,17,nearest-class,D0_3b,1
coda_17_2120_path_object_n1,17,path-object,D0_3b,1
coda_17_2122_path_object_n1,17,path-object,D0_3b,1
coda_17_2173_counting_n1,17,counting,D0_3b,0
coda_17_6027_counting_n1,17,counting,D0_3b,1
coda_17_6183_nearest_class_n1,17,nearest-class,D0_3b,1
coda_17_6187_nearest_dist_n1,17,nearest-distance,D0_3b,0
coda_17_6192_path_object_n1,17,path-object,D0_3b,1
coda_17_6194_path_object_n1,17,path-object,D0_3b,1
coda_17_6197_counting_n1,17,counting,D0_3b,0
coda_17_6198_nearest_class_n1,17,nearest-class,D0_3b,1
coda_17_6201_nearest_dist_n1,17,nearest-distance,D0_3b,1
coda_17_6203_direction_n1,17,direction,D0_3b,1
coda_17_6207_path_object_n1,17,path-object,D0_3b,1
coda_17_6208_counting_n1,17,counting,D0_3b,0
coda_17_6209_nearest_class_n1,17,nearest-class,D0_3b,0
coda_17_6210_direction_n1,17,direction,D0_3b,0
coda_17_6216_direction_n1,17,direction,D0_3b,1
coda_17_6336_path_object_n1,17,path-object,D0_3b,1
coda_17_6337_counting_n1,17,counting,D0_3b,1
coda_17_6341_nearest_dist_n1,17,nearest-distance,D0_3b,1
coda_17_7781_nearest_dist_n1,17,nearest-distance,D0_3b,1
coda_17_7786_path_object_n1,17,path-object,D0_3b,1
coda_17_7793_path_object_n1,17,path-object,D0_3b,1
coda_17_7800_counting_n1,17,counting,D0_3b,1
coda_17_7807_nearest_dist_n1,17,nearest-distance,D0_3b,1
coda_17_8272_nearest_dist_n1,17,nearest-distance,D0_3b,0
coda_17_8275_direction_n1,17,direction,D0_3b,1
coda_17_8276_path_object_n1,17,path-object,D0_3b,0
coda_17_9866_counting_n1,17,counting,D0_3b,1
coda_17_9874_nearest_class_n1,17,nearest-class,D0_3b,1
coda_17_9875_nearest_dist_n1,17,nearest-distance,D0_3b,0
coda_17_9876_direction_n1,17,direction,D0_3b,0
coda_18_1654_path_object_n1,18,path-object,D0_3b,1
coda_18_1657_counting_n1,18,counting,D0_3b,0
coda_18_1660_path_object_n1,18,path-object,D0_3b,1
coda_18_1663_path_object_n1,18,path-object,D0_3b,1
coda_18_1705_direction_n1,18,direction,D0_3b,1
coda_18_1711_path_object_n1,18,path-object,D0_3b,0
coda_18_1716_counting_n1,18,counting,D0_3b,1
coda_18_1722_nearest_class_n1,18,nearest-class,D0_3b,0
coda_18_6581_nearest_dist_n1,18,nearest-distance,D0_3b,1
coda_18_6634_direction_n1,18,direction,D0_3b,0
coda_18_6648_path_object_n1,18,path-object,D0_3b,1
coda_18_6652_counting_n1,18,counting,D0_3b,0
coda_18_6653_nearest_class_n1,18,nearest-class,D0_3b,1
coda_19_2757_nearest_dist_n1,19,nearest-distance,D0_3b,1
coda_19_2759_direction_n1,19,direction,D0_3b,1
coda_19_2768_path_object_n1,19,path-object,D0_3b,1
coda_19_2770_counting_n1,19,counting,D0_3b,0
coda_19_2775_nearest_class_n1,19,nearest-class,D0_3b,1
coda_19_2786_nearest_dist_n1,19,nearest-distance,D0_3b,1
coda_19_2795_direction_n1,19,direction,D0_3b,0
coda_19_2799_path_object_n1,19,path-object,D0_3b,1
coda_19_2800_counting_n1,19,counting,D0_3b,1
coda_19_2801_nearest_class_n1,19,nearest-class,D0_3b,0
coda_19_2806_nearest_dist_n1,19,nearest-distance,D0_3b,0
coda_19_2814_direction_n1,19,direction,D0_3b,1
coda_19_2816_path_object_n1,19,path-object,D0_3b,1
coda_19_2820_counting_n1,19,counting,D0_3b,1
coda_19_2824_direction_n1,19,direction,D0_3b,1
coda_19_2892_direction_n1,19,direction,D0_3b,1
coda_1_1851_path_object_n1,1,path-object,D0_3b,1
coda_1_1852_path_object_n1,1,path-object,D0_3b,1
coda_1_1857_counting_n1,1,counting,D0_3b,0
coda_1_1858_nearest_class_n1,1,nearest-class,D0_3b,1
coda_1_1864_nearest_dist_n1,1,nearest-distance,D0_3b,1
coda_1_1908_direction_n1,1,direction,D0_3b,1
coda_1_1915_path_object_n1,1,path-object,D0_3b,1
coda_1_2006_counting_n1,1,counting,D0_3b,0
coda_1_2045_nearest_class_n1,1,nearest-class,D0_3b,1
coda_1_2078_nearest_dist_n1,1,nearest-distance,D0_3b,1
coda_1_2081_path_object_n1,1,path-object,D0_3b,1
coda_1_2083_path_object_n1,1,path-object,D0_3b,1
coda_1_2085_counting_n1,1,counting,D0_3b,0
coda_1_2088_nearest_class_n1,1,nearest-class,D0_3b,1
coda_1_2092_path_object_n1,1,path-object,D0_3b,1
coda_1_2093_direction_n1,1,direction,D0_3b,1
coda_1_2099_path_object_n1,1,path-object,D0_3b,1
coda_1_2105_counting_n1,1,counting,D0_3b,0
coda_1_2106_nearest_class_n1,1,nearest-class,D0_3b,1
coda_1_2109_nearest_dist_n1,1,nearest-distance,D0_3b,1
coda_1_2111_direction_n1,1,direction,D0_3b,1
coda_1_2157_path_object_n1,1,path-object,D0_3b,1
coda_1_2161_counting_n1,1,counting,D0_3b,0
coda_1_2166_nearest_class_n1,1,nearest-class,D0_3b,1
coda_1_2232_nearest_dist_n1,1,nearest-distance,D0_3b,1
coda_1_2234_direction_n1,1,direction,D0_3b,0
coda_1_2236_counting_n1,1,counting,D0_3b,1
coda_1_2237_counting_n1,1,counting,D0_3b,0
coda_1_2238_nearest_class_n1,1,nearest-class,D0_3b,0
coda_1_2244_nearest_dist_n1,1,nearest-distance,D0_3b,1
coda_1_2245_direction_n1,1,direction,D0_3b,0
coda_1_2937_path_object_n1,1,path-object,D0_3b,1
coda_1_2939_nearest_class_n1,1,nearest-class,D0_3b,1
coda_1_2952_nearest_class_n1,1,nearest-class,D0_3b,1
coda_1_2955_nearest_dist_n1,1,nearest-distance,D0_3b,1
coda_1_2968_direction_n1,1,direction,D0_3b,1
coda_1_2983_path_object_n1,1,path-object,D0_3b,0
coda_1_2984_counting_n1,1,counting,D0_3b,0
coda_1_3371_nearest_dist_n1,1,nearest-distance,D0_3b,1
coda_20_10010_direction_n1,20,direction,D0_3b,1
coda_20_10011_direction_n1,20,direction,D0_3b,1
coda_20_10012_path_object_n1,20,path-object,D0_3b,1
coda_20_10026_nearest_class_n1,20,nearest-class,D0_3b,1
coda_20_10032_nearest_class_n1,20,nearest-class,D0_3b,1
coda_20_10033_nearest_dist_n1,20,nearest-distance,D0_3b,1
coda_20_10034_path_object_n1,20,path-object,D0_3b,1
coda_20_10117_counting_n1,20,counting,D0_3b,1
coda_20_10118_counting_n1,20,counting,D0_3b,0
coda_20_10193_nearest_class_n1,20,nearest-class,D0_3b,1
coda_20_10203_nearest_dist_n1,20,nearest-distance,D0_3b,1
coda_20_10212_direction_n1,20,direction,D0_3b,1
coda_20_10325_path_object_n1,20,path-object,D0_3b,1
coda_20_10328_nearest_class_n1,20,nearest-class,D0_3b,1
coda_20_10333_nearest_class_n1,20,nearest-class,D0_3b,1
coda_20_10334_nearest_dist_n1,20,nearest-distance,D0_3b,0
coda_20_10335_direction_n1,20,direction,D0_3b,1
coda_20_10340_path_object_n1,20,path-object,D0_3b,1
coda_20_10378_counting_n1,20,counting,D0_3b,1
coda_20_10380_direction_n1,20,direction,D0_3b,1
coda_20_10386_direction_n1,20,direction,D0_3b,1
coda_20_10387_direction_n1,20,direction,D0_3b,1
coda_20_10388_nearest_dist_n1,20,nearest-distance,D0_3b,1
coda_20_10393_nearest_class_n1,20,nearest-class,D0_3b,1
coda_20_10394_nearest_class_n1,20,nearest-class,D0_3b,1
coda_20_10396_nearest_dist_n1,20,nearest-distance,D0_3b,1
coda_20_10397_direction_n1,20,direction,D0_3b,0
coda_20_10399_path_object_n1,20,path-object,D0_3b,1
coda_20_10409_counting_n1,20,counting,D0_3b,1
coda_20_10414_nearest_dist_n1,20,nearest-distance,D0_3b,1
coda_20_10415_nearest_dist_n1,20,nearest-distance,D0_3b,1
coda_20_10425_direction_n1,20,direction,D0_3b,0
coda_20_10426_path_object_n1,20,path-object,D0_3b,1
coda_20_10427_nearest_class_n1,20,nearest-class,D0_3b,1
coda_20_10428_nearest_class_n1,20,nearest-class,D0_3b,1
coda_20_1076_nearest_dist_n1,20,nearest-distance,D0_3b,1
coda_20_1077_direction_n1,20,direction,D0_3b,0
coda_20_1078_path_object_n1,20,path-object,D0_3b,1
coda_20_1137_counting_n1,20,counting,D0_3b,1
coda_20_1140_nearest_class_n1,20,nearest-class,D0_3b,1
coda_20_1144_direction_n1,20,direction,D0_3b,1
coda_20_11920_path_object_n1,20,path-object,D0_3b,1
coda_20_12092_counting_n1,20,counting,D0_3b,1
coda_20_12095_counting_n1,20,counting,D0_3b,0
coda_20_12099_nearest_class_n1,20,nearest-class,D0_3b,1
coda_20_12100_direction_n1,20,direction,D0_3b,1
coda_20_12104_direction_n1,20,direction,D0_3b,1
coda_20_12106_path_object_n1,20,path-object,D0_3b,1
coda_20_12108_counting_n1,20,counting,D0_3b,1
coda_20_1219_nearest_class_n1,20,nearest-class,D0_3b,1
coda_20_1222_direction_n1,20,direction,D0_3b,1
coda_20_12638_direction_n1,20,direction,D0_3b,0
coda_20_12643_path_object_n1,20,path-object,D0_3b,1
coda_20_12771_direction_n1,20,direction,D0_3b,1
coda_20_12810_nearest_dist_n1,20,nearest-distance,D0_3b,1
coda_20_12868_direction_n1,20,direction,D0_3b,1
coda_20_12869_direction_n1,20,direction,D0_3b,1
coda_20_12872_path_object_n1,20,path-object,D0_3b,1
coda_20_12874_counting_n1,20,counting,D0_3b,0
coda_20_12883_nearest_class_n1,20,nearest-class,D0_3b,1
coda_20_12892_nearest_dist_n1,20,nearest-distance,D0_3b,1
coda_20_12895_direction_n1,20,direction,D0_3b,1
coda_20_12897_counting_n1,20,counting,D0_3b,0
coda_20_12900_counting_n1,20,counting,D0_3b,1
coda_20_12901_nearest_class_n1,20,nearest-class,D0_3b,1
coda_20_12982_nearest_dist_n1,20,nearest-distance,D0_3b,1
coda_20_12984_direction_n1,20,direction,D0_3b,1
coda_20_12986_path_object_n1,20,path-object,D0_3b,0
coda_20_12987_counting_n1,20,counting,D0_3b,0
coda_20_12988_nearest_class_n1,20,nearest-class,D0_3b,1
coda_20_12996_nearest_dist_n1,20,nearest-distance,D0_3b,1
coda_20_13003_direction_n1,20,direction,D0_3b,1
coda_20_13013_path_object_n1,20,path-object,D0_3b,1
coda_20_13016_counting_n1,20,counting,D0_3b,1
coda_20_13019_nearest_class_n1,20,nearest-class,D0_3b,1
coda_20_13025_nearest_dist_n1,20,nearest-distance,D0_3b,1
coda_20_13029_direction_n1,20,direction,D0_3b,0
coda_20_13038_path_object_n1,20,path-object,D0_3b,1
coda_20_13039_counting_n1,20,counting,D0_3b,0
coda_20_13048_nearest_dist_n1,20,nearest-distance,D0_3b,1
coda_20_13054_nearest_dist_n1,20,nearest-distance,D0_3b,1
coda_20_13060_direction_n1,20,direction,D0_3b,0
coda_20_13064_path_object_n1,20,path-object,D0_3b,1
coda_20_13071_nearest_class_n1,20,nearest-class,D0_3b,1
coda_20_13079_nearest_dist_n1,20,nearest-distance,D0_3b,1
coda_20_13081_nearest_dist_n1,20,nearest-distance,D0_3b,1
coda_20_13143_direction_n1,20,direction,D0_3b,0
coda_20_13146_path_object_n1,20,path-object,D0_3b,1
coda_20_13210_counting_n1,20,counting,D0_3b,1
coda_20_13211_nearest_class_n1,20,nearest-class,D0_3b,1
coda_20_13212_direction_n1,20,direction,D0_3b,1
coda_20_13214_direction_n1,20,direction,D0_3b,1
coda_20_13215_path_object_n1,20,path-object,D0_3b,1
coda_20_13251_counting_n1,20,counting,D0_3b,0
coda_20_13261_nearest_class_n1,20,nearest-class,D0_3b,1
coda_20_13262_nearest_dist_n1,20,nearest-distance,D0_3b,1
coda_20_13263_direction_n1,20,direction,D0_3b,1
coda_20_13269_path_object_n1,20,path-object,D0_3b,1
coda_20_13270_counting_n1,20,counting,D0_3b,0
coda_20_13271_nearest_class_n1,20,nearest-class,D0_3b,1
coda_20_3056_direction_n1,20,direction,D0_3b,1
coda_20_3066_direction_n1,20,direction,D0_3b,0
coda_20_3067_path_object_n1,20,path-object,D0_3b,1
coda_20_3174_nearest_class_n1,20,nearest-class,D0_3b,1
coda_20_3292_nearest_class_n1,20,nearest-class,D0_3b,1
coda_20_3293_direction_n1,20,direction,D0_3b,1
coda_20_3305_direction_n1,20,direction,D0_3b,1
coda_20_3311_path_object_n1,20,path-object,D0_3b,1
coda_20_3387_nearest_class_n1,20,nearest-class,D0_3b,1
coda_20_3453_nearest_class_n1,20,nearest-class,D0_3b,1
coda_20_3486_direction_n1,20,direction,D0_3b,1
coda_20_3489_direction_n1,20,direction,D0_3b,1
coda_20_3494_path_object_n1,20,path-object,D0_3b,1
coda_20_3497_counting_n1,20,counting,D0_3b,1
coda_20_4243_nearest_class_n1,20,nearest-class,D0_3b,1
coda_20_4250_nearest_dist_n1,20,nearest-distance,D0_3b,1
coda_20_4256_direction_n1,20,direction,D0_3b,0
coda_20_4260_path_object_n1,20,path-object,D0_3b,1
coda_20_4261_counting_n1,20,counting,D0_3b,1
coda_20_4262_nearest_class_n1,20,nearest-class,D0_3b,1
coda_20_4267_direction_n1,20,direction,D0_3b,1
coda_20_4300_direction_n1,20,direction,D0_3b,0
coda_20_4303_path_object_n1,20,path-object,D0_3b,1
coda_20_4356_counting_n1,20,counting,D0_3b,1
coda_20_4357_nearest_dist_n1,20,nearest-distance,D0_3b,1
coda_20_4554_nearest_dist_n1,20,nearest-distance,D0_3b,1
coda_20_4566_direction_n1,20,direction,D0_3b,1
coda_20_4567_path_object_n1,20,path-object,D0_3b,1
coda_20_4573_counting_n1,20,counting,D0_3b,1
coda_20_4630_nearest_class_n1,20,nearest-class,D0_3b,1
coda_20_4876_nearest_dist_n1,20,nearest-distance,D0_3b,1
coda_20_4877_direction_n1,20,direction,D0_3b,1
coda_20_4883_path_object_n1,20,path-object,D0_3b,1
coda_20_4885_counting_n1,20,counting,D0_3b,0
coda_20_4890_nearest_class_n1,20,nearest-class,D0_3b,1
coda_20_4894_direction_n1,20,direction,D0_3b,0
coda_20_4926_path_object_n1,20,path-object,D0_3b,1
coda_20_4928_path_object_n1,20,path-object,D0_3b,1
coda_20_4932_nearest_class_n1,20,nearest-class,D0_3b,1
coda_20_4934_nearest_class_n1,20,nearest-class,D0_3b,1
coda_20_4938_nearest_dist_n1,20,nearest-distance,D0_3b,1
coda_20_4939_direction_n1,20,direction,D0_3b,1
coda_20_4943_path_object_n1,20,path-object,D0_3b,1
coda_20_4944_counting_n1,20,counting,D0_3b,1
coda_20_4948_nearest_dist_n1,20,nearest-distance,D0_3b,1
coda_20_4952_nearest_dist_n1,20,nearest-distance,D0_3b,1
coda_20_4953_direction_n1,20,direction,D0_3b,1
coda_20_5288_path_object_n1,20,path-object,D0_3b,1
coda_20_5293_nearest_class_n1,20,nearest-class,D0_3b,1
coda_20_5300_nearest_class_n1,20,nearest-class,D0_3b,1
coda_20_5354_nearest_dist_n1,20,nearest-distance,D0_3b,1
coda_20_5357_direction_n1,20,direction,D0_3b,1
coda_20_5359_path_object_n1,20,path-object,D0_3b,1
coda_20_5361_counting_n1,20,counting,D0_3b,1
coda_20_5476_nearest_class_n1,20,nearest-class,D0_3b,1
coda_20_5477_nearest_dist_n1,20,nearest-distance,D0_3b,1
coda_20_5489_direction_n1,20,direction,D0_3b,1
coda_20_5611_counting_n1,20,counting,D0_3b,0
coda_20_5674_nearest_class_n1,20,nearest-class,D0_3b,1
coda_20_5684_nearest_class_n1,20,nearest-class,D0_3b,1
coda_20_5689_nearest_dist_n1,20,nearest-distance,D0_3b,1
coda_20_5690_direction_n1,20,direction,D0_3b,1
coda_20_5701_path_object_n1,20,path-object,D0_3b,1
coda_20_5702_nearest_class_n1,20,nearest-class,D0_3b,1
coda_20_5703_nearest_class_n1,20,nearest-class,D0_3b,1
coda_20_5704_nearest_dist_n1,20,nearest-distance,D0_3b,1
coda_20_5752_path_object_n1,20,path-object,D0_3b,1
coda_20_7488_path_object_n1,20,path-object,D0_3b,1
coda_20_7489_counting_n1,20,counting,D0_3b,1
coda_20_7493_nearest_class_n1,20,nearest-class,D0_3b,1
coda_20_7526_nearest_dist_n1,20,nearest-distance,D0_3b,1
coda_20_7534_direction_n1,20,direction,D0_3b,1
coda_20_7536_counting_n1,20,counting,D0_3b,0
coda_20_7542_counting_n1,20,counting,D0_3b,1
coda_20_7544_nearest_class_n1,20,nearest-class,D0_3b,1
coda_20_7630_nearest_dist_n1,20,nearest-distance,D0_3b,1
coda_20_7703_direction_n1,20,direction,D0_3b,1
coda_20_7710_path_object_n1,20,path-object,D0_3b,1
coda_20_7712_counting_n1,20,counting,D0_3b,1
coda_20_7715_nearest_class_n1,20,nearest-class,D0_3b,1
coda_20_7751_direction_n1,20,direction,D0_3b,0
coda_20_7923_direction_n1,20,direction,D0_3b,1
coda_20_7927_path_object_n1,20,path-object,D0_3b,1
coda_20_7928_nearest_class_n1,20,nearest-class,D0_3b,1
coda_20_7936_nearest_class_n1,20,nearest-class,D0_3b,1
coda_20_7937_nearest_dist_n1,20,nearest-distance,D0_3b,1
coda_20_7938_direction_n1,20,direction,D0_3b,1
coda_20_7968_path_object_n1,20,path-object,D0_3b,1
coda_20_8176_counting_n1,20,counting,D0_3b,1
coda_20_8178_nearest_class_n1,20,nearest-class,D0_3b,1
coda_20_8181_nearest_dist_n1,20,nearest-distance,D0_3b,1
coda_20_8182_direction_n1,20,direction,D0_3b,0
coda_20_8183_path_object_n1,20,path-object,D0_3b,1
coda_20_8185_counting_n1,20,counting,D0_3b,0
coda_20_8196_nearest_class_n1,20,nearest-class,D0_3b,1
coda_20_8198_nearest_dist_n1,20,nearest-distance,D0_3b,0
coda_20_8466_direction_n1,20,direction,D0_3b,1
coda_20_8467_path_object_n1,20,path-object,D0_3b,1
coda_20_8474_nearest_class_n1,20,nearest-class,D0_3b,1
coda_20_8475_nearest_class_n1,20,nearest-class,D0_3b,1
coda_20_8483_nearest_dist_n1,20,nearest-distance,D0_3b,1
coda_20_8519_direction_n1,20,direction,D0_3b,1
coda_20_8613_path_object_n1,20,path-object,D0_3b,1
coda_20_8618_nearest_class_n1,20,nearest-class,D0_3b,1
coda_20_8619_nearest_class_n1,20,nearest-class,D0_3b,1
coda_20_8738_direction_n1,20,direction,D0_3b,1
coda_20_8741_direction_n1,20,direction,D0_3b,1
coda_20_8742_path_object_n1,20,path-object,D0_3b,1
coda_20_8744_counting_n1,20,counting,D0_3b,0
coda_20_8746_nearest_class_n1,20,nearest-class,D0_3b,1
coda_20_8747_nearest_dist_n1,20,nearest-distance,D0_3b,0
coda_20_8751_direction_n1,20,direction,D0_3b,1
coda_20_8783_path_object_n1,20,path-object,D0_3b,1
coda_20_8792_counting_n1,20,counting,D0_3b,0
coda_20_8795_nearest_dist_n1,20,nearest-distance,D0_3b,1
coda_20_8803_nearest_dist_n1,20,nearest-distance,D0_3b,1
coda_20_8806_direction_n1,20,direction,D0_3b,1
coda_20_8808_path_object_n1,20,path-object,D0_3b,1
coda_20_8813_counting_n1,20,counting,D0_3b,1
coda_20_8824_nearest_class_n1,20,nearest-class,D0_3b,1
coda_20_8845_path_object_n1,20,path-object,D0_3b,1
coda_20_9392_path_object_n1,20,path-object,D0_3b,1
coda_20_9393_path_object_n1,20,path-object,D0_3b,1
coda_20_9397_nearest_class_n1,20,nearest-class,D0_3b,1
coda_20_9406_nearest_class_n1,20,nearest-class,D0_3b,1
coda_20_9411_direction_n1,20,direction,D0_3b,1
coda_20_9412_direction_n1,20,direction,D0_3b,1
coda_20_9424_path_object_n1,20,path-object,D0_3b,1
coda_20_9429_counting_n1,20,counting,D0_3b,1
coda_20_9432_nearest_class_n1,20,nearest-class,D0_3b,1
coda_20_9436_nearest_dist_n1,20,nearest-distance,D0_3b,1
coda_20_9471_direction_n1,20,direction,D0_3b,1
coda_20_9474_path_object_n1,20,path-object,D0_3b,1
coda_20_9478_counting_n1,20,counting,D0_3b,1
coda_20_9479_nearest_class_n1,20,nearest-class,D0_3b,1
coda_20_9612_nearest_dist_n1,20,nearest-distance,D0_3b,1
coda_20_9722_direction_n1,20,direction,D0_3b,0
coda_20_9725_path_object_n1,20,path-object,D0_3b,1
coda_20_9727_counting_n1,20,counting,D0_3b,0
coda_20_9728_nearest_class_n1,20,nearest-class,D0_3b,1
coda_20_973_direction_n1,20,direction,D0_3b,0
coda_20_9736_direction_n1,20,direction,D0_3b,0
coda_20_9737_path_object_n1,20,path-object,D0_3b,1
coda_20_9745_counting_n1,20,counting,D0_3b,0
coda_20_9746_nearest_class_n1,20,nearest-class,D0_3b,1
coda_20_9754_nearest_dist_n1,20,nearest-distance,D0_3b,1
coda_20_9785_direction_n1,20,direction,D0_3b,1
coda_20_9787_path_object_n1,20,path-object,D0_3b,1
coda_20_9788_counting_n1,20,counting,D0_3b,1
coda_20_9790_nearest_class_n1,20,nearest-class,D0_3b,1
coda_20_9927_nearest_dist_n1,20,nearest-distance,D0_3b,1
coda_20_9928_direction_n1,20,direction,D0_3b,1
coda_20_9958_path_object_n1,20,path-object,D0_3b,1
coda_20_9959_counting_n1,20,counting,D0_3b,0
coda_2_2441_nearest_class_n1,2,nearest-class,D0_3b,0
coda_2_2442_nearest_dist_n1,2,nearest-distance,D0_3b,0
coda_2_2443_direction_n1,2,direction,D0_3b,0
coda_2_2457_path_object_n1,2,path-object,D0_3b,1
coda_2_2459_counting_n1,2,counting,D0_3b,1
coda_2_2460_nearest_class_n1,2,nearest-class,D0_3b,1
coda_2_2465_nearest_dist_n1,2,nearest-distance,D0_3b,1
coda_2_2468_path_object_n1,2,path-object,D0_3b,1
coda_2_2537_path_object_n1,2,path-object,D0_3b,0
coda_2_2539_counting_n1,2,counting,D0_3b,0
coda_2_2541_nearest_class_n1,2,nearest-class,D0_3b,1
coda_2_2544_nearest_dist_n1,2,nearest-distance,D0_3b,1
coda_2_2545_direction_n1,2,direction,D0_3b,1
coda_2_5041_path_object_n1,2,path-object,D0_3b,0
coda_2_5044_counting_n1,2,counting,D0_3b,1
coda_2_5046_nearest_dist_n1,2,nearest-distance,D0_3b,0
coda_2_5048_nearest_dist_n1,2,nearest-distance,D0_3b,0
coda_2_5051_path_object_n1,2,path-object,D0_3b,0
coda_2_5058_path_object_n1,2,path-object,D0_3b,0
coda_2_5060_counting_n1,2,counting,D0_3b,1
coda_2_5081_direction_n1,2,direction,D0_3b,1
coda_2_5084_direction_n1,2,direction,D0_3b,1
coda_2_5086_direction_n1,2,direction,D0_3b,1
coda_2_5091_path_object_n1,2,path-object,D0_3b,0
coda_2_5093_counting_n1,2,counting,D0_3b,0
coda_2_5094_nearest_class_n1,2,nearest-class,D0_3b,0
coda_2_5101_direction_n1,2,direction,D0_3b,0
coda_2_5104_direction_n1,2,direction,D0_3b,0
coda_2_5109_path_object_n1,2,path-object,D0_3b,1
coda_2_5111_counting_n1,2,counting,D0_3b,1
coda_2_5112_nearest_class_n1,2,nearest-class,D0_3b,0
coda_2_5114_nearest_dist_n1,2,nearest-distance,D0_3b,0
coda_2_5120_path_object_n1,2,path-object,D0_3b,0
coda_2_5122_path_object_n1,2,path-object,D0_3b,0
coda_2_5126_counting_n1,2,counting,D0_3b,0
coda_2_5129_nearest_class_n1,2,nearest-class,D0_3b,0
coda_2_5198_nearest_dist_n1,2,nearest-distance,D0_3b,1
coda_2_5202_path_object_n1,2,path-object,D0_3b,1
coda_2_5203_counting_n1,2,counting,D0_3b,0
coda_2_5205_counting_n1,2,counting,D0_3b,1
coda_2_5289_nearest_dist_n1,2,nearest-distance,D0_3b,1
coda_2_5293_nearest_dist_n1,2,nearest-distance,D0_3b,1
coda_2_5338_direction_n1,2,direction,D0_3b,1
coda_2_5339_path_object_n1,2,path-object,D0_3b,1
coda_2_5587_counting_n1,2,counting,D0_3b,0
coda_2_5589_nearest_class_n1,2,nearest-class,D0_3b,1
coda_2_5591_nearest_dist_n1,2,nearest-distance,D0_3b,1
coda_2_5593_direction_n1,2,direction,D0_3b,1
coda_2_5595_path_object_n1,2,path-object,D0_3b,1
coda_2_6852_counting_n1,2,counting,D0_3b,1
coda_2_6962_nearest_class_n1,2,nearest-class,D0_3b,1
coda_2_6968_direction_n1,2,direction,D0_3b,1
coda_2_6970_direction_n1,2,direction,D0_3b,1
coda_2_6974_path_object_n1,2,path-object,D0_3b,1
coda_2_6975_counting_n1,2,counting,D0_3b,1
coda_2_6988_nearest_dist_n1,2,nearest-distance,D0_3b,1
coda_2_6990_direction_n1,2,direction,D0_3b,1
coda_2_7032_counting_n1,2,counting,D0_3b,1
coda_2_7141_path_object_n1,2,path-object,D0_3b,1
coda_2_7142_counting_n1,2,counting,D0_3b,0
coda_2_7149_nearest_class_n1,2,nearest-class,D0_3b,1
coda_3_11984_nearest_dist_n1,3,nearest-distance,D0_3b,0
coda_3_12067_direction_n1,3,direction,D0_3b,0
coda_3_12069_path_object_n1,3,path-object,D0_3b,1
coda_3_12072_counting_n1,3,counting,D0_3b,0
coda_3_12075_nearest_class_n1,3,nearest-class,D0_3b,1
coda_3_12137_direction_n1,3,direction,D0_3b,1
coda_3_12145_direction_n1,3,direction,D0_3b,1
coda_3_12149_path_object_n1,3,path-object,D0_3b,1
coda_3_1820_counting_n1,3,counting,D0_3b,0
coda_3_1825_nearest_class_n1,3,nearest-class,D0_3b,1
coda_3_1826_nearest_dist_n1,3,nearest-distance,D0_3b,0
coda_3_1837_path_object_n1,3,path-object,D0_3b,1
coda_3_1840_path_object_n1,3,path-object,D0_3b,1
coda_3_1842_counting_n1,3,counting,D0_3b,1
coda_3_1844_nearest_class_n1,3,nearest-class,D0_3b,1
coda_3_1933_nearest_dist_n1,3,nearest-distance,D0_3b,0
coda_3_1934_direction_n1,3,direction,D0_3b,1
coda_3_1937_path_object_n1,3,path-object,D0_3b,1
coda_3_1942_counting_n1,3,counting,D0_3b,0
coda_3_1996_nearest_class_n1,3,nearest-class,D0_3b,1
coda_3_2000_direction_n1,3,direction,D0_3b,1
coda_3_2001_direction_n1,3,direction,D0_3b,1
coda_3_2009_path_object_n1,3,path-object,D0_3b,1
coda_3_2015_counting_n1,3,counting,D0_3b,1
coda_3_2026_nearest_class_n1,3,nearest-class,D0_3b,1
coda_3_2027_direction_n1,3,direction,D0_3b,1
coda_3_2033_direction_n1,3,direction,D0_3b,1
coda_4_1337_path_object_n1,4,path-object,D0_3b,1
coda_4_1340_counting_n1,4,counting,D0_3b,0
coda_4_1343_nearest_class_n1,4,nearest-class,D0_3b,1
coda_4_1427_nearest_dist_n1,4,nearest-distance,D0_3b,1
coda_4_1431_path_object_n1,4,path-object,D0_3b,1
coda_4_1475_path_object_n1,4,path-object,D0_3b,1
coda_4_1476_counting_n1,4,counting,D0_3b,0
coda_4_6639_nearest_class_n1,4,nearest-class,D0_3b,1
coda_4_6640_direction_n1,4,direction,D0_3b,1
coda_4_6644_path_object_n1,4,path-object,D0_3b,1
coda_4_6651_path_object_n1,4,path-object,D0_3b,0
coda_4_6653_counting_n1,4,counting,D0_3b,0
coda_4_6656_nearest_class_n1,4,nearest-class,D0_3b,0
coda_4_6663_nearest_dist_n1,4,nearest-distance,D0_3b,0
coda_4_6694_direction_n1,4,direction,D0_3b,1
coda_4_6769_path_object_n1,4,path-object,D0_3b,1
coda_4_6774_counting_n1,4,counting,D0_3b,0
coda_4_6777_nearest_class_n1,4,nearest-class,D0_3b,1
coda_4_6782_nearest_dist_n1,4,nearest-distance,D0_3b,1
coda_4_6796_direction_n1,4,direction,D0_3b,1
coda_4_6799_nearest_class_n1,4,nearest-class,D0_3b,1
coda_4_6804_counting_n1,4,counting,D0_3b,0
coda_4_6807_nearest_class_n1,4,nearest-class,D0_3b,1
coda_4_6875_nearest_dist_n1,4,nearest-distance,D0_3b,1
coda_4_6880_direction_n1,4,direction,D0_3b,1
coda_4_6882_path_object_n1,4,path-object,D0_3b,1
coda_4_6883_counting_n1,4,counting,D0_3b,1
coda_4_6895_nearest_dist_n1,4,nearest-distance,D0_3b,0
coda_4_6903_nearest_dist_n1,4,nearest-distance,D0_3b,1
coda_4_6906_direction_n1,4,direction,D0_3b,1
coda_4_6909_path_object_n1,4,path-object,D0_3b,1
coda_4_6912_counting_n1,4,counting,D0_3b,1
coda_4_6923_nearest_class_n1,4,nearest-class,D0_3b,1
coda_4_6926_direction_n1,4,direction,D0_3b,1
coda_4_6933_direction_n1,4,direction,D0_3b,1
coda_5_1803_counting_n1,5,counting,D0_3b,1
coda_5_1810_counting_n1,5,counting,D0_3b,0
coda_5_1848_nearest_class_n1,5,nearest-class,D0_3b,1
coda_6_10385_nearest_dist_n1,6,nearest-distance,D0_3b,1
coda_6_10386_direction_n1,6,direction,D0_3b,1
coda_6_10388_counting_n1,6,counting,D0_3b,1
coda_6_10393_counting_n1,6,counting,D0_3b,0
coda_6_10395_nearest_class_n1,6,nearest-class,D0_3b,1
coda_6_10430_nearest_dist_n1,6,nearest-distance,D0_3b,1
coda_6_10434_counting_n1,6,counting,D0_3b,1
coda_6_10440_counting_n1,6,counting,D0_3b,1
coda_6_10441_counting_n1,6,counting,D0_3b,1
coda_6_10442_nearest_class_n1,6,nearest-class,D0_3b,1
coda_6_10453_direction_n1,6,direction,D0_3b,1
coda_6_10457_direction_n1,6,direction,D0_3b,1
coda_6_10465_path_object_n1,6,path-object,D0_3b,1
coda_6_10471_counting_n1,6,counting,D0_3b,1
coda_6_10472_nearest_class_n1,6,nearest-class,D0_3b,1
coda_6_10478_nearest_dist_n1,6,nearest-distance,D0_3b,1
coda_6_10563_direction_n1,6,direction,D0_3b,1
coda_6_1243_path_object_n1,6,path-object,D0_3b,1
coda_6_1245_counting_n1,6,counting,D0_3b,0
coda_6_1253_nearest_dist_n1,6,nearest-distance,D0_3b,0
coda_6_1254_nearest_dist_n1,6,nearest-distance,D0_3b,1
coda_6_1322_path_object_n1,6,path-object,D0_3b,1
coda_6_1324_path_object_n1,6,path-object,D0_3b,1
coda_6_1421_counting_n1,6,counting,D0_3b,0
coda_6_2601_nearest_class_n1,6,nearest-class,D0_3b,1
coda_6_2641_nearest_dist_n1,6,nearest-distance,D0_3b,1
coda_6_2649_direction_n1,6,direction,D0_3b,0
coda_6_2654_path_object_n1,6,path-object,D0_3b,0
coda_6_2655_counting_n1,6,counting,D0_3b,1
coda_6_2656_nearest_dist_n1,6,nearest-distance,D0_3b,1
coda_6_2657_nearest_dist_n1,6,nearest-distance,D0_3b,1
coda_6_2747_direction_n1,6,direction,D0_3b,0
coda_6_2759_counting_n1,6,counting,D0_3b,1
coda_6_2760_counting_n1,6,counting,D0_3b,1
coda_6_2761_nearest_class_n1,6,nearest-class,D0_3b,0
coda_6_2774_nearest_dist_n1,6,nearest-distance,D0_3b,1
coda_6_2784_direction_n1,6,direction,D0_3b,1
coda_6_2794_path_object_n1,6,path-object,D0_3b,1
coda_6_2796_counting_n1,6,counting,D0_3b,1
coda_6_2828_nearest_class_n1,6,nearest-class,D0_3b,1
coda_6_2831_direction_n1,6,direction,D0_3b,1
coda_6_2834_direction_n1,6,direction,D0_3b,1
coda_6_2839_path_object_n1,6,path-object,D0_3b,1
coda_6_2840_counting_n1,6,counting,D0_3b,1
coda_6_2841_nearest_class_n1,6,nearest-class,D0_3b,1
coda_6_2846_nearest_dist_n1,6,nearest-distance,D0_3b,1
coda_6_2854_direction_n1,6,direction,D0_3b,1
coda_6_2855_counting_n1,6,counting,D0_3b,1
coda_6_2857_counting_n1,6,counting,D0_3b,1
coda_6_2859_nearest_class_n1,6,nearest-class,D0_3b,1
coda_6_4502_nearest_dist_n1,6,nearest-distance,D0_3b,1
coda_6_4509_direction_n1,6,direction,D0_3b,1
coda_6_4515_path_object_n1,6,path-object,D0_3b,1
coda_6_4524_counting_n1,6,counting,D0_3b,1
coda_6_4529_nearest_class_n1,6,nearest-class,D0_3b,1
coda_6_4533_nearest_dist_n1,6,nearest-distance,D0_3b,1
coda_6_4601_counting_n1,6,counting,D0_3b,0
coda_6_4603_counting_n1,6,counting,D0_3b,0
coda_6_4607_counting_n1,6,counting,D0_3b,1
coda_6_4611_direction_n1,6,direction,D0_3b,0
coda_6_4618_nearest_dist_n1,6,nearest-distance,D0_3b,0
coda_6_4619_direction_n1,6,direction,D0_3b,1
coda_6_4662_counting_n1,6,counting,D0_3b,1
coda_6_4664_counting_n1,6,counting,D0_3b,0
coda_6_4740_nearest_class_n1,6,nearest-class,D0_3b,0
coda_6_4741_nearest_dist_n1,6,nearest-distance,D0_3b,1
coda_6_4747_direction_n1,6,direction,D0_3b,1
coda_6_4750_counting_n1,6,counting,D0_3b,1
coda_6_4756_counting_n1,6,counting,D0_3b,1
coda_6_4757_nearest_class_n1,6,nearest-class,D0_3b,1
coda_6_4764_nearest_dist_n1,6,nearest-distance,D0_3b,1
coda_6_4769_direction_n1,6,direction,D0_3b,1
coda_6_4772_counting_n1,6,counting,D0_3b,1
coda_6_4773_counting_n1,6,counting,D0_3b,1
coda_6_4776_nearest_class_n1,6,nearest-class,D0_3b,1
coda_6_5518_nearest_dist_n1,6,nearest-distance,D0_3b,1
coda_6_5526_direction_n1,6,direction,D0_3b,1
coda_6_5528_counting_n1,6,counting,D0_3b,1
coda_6_5534_counting_n1,6,counting,D0_3b,0
coda_6_5578_direction_n1,6,direction,D0_3b,1
coda_6_5581_direction_n1,6,direction,D0_3b,0
coda_6_5584_direction_n1,6,direction,D0_3b,0
coda_6_5632_counting_n1,6,counting,D0_3b,0
coda_6_5634_counting_n1,6,counting,D0_3b,1
coda_6_5635_nearest_class_n1,6,nearest-class,D0_3b,1
coda_6_5645_nearest_dist_n1,6,nearest-distance,D0_3b,1
coda_6_5646_direction_n1,6,direction,D0_3b,1
coda_6_5680_nearest_class_n1,6,nearest-class,D0_3b,1
coda_6_5685_counting_n1,6,counting,D0_3b,0
coda_6_5691_nearest_class_n1,6,nearest-class,D0_3b,1
coda_6_5692_nearest_dist_n1,6,nearest-distance,D0_3b,0
coda_6_5693_direction_n1,6,direction,D0_3b,0
coda_6_5702_nearest_class_n1,6,nearest-class,D0_3b,1
coda_6_5705_counting_n1,6,counting,D0_3b,1
coda_6_5707_nearest_class_n1,6,nearest-class,D0_3b,0
coda_6_5710_nearest_dist_n1,6,nearest-distance,D0_3b,0
coda_6_5714_direction_n1,6,direction,D0_3b,0
coda_6_5716_counting_n1,6,counting,D0_3b,0
coda_6_5717_counting_n1,6,counting,D0_3b,1
coda_6_5721_nearest_dist_n1,6,nearest-distance,D0_3b,0
coda_6_5723_nearest_dist_n1,6,nearest-distance,D0_3b,0
coda_6_5730_direction_n1,6,direction,D0_3b,1
coda_6_5734_counting_n1,6,counting,D0_3b,0
coda_6_8483_counting_n1,6,counting,D0_3b,0
coda_6_8484_nearest_class_n1,6,nearest-class,D0_3b,1
coda_6_8485_nearest_dist_n1,6,nearest-distance,D0_3b,1
coda_6_8487_direction_n1,6,direction,D0_3b,0
coda_6_8494_path_object_n1,6,path-object,D0_3b,1
coda_6_8495_counting_n1,6,counting,D0_3b,1
coda_6_8500_nearest_class_n1,6,nearest-class,D0_3b,1
coda_6_8504_nearest_dist_n1,6,nearest-distance,D0_3b,1
coda_6_8509_path_object_n1,6,path-object,D0_3b,1
coda_6_8656_path_object_n1,6,path-object,D0_3b,1
coda_6_8657_nearest_dist_n1,6,nearest-distance,D0_3b,0
coda_6_8660_nearest_dist_n1,6,nearest-distance,D0_3b,1
coda_6_8822_direction_n1,6,direction,D0_3b,1
coda_6_8824_direction_n1,6,direction,D0_3b,1
coda_6_8829_nearest_dist_n1,6,nearest-distance,D0_3b,0
coda_6_8835_counting_n1,6,counting,D0_3b,1
coda_6_8839_nearest_dist_n1,6,nearest-distance,D0_3b,0
coda_6_8840_nearest_dist_n1,6,nearest-distance,D0_3b,0
coda_6_8852_direction_n1,6,direction,D0_3b,1
coda_6_8920_path_object_n1,6,path-object,D0_3b,1
coda_6_8922_counting_n1,6,counting,D0_3b,0
coda_6_9135_direction_n1,6,direction,D0_3b,1
coda_6_9141_nearest_dist_n1,6,nearest-distance,D0_3b,0
coda_7_12955_direction_n1,7,direction,D0_3b,1
coda_7_12956_path_object_n1,7,path-object,D0_3b,1
coda_7_12957_nearest_class_n1,7,nearest-class,D0_3b,1
coda_7_12967_nearest_class_n1,7,nearest-class,D0_3b,1
coda_7_12971_nearest_dist_n1,7,nearest-distance,D0_3b,1
coda_7_12975_direction_n1,7,direction,D0_3b,1
coda_7_12979_path_object_n1,7,path-object,D0_3b,1
coda_7_13023_counting_n1,7,counting,D0_3b,0
coda_7_13027_nearest_class_n1,7,nearest-class,D0_3b,1
coda_7_13028_path_object_n1,7,path-object,D0_3b,1
coda_7_13030_path_object_n1,7,path-object,D0_3b,1
coda_7_13040_path_object_n1,7,path-object,D0_3b,1
coda_7_13045_counting_n1,7,counting,D0_3b,0
coda_7_13047_nearest_class_n1,7,nearest-class,D0_3b,1
coda_7_14701_direction_n1,7,direction,D0_3b,1
coda_7_14879_direction_n1,7,direction,D0_3b,1
coda_7_14924_counting_n1,7,counting,D0_3b,1
coda_7_14927_counting_n1,7,counting,D0_3b,0
coda_7_14972_nearest_class_n1,7,nearest-class,D0_3b,1
coda_7_14973_nearest_dist_n1,7,nearest-distance,D0_3b,1
coda_7_14975_direction_n1,7,direction,D0_3b,0
coda_7_14985_path_object_n1,7,path-object,D0_3b,1
coda_7_14986_nearest_class_n1,7,nearest-class,D0_3b,1
coda_7_15069_nearest_class_n1,7,nearest-class,D0_3b,1
coda_7_15070_nearest_dist_n1,7,nearest-distance,D0_3b,1
coda_7_15072_direction_n1,7,direction,D0_3b,1
coda_7_15075_path_object_n1,7,path-object,D0_3b,1
coda_7_15079_counting_n1,7,counting,D0_3b,1
coda_7_15084_nearest_class_n1,7,nearest-class,D0_3b,1
coda_7_15088_nearest_dist_n1,7,nearest-distance,D0_3b,1
coda_7_15101_direction_n1,7,direction,D0_3b,1
coda_7_15111_path_object_n1,7,path-object,D0_3b,1
coda_7_15114_counting_n1,7,counting,D0_3b,1
coda_7_15199_nearest_class_n1,7,nearest-class,D0_3b,1
coda_7_15206_nearest_dist_n1,7,nearest-distance,D0_3b,1
coda_7_15212_direction_n1,7,direction,D0_3b,0
coda_7_15219_path_object_n1,7,path-object,D0_3b,1
coda_7_15258_counting_n1,7,counting,D0_3b,0
coda_7_15308_nearest_class_n1,7,nearest-class,D0_3b,1
coda_7_15313_direction_n1,7,direction,D0_3b,1
coda_7_15316_direction_n1,7,direction,D0_3b,0
coda_7_15318_path_object_n1,7,path-object,D0_3b,1
coda_7_15322_counting_n1,7,counting,D0_3b,1
coda_7_15331_nearest_class_n1,7,nearest-class,D0_3b,1
coda_7_15333_direction_n1,7,direction,D0_3b,1
coda_7_4781_direction_n1,7,direction,D0_3b,1
coda_7_4850_counting_n1,7,counting,D0_3b,0
coda_7_4853_counting_n1,7,counting,D0_3b,1
coda_7_4971_nearest_class_n1,7,nearest-class,D0_3b,1
coda_7_6615_nearest_dist_n1,7,nearest-distance,D0_3b,1
coda_7_6622_direction_n1,7,direction,D0_3b,1
coda_7_6623_path_object_n1,7,path-object,D0_3b,1
coda_7_6625_counting_n1,7,counting,D0_3b,0
coda_7_6686_nearest_class_n1,7,nearest-class,D0_3b,1
coda_7_6693_nearest_dist_n1,7,nearest-distance,D0_3b,0
coda_7_6698_direction_n1,7,direction,D0_3b,0
coda_7_6699_path_object_n1,7,path-object,D0_3b,1
coda_7_6701_counting_n1,7,counting,D0_3b,1
coda_7_6711_nearest_class_n1,7,nearest-class,D0_3b,1
coda_7_6712_direction_n1,7,direction,D0_3b,1
coda_7_6714_direction_n1,7,direction,D0_3b,0
coda_7_6772_nearest_dist_n1,7,nearest-distance,D0_3b,1
coda_7_6775_counting_n1,7,counting,D0_3b,0
coda_7_6777_nearest_dist_n1,7,nearest-distance,D0_3b,1
coda_7_6780_counting_n1,7,counting,D0_3b,0
coda_7_6790_direction_n1,7,direction,D0_3b,1
coda_7_8412_counting_n1,7,counting,D0_3b,1
coda_7_8414_counting_n1,7,counting,D0_3b,0
coda_7_8415_nearest_dist_n1,7,nearest-distance,D0_3b,1
coda_7_8418_nearest_dist_n1,7,nearest-distance,D0_3b,1
coda_7_8421_direction_n1,7,direction,D0_3b,1
coda_7_8425_counting_n1,7,counting,D0_3b,0
coda_8_631_counting_n1,8,counting,D0_3b,0
coda_9_1531_nearest_dist_n1,9,nearest-distance,D0_3b,1
coda_9_1532_nearest_dist_n1,9,nearest-distance,D0_3b,1
coda_9_1538_direction_n1,9,direction,D0_3b,0
coda_9_1539_path_object_n1,9,path-object,D0_3b,1
coda_9_1549_counting_n1,9,counting,D0_3b,1
coda_9_1550_nearest_class_n1,9,nearest-class,D0_3b,1
coda_9_1551_nearest_dist_n1,9,nearest-distance,D0_3b,0
coda_9_1552_direction_n1,9,direction,D0_3b,0
coda_9_1586_counting_n1,9,counting,D0_3b,0
coda_9_1637_counting_n1,9,counting,D0_3b,1
coda_9_1641_nearest_class_n1,9,nearest-class,D0_3b,1
coda_9_1644_nearest_dist_n1,9,nearest-distance,D0_3b,1
coda_9_1646_direction_n1,9,direction,D0_3b,1
coda_9_1648_counting_n1,9,counting,D0_3b,0
coda_9_2495_counting_n1,9,counting,D0_3b,1
coda_9_2501_nearest_class_n1,9,nearest-class,D0_3b,1
coda_9_2505_nearest_dist_n1,9,nearest-distance,D0_3b,1
coda_9_2506_direction_n1,9,direction,D0_3b,1
coda_9_2507_counting_n1,9,counting,D0_3b,1
coda_9_2644_counting_n1,9,counting,D0_3b,0
coda_9_2647_nearest_dist_n1,9,nearest-distance,D0_3b,0
coda_9_6680_direction_n1,9,direction,D0_3b,1
coda_9_6719_direction_n1,9,direction,D0_3b,0
coda_9_6720_path_object_n1,9,path-object,D0_3b,1
coda_9_6728_counting_n1,9,counting,D0_3b,1
coda_9_6785_nearest_class_n1,9,nearest-class,D0_3b,1
coda_9_6787_nearest_dist_n1,9,nearest-distance,D0_3b,0
coda_9_6797_direction_n1,9,direction,D0_3b,0
coda_9_6798_path_object_n1,9,path-object,D0_3b,1
coda_9_6800_counting_n1,9,counting,D0_3b,1
coda_9_8515_nearest_class_n1,9,nearest-class,D0_3b,1
coda_9_8519_nearest_dist_n1,9,nearest-distance,D0_3b,1
coda_9_8536_direction_n1,9,direction,D0_3b,1
coda_9_8537_path_object_n1,9,path-object,D0_3b,1
coda_9_8540_counting_n1,9,counting,D0_3b,1
coda_9_8545_nearest_class_n1,9,nearest-class,D0_3b,1
coda_9_8551_nearest_dist_n1,9,nearest-distance,D0_3b,0
coda_9_8553_direction_n1,9,direction,D0_3b,1
coda_9_8559_counting_n1,9,counting,D0_3b,0
coda_9_8561_counting_n1,9,counting,D0_3b,0
coda_9_8562_nearest_class_n1,9,nearest-class,D0_3b,1
coda_9_8566_nearest_dist_n1,9,nearest-distance,D0_3b,1
coda_9_8567_direction_n1,9,direction,D0_3b,1
coda_9_8571_path_object_n1,9,path-object,D0_3b,1
coda_9_8604_counting_n1,9,counting,D0_3b,1
coda_9_8606_nearest_dist_n1,9,nearest-distance,D0_3b,1
coda_9_8612_nearest_dist_n1,9,nearest-distance,D0_3b,1
coda_9_8616_direction_n1,9,direction,D0_3b,1
coda_9_8681_counting_n1,9,counting,D0_3b,1
coda_9_8684_counting_n1,9,counting,D0_3b,0
coda_9_8838_nearest_class_n1,9,nearest-class,D0_3b,1
coda_9_8841_nearest_dist_n1,9,nearest-distance,D0_3b,0
coda_9_8842_direction_n1,9,direction,D0_3b,1
coda_9_8845_counting_n1,9,counting,D0_3b,1
coda_9_9352_counting_n1,9,counting,D0_3b,1
coda_9_9354_nearest_class_n1,9,nearest-class,D0_3b,1
coda_9_9361_nearest_dist_n1,9,nearest-distance,D0_3b,1
coda_9_9363_direction_n1,9,direction,D0_3b,0
coda_9_9368_path_object_n1,9,path-object,D0_3b,1
coda_9_9371_counting_n1,9,counting,D0_3b,1
coda_9_9372_nearest_dist_n1,9,nearest-distance,D0_3b,1
coda_9_9377_direction_n1,9,direction,D0_3b,1
coda_9_9380_direction_n1,9,direction,D0_3b,1
coda_9_9382_path_object_n1,9,path-object,D0_3b,1
coda_9_9394_counting_n1,9,counting,D0_3b,1
coda_9_9398_direction_n1,9,direction,D0_3b,1
coda_9_9466_nearest_dist_n1,9,nearest-distance,D0_3b,1
coda_9_9467_direction_n1,9,direction,D0_3b,1
coda_9_9469_counting_n1,9,counting,D0_3b,1
coda_9_9471_counting_n1,9,counting,D0_3b,0
coda_9_9577_nearest_class_n1,9,nearest-class,D0_3b,1
coda_9_9578_nearest_dist_n1,9,nearest-distance,D0_3b,1
coda_9_9579_counting_n1,9,counting,D0_3b,1
coda_9_9582_counting_n1,9,counting,D0_3b,1
coda_9_9588_counting_n1,9,counting,D0_3b,1
coda_9_9589_nearest_class_n1,9,nearest-class,D0_3b,1
coda_9_9595_nearest_dist_n1,9,nearest-distance,D0_3b,1
coda_0_421_counting_n1,0,counting,D1_3b,0
coda_0_422_nearest_dist_n1,0,nearest-distance,D1_3b,1
coda_0_429_nearest_dist_n1,0,nearest-distance,D1_3b,0
coda_0_436_direction_n1,0,direction,D1_3b,0
coda_0_4797_path_object_n1,0,path-object,D1_3b,1
coda_0_4803_counting_n1,0,counting,D1_3b,1
coda_0_4804_nearest_class_n1,0,nearest-class,D1_3b,0
coda_0_4805_nearest_dist_n1,0,nearest-distance,D1_3b,0
coda_0_4809_direction_n1,0,direction,D1_3b,0
coda_0_4813_path_object_n1,0,path-object,D1_3b,0
coda_0_4815_counting_n1,0,counting,D1_3b,0
coda_0_4818_nearest_class_n1,0,nearest-class,D1_3b,0
coda_0_4821_nearest_dist_n1,0,nearest-distance,D1_3b,0
coda_0_4902_direction_n1,0,direction,D1_3b,1
coda_0_4907_path_object_n1,0,path-object,D1_3b,0
coda_0_4908_counting_n1,0,counting,D1_3b,0
coda_0_4910_nearest_class_n1,0,nearest-class,D1_3b,1
coda_0_4914_nearest_dist_n1,0,nearest-distance,D1_3b,0
coda_0_4916_direction_n1,0,direction,D1_3b,0
coda_0_4924_nearest_class_n1,0,nearest-class,D1_3b,1
coda_0_4925_counting_n1,0,counting,D1_3b,1
coda_0_4926_nearest_class_n1,0,nearest-class,D1_3b,1
coda_0_4930_nearest_dist_n1,0,nearest-distance,D1_3b,1
coda_0_507_direction_n1,0,direction,D1_3b,0
coda_0_508_path_object_n1,0,path-object,D1_3b,1
coda_0_514_counting_n1,0,counting,D1_3b,1
coda_0_520_nearest_class_n1,0,nearest-class,D1_3b,1
coda_0_525_nearest_dist_n1,0,nearest-distance,D1_3b,1
coda_0_526_direction_n1,0,direction,D1_3b,1
coda_0_570_path_object_n1,0,path-object,D1_3b,1
coda_0_5704_counting_n1,0,counting,D1_3b,1
coda_0_5707_nearest_class_n1,0,nearest-class,D1_3b,1
coda_0_571_nearest_dist_n1,0,nearest-distance,D1_3b,0
coda_0_5710_direction_n1,0,direction,D1_3b,1
coda_0_5712_counting_n1,0,counting,D1_3b,0
coda_0_572_nearest_class_n1,0,nearest-class,D1_3b,1
coda_0_5752_nearest_class_n1,0,nearest-class,D1_3b,1
coda_0_5753_nearest_dist_n1,0,nearest-distance,D1_3b,1
coda_0_5754_direction_n1,0,direction,D1_3b,1
coda_0_5787_path_object_n1,0,path-object,D1_3b,1
coda_0_5788_counting_n1,0,counting,D1_3b,0
coda_0_583_nearest_class_n1,0,nearest-class,D1_3b,1
coda_0_621_direction_n1,0,direction,D1_3b,1
coda_0_634_direction_n1,0,direction,D1_3b,1
coda_10_11540_path_object_n1,10,path-object,D1_3b,1
coda_10_11542_counting_n1,10,counting,D1_3b,1
coda_10_11546_nearest_class_n1,10,nearest-class,D1_3b,0
coda_10_11584_nearest_dist_n1,10,nearest-distance,D1_3b,1
coda_10_2039_direction_n1,10,direction,D1_3b,0
coda_10_2043_counting_n1,10,counting,D1_3b,1
coda_10_2044_counting_n1,10,counting,D1_3b,1
coda_10_2051_nearest_class_n1,10,nearest-class,D1_3b,1
coda_10_2114_nearest_dist_n1,10,nearest-distance,D1_3b,1
coda_10_2123_direction_n1,10,direction,D1_3b,0
coda_10_2124_counting_n1,10,counting,D1_3b,0
coda_10_2129_counting_n1,10,counting,D1_3b,0
coda_10_2131_nearest_class_n1,10,nearest-class,D1_3b,1
coda_10_2132_nearest_dist_n1,10,nearest-distance,D1_3b,0
coda_10_2133_direction_n1,10,direction,D1_3b,0
coda_10_2137_counting_n1,10,counting,D1_3b,0
coda_10_2144_counting_n1,10,counting,D1_3b,1
coda_10_5816_nearest_dist_n1,10,nearest-distance,D1_3b,0
coda_10_5819_nearest_dist_n1,10,nearest-distance,D1_3b,0
coda_10_5862_direction_n1,10,direction,D1_3b,0
coda_10_5863_counting_n1,10,counting,D1_3b,1
coda_10_5865_counting_n1,10,counting,D1_3b,1
coda_10_5866_nearest_dist_n1,10,nearest-distance,D1_3b,0
coda_10_5872_nearest_dist_n1,10,nearest-distance,D1_3b,0
coda_10_6000_direction_n1,10,direction,D1_3b,0
coda_10_6001_counting_n1,10,counting,D1_3b,0
coda_10_6004_counting_n1,10,counting,D1_3b,0
coda_10_8369_nearest_class_n1,10,nearest-class,D1_3b,0
coda_10_8372_path_object_n1,10,path-object,D1_3b,0
coda_10_8378_direction_n1,10,direction,D1_3b,1
coda_10_8424_path_object_n1,10,path-object,D1_3b,1
coda_10_8429_counting_n1,10,counting,D1_3b,0
coda_10_8430_nearest_class_n1,10,nearest-class,D1_3b,0
coda_10_8431_nearest_dist_n1,10,nearest-distance,D1_3b,0
coda_10_8433_direction_n1,10,direction,D1_3b,1
coda_10_9306_path_object_n1,10,path-object,D1_3b,1
coda_10_9309_counting_n1,10,counting,D1_3b,1
coda_10_9347_nearest_class_n1,10,nearest-class,D1_3b,1
coda_10_9350_nearest_dist_n1,10,nearest-distance,D1_3b,1
coda_10_9356_direction_n1,10,direction,D1_3b,0
coda_10_9392_path_object_n1,10,path-object,D1_3b,1
coda_10_9395_counting_n1,10,counting,D1_3b,0
coda_10_9396_nearest_class_n1,10,nearest-class,D1_3b,1
coda_11_1747_nearest_dist_n1,11,nearest-distance,D1_3b,1
coda_11_1749_counting_n1,11,counting,D1_3b,1
coda_11_1756_counting_n1,11,counting,D1_3b,1
coda_11_1760_counting_n1,11,counting,D1_3b,0
coda_11_1768_nearest_class_n1,11,nearest-class,D1_3b,1
coda_11_1777_nearest_dist_n1,11,nearest-distance,D1_3b,1
coda_11_1783_counting_n1,11,counting,D1_3b,0
coda_11_1787_counting_n1,11,counting,D1_3b,1
coda_11_1790_counting_n1,11,counting,D1_3b,1
coda_11_1792_nearest_class_n1,11,nearest-class,D1_3b,1
coda_11_1793_nearest_dist_n1,11,nearest-distance,D1_3b,1
coda_11_1794_counting_n1,11,counting,D1_3b,1
coda_11_1799_counting_n1,11,counting,D1_3b,1
coda_11_1800_counting_n1,11,counting,D1_3b,0
coda_11_1906_nearest_class_n1,11,nearest-class,D1_3b,1
coda_11_1907_direction_n1,11,direction,D1_3b,0
coda_11_1914_direction_n1,11,direction,D1_3b,1
coda_11_1916_counting_n1,11,counting,D1_3b,1
coda_11_1924_counting_n1,11,counting,D1_3b,1
coda_11_1928_nearest_class_n1,11,nearest-class,D1_3b,0
coda_11_1932_nearest_dist_n1,11,nearest-distance,D1_3b,0
coda_11_1935_direction_n1,11,direction,D1_3b,1
coda_11_1939_path_object_n1,11,path-object,D1_3b,1
coda_11_1942_counting_n1,11,counting,D1_3b,1
coda_11_2057_nearest_class_n1,11,nearest-class,D1_3b,1
coda_11_2064_direction_n1,11,direction,D1_3b,1
coda_11_2073_direction_n1,11,direction,D1_3b,1
coda_11_2081_path_object_n1,11,path-object,D1_3b,0
coda_11_2082_counting_n1,11,counting,D1_3b,1
coda_11_2084_nearest_class_n1,11,nearest-class,D1_3b,0
coda_11_2085_nearest_dist_n1,11,nearest-distance,D1_3b,0
coda_11_5174_path_object_n1,11,path-object,D1_3b,1
coda_11_5176_path_object_n1,11,path-object,D1_3b,1
coda_11_5179_counting_n1,11,counting,D1_3b,0
coda_11_5184_nearest_class_n1,11,nearest-class,D1_3b,1
coda_11_5185_direction_n1,11,direction,D1_3b,1
coda_11_5186_direction_n1,11,direction,D1_3b,1
coda_11_5188_path_object_n1,11,path-object,D1_3b,1
coda_11_5190_counting_n1,11,counting,D1_3b,0
coda_11_5194_nearest_class_n1,11,nearest-class,D1_3b,1
coda_11_5197_path_object_n1,11,path-object,D1_3b,1
coda_11_5205_path_object_n1,11,path-object,D1_3b,1
coda_11_5207_path_object_n1,11,path-object,D1_3b,1
coda_11_5627_counting_n1,11,counting,D1_3b,1
coda_11_5660_nearest_dist_n1,11,nearest-distance,D1_3b,1
coda_11_5661_nearest_dist_n1,11,nearest-distance,D1_3b,1
coda_11_5667_direction_n1,11,direction,D1_3b,0
coda_11_5668_counting_n1,11,counting,D1_3b,0
coda_11_5671_counting_n1,11,counting,D1_3b,1
coda_11_5674_nearest_dist_n1,11,nearest-distance,D1_3b,1
coda_11_5769_nearest_dist_n1,11,nearest-distance,D1_3b,0
coda_11_5776_direction_n1,11,direction,D1_3b,1
coda_11_5785_counting_n1,11,counting,D1_3b,1
coda_12_10418_counting_n1,12,counting,D1_3b,1
coda_12_10422_nearest_class_n1,12,nearest-class,D1_3b,1
coda_12_10423_nearest_dist_n1,12,nearest-distance,D1_3b,0
coda_12_10428_direction_n1,12,direction,D1_3b,1
coda_12_10438_counting_n1,12,counting,D1_3b,0
coda_12_10442_counting_n1,12,counting,D1_3b,1
coda_12_10445_nearest_class_n1,12,nearest-class,D1_3b,1
coda_12_10446_nearest_dist_n1,12,nearest-distance,D1_3b,0
coda_12_10537_path_object_n1,12,path-object,D1_3b,1
coda_12_10550_path_object_n1,12,path-object,D1_3b,1
coda_12_11507_counting_n1,12,counting,D1_3b,0
coda_12_11508_nearest_class_n1,12,nearest-class,D1_3b,1
coda_12_11526_nearest_dist_n1,12,nearest-distance,D1_3b,1
coda_12_11529_direction_n1,12,direction,D1_3b,1
coda_12_11592_path_object_n1,12,path-object,D1_3b,1
coda_12_11594_counting_n1,12,counting,D1_3b,0
coda_12_11599_nearest_class_n1,12,nearest-class,D1_3b,1
coda_12_11600_nearest_dist_n1,12,nearest-distance,D1_3b,1
coda_12_11605_direction_n1,12,direction,D1_3b,1
coda_12_11618_path_object_n1,12,path-object,D1_3b,1
coda_12_2675_counting_n1,12,counting,D1_3b,1
coda_12_2676_direction_n1,12,direction,D1_3b,1
coda_12_2681_direction_n1,12,direction,D1_3b,1
coda_12_2687_direction_n1,12,direction,D1_3b,1
coda_12_2697_path_object_n1,12,path-object,D1_3b,1
coda_12_2700_counting_n1,12,counting,D1_3b,1
coda_12_2863_nearest_class_n1,12,nearest-class,D1_3b,1
coda_12_2864_nearest_dist_n1,12,nearest-distance,D1_3b,0
coda_12_2867_path_object_n1,12,path-object,D1_3b,1
coda_12_2871_path_object_n1,12,path-object,D1_3b,1
coda_12_2877_counting_n1,12,counting,D1_3b,1
coda_12_2883_nearest_class_n1,12,nearest-class,D1_3b,0
coda_12_2887_path_object_n1,12,path-object,D1_3b,1
coda_12_2890_path_object_n1,12,path-object,D1_3b,0
coda_12_2892_counting_n1,12,counting,D1_3b,1
coda_12_2893_counting_n1,12,counting,D1_3b,0
coda_12_2896_direction_n1,12,direction,D1_3b,0
coda_12_2903_nearest_dist_n1,12,nearest-distance,D1_3b,1
coda_12_2905_direction_n1,12,direction,D1_3b,1
coda_13_10067_path_object_n1,13,path-object,D1_3b,1
coda_13_10070_nearest_class_n1,13,nearest-class,D1_3b,1
coda_13_10072_nearest_class_n1,13,nearest-class,D1_3b,1
coda_13_10081_nearest_dist_n1,13,nearest-distance,D1_3b,1
coda_13_10414_path_object_n1,13,path-object,D1_3b,1
coda_13_10415_path_object_n1,13,path-object,D1_3b,1
coda_13_10426_nearest_class_n1,13,nearest-class,D1_3b,1
coda_13_10431_nearest_class_n1,13,nearest-class,D1_3b,1
coda_13_10441_nearest_dist_n1,13,nearest-distance,D1_3b,0
coda_13_10449_path_object_n1,13,path-object,D1_3b,1
coda_13_10457_path_object_n1,13,path-object,D1_3b,0
coda_13_10458_counting_n1,13,counting,D1_3b,1
coda_13_10462_nearest_class_n1,13,nearest-class,D1_3b,1
coda_13_10470_nearest_dist_n1,13,nearest-distance,D1_3b,1
coda_13_10472_direction_n1,13,direction,D1_3b,1
coda_13_10477_path_object_n1,13,path-object,D1_3b,1
coda_13_10478_counting_n1,13,counting,D1_3b,1
coda_13_10479_nearest_class_n1,13,nearest-class,D1_3b,1
coda_13_10487_nearest_dist_n1,13,nearest-distance,D1_3b,1
coda_13_10489_direction_n1,13,direction,D1_3b,1
coda_13_10490_path_object_n1,13,path-object,D1_3b,1
coda_13_10494_counting_n1,13,counting,D1_3b,0
coda_13_1050_nearest_class_n1,13,nearest-class,D1_3b,1
coda_13_10500_nearest_dist_n1,13,nearest-distance,D1_3b,0
coda_13_10518_direction_n1,13,direction,D1_3b,1
coda_13_10522_path_object_n1,13,path-object,D1_3b,1
coda_13_10526_counting_n1,13,counting,D1_3b,1
coda_13_10576_nearest_class_n1,13,nearest-class,D1_3b,1
coda_13_10578_direction_n1,13,direction,D1_3b,1
coda_13_10612_direction_n1,13,direction,D1_3b,1
coda_13_10670_path_object_n1,13,path-object,D1_3b,1
coda_13_10677_counting_n1,13,counting,D1_3b,0
coda_13_10679_nearest_class_n1,13,nearest-class,D1_3b,1
coda_13_10683_nearest_dist_n1,13,nearest-distance,D1_3b,1
coda_13_10686_direction_n1,13,direction,D1_3b,0
coda_13_10694_path_object_n1,13,path-object,D1_3b,1
coda_13_10733_nearest_class_n1,13,nearest-class,D1_3b,1
coda_13_10834_nearest_class_n1,13,nearest-class,D1_3b,1
coda_13_10838_path_object_n1,13,path-object,D1_3b,1
coda_13_1092_direction_n1,13,direction,D1_3b,0
coda_13_11003_path_object_n1,13,path-object,D1_3b,1
coda_13_11005_counting_n1,13,counting,D1_3b,0
coda_13_11072_nearest_class_n1,13,nearest-class,D1_3b,1
coda_13_11077_nearest_dist_n1,13,nearest-distance,D1_3b,1
coda_13_11088_path_object_n1,13,path-object,D1_3b,1
coda_13_11093_path_object_n1,13,path-object,D1_3b,1
coda_13_11105_nearest_class_n1,13,nearest-class,D1_3b,1
coda_13_11107_nearest_class_n1,13,nearest-class,D1_3b,1
coda_13_11110_direction_n1,13,direction,D1_3b,1
coda_13_11140_direction_n1,13,direction,D1_3b,1
coda_13_11148_path_object_n1,13,path-object,D1_3b,0
coda_13_11152_nearest_class_n1,13,nearest-class,D1_3b,1
coda_13_11158_nearest_class_n1,13,nearest-class,D1_3b,1
coda_13_11163_nearest_dist_n1,13,nearest-distance,D1_3b,1
coda_13_11167_direction_n1,13,direction,D1_3b,1
coda_13_11202_path_object_n1,13,path-object,D1_3b,1
coda_13_11204_counting_n1,13,counting,D1_3b,0
coda_13_11205_nearest_class_n1,13,nearest-class,D1_3b,1
coda_13_11206_nearest_dist_n1,13,nearest-distance,D1_3b,1
coda_13_11215_direction_n1,13,direction,D1_3b,1
coda_13_11222_path_object_n1,13,path-object,D1_3b,1
coda_13_11226_counting_n1,13,counting,D1_3b,1
coda_13_11229_nearest_class_n1,13,nearest-class,D1_3b,1
coda_13_11230_nearest_dist_n1,13,nearest-distance,D1_3b,0
coda_13_1126_direction_n1,13,direction,D1_3b,1
coda_13_11266_counting_n1,13,counting,D1_3b,1
coda_13_1129_counting_n1,13,counting,D1_3b,1
coda_13_1130_nearest_class_n1,13,nearest-class,D1_3b,1
coda_13_1131_nearest_dist_n1,13,nearest-distance,D1_3b,1
coda_13_1139_direction_n1,13,direction,D1_3b,1
coda_13_1141_path_object_n1,13,path-object,D1_3b,1
coda_13_1142_counting_n1,13,counting,D1_3b,1
coda_13_1146_nearest_class_n1,13,nearest-class,D1_3b,0
coda_13_1148_nearest_dist_n1,13,nearest-distance,D1_3b,1
coda_13_1149_direction_n1,13,direction,D1_3b,1
coda_13_1181_path_object_n1,13,path-object,D1_3b,1
coda_13_11900_counting_n1,13,counting,D1_3b,0
coda_13_11909_nearest_class_n1,13,nearest-class,D1_3b,1
coda_13_1191_direction_n1,13,direction,D1_3b,1
coda_13_1198_direction_n1,13,direction,D1_3b,1
coda_13_11996_path_object_n1,13,path-object,D1_3b,1
coda_13_11998_counting_n1,13,counting,D1_3b,1
coda_13_12012_nearest_class_n1,13,nearest-class,D1_3b,1
coda_13_12015_nearest_dist_n1,13,nearest-distance,D1_3b,1
coda_13_12016_direction_n1,13,direction,D1_3b,0
coda_13_12022_path_object_n1,13,path-object,D1_3b,1
coda_13_12025_nearest_class_n1,13,nearest-class,D1_3b,1
coda_13_12026_nearest_class_n1,13,nearest-class,D1_3b,1
coda_13_12033_path_object_n1,13,path-object,D1_3b,1
coda_13_12036_direction_n1,13,direction,D1_3b,0
coda_13_12038_path_object_n1,13,path-object,D1_3b,1
coda_13_12255_counting_n1,13,counting,D1_3b,0
coda_13_12258_nearest_class_n1,13,nearest-class,D1_3b,1
coda_13_12260_direction_n1,13,direction,D1_3b,1
coda_13_12275_direction_n1,13,direction,D1_3b,1
coda_13_12281_path_object_n1,13,path-object,D1_3b,1
coda_13_12287_counting_n1,13,counting,D1_3b,1
coda_13_12288_direction_n1,13,direction,D1_3b,1
coda_13_12291_direction_n1,13,direction,D1_3b,0
coda_13_12292_direction_n1,13,direction,D1_3b,0
coda_13_12295_path_object_n1,13,path-object,D1_3b,1
coda_13_12298_nearest_dist_n1,13,nearest-distance,D1_3b,0
coda_13_12299_nearest_dist_n1,13,nearest-distance,D1_3b,1
coda_13_12354_nearest_dist_n1,13,nearest-distance,D1_3b,1
coda_13_12355_direction_n1,13,direction,D1_3b,1
coda_13_12363_path_object_n1,13,path-object,D1_3b,1
coda_13_12367_counting_n1,13,counting,D1_3b,0
coda_13_12368_nearest_class_n1,13,nearest-class,D1_3b,1
coda_13_12372_nearest_dist_n1,13,nearest-distance,D1_3b,1
coda_13_1801_direction_n1,13,direction,D1_3b,1
coda_13_1803_counting_n1,13,counting,D1_3b,1
coda_13_1808_counting_n1,13,counting,D1_3b,1
coda_13_1812_nearest_dist_n1,13,nearest-distance,D1_3b,1
coda_13_1814_nearest_dist_n1,13,nearest-distance,D1_3b,1
coda_13_1844_direction_n1,13,direction,D1_3b,1
coda_13_1875_path_object_n1,13,path-object,D1_3b,1
coda_13_1878_counting_n1,13,counting,D1_3b,1
coda_13_1882_nearest_dist_n1,13,nearest-distance,D1_3b,1
coda_13_1944_direction_n1,13,direction,D1_3b,1
coda_13_2034_direction_n1,13,direction,D1_3b,1
coda_13_2037_path_object_n1,13,path-object,D1_3b,0
coda_13_2041_counting_n1,13,counting,D1_3b,0
coda_13_2054_nearest_class_n1,13,nearest-class,D1_3b,0
coda_13_2085_nearest_dist_n1,13,nearest-distance,D1_3b,0
coda_13_2087_direction_n1,13,direction,D1_3b,0
coda_13_2097_path_object_n1,13,path-object,D1_3b,1
coda_13_2099_counting_n1,13,counting,D1_3b,0
coda_13_2175_nearest_dist_n1,13,nearest-distance,D1_3b,0
coda_13_2181_nearest_dist_n1,13,nearest-distance,D1_3b,1
coda_13_2188_direction_n1,13,direction,D1_3b,1
coda_13_2190_path_object_n1,13,path-object,D1_3b,1
coda_13_5550_counting_n1,13,counting,D1_3b,0
coda_13_5671_nearest_class_n1,13,nearest-class,D1_3b,1
coda_13_5674_nearest_dist_n1,13,nearest-distance,D1_3b,1
coda_13_5684_path_object_n1,13,path-object,D1_3b,1
coda_13_5722_path_object_n1,13,path-object,D1_3b,1
coda_13_5727_counting_n1,13,counting,D1_3b,0
coda_13_5729_nearest_class_n1,13,nearest-class,D1_3b,1
coda_13_5737_nearest_dist_n1,13,nearest-distance,D1_3b,1
coda_13_5820_direction_n1,13,direction,D1_3b,0
coda_13_5822_path_object_n1,13,path-object,D1_3b,1
coda_13_5826_nearest_class_n1,13,nearest-class,D1_3b,1
coda_13_5829_nearest_class_n1,13,nearest-class,D1_3b,1
coda_13_5831_nearest_dist_n1,13,nearest-distance,D1_3b,1
coda_13_5893_direction_n1,13,direction,D1_3b,1
coda_13_5896_path_object_n1,13,path-object,D1_3b,1
coda_13_5900_nearest_class_n1,13,nearest-class,D1_3b,1
coda_13_5901_nearest_class_n1,13,nearest-class,D1_3b,1
coda_13_6073_direction_n1,13,direction,D1_3b,1
coda_13_6075_direction_n1,13,direction,D1_3b,0
coda_13_6085_path_object_n1,13,path-object,D1_3b,1
coda_13_6089_counting_n1,13,counting,D1_3b,1
coda_13_6122_nearest_class_n1,13,nearest-class,D1_3b,1
coda_13_6125_nearest_dist_n1,13,nearest-distance,D1_3b,1
coda_13_6190_direction_n1,13,direction,D1_3b,1
coda_13_6193_counting_n1,13,counting,D1_3b,0
coda_13_6203_counting_n1,13,counting,D1_3b,0
coda_13_6216_nearest_dist_n1,13,nearest-distance,D1_3b,1
coda_13_6220_nearest_dist_n1,13,nearest-distance,D1_3b,1
coda_13_6293_direction_n1,13,direction,D1_3b,0
coda_13_6305_counting_n1,13,counting,D1_3b,0
coda_13_6308_counting_n1,13,counting,D1_3b,0
coda_13_6312_nearest_dist_n1,13,nearest-distance,D1_3b,0
coda_13_6314_nearest_dist_n1,13,nearest-distance,D1_3b,0
coda_13_9083_direction_n1,13,direction,D1_3b,0
coda_13_9119_path_object_n1,13,path-object,D1_3b,0
coda_13_9120_counting_n1,13,counting,D1_3b,1
coda_13_9125_nearest_class_n1,13,nearest-class,D1_3b,1
coda_13_9241_nearest_dist_n1,13,nearest-distance,D1_3b,1
coda_13_9242_direction_n1,13,direction,D1_3b,1
coda_13_9244_path_object_n1,13,path-object,D1_3b,1
coda_13_9443_nearest_class_n1,13,nearest-class,D1_3b,1
coda_13_9444_nearest_class_n1,13,nearest-class,D1_3b,1
coda_13_9451_nearest_dist_n1,13,nearest-distance,D1_3b,0
coda_13_9562_direction_n1,13,direction,D1_3b,1
coda_13_9662_path_object_n1,13,path-object,D1_3b,1
coda_13_9668_counting_n1,13,counting,D1_3b,0
coda_13_9800_nearest_class_n1,13,nearest-class,D1_3b,1
coda_13_9801_nearest_dist_n1,13,nearest-distance,D1_3b,1
coda_13_9802_path_object_n1,13,path-object,D1_3b,1
coda_13_9803_path_object_n1,13,path-object,D1_3b,1
coda_13_9863_counting_n1,13,counting,D1_3b,1
coda_13_9880_nearest_class_n1,13,nearest-class,D1_3b,1
coda_13_9888_nearest_dist_n1,13,nearest-distance,D1_3b,1
coda_13_9894_direction_n1,13,direction,D1_3b,0
coda_13_9900_path_object_n1,13,path-object,D1_3b,1
coda_13_9977_nearest_class_n1,13,nearest-class,D1_3b,1
coda_13_9979_nearest_class_n1,13,nearest-class,D1_3b,1
coda_14_3847_nearest_dist_n1,14,nearest-distance,D1_3b,0
coda_14_3851_direction_n1,14,direction,D1_3b,0
coda_14_3852_path_object_n1,14,path-object,D1_3b,0
coda_14_3855_counting_n1,14,counting,D1_3b,1
coda_14_3857_nearest_class_n1,14,nearest-class,D1_3b,0
coda_14_3867_nearest_dist_n1,14,nearest-distance,D1_3b,0
coda_14_3868_direction_n1,14,direction,D1_3b,1
coda_14_3869_path_object_n1,14,path-object,D1_3b,1
coda_14_3870_counting_n1,14,counting,D1_3b,0
coda_14_3878_nearest_dist_n1,14,nearest-distance,D1_3b,1
coda_14_3889_nearest_dist_n1,14,nearest-distance,D1_3b,0
coda_14_3891_direction_n1,14,direction,D1_3b,1
coda_14_3894_path_object_n1,14,path-object,D1_3b,0
coda_15_145_counting_n1,15,counting,D1_3b,1
coda_15_147_nearest_class_n1,15,nearest-class,D1_3b,1
coda_15_187_nearest_dist_n1,15,nearest-distance,D1_3b,0
coda_15_191_direction_n1,15,direction,D1_3b,1
coda_15_195_counting_n1,15,counting,D1_3b,0
coda_15_202_counting_n1,15,counting,D1_3b,1
coda_15_205_nearest_dist_n1,15,nearest-distance,D1_3b,0
coda_15_209_nearest_dist_n1,15,nearest-distance,D1_3b,1
coda_15_210_direction_n1,15,direction,D1_3b,0
coda_15_212_counting_n1,15,counting,D1_3b,1
coda_15_238_counting_n1,15,counting,D1_3b,1
coda_15_240_nearest_dist_n1,15,nearest-distance,D1_3b,1
coda_15_241_nearest_dist_n1,15,nearest-distance,D1_3b,1
coda_15_242_direction_n1,15,direction,D1_3b,1
coda_15_243_counting_n1,15,counting,D1_3b,1
coda_15_296_counting_n1,15,counting,D1_3b,1
coda_15_297_nearest_class_n1,15,nearest-class,D1_3b,1
coda_16_10663_nearest_dist_n1,16,nearest-distance,D1_3b,1
coda_16_10665_direction_n1,16,direction,D1_3b,1
coda_16_10670_path_object_n1,16,path-object,D1_3b,1
coda_16_10673_counting_n1,16,counting,D1_3b,1
coda_16_10674_nearest_dist_n1,16,nearest-distance,D1_3b,1
coda_16_10679_nearest_dist_n1,16,nearest-distance,D1_3b,1
coda_16_10685_direction_n1,16,direction,D1_3b,1
coda_16_10692_path_object_n1,16,path-object,D1_3b,1
coda_16_10701_counting_n1,16,counting,D1_3b,1
coda_16_10704_nearest_class_n1,16,nearest-class,D1_3b,1
coda_16_10706_nearest_dist_n1,16,nearest-distance,D1_3b,1
coda_16_10820_direction_n1,16,direction,D1_3b,0
coda_16_10932_path_object_n1,16,path-object,D1_3b,0
coda_16_10934_counting_n1,16,counting,D1_3b,0
coda_16_10935_nearest_class_n1,16,nearest-class,D1_3b,1
coda_16_10937_nearest_dist_n1,16,nearest-distance,D1_3b,1
coda_16_10939_path_object_n1,16,path-object,D1_3b,1
coda_16_10946_path_object_n1,16,path-object,D1_3b,1
coda_16_10950_counting_n1,16,counting,D1_3b,0
coda_16_10958_nearest_class_n1,16,nearest-class,D1_3b,1
coda_16_10959_path_object_n1,16,path-object,D1_3b,1
coda_16_10961_path_object_n1,16,path-object,D1_3b,1
coda_16_11014_path_object_n1,16,path-object,D1_3b,1
coda_16_11016_counting_n1,16,counting,D1_3b,0
coda_16_11024_nearest_class_n1,16,nearest-class,D1_3b,1
coda_16_11030_nearest_dist_n1,16,nearest-distance,D1_3b,0
coda_16_11031_direction_n1,16,direction,D1_3b,1
coda_16_11063_path_object_n1,16,path-object,D1_3b,1
coda_16_11065_counting_n1,16,counting,D1_3b,0
coda_16_11066_nearest_dist_n1,16,nearest-distance,D1_3b,0
coda_16_11067_nearest_dist_n1,16,nearest-distance,D1_3b,0
coda_16_11070_direction_n1,16,direction,D1_3b,0
coda_16_11071_path_object_n1,16,path-object,D1_3b,1
coda_16_11076_counting_n1,16,counting,D1_3b,0
coda_16_11077_nearest_class_n1,16,nearest-class,D1_3b,1
coda_16_11080_nearest_dist_n1,16,nearest-distance,D1_3b,1
coda_16_11082_direction_n1,16,direction,D1_3b,1
coda_16_11083_path_object_n1,16,path-object,D1_3b,1
coda_16_11131_counting_n1,16,counting,D1_3b,1
coda_16_11133_nearest_class_n1,16,nearest-class,D1_3b,1
coda_16_11170_nearest_dist_n1,16,nearest-distance,D1_3b,1
coda_16_11171_nearest_dist_n1,16,nearest-distance,D1_3b,0
coda_16_11272_path_object_n1,16,path-object,D1_3b,1
coda_16_11275_counting_n1,16,counting,D1_3b,0
coda_16_11282_nearest_class_n1,16,nearest-class,D1_3b,1
coda_16_11307_nearest_dist_n1,16,nearest-distance,D1_3b,0
coda_16_11429_direction_n1,16,direction,D1_3b,0
coda_16_11516_counting_n1,16,counting,D1_3b,1
coda_16_11517_counting_n1,16,counting,D1_3b,1
coda_16_11518_nearest_dist_n1,16,nearest-distance,D1_3b,0
coda_16_11528_nearest_dist_n1,16,nearest-distance,D1_3b,0
coda_16_11536_counting_n1,16,counting,D1_3b,0
coda_16_11540_counting_n1,16,counting,D1_3b,0
coda_16_11541_counting_n1,16,counting,D1_3b,1
coda_16_11542_nearest_dist_n1,16,nearest-distance,D1_3b,1
coda_16_14901_nearest_dist_n1,16,nearest-distance,D1_3b,0
coda_16_14908_direction_n1,16,direction,D1_3b,0
coda_16_14909_path_object_n1,16,path-object,D1_3b,0
coda_16_14910_nearest_class_n1,16,nearest-class,D1_3b,1
coda_16_14911_nearest_class_n1,16,nearest-class,D1_3b,1
coda_16_14916_nearest_dist_n1,16,nearest-distance,D1_3b,1
coda_16_14919_direction_n1,16,direction,D1_3b,1
coda_16_14920_path_object_n1,16,path-object,D1_3b,1
coda_16_14921_counting_n1,16,counting,D1_3b,1
coda_16_14927_nearest_class_n1,16,nearest-class,D1_3b,1
coda_16_14931_nearest_dist_n1,16,nearest-distance,D1_3b,1
coda_16_15019_direction_n1,16,direction,D1_3b,1
coda_16_15027_path_object_n1,16,path-object,D1_3b,1
coda_16_15100_counting_n1,16,counting,D1_3b,1
coda_16_15137_nearest_class_n1,16,nearest-class,D1_3b,0
coda_16_15138_nearest_dist_n1,16,nearest-distance,D1_3b,0
coda_16_15217_direction_n1,16,direction,D1_3b,1
coda_16_15218_path_object_n1,16,path-object,D1_3b,1
coda_16_15750_counting_n1,16,counting,D1_3b,0
coda_16_3206_nearest_dist_n1,16,nearest-distance,D1_3b,1
coda_16_3269_direction_n1,16,direction,D1_3b,0
coda_16_3299_direction_n1,16,direction,D1_3b,1
coda_16_3301_path_object_n1,16,path-object,D1_3b,1
coda_16_3352_counting_n1,16,counting,D1_3b,1
coda_16_3355_nearest_class_n1,16,nearest-class,D1_3b,1
coda_16_3362_nearest_dist_n1,16,nearest-distance,D1_3b,0
coda_16_3367_direction_n1,16,direction,D1_3b,1
coda_16_3368_counting_n1,16,counting,D1_3b,0
coda_16_3464_counting_n1,16,counting,D1_3b,0
coda_16_3466_nearest_class_n1,16,nearest-class,D1_3b,1
coda_16_3658_direction_n1,16,direction,D1_3b,1
coda_16_3743_direction_n1,16,direction,D1_3b,1
coda_16_4069_path_object_n1,16,path-object,D1_3b,1
coda_16_4075_counting_n1,16,counting,D1_3b,0
coda_16_4256_nearest_class_n1,16,nearest-class,D1_3b,1
coda_16_4259_nearest_dist_n1,16,nearest-distance,D1_3b,1
coda_16_4263_direction_n1,16,direction,D1_3b,1
coda_16_4264_path_object_n1,16,path-object,D1_3b,1
coda_16_4267_counting_n1,16,counting,D1_3b,0
coda_16_4268_nearest_class_n1,16,nearest-class,D1_3b,1
coda_16_4271_nearest_dist_n1,16,nearest-distance,D1_3b,0
coda_16_5839_direction_n1,16,direction,D1_3b,0
coda_16_5849_path_object_n1,16,path-object,D1_3b,1
coda_16_6029_counting_n1,16,counting,D1_3b,1
coda_16_6030_nearest_class_n1,16,nearest-class,D1_3b,1
coda_16_6033_nearest_dist_n1,16,nearest-distance,D1_3b,1
coda_16_6035_direction_n1,16,direction,D1_3b,1
coda_16_6039_path_object_n1,16,path-object,D1_3b,1
coda_16_6085_counting_n1,16,counting,D1_3b,0
coda_16_6087_nearest_class_n1,16,nearest-class,D1_3b,1
coda_16_7061_direction_n1,16,direction,D1_3b,0
coda_16_7062_direction_n1,16,direction,D1_3b,0
coda_16_7070_nearest_dist_n1,16,nearest-distance,D1_3b,0
coda_16_7071_counting_n1,16,counting,D1_3b,0
coda_16_7072_nearest_dist_n1,16,nearest-distance,D1_3b,0
coda_16_7078_nearest_dist_n1,16,nearest-distance,D1_3b,0
coda_16_7146_direction_n1,16,direction,D1_3b,1
coda_16_7148_counting_n1,16,counting,D1_3b,0
coda_16_7149_counting_n1,16,counting,D1_3b,0
coda_16_7253_nearest_class_n1,16,nearest-class,D1_3b,1
coda_16_7350_nearest_dist_n1,16,nearest-distance,D1_3b,1
coda_16_7351_direction_n1,16,direction,D1_3b,0
coda_16_7355_path_object_n1,16,path-object,D1_3b,1
coda_16_7356_counting_n1,16,counting,D1_3b,1
coda_16_7358_nearest_dist_n1,16,nearest-distance,D1_3b,0
coda_16_7402_nearest_dist_n1,16,nearest-distance,D1_3b,1
coda_16_7457_direction_n1,16,direction,D1_3b,1
coda_16_7458_path_object_n1,16,path-object,D1_3b,1
coda_16_7467_counting_n1,16,counting,D1_3b,1
coda_16_7472_nearest_class_n1,16,nearest-class,D1_3b,1
coda_16_7473_nearest_dist_n1,16,nearest-distance,D1_3b,1
coda_16_7477_direction_n1,16,direction,D1_3b,1
coda_16_7481_path_object_n1,16,path-object,D1_3b,1
coda_16_7482_counting_n1,16,counting,D1_3b,1
coda_16_7492_nearest_class_n1,16,nearest-class,D1_3b,1
coda_16_7494_nearest_dist_n1,16,nearest-distance,D1_3b,0
coda_16_8699_direction_n1,16,direction,D1_3b,1
coda_16_8705_path_object_n1,16,path-object,D1_3b,1
coda_16_8708_counting_n1,16,counting,D1_3b,1
coda_16_8710_nearest_class_n1,16,nearest-class,D1_3b,1
coda_16_8766_direction_n1,16,direction,D1_3b,1
coda_16_8767_direction_n1,16,direction,D1_3b,0
coda_16_8769_path_object_n1,16,path-object,D1_3b,1
coda_16_8775_counting_n1,16,counting,D1_3b,0
coda_16_8781_nearest_class_n1,16,nearest-class,D1_3b,1
coda_16_8787_nearest_dist_n1,16,nearest-distance,D1_3b,0
coda_16_8825_direction_n1,16,direction,D1_3b,0
coda_16_8828_counting_n1,16,counting,D1_3b,1
coda_16_8955_counting_n1,16,counting,D1_3b,0
coda_16_9027_nearest_dist_n1,16,nearest-distance,D1_3b,1
coda_16_9034_nearest_dist_n1,16,nearest-distance,D1_3b,1
coda_16_9035_direction_n1,16,direction,D1_3b,1
coda_16_9038_counting_n1,16,counting,D1_3b,1
coda_16_9041_counting_n1,16,counting,D1_3b,0
coda_16_9051_counting_n1,16,counting,D1_3b,1
coda_16_9127_nearest_dist_n1,16,nearest-distance,D1_3b,0
coda_16_9130_direction_n1,16,direction,D1_3b,1
coda_16_9135_counting_n1,16,counting,D1_3b,1
coda_16_9138_counting_n1,16,counting,D1_3b,0
coda_16_9229_nearest_class_n1,16,nearest-class,D1_3b,1
coda_17_10197_nearest_dist_n1,17,nearest-distance,D1_3b,1
coda_17_10199_direction_n1,17,direction,D1_3b,1
coda_17_10201_path_object_n1,17,path-object,D1_3b,1
coda_17_10930_nearest_class_n1,17,nearest-class,D1_3b,1
coda_17_10931_nearest_class_n1,17,nearest-class,D1_3b,1
coda_17_10934_direction_n1,17,direction,D1_3b,1
coda_17_10935_direction_n1,17,direction,D1_3b,1
coda_17_10940_path_object_n1,17,path-object,D1_3b,1
coda_17_10943_nearest_class_n1,17,nearest-class,D1_3b,1
coda_17_10951_nearest_class_n1,17,nearest-class,D1_3b,1
coda_17_10955_nearest_dist_n1,17,nearest-distance,D1_3b,1
coda_17_10961_direction_n1,17,direction,D1_3b,1
coda_17_10962_path_object_n1,17,path-object,D1_3b,1
coda_17_10967_counting_n1,17,counting,D1_3b,0
coda_17_11006_nearest_class_n1,17,nearest-class,D1_3b,1
coda_17_2050_nearest_dist_n1,17,nearest-distance,D1_3b,0
coda_17_2051_direction_n1,17,direction,D1_3b,1
coda_17_2064_path_object_n1,17,path-object,D1_3b,1
coda_17_2098_counting_n1,17,counting,D1_3b,1
coda_17_2104_nearest_class_n1,17,nearest-class,D1_3b,1
coda_17_2120_path_object_n1,17,path-object,D1_3b,1
coda_17_2122_path_object_n1,17,path-object,D1_3b,1
coda_17_2173_counting_n1,17,counting,D1_3b,0
coda_17_6027_counting_n1,17,counting,D1_3b,1
coda_17_6183_nearest_class_n1,17,nearest-class,D1_3b,1
coda_17_6187_nearest_dist_n1,17,nearest-distance,D1_3b,0
coda_17_6192_path_object_n1,17,path-object,D1_3b,1
coda_17_6194_path_object_n1,17,path-object,D1_3b,1
coda_17_6197_counting_n1,17,counting,D1_3b,0
coda_17_6198_nearest_class_n1,17,nearest-class,D1_3b,1
coda_17_6201_nearest_dist_n1,17,nearest-distance,D1_3b,1
coda_17_6203_direction_n1,17,direction,D1_3b,1
coda_17_6207_path_object_n1,17,path-object,D1_3b,1
coda_17_6208_counting_n1,17,counting,D1_3b,0
coda_17_6209_nearest_class_n1,17,nearest-class,D1_3b,0
coda_17_6210_direction_n1,17,direction,D1_3b,0
coda_17_6216_direction_n1,17,direction,D1_3b,1
coda_17_6336_path_object_n1,17,path-object,D1_3b,1
coda_17_6337_counting_n1,17,counting,D1_3b,1
coda_17_6341_nearest_dist_n1,17,nearest-distance,D1_3b,0
coda_17_7781_nearest_dist_n1,17,nearest-distance,D1_3b,0
coda_17_7786_path_object_n1,17,path-object,D1_3b,1
coda_17_7793_path_object_n1,17,path-object,D1_3b,1
coda_17_7800_counting_n1,17,counting,D1_3b,1
coda_17_7807_nearest_dist_n1,17,nearest-distance,D1_3b,1
coda_17_8272_nearest_dist_n1,17,nearest-distance,D1_3b,0
coda_17_8275_direction_n1,17,direction,D1_3b,1
coda_17_8276_path_object_n1,17,path-object,D1_3b,0
coda_17_9866_counting_n1,17,counting,D1_3b,1
coda_17_9874_nearest_class_n1,17,nearest-class,D1_3b,1
coda_17_9875_nearest_dist_n1,17,nearest-distance,D1_3b,0
coda_17_9876_direction_n1,17,direction,D1_3b,0
coda_18_1654_path_object_n1,18,path-object,D1_3b,1
coda_18_1657_counting_n1,18,counting,D1_3b,0
coda_18_1660_path_object_n1,18,path-object,D1_3b,1
coda_18_1663_path_object_n1,18,path-object,D1_3b,1
coda_18_1705_direction_n1,18,direction,D1_3b,1
coda_18_1711_path_object_n1,18,path-object,D1_3b,0
coda_18_1716_counting_n1,18,counting,D1_3b,1
coda_18_1722_nearest_class_n1,18,nearest-class,D1_3b,1
coda_18_6581_nearest_dist_n1,18,nearest-distance,D1_3b,1
coda_18_6634_direction_n1,18,direction,D1_3b,0
coda_18_6648_path_object_n1,18,path-object,D1_3b,1
coda_18_6652_counting_n1,18,counting,D1_3b,0
coda_18_6653_nearest_class_n1,18,nearest-class,D1_3b,1
coda_19_2757_nearest_dist_n1,19,nearest-distance,D1_3b,0
coda_19_2759_direction_n1,19,direction,D1_3b,0
coda_19_2768_path_object_n1,19,path-object,D1_3b,1
coda_19_2770_counting_n1,19,counting,D1_3b,1
coda_19_2775_nearest_class_n1,19,nearest-class,D1_3b,1
coda_19_2786_nearest_dist_n1,19,nearest-distance,D1_3b,0
coda_19_2795_direction_n1,19,direction,D1_3b,0
coda_19_2799_path_object_n1,19,path-object,D1_3b,1
coda_19_2800_counting_n1,19,counting,D1_3b,0
coda_19_2801_nearest_class_n1,19,nearest-class,D1_3b,0
coda_19_2806_nearest_dist_n1,19,nearest-distance,D1_3b,0
coda_19_2814_direction_n1,19,direction,D1_3b,1
coda_19_2816_path_object_n1,19,path-object,D1_3b,1
coda_19_2820_counting_n1,19,counting,D1_3b,0
coda_19_2824_direction_n1,19,direction,D1_3b,1
coda_19_2892_direction_n1,19,direction,D1_3b,1
coda_1_1851_path_object_n1,1,path-object,D1_3b,1
coda_1_1852_path_object_n1,1,path-object,D1_3b,1
coda_1_1857_counting_n1,1,counting,D1_3b,0
coda_1_1858_nearest_class_n1,1,nearest-class,D1_3b,1
coda_1_1864_nearest_dist_n1,1,nearest-distance,D1_3b,0
coda_1_1908_direction_n1,1,direction,D1_3b,1
coda_1_1915_path_object_n1,1,path-object,D1_3b,1
coda_1_2006_counting_n1,1,counting,D1_3b,0
coda_1_2045_nearest_class_n1,1,nearest-class,D1_3b,1
coda_1_2078_nearest_dist_n1,1,nearest-distance,D1_3b,1
coda_1_2081_path_object_n1,1,path-object,D1_3b,1
coda_1_2083_path_object_n1,1,path-object,D1_3b,1
coda_1_2085_counting_n1,1,counting,D1_3b,0
coda_1_2088_nearest_class_n1,1,nearest-class,D1_3b,1
coda_1_2092_path_object_n1,1,path-object,D1_3b,1
coda_1_2093_direction_n1,1,direction,D1_3b,1
coda_1_2099_path_object_n1,1,path-object,D1_3b,1
coda_1_2105_counting_n1,1,counting,D1_3b,0
coda_1_2106_nearest_class_n1,1,nearest-class,D1_3b,1
coda_1_2109_nearest_dist_n1,1,nearest-distance,D1_3b,1
coda_1_2111_direction_n1,1,direction,D1_3b,1
coda_1_2157_path_object_n1,1,path-object,D1_3b,1
coda_1_2161_counting_n1,1,counting,D1_3b,0
coda_1_2166_nearest_class_n1,1,nearest-class,D1_3b,1
coda_1_2232_nearest_dist_n1,1,nearest-distance,D1_3b,1
coda_1_2234_direction_n1,1,direction,D1_3b,0
coda_1_2236_counting_n1,1,counting,D1_3b,1
coda_1_2237_counting_n1,1,counting,D1_3b,0
coda_1_2238_nearest_class_n1,1,nearest-class,D1_3b,0
coda_1_2244_nearest_dist_n1,1,nearest-distance,D1_3b,1
coda_1_2245_direction_n1,1,direction,D1_3b,0
coda_1_2937_path_object_n1,1,path-object,D1_3b,1
coda_1_2939_nearest_class_n1,1,nearest-class,D1_3b,1
coda_1_2952_nearest_class_n1,1,nearest-class,D1_3b,1
coda_1_2955_nearest_dist_n1,1,nearest-distance,D1_3b,0
coda_1_2968_direction_n1,1,direction,D1_3b,1
coda_1_2983_path_object_n1,1,path-object,D1_3b,0
coda_1_2984_counting_n1,1,counting,D1_3b,0
coda_1_3371_nearest_dist_n1,1,nearest-distance,D1_3b,1
coda_20_10010_direction_n1,20,direction,D1_3b,1
coda_20_10011_direction_n1,20,direction,D1_3b,1
coda_20_10012_path_object_n1,20,path-object,D1_3b,1
coda_20_10026_nearest_class_n1,20,nearest-class,D1_3b,1
coda_20_10032_nearest_class_n1,20,nearest-class,D1_3b,1
coda_20_10033_nearest_dist_n1,20,nearest-distance,D1_3b,0
coda_20_10034_path_object_n1,20,path-object,D1_3b,1
coda_20_10117_counting_n1,20,counting,D1_3b,1
coda_20_10118_counting_n1,20,counting,D1_3b,0
coda_20_10193_nearest_class_n1,20,nearest-class,D1_3b,1
coda_20_10203_nearest_dist_n1,20,nearest-distance,D1_3b,1
coda_20_10212_direction_n1,20,direction,D1_3b,1
coda_20_10325_path_object_n1,20,path-object,D1_3b,1
coda_20_10328_nearest_class_n1,20,nearest-class,D1_3b,1
coda_20_10333_nearest_class_n1,20,nearest-class,D1_3b,1
coda_20_10334_nearest_dist_n1,20,nearest-distance,D1_3b,0
coda_20_10335_direction_n1,20,direction,D1_3b,1
coda_20_10340_path_object_n1,20,path-object,D1_3b,1
coda_20_10378_counting_n1,20,counting,D1_3b,1
coda_20_10380_direction_n1,20,direction,D1_3b,1
coda_20_10386_direction_n1,20,direction,D1_3b,1
coda_20_10387_direction_n1,20,direction,D1_3b,0
coda_20_10388_nearest_dist_n1,20,nearest-distance,D1_3b,1
coda_20_10393_nearest_class_n1,20,nearest-class,D1_3b,1
coda_20_10394_nearest_class_n1,20,nearest-class,D1_3b,1
coda_20_10396_nearest_dist_n1,20,nearest-distance,D1_3b,1
coda_20_10397_direction_n1,20,direction,D1_3b,0
coda_20_10399_path_object_n1,20,path-object,D1_3b,1
coda_20_10409_counting_n1,20,counting,D1_3b,1
coda_20_10414_nearest_dist_n1,20,nearest-distance,D1_3b,1
coda_20_10415_nearest_dist_n1,20,nearest-distance,D1_3b,1
coda_20_10425_direction_n1,20,direction,D1_3b,0
coda_20_10426_path_object_n1,20,path-object,D1_3b,1
coda_20_10427_nearest_class_n1,20,nearest-class,D1_3b,1
coda_20_10428_nearest_class_n1,20,nearest-class,D1_3b,1
coda_20_1076_nearest_dist_n1,20,nearest-distance,D1_3b,1
coda_20_1077_direction_n1,20,direction,D1_3b,0
coda_20_1078_path_object_n1,20,path-object,D1_3b,1
coda_20_1137_counting_n1,20,counting,D1_3b,1
coda_20_1140_nearest_class_n1,20,nearest-class,D1_3b,1
coda_20_1144_direction_n1,20,direction,D1_3b,1
coda_20_11920_path_object_n1,20,path-object,D1_3b,1
coda_20_12092_counting_n1,20,counting,D1_3b,1
coda_20_12095_counting_n1,20,counting,D1_3b,0
coda_20_12099_nearest_class_n1,20,nearest-class,D1_3b,1
coda_20_12100_direction_n1,20,direction,D1_3b,1
coda_20_12104_direction_n1,20,direction,D1_3b,1
coda_20_12106_path_object_n1,20,path-object,D1_3b,1
coda_20_12108_counting_n1,20,counting,D1_3b,1
coda_20_1219_nearest_class_n1,20,nearest-class,D1_3b,1
coda_20_1222_direction_n1,20,direction,D1_3b,1
coda_20_12638_direction_n1,20,direction,D1_3b,1
coda_20_12643_path_object_n1,20,path-object,D1_3b,1
coda_20_12771_direction_n1,20,direction,D1_3b,1
coda_20_12810_nearest_dist_n1,20,nearest-distance,D1_3b,1
coda_20_12868_direction_n1,20,direction,D1_3b,1
coda_20_12869_direction_n1,20,direction,D1_3b,0
coda_20_12872_path_object_n1,20,path-object,D1_3b,1
coda_20_12874_counting_n1,20,counting,D1_3b,0
coda_20_12883_nearest_class_n1,20,nearest-class,D1_3b,1
coda_20_12892_nearest_dist_n1,20,nearest-distance,D1_3b,1
coda_20_12895_direction_n1,20,direction,D1_3b,1
coda_20_12897_counting_n1,20,counting,D1_3b,0
coda_20_12900_counting_n1,20,counting,D1_3b,1
coda_20_12901_nearest_class_n1,20,nearest-class,D1_3b,1
coda_20_12982_nearest_dist_n1,20,nearest-distance,D1_3b,1
coda_20_12984_direction_n1,20,direction,D1_3b,1
coda_20_12986_path_object_n1,20,path-object,D1_3b,1
coda_20_12987_counting_n1,20,counting,D1_3b,0
coda_20_12988_nearest_class_n1,20,nearest-class,D1_3b,1
coda_20_12996_nearest_dist_n1,20,nearest-distance,D1_3b,0
coda_20_13003_direction_n1,20,direction,D1_3b,0
coda_20_13013_path_object_n1,20,path-object,D1_3b,1
coda_20_13016_counting_n1,20,counting,D1_3b,0
coda_20_13019_nearest_class_n1,20,nearest-class,D1_3b,1
coda_20_13025_nearest_dist_n1,20,nearest-distance,D1_3b,1
coda_20_13029_direction_n1,20,direction,D1_3b,0
coda_20_13038_path_object_n1,20,path-object,D1_3b,1
coda_20_13039_counting_n1,20,counting,D1_3b,0
coda_20_13048_nearest_dist_n1,20,nearest-distance,D1_3b,1
coda_20_13054_nearest_dist_n1,20,nearest-distance,D1_3b,1
coda_20_13060_direction_n1,20,direction,D1_3b,0
coda_20_13064_path_object_n1,20,path-object,D1_3b,1
coda_20_13071_nearest_class_n1,20,nearest-class,D1_3b,1
coda_20_13079_nearest_dist_n1,20,nearest-distance,D1_3b,1
coda_20_13081_nearest_dist_n1,20,nearest-distance,D1_3b,1
coda_20_13143_direction_n1,20,direction,D1_3b,0
coda_20_13146_path_object_n1,20,path-object,D1_3b,1
coda_20_13210_counting_n1,20,counting,D1_3b,1
coda_20_13211_nearest_class_n1,20,nearest-class,D1_3b,1
coda_20_13212_direction_n1,20,direction,D1_3b,1
coda_20_13214_direction_n1,20,direction,D1_3b,1
coda_20_13215_path_object_n1,20,path-object,D1_3b,1
coda_20_13251_counting_n1,20,counting,D1_3b,0
coda_20_13261_nearest_class_n1,20,nearest-class,D1_3b,1
coda_20_13262_nearest_dist_n1,20,nearest-distance,D1_3b,1
coda_20_13263_direction_n1,20,direction,D1_3b,1
coda_20_13269_path_object_n1,20,path-object,D1_3b,1
coda_20_13270_counting_n1,20,counting,D1_3b,0
coda_20_13271_nearest_class_n1,20,nearest-class,D1_3b,1
coda_20_3056_direction_n1,20,direction,D1_3b,1
coda_20_3066_direction_n1,20,direction,D1_3b,0
coda_20_3067_path_object_n1,20,path-object,D1_3b,1
coda_20_3174_nearest_class_n1,20,nearest-class,D1_3b,1
coda_20_3292_nearest_class_n1,20,nearest-class,D1_3b,1
coda_20_3293_direction_n1,20,direction,D1_3b,1
coda_20_3305_direction_n1,20,direction,D1_3b,1
coda_20_3311_path_object_n1,20,path-object,D1_3b,1
coda_20_3387_nearest_class_n1,20,nearest-class,D1_3b,1
coda_20_3453_nearest_class_n1,20,nearest-class,D1_3b,1
coda_20_3486_direction_n1,20,direction,D1_3b,1
coda_20_3489_direction_n1,20,direction,D1_3b,1
coda_20_3494_path_object_n1,20,path-object,D1_3b,1
coda_20_3497_counting_n1,20,counting,D1_3b,1
coda_20_4243_nearest_class_n1,20,nearest-class,D1_3b,1
coda_20_4250_nearest_dist_n1,20,nearest-distance,D1_3b,1
coda_20_4256_direction_n1,20,direction,D1_3b,0
coda_20_4260_path_object_n1,20,path-object,D1_3b,1
coda_20_4261_counting_n1,20,counting,D1_3b,1
coda_20_4262_nearest_class_n1,20,nearest-class,D1_3b,1
coda_20_4267_direction_n1,20,direction,D1_3b,1
coda_20_4300_direction_n1,20,direction,D1_3b,0
coda_20_4303_path_object_n1,20,path-object,D1_3b,1
coda_20_4356_counting_n1,20,counting,D1_3b,0
coda_20_4357_nearest_dist_n1,20,nearest-distance,D1_3b,1
coda_20_4554_nearest_dist_n1,20,nearest-distance,D1_3b,1
coda_20_4566_direction_n1,20,direction,D1_3b,1
coda_20_4567_path_object_n1,20,path-object,D1_3b,1
coda_20_4573_counting_n1,20,counting,D1_3b,1
coda_20_4630_nearest_class_n1,20,nearest-class,D1_3b,1
coda_20_4876_nearest_dist_n1,20,nearest-distance,D1_3b,1
coda_20_4877_direction_n1,20,direction,D1_3b,1
coda_20_4883_path_object_n1,20,path-object,D1_3b,1
coda_20_4885_counting_n1,20,counting,D1_3b,0
coda_20_4890_nearest_class_n1,20,nearest-class,D1_3b,1
coda_20_4894_direction_n1,20,direction,D1_3b,0
coda_20_4926_path_object_n1,20,path-object,D1_3b,1
coda_20_4928_path_object_n1,20,path-object,D1_3b,1
coda_20_4932_nearest_class_n1,20,nearest-class,D1_3b,1
coda_20_4934_nearest_class_n1,20,nearest-class,D1_3b,1
coda_20_4938_nearest_dist_n1,20,nearest-distance,D1_3b,0
coda_20_4939_direction_n1,20,direction,D1_3b,1
coda_20_4943_path_object_n1,20,path-object,D1_3b,1
coda_20_4944_counting_n1,20,counting,D1_3b,1
coda_20_4948_nearest_dist_n1,20,nearest-distance,D1_3b,0
coda_20_4952_nearest_dist_n1,20,nearest-distance,D1_3b,1
coda_20_4953_direction_n1,20,direction,D1_3b,1
coda_20_5288_path_object_n1,20,path-object,D1_3b,1
coda_20_5293_nearest_class_n1,20,nearest-class,D1_3b,1
coda_20_5300_nearest_class_n1,20,nearest-class,D1_3b,1
coda_20_5354_nearest_dist_n1,20,nearest-distance,D1_3b,1
coda_20_5357_direction_n1,20,direction,D1_3b,1
coda_20_5359_path_object_n1,20,path-object,D1_3b,1
coda_20_5361_counting_n1,20,counting,D1_3b,1
coda_20_5476_nearest_class_n1,20,nearest-class,D1_3b,1
coda_20_5477_nearest_dist_n1,20,nearest-distance,D1_3b,1
coda_20_5489_direction_n1,20,direction,D1_3b,1
coda_20_5611_counting_n1,20,counting,D1_3b,0
coda_20_5674_nearest_class_n1,20,nearest-class,D1_3b,1
coda_20_5684_nearest_class_n1,20,nearest-class,D1_3b,1
coda_20_5689_nearest_dist_n1,20,nearest-distance,D1_3b,1
coda_20_5690_direction_n1,20,direction,D1_3b,1
coda_20_5701_path_object_n1,20,path-object,D1_3b,1
coda_20_5702_nearest_class_n1,20,nearest-class,D1_3b,1
coda_20_5703_nearest_class_n1,20,nearest-class,D1_3b,1
coda_20_5704_nearest_dist_n1,20,nearest-distance,D1_3b,1
coda_20_5752_path_object_n1,20,path-object,D1_3b,1
coda_20_7488_path_object_n1,20,path-object,D1_3b,1
coda_20_7489_counting_n1,20,counting,D1_3b,1
coda_20_7493_nearest_class_n1,20,nearest-class,D1_3b,1
coda_20_7526_nearest_dist_n1,20,nearest-distance,D1_3b,1
coda_20_7534_direction_n1,20,direction,D1_3b,1
coda_20_7536_counting_n1,20,counting,D1_3b,0
coda_20_7542_counting_n1,20,counting,D1_3b,1
coda_20_7544_nearest_class_n1,20,nearest-class,D1_3b,1
coda_20_7630_nearest_dist_n1,20,nearest-distance,D1_3b,0
coda_20_7703_direction_n1,20,direction,D1_3b,0
coda_20_7710_path_object_n1,20,path-object,D1_3b,1
coda_20_7712_counting_n1,20,counting,D1_3b,1
coda_20_7715_nearest_class_n1,20,nearest-class,D1_3b,1
coda_20_7751_direction_n1,20,direction,D1_3b,0
coda_20_7923_direction_n1,20,direction,D1_3b,1
coda_20_7927_path_object_n1,20,path-object,D1_3b,1
coda_20_7928_nearest_class_n1,20,nearest-class,D1_3b,1
coda_20_7936_nearest_class_n1,20,nearest-class,D1_3b,1
coda_20_7937_nearest_dist_n1,20,nearest-distance,D1_3b,1
coda_20_7938_direction_n1,20,direction,D1_3b,1
coda_20_7968_path_object_n1,20,path-object,D1_3b,1
coda_20_8176_counting_n1,20,counting,D1_3b,0
coda_20_8178_nearest_class_n1,20,nearest-class,D1_3b,1
coda_20_8181_nearest_dist_n1,20,nearest-distance,D1_3b,1
coda_20_8182_direction_n1,20,direction,D1_3b,0
coda_20_8183_path_object_n1,20,path-object,D1_3b,1
coda_20_8185_counting_n1,20,counting,D1_3b,0
coda_20_8196_nearest_class_n1,20,nearest-class,D1_3b,1
coda_20_8198_nearest_dist_n1,20,nearest-distance,D1_3b,0
coda_20_8466_direction_n1,20,direction,D1_3b,1
coda_20_8467_path_object_n1,20,path-object,D1_3b,1
coda_20_8474_nearest_class_n1,20,nearest-class,D1_3b,1
coda_20_8475_nearest_class_n1,20,nearest-class,D1_3b,1
coda_20_8483_nearest_dist_n1,20,nearest-distance,D1_3b,1
coda_20_8519_direction_n1,20,direction,D1_3b,1
coda_20_8613_path_object_n1,20,path-object,D1_3b,1
coda_20_8618_nearest_class_n1,20,nearest-class,D1_3b,1
coda_20_8619_nearest_class_n1,20,nearest-class,D1_3b,1
coda_20_8738_direction_n1,20,direction,D1_3b,1
coda_20_8741_direction_n1,20,direction,D1_3b,1
coda_20_8742_path_object_n1,20,path-object,D1_3b,1
coda_20_8744_counting_n1,20,counting,D1_3b,0
coda_20_8746_nearest_class_n1,20,nearest-class,D1_3b,1
coda_20_8747_nearest_dist_n1,20,nearest-distance,D1_3b,1
coda_20_8751_direction_n1,20,direction,D1_3b,1
coda_20_8783_path_object_n1,20,path-object,D1_3b,1
coda_20_8792_counting_n1,20,counting,D1_3b,0
coda_20_8795_nearest_dist_n1,20,nearest-distance,D1_3b,1
coda_20_8803_nearest_dist_n1,20,nearest-distance,D1_3b,1
coda_20_8806_direction_n1,20,direction,D1_3b,1
coda_20_8808_path_object_n1,20,path-object,D1_3b,1
coda_20_8813_counting_n1,20,counting,D1_3b,1
coda_20_8824_nearest_class_n1,20,nearest-class,D1_3b,1
coda_20_8845_path_object_n1,20,path-object,D1_3b,1
coda_20_9392_path_object_n1,20,path-object,D1_3b,1
coda_20_9393_path_object_n1,20,path-object,D1_3b,1
coda_20_9397_nearest_class_n1,20,nearest-class,D1_3b,1
coda_20_9406_nearest_class_n1,20,nearest-class,D1_3b,1
coda_20_9411_direction_n1,20,direction,D1_3b,1
coda_20_9412_direction_n1,20,direction,D1_3b,1
coda_20_9424_path_object_n1,20,path-object,D1_3b,1
coda_20_9429_counting_n1,20,counting,D1_3b,1
coda_20_9432_nearest_class_n1,20,nearest-class,D1_3b,1
coda_20_9436_nearest_dist_n1,20,nearest-distance,D1_3b,0
coda_20_9471_direction_n1,20,direction,D1_3b,1
coda_20_9474_path_object_n1,20,path-object,D1_3b,1
coda_20_9478_counting_n1,20,counting,D1_3b,1
coda_20_9479_nearest_class_n1,20,nearest-class,D1_3b,1
coda_20_9612_nearest_dist_n1,20,nearest-distance,D1_3b,1
coda_20_9722_direction_n1,20,direction,D1_3b,0
coda_20_9725_path_object_n1,20,path-object,D1_3b,1
coda_20_9727_counting_n1,20,counting,D1_3b,0
coda_20_9728_nearest_class_n1,20,nearest-class,D1_3b,1
coda_20_973_direction_n1,20,direction,D1_3b,1
coda_20_9736_direction_n1,20,direction,D1_3b,1
coda_20_9737_path_object_n1,20,path-object,D1_3b,1
coda_20_9745_counting_n1,20,counting,D1_3b,0
coda_20_9746_nearest_class_n1,20,nearest-class,D1_3b,1
coda_20_9754_nearest_dist_n1,20,nearest-distance,D1_3b,1
coda_20_9785_direction_n1,20,direction,D1_3b,1
coda_20_9787_path_object_n1,20,path-object,D1_3b,1
coda_20_9788_counting_n1,20,counting,D1_3b,1
coda_20_9790_nearest_class_n1,20,nearest-class,D1_3b,1
coda_20_9927_nearest_dist_n1,20,nearest-distance,D1_3b,1
coda_20_9928_direction_n1,20,direction,D1_3b,1
coda_20_9958_path_object_n1,20,path-object,D1_3b,1
coda_20_9959_counting_n1,20,counting,D1_3b,0
coda_2_2441_nearest_class_n1,2,nearest-class,D1_3b,0
coda_2_2442_nearest_dist_n1,2,nearest-distance,D1_3b,0
coda_2_2443_direction_n1,2,direction,D1_3b,0
coda_2_2457_path_object_n1,2,path-object,D1_3b,1
coda_2_2459_counting_n1,2,counting,D1_3b,1
coda_2_2460_nearest_class_n1,2,nearest-class,D1_3b,1
coda_2_2465_nearest_dist_n1,2,nearest-distance,D1_3b,1
coda_2_2468_path_object_n1,2,path-object,D1_3b,1
coda_2_2537_path_object_n1,2,path-object,D1_3b,0
coda_2_2539_counting_n1,2,counting,D1_3b,0
coda_2_2541_nearest_class_n1,2,nearest-class,D1_3b,1
coda_2_2544_nearest_dist_n1,2,nearest-distance,D1_3b,1
coda_2_2545_direction_n1,2,direction,D1_3b,1
coda_2_5041_path_object_n1,2,path-object,D1_3b,1
coda_2_5044_counting_n1,2,counting,D1_3b,1
coda_2_5046_nearest_dist_n1,2,nearest-distance,D1_3b,0
coda_2_5048_nearest_dist_n1,2,nearest-distance,D1_3b,0
coda_2_5051_path_object_n1,2,path-object,D1_3b,0
coda_2_5058_path_object_n1,2,path-object,D1_3b,0
coda_2_5060_counting_n1,2,counting,D1_3b,1
coda_2_5081_direction_n1,2,direction,D1_3b,1
coda_2_5084_direction_n1,2,direction,D1_3b,0
coda_2_5086_direction_n1,2,direction,D1_3b,1
coda_2_5091_path_object_n1,2,path-object,D1_3b,0
coda_2_5093_counting_n1,2,counting,D1_3b,0
coda_2_5094_nearest_class_n1,2,nearest-class,D1_3b,0
coda_2_5101_direction_n1,2,direction,D1_3b,1
coda_2_5104_direction_n1,2,direction,D1_3b,0
coda_2_5109_path_object_n1,2,path-object,D1_3b,0
coda_2_5111_counting_n1,2,counting,D1_3b,1
coda_2_5112_nearest_class_n1,2,nearest-class,D1_3b,0
coda_2_5114_nearest_dist_n1,2,nearest-distance,D1_3b,0
coda_2_5120_path_object_n1,2,path-object,D1_3b,0
coda_2_5122_path_object_n1,2,path-object,D1_3b,0
coda_2_5126_counting_n1,2,counting,D1_3b,0
coda_2_5129_nearest_class_n1,2,nearest-class,D1_3b,0
coda_2_5198_nearest_dist_n1,2,nearest-distance,D1_3b,0
coda_2_5202_path_object_n1,2,path-object,D1_3b,1
coda_2_5203_counting_n1,2,counting,D1_3b,0
coda_2_5205_counting_n1,2,counting,D1_3b,1
coda_2_5289_nearest_dist_n1,2,nearest-distance,D1_3b,1
coda_2_5293_nearest_dist_n1,2,nearest-distance,D1_3b,0
coda_2_5338_direction_n1,2,direction,D1_3b,1
coda_2_5339_path_object_n1,2,path-object,D1_3b,1
coda_2_5587_counting_n1,2,counting,D1_3b,0
coda_2_5589_nearest_class_n1,2,nearest-class,D1_3b,1
coda_2_5591_nearest_dist_n1,2,nearest-distance,D1_3b,1
coda_2_5593_direction_n1,2,direction,D1_3b,1
coda_2_5595_path_object_n1,2,path-object,D1_3b,1
coda_2_6852_counting_n1,2,counting,D1_3b,1
coda_2_6962_nearest_class_n1,2,nearest-class,D1_3b,1
coda_2_6968_direction_n1,2,direction,D1_3b,1
coda_2_6970_direction_n1,2,direction,D1_3b,1
coda_2_6974_path_object_n1,2,path-object,D1_3b,1
coda_2_6975_counting_n1,2,counting,D1_3b,1
coda_2_6988_nearest_dist_n1,2,nearest-distance,D1_3b,0
coda_2_6990_direction_n1,2,direction,D1_3b,1
coda_2_7032_counting_n1,2,counting,D1_3b,1
coda_2_7141_path_object_n1,2,path-object,D1_3b,0
coda_2_7142_counting_n1,2,counting,D1_3b,0
coda_2_7149_nearest_class_n1,2,nearest-class,D1_3b,1
coda_3_11984_nearest_dist_n1,3,nearest-distance,D1_3b,0
coda_3_12067_direction_n1,3,direction,D1_3b,0
coda_3_12069_path_object_n1,3,path-object,D1_3b,1
coda_3_12072_counting_n1,3,counting,D1_3b,0
coda_3_12075_nearest_class_n1,3,nearest-class,D1_3b,1
coda_3_12137_direction_n1,3,direction,D1_3b,1
coda_3_12145_direction_n1,3,direction,D1_3b,1
coda_3_12149_path_object_n1,3,path-object,D1_3b,1
coda_3_1820_counting_n1,3,counting,D1_3b,0
coda_3_1825_nearest_class_n1,3,nearest-class,D1_3b,1
coda_3_1826_nearest_dist_n1,3,nearest-distance,D1_3b,0
coda_3_1837_path_object_n1,3,path-object,D1_3b,1
coda_3_1840_path_object_n1,3,path-object,D1_3b,1
coda_3_1842_counting_n1,3,counting,D1_3b,1
coda_3_1844_nearest_class_n1,3,nearest-class,D1_3b,1
coda_3_1933_nearest_dist_n1,3,nearest-distance,D1_3b,0
coda_3_1934_direction_n1,3,direction,D1_3b,1
coda_3_1937_path_object_n1,3,path-object,D1_3b,1
coda_3_1942_counting_n1,3,counting,D1_3b,0
coda_3_1996_nearest_class_n1,3,nearest-class,D1_3b,1
coda_3_2000_direction_n1,3,direction,D1_3b,1
coda_3_2001_direction_n1,3,direction,D1_3b,1
coda_3_2009_path_object_n1,3,path-object,D1_3b,1
coda_3_2015_counting_n1,3,counting,D1_3b,1
coda_3_2026_nearest_class_n1,3,nearest-class,D1_3b,1
coda_3_2027_direction_n1,3,direction,D1_3b,1
coda_3_2033_direction_n1,3,direction,D1_3b,1
coda_4_1337_path_object_n1,4,path-object,D1_3b,1
coda_4_1340_counting_n1,4,counting,D1_3b,0
coda_4_1343_nearest_class_n1,4,nearest-class,D1_3b,1
coda_4_1427_nearest_dist_n1,4,nearest-distance,D1_3b,0
coda_4_1431_path_object_n1,4,path-object,D1_3b,1
coda_4_1475_path_object_n1,4,path-object,D1_3b,1
coda_4_1476_counting_n1,4,counting,D1_3b,0
coda_4_6639_nearest_class_n1,4,nearest-class,D1_3b,1
coda_4_6640_direction_n1,4,direction,D1_3b,1
coda_4_6644_path_object_n1,4,path-object,D1_3b,1
coda_4_6651_path_object_n1,4,path-object,D1_3b,0
coda_4_6653_counting_n1,4,counting,D1_3b,0
coda_4_6656_nearest_class_n1,4,nearest-class,D1_3b,1
coda_4_6663_nearest_dist_n1,4,nearest-distance,D1_3b,0
coda_4_6694_direction_n1,4,direction,D1_3b,0
coda_4_6769_path_object_n1,4,path-object,D1_3b,1
coda_4_6774_counting_n1,4,counting,D1_3b,0
coda_4_6777_nearest_class_n1,4,nearest-class,D1_3b,1
coda_4_6782_nearest_dist_n1,4,nearest-distance,D1_3b,1
coda_4_6796_direction_n1,4,direction,D1_3b,1
coda_4_6799_nearest_class_n1,4,nearest-class,D1_3b,1
coda_4_6804_counting_n1,4,counting,D1_3b,0
coda_4_6807_nearest_class_n1,4,nearest-class,D1_3b,1
coda_4_6875_nearest_dist_n1,4,nearest-distance,D1_3b,0
coda_4_6880_direction_n1,4,direction,D1_3b,1
coda_4_6882_path_object_n1,4,path-object,D1_3b,1
coda_4_6883_counting_n1,4,counting,D1_3b,1
coda_4_6895_nearest_dist_n1,4,nearest-distance,D1_3b,0
coda_4_6903_nearest_dist_n1,4,nearest-distance,D1_3b,1
coda_4_6906_direction_n1,4,direction,D1_3b,1
coda_4_6909_path_object_n1,4,path-object,D1_3b,1
coda_4_6912_counting_n1,4,counting,D1_3b,1
coda_4_6923_nearest_class_n1,4,nearest-class,D1_3b,1
coda_4_6926_direction_n1,4,direction,D1_3b,1
coda_4_6933_direction_n1,4,direction,D1_3b,1
coda_5_1803_counting_n1,5,counting,D1_3b,1
coda_5_1810_counting_n1,5,counting,D1_3b,0
coda_5_1848_nearest_class_n1,5,nearest-class,D1_3b,1
coda_6_10385_nearest_dist_n1,6,nearest-distance,D1_3b,0
coda_6_10386_direction_n1,6,direction,D1_3b,1
coda_6_10388_counting_n1,6,counting,D1_3b,1
coda_6_10393_counting_n1,6,counting,D1_3b,0
coda_6_10395_nearest_class_n1,6,nearest-class,D1_3b,1
coda_6_10430_nearest_dist_n1,6,nearest-distance,D1_3b,1
coda_6_10434_counting_n1,6,counting,D1_3b,1
coda_6_10440_counting_n1,6,counting,D1_3b,1
coda_6_10441_counting_n1,6,counting,D1_3b,1
coda_6_10442_nearest_class_n1,6,nearest-class,D1_3b,0
coda_6_10453_direction_n1,6,direction,D1_3b,1
coda_6_10457_direction_n1,6,direction,D1_3b,1
coda_6_10465_path_object_n1,6,path-object,D1_3b,1
coda_6_10471_counting_n1,6,counting,D1_3b,1
coda_6_10472_nearest_class_n1,6,nearest-class,D1_3b,1
coda_6_10478_nearest_dist_n1,6,nearest-distance,D1_3b,0
coda_6_10563_direction_n1,6,direction,D1_3b,1
coda_6_1243_path_object_n1,6,path-object,D1_3b,1
coda_6_1245_counting_n1,6,counting,D1_3b,0
coda_6_1253_nearest_dist_n1,6,nearest-distance,D1_3b,0
coda_6_1254_nearest_dist_n1,6,nearest-distance,D1_3b,1
coda_6_1322_path_object_n1,6,path-object,D1_3b,1
coda_6_1324_path_object_n1,6,path-object,D1_3b,1
coda_6_1421_counting_n1,6,counting,D1_3b,0
coda_6_2601_nearest_class_n1,6,nearest-class,D1_3b,1
coda_6_2641_nearest_dist_n1,6,nearest-distance,D1_3b,1
coda_6_2649_direction_n1,6,direction,D1_3b,0
coda_6_2654_path_object_n1,6,path-object,D1_3b,1
coda_6_2655_counting_n1,6,counting,D1_3b,1
coda_6_2656_nearest_dist_n1,6,nearest-distance,D1_3b,1
coda_6_2657_nearest_dist_n1,6,nearest-distance,D1_3b,1
coda_6_2747_direction_n1,6,direction,D1_3b,0
coda_6_2759_counting_n1,6,counting,D1_3b,1
coda_6_2760_counting_n1,6,counting,D1_3b,1
coda_6_2761_nearest_class_n1,6,nearest-class,D1_3b,0
coda_6_2774_nearest_dist_n1,6,nearest-distance,D1_3b,1
coda_6_2784_direction_n1,6,direction,D1_3b,1
coda_6_2794_path_object_n1,6,path-object,D1_3b,1
coda_6_2796_counting_n1,6,counting,D1_3b,1
coda_6_2828_nearest_class_n1,6,nearest-class,D1_3b,1
coda_6_2831_direction_n1,6,direction,D1_3b,1
coda_6_2834_direction_n1,6,direction,D1_3b,1
coda_6_2839_path_object_n1,6,path-object,D1_3b,1
coda_6_2840_counting_n1,6,counting,D1_3b,1
coda_6_2841_nearest_class_n1,6,nearest-class,D1_3b,1
coda_6_2846_nearest_dist_n1,6,nearest-distance,D1_3b,1
coda_6_2854_direction_n1,6,direction,D1_3b,1
coda_6_2855_counting_n1,6,counting,D1_3b,1
coda_6_2857_counting_n1,6,counting,D1_3b,1
coda_6_2859_nearest_class_n1,6,nearest-class,D1_3b,1
coda_6_4502_nearest_dist_n1,6,nearest-distance,D1_3b,1
coda_6_4509_direction_n1,6,direction,D1_3b,1
coda_6_4515_path_object_n1,6,path-object,D1_3b,1
coda_6_4524_counting_n1,6,counting,D1_3b,1
coda_6_4529_nearest_class_n1,6,nearest-class,D1_3b,1
coda_6_4533_nearest_dist_n1,6,nearest-distance,D1_3b,1
coda_6_4601_counting_n1,6,counting,D1_3b,0
coda_6_4603_counting_n1,6,counting,D1_3b,0
coda_6_4607_counting_n1,6,counting,D1_3b,1
coda_6_4611_direction_n1,6,direction,D1_3b,0
coda_6_4618_nearest_dist_n1,6,nearest-distance,D1_3b,0
coda_6_4619_direction_n1,6,direction,D1_3b,1
coda_6_4662_counting_n1,6,counting,D1_3b,1
coda_6_4664_counting_n1,6,counting,D1_3b,1
coda_6_4740_nearest_class_n1,6,nearest-class,D1_3b,0
coda_6_4741_nearest_dist_n1,6,nearest-distance,D1_3b,0
coda_6_4747_direction_n1,6,direction,D1_3b,1
coda_6_4750_counting_n1,6,counting,D1_3b,1
coda_6_4756_counting_n1,6,counting,D1_3b,1
coda_6_4757_nearest_class_n1,6,nearest-class,D1_3b,1
coda_6_4764_nearest_dist_n1,6,nearest-distance,D1_3b,1
coda_6_4769_direction_n1,6,direction,D1_3b,1
coda_6_4772_counting_n1,6,counting,D1_3b,1
coda_6_4773_counting_n1,6,counting,D1_3b,1
coda_6_4776_nearest_class_n1,6,nearest-class,D1_3b,1
coda_6_5518_nearest_dist_n1,6,nearest-distance,D1_3b,1
coda_6_5526_direction_n1,6,direction,D1_3b,1
coda_6_5528_counting_n1,6,counting,D1_3b,1
coda_6_5534_counting_n1,6,counting,D1_3b,0
coda_6_5578_direction_n1,6,direction,D1_3b,1
coda_6_5581_direction_n1,6,direction,D1_3b,0
coda_6_5584_direction_n1,6,direction,D1_3b,0
coda_6_5632_counting_n1,6,counting,D1_3b,1
coda_6_5634_counting_n1,6,counting,D1_3b,1
coda_6_5635_nearest_class_n1,6,nearest-class,D1_3b,1
coda_6_5645_nearest_dist_n1,6,nearest-distance,D1_3b,1
coda_6_5646_direction_n1,6,direction,D1_3b,1
coda_6_5680_nearest_class_n1,6,nearest-class,D1_3b,1
coda_6_5685_counting_n1,6,counting,D1_3b,0
coda_6_5691_nearest_class_n1,6,nearest-class,D1_3b,1
coda_6_5692_nearest_dist_n1,6,nearest-distance,D1_3b,0
coda_6_5693_direction_n1,6,direction,D1_3b,0
coda_6_5702_nearest_class_n1,6,nearest-class,D1_3b,1
coda_6_5705_counting_n1,6,counting,D1_3b,1
coda_6_5707_nearest_class_n1,6,nearest-class,D1_3b,0
coda_6_5710_nearest_dist_n1,6,nearest-distance,D1_3b,0
coda_6_5714_direction_n1,6,direction,D1_3b,0
coda_6_5716_counting_n1,6,counting,D1_3b,0
coda_6_5717_counting_n1,6,counting,D1_3b,1
coda_6_5721_nearest_dist_n1,6,nearest-distance,D1_3b,0
coda_6_5723_nearest_dist_n1,6,nearest-distance,D1_3b,0
coda_6_5730_direction_n1,6,direction,D1_3b,0
coda_6_5734_counting_n1,6,counting,D1_3b,0
coda_6_8483_counting_n1,6,counting,D1_3b,0
coda_6_8484_nearest_class_n1,6,nearest-class,D1_3b,1
coda_6_8485_nearest_dist_n1,6,nearest-distance,D1_3b,1
coda_6_8487_direction_n1,6,direction,D1_3b,1
coda_6_8494_path_object_n1,6,path-object,D1_3b,0
coda_6_8495_counting_n1,6,counting,D1_3b,1
coda_6_8500_nearest_class_n1,6,nearest-class,D1_3b,1
coda_6_8504_nearest_dist_n1,6,nearest-distance,D1_3b,1
coda_6_8509_path_object_n1,6,path-object,D1_3b,1
coda_6_8656_path_object_n1,6,path-object,D1_3b,1
coda_6_8657_nearest_dist_n1,6,nearest-distance,D1_3b,0
coda_6_8660_nearest_dist_n1,6,nearest-distance,D1_3b,1
coda_6_8822_direction_n1,6,direction,D1_3b,1
coda_6_8824_direction_n1,6,direction,D1_3b,1
coda_6_8829_nearest_dist_n1,6,nearest-distance,D1_3b,0
coda_6_8835_counting_n1,6,counting,D1_3b,1
coda_6_8839_nearest_dist_n1,6,nearest-distance,D1_3b,0
coda_6_8840_nearest_dist_n1,6,nearest-distance,D1_3b,0
coda_6_8852_direction_n1,6,direction,D1_3b,0
coda_6_8920_path_object_n1,6,path-object,D1_3b,1
coda_6_8922_counting_n1,6,counting,D1_3b,0
coda_6_9135_direction_n1,6,direction,D1_3b,1
coda_6_9141_nearest_dist_n1,6,nearest-distance,D1_3b,0
coda_7_12955_direction_n1,7,direction,D1_3b,1
coda_7_12956_path_object_n1,7,path-object,D1_3b,1
coda_7_12957_nearest_class_n1,7,nearest-class,D1_3b,1
coda_7_12967_nearest_class_n1,7,nearest-class,D1_3b,1
coda_7_12971_nearest_dist_n1,7,nearest-distance,D1_3b,1
coda_7_12975_direction_n1,7,direction,D1_3b,1
coda_7_12979_path_object_n1,7,path-object,D1_3b,1
coda_7_13023_counting_n1,7,counting,D1_3b,0
coda_7_13027_nearest_class_n1,7,nearest-class,D1_3b,1
coda_7_13028_path_object_n1,7,path-object,D1_3b,1
coda_7_13030_path_object_n1,7,path-object,D1_3b,1
coda_7_13040_path_object_n1,7,path-object,D1_3b,1
coda_7_13045_counting_n1,7,counting,D1_3b,0
coda_7_13047_nearest_class_n1,7,nearest-class,D1_3b,1
coda_7_14701_direction_n1,7,direction,D1_3b,1
coda_7_14879_direction_n1,7,direction,D1_3b,1
coda_7_14924_counting_n1,7,counting,D1_3b,1
coda_7_14927_counting_n1,7,counting,D1_3b,0
coda_7_14972_nearest_class_n1,7,nearest-class,D1_3b,1
coda_7_14973_nearest_dist_n1,7,nearest-distance,D1_3b,1
coda_7_14975_direction_n1,7,direction,D1_3b,0
coda_7_14985_path_object_n1,7,path-object,D1_3b,1
coda_7_14986_nearest_class_n1,7,nearest-class,D1_3b,1
coda_7_15069_nearest_class_n1,7,nearest-class,D1_3b,1
coda_7_15070_nearest_dist_n1,7,nearest-distance,D1_3b,1
coda_7_15072_direction_n1,7,direction,D1_3b,1
coda_7_15075_path_object_n1,7,path-object,D1_3b,1
coda_7_15079_counting_n1,7,counting,D1_3b,1
coda_7_15084_nearest_class_n1,7,nearest-class,D1_3b,1
coda_7_15088_nearest_dist_n1,7,nearest-distance,D1_3b,1
coda_7_15101_direction_n1,7,direction,D1_3b,1
coda_7_15111_path_object_n1,7,path-object,D1_3b,1
coda_7_15114_counting_n1,7,counting,D1_3b,1
coda_7_15199_nearest_class_n1,7,nearest-class,D1_3b,1
coda_7_15206_nearest_dist_n1,7,nearest-distance,D1_3b,0
coda_7_15212_direction_n1,7,direction,D1_3b,0
coda_7_15219_path_object_n1,7,path-object,D1_3b,1
coda_7_15258_counting_n1,7,counting,D1_3b,0
coda_7_15308_nearest_class_n1,7,nearest-class,D1_3b,1
coda_7_15313_direction_n1,7,direction,D1_3b,1
coda_7_15316_direction_n1,7,direction,D1_3b,0
coda_7_15318_path_object_n1,7,path-object,D1_3b,1
coda_7_15322_counting_n1,7,counting,D1_3b,1
coda_7_15331_nearest_class_n1,7,nearest-class,D1_3b,1
coda_7_15333_direction_n1,7,direction,D1_3b,1
coda_7_4781_direction_n1,7,direction,D1_3b,1
coda_7_4850_counting_n1,7,counting,D1_3b,0
coda_7_4853_counting_n1,7,counting,D1_3b,1
coda_7_4971_nearest_class_n1,7,nearest-class,D1_3b,1
coda_7_6615_nearest_dist_n1,7,nearest-distance,D1_3b,1
coda_7_6622_direction_n1,7,direction,D1_3b,1
coda_7_6623_path_object_n1,7,path-object,D1_3b,1
coda_7_6625_counting_n1,7,counting,D1_3b,0
coda_7_6686_nearest_class_n1,7,nearest-class,D1_3b,1
coda_7_6693_nearest_dist_n1,7,nearest-distance,D1_3b,0
coda_7_6698_direction_n1,7,direction,D1_3b,0
coda_7_6699_path_object_n1,7,path-object,D1_3b,1
coda_7_6701_counting_n1,7,counting,D1_3b,1
coda_7_6711_nearest_class_n1,7,nearest-class,D1_3b,1
coda_7_6712_direction_n1,7,direction,D1_3b,1
coda_7_6714_direction_n1,7,direction,D1_3b,1
coda_7_6772_nearest_dist_n1,7,nearest-distance,D1_3b,0
coda_7_6775_counting_n1,7,counting,D1_3b,0
coda_7_6777_nearest_dist_n1,7,nearest-distance,D1_3b,0
coda_7_6780_counting_n1,7,counting,D1_3b,1
coda_7_6790_direction_n1,7,direction,D1_3b,1
coda_7_8412_counting_n1,7,counting,D1_3b,1
coda_7_8414_counting_n1,7,counting,D1_3b,0
coda_7_8415_nearest_dist_n1,7,nearest-distance,D1_3b,0
coda_7_8418_nearest_dist_n1,7,nearest-distance,D1_3b,0
coda_7_8421_direction_n1,7,direction,D1_3b,1
coda_7_8425_counting_n1,7,counting,D1_3b,0
coda_8_631_counting_n1,8,counting,D1_3b,0
coda_9_1531_nearest_dist_n1,9,nearest-distance,D1_3b,0
coda_9_1532_nearest_dist_n1,9,nearest-distance,D1_3b,1
coda_9_1538_direction_n1,9,direction,D1_3b,0
coda_9_1539_path_object_n1,9,path-object,D1_3b,1
coda_9_1549_counting_n1,9,counting,D1_3b,1
coda_9_1550_nearest_class_n1,9,nearest-class,D1_3b,1
coda_9_1551_nearest_dist_n1,9,nearest-distance,D1_3b,0
coda_9_1552_direction_n1,9,direction,D1_3b,1
coda_9_1586_counting_n1,9,counting,D1_3b,0
coda_9_1637_counting_n1,9,counting,D1_3b,0
coda_9_1641_nearest_class_n1,9,nearest-class,D1_3b,1
coda_9_1644_nearest_dist_n1,9,nearest-distance,D1_3b,1
coda_9_1646_direction_n1,9,direction,D1_3b,1
coda_9_1648_counting_n1,9,counting,D1_3b,0
coda_9_2495_counting_n1,9,counting,D1_3b,1
coda_9_2501_nearest_class_n1,9,nearest-class,D1_3b,1
coda_9_2505_nearest_dist_n1,9,nearest-distance,D1_3b,1
coda_9_2506_direction_n1,9,direction,D1_3b,1
coda_9_2507_counting_n1,9,counting,D1_3b,1
coda_9_2644_counting_n1,9,counting,D1_3b,0
coda_9_2647_nearest_dist_n1,9,nearest-distance,D1_3b,0
coda_9_6680_direction_n1,9,direction,D1_3b,1
coda_9_6719_direction_n1,9,direction,D1_3b,0
coda_9_6720_path_object_n1,9,path-object,D1_3b,1
coda_9_6728_counting_n1,9,counting,D1_3b,1
coda_9_6785_nearest_class_n1,9,nearest-class,D1_3b,1
coda_9_6787_nearest_dist_n1,9,nearest-distance,D1_3b,0
coda_9_6797_direction_n1,9,direction,D1_3b,0
coda_9_6798_path_object_n1,9,path-object,D1_3b,1
coda_9_6800_counting_n1,9,counting,D1_3b,1
coda_9_8515_nearest_class_n1,9,nearest-class,D1_3b,1
coda_9_8519_nearest_dist_n1,9,nearest-distance,D1_3b,1
coda_9_8536_direction_n1,9,direction,D1_3b,1
coda_9_8537_path_object_n1,9,path-object,D1_3b,1
coda_9_8540_counting_n1,9,counting,D1_3b,1
coda_9_8545_nearest_class_n1,9,nearest-class,D1_3b,1
coda_9_8551_nearest_dist_n1,9,nearest-distance,D1_3b,0
coda_9_8553_direction_n1,9,direction,D1_3b,1
coda_9_8559_counting_n1,9,counting,D1_3b,0
coda_9_8561_counting_n1,9,counting,D1_3b,0
coda_9_8562_nearest_class_n1,9,nearest-class,D1_3b,1
coda_9_8566_nearest_dist_n1,9,nearest-distance,D1_3b,0
coda_9_8567_direction_n1,9,direction,D1_3b,1
coda_9_8571_path_object_n1,9,path-object,D1_3b,1
coda_9_8604_counting_n1,9,counting,D1_3b,1
coda_9_8606_nearest_dist_n1,9,nearest-distance,D1_3b,1
coda_9_8612_nearest_dist_n1,9,nearest-distance,D1_3b,0
coda_9_8616_direction_n1,9,direction,D1_3b,1
coda_9_8681_counting_n1,9,counting,D1_3b,1
coda_9_8684_counting_n1,9,counting,D1_3b,0
coda_9_8838_nearest_class_n1,9,nearest-class,D1_3b,1
coda_9_8841_nearest_dist_n1,9,nearest-distance,D1_3b,0
coda_9_8842_direction_n1,9,direction,D1_3b,1
coda_9_8845_counting_n1,9,counting,D1_3b,1
coda_9_9352_counting_n1,9,counting,D1_3b,1
coda_9_9354_nearest_class_n1,9,nearest-class,D1_3b,1
coda_9_9361_nearest_dist_n1,9,nearest-distance,D1_3b,1
coda_9_9363_direction_n1,9,direction,D1_3b,0
coda_9_9368_path_object_n1,9,path-object,D1_3b,1
coda_9_9371_counting_n1,9,counting,D1_3b,1
coda_9_9372_nearest_dist_n1,9,nearest-distance,D1_3b,0
coda_9_9377_direction_n1,9,direction,D1_3b,1
coda_9_9380_direction_n1,9,direction,D1_3b,1
coda_9_9382_path_object_n1,9,path-object,D1_3b,0
coda_9_9394_counting_n1,9,counting,D1_3b,1
coda_9_9398_direction_n1,9,direction,D1_3b,1
coda_9_9466_nearest_dist_n1,9,nearest-distance,D1_3b,1
coda_9_9467_direction_n1,9,direction,D1_3b,0
coda_9_9469_counting_n1,9,counting,D1_3b,1
coda_9_9471_counting_n1,9,counting,D1_3b,0
coda_9_9577_nearest_class_n1,9,nearest-class,D1_3b,0
coda_9_9578_nearest_dist_n1,9,nearest-distance,D1_3b,1
coda_9_9579_counting_n1,9,counting,D1_3b,1
coda_9_9582_counting_n1,9,counting,D1_3b,1
coda_9_9588_counting_n1,9,counting,D1_3b,1
coda_9_9589_nearest_class_n1,9,nearest-class,D1_3b,1
coda_9_9595_nearest_dist_n1,9,nearest-distance,D1_3b,1
coda_0_421_counting_n1,0,counting,PIXEL_3b,0
coda_0_422_nearest_dist_n1,0,nearest-distance,PIXEL_3b,0
coda_0_429_nearest_dist_n1,0,nearest-distance,PIXEL_3b,0
coda_0_436_direction_n1,0,direction,PIXEL_3b,0
coda_0_4797_path_object_n1,0,path-object,PIXEL_3b,1
coda_0_4803_counting_n1,0,counting,PIXEL_3b,1
coda_0_4804_nearest_class_n1,0,nearest-class,PIXEL_3b,1
coda_0_4805_nearest_dist_n1,0,nearest-distance,PIXEL_3b,1
coda_0_4809_direction_n1,0,direction,PIXEL_3b,0
coda_0_4813_path_object_n1,0,path-object,PIXEL_3b,1
coda_0_4815_counting_n1,0,counting,PIXEL_3b,0
coda_0_4818_nearest_class_n1,0,nearest-class,PIXEL_3b,1
coda_0_4821_nearest_dist_n1,0,nearest-distance,PIXEL_3b,0
coda_0_4902_direction_n1,0,direction,PIXEL_3b,1
coda_0_4907_path_object_n1,0,path-object,PIXEL_3b,1
coda_0_4908_counting_n1,0,counting,PIXEL_3b,0
coda_0_4910_nearest_class_n1,0,nearest-class,PIXEL_3b,1
coda_0_4914_nearest_dist_n1,0,nearest-distance,PIXEL_3b,1
coda_0_4916_direction_n1,0,direction,PIXEL_3b,1
coda_0_4924_nearest_class_n1,0,nearest-class,PIXEL_3b,1
coda_0_4925_counting_n1,0,counting,PIXEL_3b,1
coda_0_4926_nearest_class_n1,0,nearest-class,PIXEL_3b,1
coda_0_4930_nearest_dist_n1,0,nearest-distance,PIXEL_3b,0
coda_0_507_direction_n1,0,direction,PIXEL_3b,0
coda_0_508_path_object_n1,0,path-object,PIXEL_3b,1
coda_0_514_counting_n1,0,counting,PIXEL_3b,0
coda_0_520_nearest_class_n1,0,nearest-class,PIXEL_3b,1
coda_0_525_nearest_dist_n1,0,nearest-distance,PIXEL_3b,1
coda_0_526_direction_n1,0,direction,PIXEL_3b,0
coda_0_570_path_object_n1,0,path-object,PIXEL_3b,1
coda_0_5704_counting_n1,0,counting,PIXEL_3b,0
coda_0_5707_nearest_class_n1,0,nearest-class,PIXEL_3b,1
coda_0_571_nearest_dist_n1,0,nearest-distance,PIXEL_3b,1
coda_0_5710_direction_n1,0,direction,PIXEL_3b,1
coda_0_5712_counting_n1,0,counting,PIXEL_3b,1
coda_0_572_nearest_class_n1,0,nearest-class,PIXEL_3b,1
coda_0_5752_nearest_class_n1,0,nearest-class,PIXEL_3b,1
coda_0_5753_nearest_dist_n1,0,nearest-distance,PIXEL_3b,1
coda_0_5754_direction_n1,0,direction,PIXEL_3b,0
coda_0_5787_path_object_n1,0,path-object,PIXEL_3b,1
coda_0_5788_counting_n1,0,counting,PIXEL_3b,0
coda_0_583_nearest_class_n1,0,nearest-class,PIXEL_3b,1
coda_0_621_direction_n1,0,direction,PIXEL_3b,0
coda_0_634_direction_n1,0,direction,PIXEL_3b,0
coda_10_11540_path_object_n1,10,path-object,PIXEL_3b,1
coda_10_11542_counting_n1,10,counting,PIXEL_3b,0
coda_10_11546_nearest_class_n1,10,nearest-class,PIXEL_3b,1
coda_10_11584_nearest_dist_n1,10,nearest-distance,PIXEL_3b,1
coda_10_2039_direction_n1,10,direction,PIXEL_3b,1
coda_10_2043_counting_n1,10,counting,PIXEL_3b,1
coda_10_2044_counting_n1,10,counting,PIXEL_3b,1
coda_10_2051_nearest_class_n1,10,nearest-class,PIXEL_3b,0
coda_10_2114_nearest_dist_n1,10,nearest-distance,PIXEL_3b,1
coda_10_2123_direction_n1,10,direction,PIXEL_3b,1
coda_10_2124_counting_n1,10,counting,PIXEL_3b,0
coda_10_2129_counting_n1,10,counting,PIXEL_3b,0
coda_10_2131_nearest_class_n1,10,nearest-class,PIXEL_3b,1
coda_10_2132_nearest_dist_n1,10,nearest-distance,PIXEL_3b,1
coda_10_2133_direction_n1,10,direction,PIXEL_3b,0
coda_10_2137_counting_n1,10,counting,PIXEL_3b,0
coda_10_2144_counting_n1,10,counting,PIXEL_3b,1
coda_10_5816_nearest_dist_n1,10,nearest-distance,PIXEL_3b,1
coda_10_5819_nearest_dist_n1,10,nearest-distance,PIXEL_3b,1
coda_10_5862_direction_n1,10,direction,PIXEL_3b,0
coda_10_5863_counting_n1,10,counting,PIXEL_3b,1
coda_10_5865_counting_n1,10,counting,PIXEL_3b,1
coda_10_5866_nearest_dist_n1,10,nearest-distance,PIXEL_3b,1
coda_10_5872_nearest_dist_n1,10,nearest-distance,PIXEL_3b,1
coda_10_6000_direction_n1,10,direction,PIXEL_3b,1
coda_10_6001_counting_n1,10,counting,PIXEL_3b,0
coda_10_6004_counting_n1,10,counting,PIXEL_3b,0
coda_10_8369_nearest_class_n1,10,nearest-class,PIXEL_3b,1
coda_10_8372_path_object_n1,10,path-object,PIXEL_3b,1
coda_10_8378_direction_n1,10,direction,PIXEL_3b,1
coda_10_8424_path_object_n1,10,path-object,PIXEL_3b,1
coda_10_8429_counting_n1,10,counting,PIXEL_3b,0
coda_10_8430_nearest_class_n1,10,nearest-class,PIXEL_3b,1
coda_10_8431_nearest_dist_n1,10,nearest-distance,PIXEL_3b,1
coda_10_8433_direction_n1,10,direction,PIXEL_3b,1
coda_10_9306_path_object_n1,10,path-object,PIXEL_3b,0
coda_10_9309_counting_n1,10,counting,PIXEL_3b,1
coda_10_9347_nearest_class_n1,10,nearest-class,PIXEL_3b,1
coda_10_9350_nearest_dist_n1,10,nearest-distance,PIXEL_3b,1
coda_10_9356_direction_n1,10,direction,PIXEL_3b,1
coda_10_9392_path_object_n1,10,path-object,PIXEL_3b,0
coda_10_9395_counting_n1,10,counting,PIXEL_3b,1
coda_10_9396_nearest_class_n1,10,nearest-class,PIXEL_3b,1
coda_11_1747_nearest_dist_n1,11,nearest-distance,PIXEL_3b,1
coda_11_1749_counting_n1,11,counting,PIXEL_3b,0
coda_11_1756_counting_n1,11,counting,PIXEL_3b,0
coda_11_1760_counting_n1,11,counting,PIXEL_3b,0
coda_11_1768_nearest_class_n1,11,nearest-class,PIXEL_3b,1
coda_11_1777_nearest_dist_n1,11,nearest-distance,PIXEL_3b,1
coda_11_1783_counting_n1,11,counting,PIXEL_3b,0
coda_11_1787_counting_n1,11,counting,PIXEL_3b,0
coda_11_1790_counting_n1,11,counting,PIXEL_3b,0
coda_11_1792_nearest_class_n1,11,nearest-class,PIXEL_3b,1
coda_11_1793_nearest_dist_n1,11,nearest-distance,PIXEL_3b,1
coda_11_1794_counting_n1,11,counting,PIXEL_3b,1
coda_11_1799_counting_n1,11,counting,PIXEL_3b,0
coda_11_1800_counting_n1,11,counting,PIXEL_3b,0
coda_11_1906_nearest_class_n1,11,nearest-class,PIXEL_3b,0
coda_11_1907_direction_n1,11,direction,PIXEL_3b,1
coda_11_1914_direction_n1,11,direction,PIXEL_3b,1
coda_11_1916_counting_n1,11,counting,PIXEL_3b,0
coda_11_1924_counting_n1,11,counting,PIXEL_3b,1
coda_11_1928_nearest_class_n1,11,nearest-class,PIXEL_3b,0
coda_11_1932_nearest_dist_n1,11,nearest-distance,PIXEL_3b,1
coda_11_1935_direction_n1,11,direction,PIXEL_3b,1
coda_11_1939_path_object_n1,11,path-object,PIXEL_3b,1
coda_11_1942_counting_n1,11,counting,PIXEL_3b,1
coda_11_2057_nearest_class_n1,11,nearest-class,PIXEL_3b,1
coda_11_2064_direction_n1,11,direction,PIXEL_3b,1
coda_11_2073_direction_n1,11,direction,PIXEL_3b,1
coda_11_2081_path_object_n1,11,path-object,PIXEL_3b,0
coda_11_2082_counting_n1,11,counting,PIXEL_3b,0
coda_11_2084_nearest_class_n1,11,nearest-class,PIXEL_3b,0
coda_11_2085_nearest_dist_n1,11,nearest-distance,PIXEL_3b,0
coda_11_5174_path_object_n1,11,path-object,PIXEL_3b,1
coda_11_5176_path_object_n1,11,path-object,PIXEL_3b,1
coda_11_5179_counting_n1,11,counting,PIXEL_3b,0
coda_11_5184_nearest_class_n1,11,nearest-class,PIXEL_3b,0
coda_11_5185_direction_n1,11,direction,PIXEL_3b,1
coda_11_5186_direction_n1,11,direction,PIXEL_3b,1
coda_11_5188_path_object_n1,11,path-object,PIXEL_3b,1
coda_11_5190_counting_n1,11,counting,PIXEL_3b,0
coda_11_5194_nearest_class_n1,11,nearest-class,PIXEL_3b,1
coda_11_5197_path_object_n1,11,path-object,PIXEL_3b,1
coda_11_5205_path_object_n1,11,path-object,PIXEL_3b,1
coda_11_5207_path_object_n1,11,path-object,PIXEL_3b,1
coda_11_5627_counting_n1,11,counting,PIXEL_3b,1
coda_11_5660_nearest_dist_n1,11,nearest-distance,PIXEL_3b,0
coda_11_5661_nearest_dist_n1,11,nearest-distance,PIXEL_3b,0
coda_11_5667_direction_n1,11,direction,PIXEL_3b,0
coda_11_5668_counting_n1,11,counting,PIXEL_3b,0
coda_11_5671_counting_n1,11,counting,PIXEL_3b,0
coda_11_5674_nearest_dist_n1,11,nearest-distance,PIXEL_3b,0
coda_11_5769_nearest_dist_n1,11,nearest-distance,PIXEL_3b,1
coda_11_5776_direction_n1,11,direction,PIXEL_3b,0
coda_11_5785_counting_n1,11,counting,PIXEL_3b,0
coda_12_10418_counting_n1,12,counting,PIXEL_3b,1
coda_12_10422_nearest_class_n1,12,nearest-class,PIXEL_3b,1
coda_12_10423_nearest_dist_n1,12,nearest-distance,PIXEL_3b,0
coda_12_10428_direction_n1,12,direction,PIXEL_3b,1
coda_12_10438_counting_n1,12,counting,PIXEL_3b,0
coda_12_10442_counting_n1,12,counting,PIXEL_3b,1
coda_12_10445_nearest_class_n1,12,nearest-class,PIXEL_3b,1
coda_12_10446_nearest_dist_n1,12,nearest-distance,PIXEL_3b,0
coda_12_10537_path_object_n1,12,path-object,PIXEL_3b,1
coda_12_10550_path_object_n1,12,path-object,PIXEL_3b,1
coda_12_11507_counting_n1,12,counting,PIXEL_3b,0
coda_12_11508_nearest_class_n1,12,nearest-class,PIXEL_3b,1
coda_12_11526_nearest_dist_n1,12,nearest-distance,PIXEL_3b,1
coda_12_11529_direction_n1,12,direction,PIXEL_3b,1
coda_12_11592_path_object_n1,12,path-object,PIXEL_3b,1
coda_12_11594_counting_n1,12,counting,PIXEL_3b,0
coda_12_11599_nearest_class_n1,12,nearest-class,PIXEL_3b,1
coda_12_11600_nearest_dist_n1,12,nearest-distance,PIXEL_3b,0
coda_12_11605_direction_n1,12,direction,PIXEL_3b,1
coda_12_11618_path_object_n1,12,path-object,PIXEL_3b,1
coda_12_2675_counting_n1,12,counting,PIXEL_3b,0
coda_12_2676_direction_n1,12,direction,PIXEL_3b,1
coda_12_2681_direction_n1,12,direction,PIXEL_3b,1
coda_12_2687_direction_n1,12,direction,PIXEL_3b,1
coda_12_2697_path_object_n1,12,path-object,PIXEL_3b,1
coda_12_2700_counting_n1,12,counting,PIXEL_3b,0
coda_12_2863_nearest_class_n1,12,nearest-class,PIXEL_3b,1
coda_12_2864_nearest_dist_n1,12,nearest-distance,PIXEL_3b,1
coda_12_2867_path_object_n1,12,path-object,PIXEL_3b,0
coda_12_2871_path_object_n1,12,path-object,PIXEL_3b,1
coda_12_2877_counting_n1,12,counting,PIXEL_3b,1
coda_12_2883_nearest_class_n1,12,nearest-class,PIXEL_3b,0
coda_12_2887_path_object_n1,12,path-object,PIXEL_3b,1
coda_12_2890_path_object_n1,12,path-object,PIXEL_3b,1
coda_12_2892_counting_n1,12,counting,PIXEL_3b,1
coda_12_2893_counting_n1,12,counting,PIXEL_3b,0
coda_12_2896_direction_n1,12,direction,PIXEL_3b,1
coda_12_2903_nearest_dist_n1,12,nearest-distance,PIXEL_3b,1
coda_12_2905_direction_n1,12,direction,PIXEL_3b,1
coda_13_10067_path_object_n1,13,path-object,PIXEL_3b,1
coda_13_10070_nearest_class_n1,13,nearest-class,PIXEL_3b,1
coda_13_10072_nearest_class_n1,13,nearest-class,PIXEL_3b,1
coda_13_10081_nearest_dist_n1,13,nearest-distance,PIXEL_3b,1
coda_13_10414_path_object_n1,13,path-object,PIXEL_3b,0
coda_13_10415_path_object_n1,13,path-object,PIXEL_3b,1
coda_13_10426_nearest_class_n1,13,nearest-class,PIXEL_3b,1
coda_13_10431_nearest_class_n1,13,nearest-class,PIXEL_3b,1
coda_13_10441_nearest_dist_n1,13,nearest-distance,PIXEL_3b,0
coda_13_10449_path_object_n1,13,path-object,PIXEL_3b,1
coda_13_10457_path_object_n1,13,path-object,PIXEL_3b,1
coda_13_10458_counting_n1,13,counting,PIXEL_3b,1
coda_13_10462_nearest_class_n1,13,nearest-class,PIXEL_3b,1
coda_13_10470_nearest_dist_n1,13,nearest-distance,PIXEL_3b,0
coda_13_10472_direction_n1,13,direction,PIXEL_3b,1
coda_13_10477_path_object_n1,13,path-object,PIXEL_3b,1
coda_13_10478_counting_n1,13,counting,PIXEL_3b,1
coda_13_10479_nearest_class_n1,13,nearest-class,PIXEL_3b,1
coda_13_10487_nearest_dist_n1,13,nearest-distance,PIXEL_3b,0
coda_13_10489_direction_n1,13,direction,PIXEL_3b,1
coda_13_10490_path_object_n1,13,path-object,PIXEL_3b,1
coda_13_10494_counting_n1,13,counting,PIXEL_3b,1
coda_13_1050_nearest_class_n1,13,nearest-class,PIXEL_3b,1
coda_13_10500_nearest_dist_n1,13,nearest-distance,PIXEL_3b,1
coda_13_10518_direction_n1,13,direction,PIXEL_3b,1
coda_13_10522_path_object_n1,13,path-object,PIXEL_3b,1
coda_13_10526_counting_n1,13,counting,PIXEL_3b,1
coda_13_10576_nearest_class_n1,13,nearest-class,PIXEL_3b,1
coda_13_10578_direction_n1,13,direction,PIXEL_3b,1
coda_13_10612_direction_n1,13,direction,PIXEL_3b,1
coda_13_10670_path_object_n1,13,path-object,PIXEL_3b,1
coda_13_10677_counting_n1,13,counting,PIXEL_3b,1
coda_13_10679_nearest_class_n1,13,nearest-class,PIXEL_3b,1
coda_13_10683_nearest_dist_n1,13,nearest-distance,PIXEL_3b,0
coda_13_10686_direction_n1,13,direction,PIXEL_3b,1
coda_13_10694_path_object_n1,13,path-object,PIXEL_3b,1
coda_13_10733_nearest_class_n1,13,nearest-class,PIXEL_3b,1
coda_13_10834_nearest_class_n1,13,nearest-class,PIXEL_3b,1
coda_13_10838_path_object_n1,13,path-object,PIXEL_3b,1
coda_13_1092_direction_n1,13,direction,PIXEL_3b,1
coda_13_11003_path_object_n1,13,path-object,PIXEL_3b,1
coda_13_11005_counting_n1,13,counting,PIXEL_3b,0
coda_13_11072_nearest_class_n1,13,nearest-class,PIXEL_3b,1
coda_13_11077_nearest_dist_n1,13,nearest-distance,PIXEL_3b,1
coda_13_11088_path_object_n1,13,path-object,PIXEL_3b,1
coda_13_11093_path_object_n1,13,path-object,PIXEL_3b,1
coda_13_11105_nearest_class_n1,13,nearest-class,PIXEL_3b,1
coda_13_11107_nearest_class_n1,13,nearest-class,PIXEL_3b,1
coda_13_11110_direction_n1,13,direction,PIXEL_3b,1
coda_13_11140_direction_n1,13,direction,PIXEL_3b,0
coda_13_11148_path_object_n1,13,path-object,PIXEL_3b,1
coda_13_11152_nearest_class_n1,13,nearest-class,PIXEL_3b,1
coda_13_11158_nearest_class_n1,13,nearest-class,PIXEL_3b,0
coda_13_11163_nearest_dist_n1,13,nearest-distance,PIXEL_3b,0
coda_13_11167_direction_n1,13,direction,PIXEL_3b,1
coda_13_11202_path_object_n1,13,path-object,PIXEL_3b,1
coda_13_11204_counting_n1,13,counting,PIXEL_3b,0
coda_13_11205_nearest_class_n1,13,nearest-class,PIXEL_3b,1
coda_13_11206_nearest_dist_n1,13,nearest-distance,PIXEL_3b,0
coda_13_11215_direction_n1,13,direction,PIXEL_3b,1
coda_13_11222_path_object_n1,13,path-object,PIXEL_3b,1
coda_13_11226_counting_n1,13,counting,PIXEL_3b,0
coda_13_11229_nearest_class_n1,13,nearest-class,PIXEL_3b,1
coda_13_11230_nearest_dist_n1,13,nearest-distance,PIXEL_3b,1
coda_13_1126_direction_n1,13,direction,PIXEL_3b,1
coda_13_11266_counting_n1,13,counting,PIXEL_3b,0
coda_13_1129_counting_n1,13,counting,PIXEL_3b,1
coda_13_1130_nearest_class_n1,13,nearest-class,PIXEL_3b,1
coda_13_1131_nearest_dist_n1,13,nearest-distance,PIXEL_3b,1
coda_13_1139_direction_n1,13,direction,PIXEL_3b,1
coda_13_1141_path_object_n1,13,path-object,PIXEL_3b,1
coda_13_1142_counting_n1,13,counting,PIXEL_3b,0
coda_13_1146_nearest_class_n1,13,nearest-class,PIXEL_3b,1
coda_13_1148_nearest_dist_n1,13,nearest-distance,PIXEL_3b,1
coda_13_1149_direction_n1,13,direction,PIXEL_3b,1
coda_13_1181_path_object_n1,13,path-object,PIXEL_3b,1
coda_13_11900_counting_n1,13,counting,PIXEL_3b,0
coda_13_11909_nearest_class_n1,13,nearest-class,PIXEL_3b,1
coda_13_1191_direction_n1,13,direction,PIXEL_3b,1
coda_13_1198_direction_n1,13,direction,PIXEL_3b,1
coda_13_11996_path_object_n1,13,path-object,PIXEL_3b,1
coda_13_11998_counting_n1,13,counting,PIXEL_3b,0
coda_13_12012_nearest_class_n1,13,nearest-class,PIXEL_3b,1
coda_13_12015_nearest_dist_n1,13,nearest-distance,PIXEL_3b,0
coda_13_12016_direction_n1,13,direction,PIXEL_3b,1
coda_13_12022_path_object_n1,13,path-object,PIXEL_3b,1
coda_13_12025_nearest_class_n1,13,nearest-class,PIXEL_3b,1
coda_13_12026_nearest_class_n1,13,nearest-class,PIXEL_3b,1
coda_13_12033_path_object_n1,13,path-object,PIXEL_3b,1
coda_13_12036_direction_n1,13,direction,PIXEL_3b,1
coda_13_12038_path_object_n1,13,path-object,PIXEL_3b,1
coda_13_12255_counting_n1,13,counting,PIXEL_3b,0
coda_13_12258_nearest_class_n1,13,nearest-class,PIXEL_3b,1
coda_13_12260_direction_n1,13,direction,PIXEL_3b,0
coda_13_12275_direction_n1,13,direction,PIXEL_3b,1
coda_13_12281_path_object_n1,13,path-object,PIXEL_3b,1
coda_13_12287_counting_n1,13,counting,PIXEL_3b,1
coda_13_12288_direction_n1,13,direction,PIXEL_3b,1
coda_13_12291_direction_n1,13,direction,PIXEL_3b,1
coda_13_12292_direction_n1,13,direction,PIXEL_3b,1
coda_13_12295_path_object_n1,13,path-object,PIXEL_3b,1
coda_13_12298_nearest_dist_n1,13,nearest-distance,PIXEL_3b,0
coda_13_12299_nearest_dist_n1,13,nearest-distance,PIXEL_3b,1
coda_13_12354_nearest_dist_n1,13,nearest-distance,PIXEL_3b,0
coda_13_12355_direction_n1,13,direction,PIXEL_3b,0
coda_13_12363_path_object_n1,13,path-object,PIXEL_3b,0
coda_13_12367_counting_n1,13,counting,PIXEL_3b,0
coda_13_12368_nearest_class_n1,13,nearest-class,PIXEL_3b,1
coda_13_12372_nearest_dist_n1,13,nearest-distance,PIXEL_3b,1
coda_13_1801_direction_n1,13,direction,PIXEL_3b,1
coda_13_1803_counting_n1,13,counting,PIXEL_3b,0
coda_13_1808_counting_n1,13,counting,PIXEL_3b,1
coda_13_1812_nearest_dist_n1,13,nearest-distance,PIXEL_3b,0
coda_13_1814_nearest_dist_n1,13,nearest-distance,PIXEL_3b,0
coda_13_1844_direction_n1,13,direction,PIXEL_3b,1
coda_13_1875_path_object_n1,13,path-object,PIXEL_3b,1
coda_13_1878_counting_n1,13,counting,PIXEL_3b,1
coda_13_1882_nearest_dist_n1,13,nearest-distance,PIXEL_3b,1
coda_13_1944_direction_n1,13,direction,PIXEL_3b,1
coda_13_2034_direction_n1,13,direction,PIXEL_3b,1
coda_13_2037_path_object_n1,13,path-object,PIXEL_3b,1
coda_13_2041_counting_n1,13,counting,PIXEL_3b,0
coda_13_2054_nearest_class_n1,13,nearest-class,PIXEL_3b,1
coda_13_2085_nearest_dist_n1,13,nearest-distance,PIXEL_3b,1
coda_13_2087_direction_n1,13,direction,PIXEL_3b,1
coda_13_2097_path_object_n1,13,path-object,PIXEL_3b,1
coda_13_2099_counting_n1,13,counting,PIXEL_3b,0
coda_13_2175_nearest_dist_n1,13,nearest-distance,PIXEL_3b,1
coda_13_2181_nearest_dist_n1,13,nearest-distance,PIXEL_3b,0
coda_13_2188_direction_n1,13,direction,PIXEL_3b,1
coda_13_2190_path_object_n1,13,path-object,PIXEL_3b,1
coda_13_5550_counting_n1,13,counting,PIXEL_3b,0
coda_13_5671_nearest_class_n1,13,nearest-class,PIXEL_3b,1
coda_13_5674_nearest_dist_n1,13,nearest-distance,PIXEL_3b,1
coda_13_5684_path_object_n1,13,path-object,PIXEL_3b,1
coda_13_5722_path_object_n1,13,path-object,PIXEL_3b,1
coda_13_5727_counting_n1,13,counting,PIXEL_3b,1
coda_13_5729_nearest_class_n1,13,nearest-class,PIXEL_3b,1
coda_13_5737_nearest_dist_n1,13,nearest-distance,PIXEL_3b,1
coda_13_5820_direction_n1,13,direction,PIXEL_3b,1
coda_13_5822_path_object_n1,13,path-object,PIXEL_3b,1
coda_13_5826_nearest_class_n1,13,nearest-class,PIXEL_3b,1
coda_13_5829_nearest_class_n1,13,nearest-class,PIXEL_3b,1
coda_13_5831_nearest_dist_n1,13,nearest-distance,PIXEL_3b,1
coda_13_5893_direction_n1,13,direction,PIXEL_3b,1
coda_13_5896_path_object_n1,13,path-object,PIXEL_3b,0
coda_13_5900_nearest_class_n1,13,nearest-class,PIXEL_3b,1
coda_13_5901_nearest_class_n1,13,nearest-class,PIXEL_3b,1
coda_13_6073_direction_n1,13,direction,PIXEL_3b,0
coda_13_6075_direction_n1,13,direction,PIXEL_3b,0
coda_13_6085_path_object_n1,13,path-object,PIXEL_3b,0
coda_13_6089_counting_n1,13,counting,PIXEL_3b,1
coda_13_6122_nearest_class_n1,13,nearest-class,PIXEL_3b,1
coda_13_6125_nearest_dist_n1,13,nearest-distance,PIXEL_3b,1
coda_13_6190_direction_n1,13,direction,PIXEL_3b,1
coda_13_6193_counting_n1,13,counting,PIXEL_3b,0
coda_13_6203_counting_n1,13,counting,PIXEL_3b,1
coda_13_6216_nearest_dist_n1,13,nearest-distance,PIXEL_3b,1
coda_13_6220_nearest_dist_n1,13,nearest-distance,PIXEL_3b,1
coda_13_6293_direction_n1,13,direction,PIXEL_3b,0
coda_13_6305_counting_n1,13,counting,PIXEL_3b,0
coda_13_6308_counting_n1,13,counting,PIXEL_3b,0
coda_13_6312_nearest_dist_n1,13,nearest-distance,PIXEL_3b,0
coda_13_6314_nearest_dist_n1,13,nearest-distance,PIXEL_3b,1
coda_13_9083_direction_n1,13,direction,PIXEL_3b,0
coda_13_9119_path_object_n1,13,path-object,PIXEL_3b,1
coda_13_9120_counting_n1,13,counting,PIXEL_3b,0
coda_13_9125_nearest_class_n1,13,nearest-class,PIXEL_3b,1
coda_13_9241_nearest_dist_n1,13,nearest-distance,PIXEL_3b,0
coda_13_9242_direction_n1,13,direction,PIXEL_3b,0
coda_13_9244_path_object_n1,13,path-object,PIXEL_3b,1
coda_13_9443_nearest_class_n1,13,nearest-class,PIXEL_3b,0
coda_13_9444_nearest_class_n1,13,nearest-class,PIXEL_3b,1
coda_13_9451_nearest_dist_n1,13,nearest-distance,PIXEL_3b,1
coda_13_9562_direction_n1,13,direction,PIXEL_3b,0
coda_13_9662_path_object_n1,13,path-object,PIXEL_3b,1
coda_13_9668_counting_n1,13,counting,PIXEL_3b,0
coda_13_9800_nearest_class_n1,13,nearest-class,PIXEL_3b,1
coda_13_9801_nearest_dist_n1,13,nearest-distance,PIXEL_3b,1
coda_13_9802_path_object_n1,13,path-object,PIXEL_3b,1
coda_13_9803_path_object_n1,13,path-object,PIXEL_3b,1
coda_13_9863_counting_n1,13,counting,PIXEL_3b,1
coda_13_9880_nearest_class_n1,13,nearest-class,PIXEL_3b,1
coda_13_9888_nearest_dist_n1,13,nearest-distance,PIXEL_3b,1
coda_13_9894_direction_n1,13,direction,PIXEL_3b,0
coda_13_9900_path_object_n1,13,path-object,PIXEL_3b,1
coda_13_9977_nearest_class_n1,13,nearest-class,PIXEL_3b,1
coda_13_9979_nearest_class_n1,13,nearest-class,PIXEL_3b,1
coda_14_3847_nearest_dist_n1,14,nearest-distance,PIXEL_3b,0
coda_14_3851_direction_n1,14,direction,PIXEL_3b,0
coda_14_3852_path_object_n1,14,path-object,PIXEL_3b,0
coda_14_3855_counting_n1,14,counting,PIXEL_3b,0
coda_14_3857_nearest_class_n1,14,nearest-class,PIXEL_3b,0
coda_14_3867_nearest_dist_n1,14,nearest-distance,PIXEL_3b,1
coda_14_3868_direction_n1,14,direction,PIXEL_3b,1
coda_14_3869_path_object_n1,14,path-object,PIXEL_3b,1
coda_14_3870_counting_n1,14,counting,PIXEL_3b,1
coda_14_3878_nearest_dist_n1,14,nearest-distance,PIXEL_3b,1
coda_14_3889_nearest_dist_n1,14,nearest-distance,PIXEL_3b,1
coda_14_3891_direction_n1,14,direction,PIXEL_3b,1
coda_14_3894_path_object_n1,14,path-object,PIXEL_3b,1
coda_15_145_counting_n1,15,counting,PIXEL_3b,1
coda_15_147_nearest_class_n1,15,nearest-class,PIXEL_3b,1
coda_15_187_nearest_dist_n1,15,nearest-distance,PIXEL_3b,0
coda_15_191_direction_n1,15,direction,PIXEL_3b,1
coda_15_195_counting_n1,15,counting,PIXEL_3b,1
coda_15_202_counting_n1,15,counting,PIXEL_3b,0
coda_15_205_nearest_dist_n1,15,nearest-distance,PIXEL_3b,1
coda_15_209_nearest_dist_n1,15,nearest-distance,PIXEL_3b,0
coda_15_210_direction_n1,15,direction,PIXEL_3b,1
coda_15_212_counting_n1,15,counting,PIXEL_3b,0
coda_15_238_counting_n1,15,counting,PIXEL_3b,1
coda_15_240_nearest_dist_n1,15,nearest-distance,PIXEL_3b,0
coda_15_241_nearest_dist_n1,15,nearest-distance,PIXEL_3b,1
coda_15_242_direction_n1,15,direction,PIXEL_3b,1
coda_15_243_counting_n1,15,counting,PIXEL_3b,0
coda_15_296_counting_n1,15,counting,PIXEL_3b,1
coda_15_297_nearest_class_n1,15,nearest-class,PIXEL_3b,1
coda_16_10663_nearest_dist_n1,16,nearest-distance,PIXEL_3b,0
coda_16_10665_direction_n1,16,direction,PIXEL_3b,1
coda_16_10670_path_object_n1,16,path-object,PIXEL_3b,1
coda_16_10673_counting_n1,16,counting,PIXEL_3b,0
coda_16_10674_nearest_dist_n1,16,nearest-distance,PIXEL_3b,1
coda_16_10679_nearest_dist_n1,16,nearest-distance,PIXEL_3b,0
coda_16_10685_direction_n1,16,direction,PIXEL_3b,1
coda_16_10692_path_object_n1,16,path-object,PIXEL_3b,1
coda_16_10701_counting_n1,16,counting,PIXEL_3b,0
coda_16_10704_nearest_class_n1,16,nearest-class,PIXEL_3b,1
coda_16_10706_nearest_dist_n1,16,nearest-distance,PIXEL_3b,0
coda_16_10820_direction_n1,16,direction,PIXEL_3b,0
coda_16_10932_path_object_n1,16,path-object,PIXEL_3b,1
coda_16_10934_counting_n1,16,counting,PIXEL_3b,0
coda_16_10935_nearest_class_n1,16,nearest-class,PIXEL_3b,1
coda_16_10937_nearest_dist_n1,16,nearest-distance,PIXEL_3b,1
coda_16_10939_path_object_n1,16,path-object,PIXEL_3b,1
coda_16_10946_path_object_n1,16,path-object,PIXEL_3b,1
coda_16_10950_counting_n1,16,counting,PIXEL_3b,0
coda_16_10958_nearest_class_n1,16,nearest-class,PIXEL_3b,1
coda_16_10959_path_object_n1,16,path-object,PIXEL_3b,1
coda_16_10961_path_object_n1,16,path-object,PIXEL_3b,1
coda_16_11014_path_object_n1,16,path-object,PIXEL_3b,1
coda_16_11016_counting_n1,16,counting,PIXEL_3b,1
coda_16_11024_nearest_class_n1,16,nearest-class,PIXEL_3b,1
coda_16_11030_nearest_dist_n1,16,nearest-distance,PIXEL_3b,0
coda_16_11031_direction_n1,16,direction,PIXEL_3b,1
coda_16_11063_path_object_n1,16,path-object,PIXEL_3b,1
coda_16_11065_counting_n1,16,counting,PIXEL_3b,0
coda_16_11066_nearest_dist_n1,16,nearest-distance,PIXEL_3b,0
coda_16_11067_nearest_dist_n1,16,nearest-distance,PIXEL_3b,1
coda_16_11070_direction_n1,16,direction,PIXEL_3b,0
coda_16_11071_path_object_n1,16,path-object,PIXEL_3b,1
coda_16_11076_counting_n1,16,counting,PIXEL_3b,0
coda_16_11077_nearest_class_n1,16,nearest-class,PIXEL_3b,1
coda_16_11080_nearest_dist_n1,16,nearest-distance,PIXEL_3b,0
coda_16_11082_direction_n1,16,direction,PIXEL_3b,1
coda_16_11083_path_object_n1,16,path-object,PIXEL_3b,1
coda_16_11131_counting_n1,16,counting,PIXEL_3b,1
coda_16_11133_nearest_class_n1,16,nearest-class,PIXEL_3b,1
coda_16_11170_nearest_dist_n1,16,nearest-distance,PIXEL_3b,1
coda_16_11171_nearest_dist_n1,16,nearest-distance,PIXEL_3b,1
coda_16_11272_path_object_n1,16,path-object,PIXEL_3b,1
coda_16_11275_counting_n1,16,counting,PIXEL_3b,0
coda_16_11282_nearest_class_n1,16,nearest-class,PIXEL_3b,1
coda_16_11307_nearest_dist_n1,16,nearest-distance,PIXEL_3b,0
coda_16_11429_direction_n1,16,direction,PIXEL_3b,1
coda_16_11516_counting_n1,16,counting,PIXEL_3b,0
coda_16_11517_counting_n1,16,counting,PIXEL_3b,1
coda_16_11518_nearest_dist_n1,16,nearest-distance,PIXEL_3b,0
coda_16_11528_nearest_dist_n1,16,nearest-distance,PIXEL_3b,1
coda_16_11536_counting_n1,16,counting,PIXEL_3b,0
coda_16_11540_counting_n1,16,counting,PIXEL_3b,0
coda_16_11541_counting_n1,16,counting,PIXEL_3b,0
coda_16_11542_nearest_dist_n1,16,nearest-distance,PIXEL_3b,0
coda_16_14901_nearest_dist_n1,16,nearest-distance,PIXEL_3b,1
coda_16_14908_direction_n1,16,direction,PIXEL_3b,1
coda_16_14909_path_object_n1,16,path-object,PIXEL_3b,1
coda_16_14910_nearest_class_n1,16,nearest-class,PIXEL_3b,1
coda_16_14911_nearest_class_n1,16,nearest-class,PIXEL_3b,1
coda_16_14916_nearest_dist_n1,16,nearest-distance,PIXEL_3b,1
coda_16_14919_direction_n1,16,direction,PIXEL_3b,1
coda_16_14920_path_object_n1,16,path-object,PIXEL_3b,1
coda_16_14921_counting_n1,16,counting,PIXEL_3b,1
coda_16_14927_nearest_class_n1,16,nearest-class,PIXEL_3b,1
coda_16_14931_nearest_dist_n1,16,nearest-distance,PIXEL_3b,1
coda_16_15019_direction_n1,16,direction,PIXEL_3b,0
coda_16_15027_path_object_n1,16,path-object,PIXEL_3b,1
coda_16_15100_counting_n1,16,counting,PIXEL_3b,1
coda_16_15137_nearest_class_n1,16,nearest-class,PIXEL_3b,1
coda_16_15138_nearest_dist_n1,16,nearest-distance,PIXEL_3b,1
coda_16_15217_direction_n1,16,direction,PIXEL_3b,1
coda_16_15218_path_object_n1,16,path-object,PIXEL_3b,1
coda_16_15750_counting_n1,16,counting,PIXEL_3b,0
coda_16_3206_nearest_dist_n1,16,nearest-distance,PIXEL_3b,1
coda_16_3269_direction_n1,16,direction,PIXEL_3b,0
coda_16_3299_direction_n1,16,direction,PIXEL_3b,1
coda_16_3301_path_object_n1,16,path-object,PIXEL_3b,1
coda_16_3352_counting_n1,16,counting,PIXEL_3b,0
coda_16_3355_nearest_class_n1,16,nearest-class,PIXEL_3b,1
coda_16_3362_nearest_dist_n1,16,nearest-distance,PIXEL_3b,1
coda_16_3367_direction_n1,16,direction,PIXEL_3b,1
coda_16_3368_counting_n1,16,counting,PIXEL_3b,1
coda_16_3464_counting_n1,16,counting,PIXEL_3b,0
coda_16_3466_nearest_class_n1,16,nearest-class,PIXEL_3b,1
coda_16_3658_direction_n1,16,direction,PIXEL_3b,1
coda_16_3743_direction_n1,16,direction,PIXEL_3b,1
coda_16_4069_path_object_n1,16,path-object,PIXEL_3b,1
coda_16_4075_counting_n1,16,counting,PIXEL_3b,0
coda_16_4256_nearest_class_n1,16,nearest-class,PIXEL_3b,1
coda_16_4259_nearest_dist_n1,16,nearest-distance,PIXEL_3b,1
coda_16_4263_direction_n1,16,direction,PIXEL_3b,1
coda_16_4264_path_object_n1,16,path-object,PIXEL_3b,1
coda_16_4267_counting_n1,16,counting,PIXEL_3b,0
coda_16_4268_nearest_class_n1,16,nearest-class,PIXEL_3b,1
coda_16_4271_nearest_dist_n1,16,nearest-distance,PIXEL_3b,1
coda_16_5839_direction_n1,16,direction,PIXEL_3b,1
coda_16_5849_path_object_n1,16,path-object,PIXEL_3b,1
coda_16_6029_counting_n1,16,counting,PIXEL_3b,0
coda_16_6030_nearest_class_n1,16,nearest-class,PIXEL_3b,1
coda_16_6033_nearest_dist_n1,16,nearest-distance,PIXEL_3b,1
coda_16_6035_direction_n1,16,direction,PIXEL_3b,1
coda_16_6039_path_object_n1,16,path-object,PIXEL_3b,1
coda_16_6085_counting_n1,16,counting,PIXEL_3b,0
coda_16_6087_nearest_class_n1,16,nearest-class,PIXEL_3b,1
coda_16_7061_direction_n1,16,direction,PIXEL_3b,0
coda_16_7062_direction_n1,16,direction,PIXEL_3b,0
coda_16_7070_nearest_dist_n1,16,nearest-distance,PIXEL_3b,1
coda_16_7071_counting_n1,16,counting,PIXEL_3b,0
coda_16_7072_nearest_dist_n1,16,nearest-distance,PIXEL_3b,0
coda_16_7078_nearest_dist_n1,16,nearest-distance,PIXEL_3b,1
coda_16_7146_direction_n1,16,direction,PIXEL_3b,1
coda_16_7148_counting_n1,16,counting,PIXEL_3b,0
coda_16_7149_counting_n1,16,counting,PIXEL_3b,0
coda_16_7253_nearest_class_n1,16,nearest-class,PIXEL_3b,0
coda_16_7350_nearest_dist_n1,16,nearest-distance,PIXEL_3b,1
coda_16_7351_direction_n1,16,direction,PIXEL_3b,0
coda_16_7355_path_object_n1,16,path-object,PIXEL_3b,1
coda_16_7356_counting_n1,16,counting,PIXEL_3b,1
coda_16_7358_nearest_dist_n1,16,nearest-distance,PIXEL_3b,1
coda_16_7402_nearest_dist_n1,16,nearest-distance,PIXEL_3b,1
coda_16_7457_direction_n1,16,direction,PIXEL_3b,1
coda_16_7458_path_object_n1,16,path-object,PIXEL_3b,1
coda_16_7467_counting_n1,16,counting,PIXEL_3b,1
coda_16_7472_nearest_class_n1,16,nearest-class,PIXEL_3b,1
coda_16_7473_nearest_dist_n1,16,nearest-distance,PIXEL_3b,1
coda_16_7477_direction_n1,16,direction,PIXEL_3b,1
coda_16_7481_path_object_n1,16,path-object,PIXEL_3b,1
coda_16_7482_counting_n1,16,counting,PIXEL_3b,1
coda_16_7492_nearest_class_n1,16,nearest-class,PIXEL_3b,0
coda_16_7494_nearest_dist_n1,16,nearest-distance,PIXEL_3b,1
coda_16_8699_direction_n1,16,direction,PIXEL_3b,0
coda_16_8705_path_object_n1,16,path-object,PIXEL_3b,1
coda_16_8708_counting_n1,16,counting,PIXEL_3b,0
coda_16_8710_nearest_class_n1,16,nearest-class,PIXEL_3b,1
coda_16_8766_direction_n1,16,direction,PIXEL_3b,1
coda_16_8767_direction_n1,16,direction,PIXEL_3b,0
coda_16_8769_path_object_n1,16,path-object,PIXEL_3b,1
coda_16_8775_counting_n1,16,counting,PIXEL_3b,1
coda_16_8781_nearest_class_n1,16,nearest-class,PIXEL_3b,1
coda_16_8787_nearest_dist_n1,16,nearest-distance,PIXEL_3b,1
coda_16_8825_direction_n1,16,direction,PIXEL_3b,1
coda_16_8828_counting_n1,16,counting,PIXEL_3b,0
coda_16_8955_counting_n1,16,counting,PIXEL_3b,0
coda_16_9027_nearest_dist_n1,16,nearest-distance,PIXEL_3b,1
coda_16_9034_nearest_dist_n1,16,nearest-distance,PIXEL_3b,0
coda_16_9035_direction_n1,16,direction,PIXEL_3b,0
coda_16_9038_counting_n1,16,counting,PIXEL_3b,0
coda_16_9041_counting_n1,16,counting,PIXEL_3b,0
coda_16_9051_counting_n1,16,counting,PIXEL_3b,0
coda_16_9127_nearest_dist_n1,16,nearest-distance,PIXEL_3b,1
coda_16_9130_direction_n1,16,direction,PIXEL_3b,0
coda_16_9135_counting_n1,16,counting,PIXEL_3b,1
coda_16_9138_counting_n1,16,counting,PIXEL_3b,0
coda_16_9229_nearest_class_n1,16,nearest-class,PIXEL_3b,1
coda_17_10197_nearest_dist_n1,17,nearest-distance,PIXEL_3b,0
coda_17_10199_direction_n1,17,direction,PIXEL_3b,0
coda_17_10201_path_object_n1,17,path-object,PIXEL_3b,1
coda_17_10930_nearest_class_n1,17,nearest-class,PIXEL_3b,1
coda_17_10931_nearest_class_n1,17,nearest-class,PIXEL_3b,1
coda_17_10934_direction_n1,17,direction,PIXEL_3b,0
coda_17_10935_direction_n1,17,direction,PIXEL_3b,0
coda_17_10940_path_object_n1,17,path-object,PIXEL_3b,1
coda_17_10943_nearest_class_n1,17,nearest-class,PIXEL_3b,1
coda_17_10951_nearest_class_n1,17,nearest-class,PIXEL_3b,1
coda_17_10955_nearest_dist_n1,17,nearest-distance,PIXEL_3b,1
coda_17_10961_direction_n1,17,direction,PIXEL_3b,1
coda_17_10962_path_object_n1,17,path-object,PIXEL_3b,1
coda_17_10967_counting_n1,17,counting,PIXEL_3b,1
coda_17_11006_nearest_class_n1,17,nearest-class,PIXEL_3b,1
coda_17_2050_nearest_dist_n1,17,nearest-distance,PIXEL_3b,1
coda_17_2051_direction_n1,17,direction,PIXEL_3b,1
coda_17_2064_path_object_n1,17,path-object,PIXEL_3b,1
coda_17_2098_counting_n1,17,counting,PIXEL_3b,0
coda_17_2104_nearest_class_n1,17,nearest-class,PIXEL_3b,1
coda_17_2120_path_object_n1,17,path-object,PIXEL_3b,1
coda_17_2122_path_object_n1,17,path-object,PIXEL_3b,1
coda_17_2173_counting_n1,17,counting,PIXEL_3b,0
coda_17_6027_counting_n1,17,counting,PIXEL_3b,1
coda_17_6183_nearest_class_n1,17,nearest-class,PIXEL_3b,1
coda_17_6187_nearest_dist_n1,17,nearest-distance,PIXEL_3b,1
coda_17_6192_path_object_n1,17,path-object,PIXEL_3b,1
coda_17_6194_path_object_n1,17,path-object,PIXEL_3b,1
coda_17_6197_counting_n1,17,counting,PIXEL_3b,1
coda_17_6198_nearest_class_n1,17,nearest-class,PIXEL_3b,1
coda_17_6201_nearest_dist_n1,17,nearest-distance,PIXEL_3b,0
coda_17_6203_direction_n1,17,direction,PIXEL_3b,1
coda_17_6207_path_object_n1,17,path-object,PIXEL_3b,1
coda_17_6208_counting_n1,17,counting,PIXEL_3b,0
coda_17_6209_nearest_class_n1,17,nearest-class,PIXEL_3b,0
coda_17_6210_direction_n1,17,direction,PIXEL_3b,1
coda_17_6216_direction_n1,17,direction,PIXEL_3b,1
coda_17_6336_path_object_n1,17,path-object,PIXEL_3b,1
coda_17_6337_counting_n1,17,counting,PIXEL_3b,1
coda_17_6341_nearest_dist_n1,17,nearest-distance,PIXEL_3b,1
coda_17_7781_nearest_dist_n1,17,nearest-distance,PIXEL_3b,0
coda_17_7786_path_object_n1,17,path-object,PIXEL_3b,1
coda_17_7793_path_object_n1,17,path-object,PIXEL_3b,1
coda_17_7800_counting_n1,17,counting,PIXEL_3b,1
coda_17_7807_nearest_dist_n1,17,nearest-distance,PIXEL_3b,1
coda_17_8272_nearest_dist_n1,17,nearest-distance,PIXEL_3b,1
coda_17_8275_direction_n1,17,direction,PIXEL_3b,1
coda_17_8276_path_object_n1,17,path-object,PIXEL_3b,0
coda_17_9866_counting_n1,17,counting,PIXEL_3b,0
coda_17_9874_nearest_class_n1,17,nearest-class,PIXEL_3b,0
coda_17_9875_nearest_dist_n1,17,nearest-distance,PIXEL_3b,1
coda_17_9876_direction_n1,17,direction,PIXEL_3b,0
coda_18_1654_path_object_n1,18,path-object,PIXEL_3b,1
coda_18_1657_counting_n1,18,counting,PIXEL_3b,0
coda_18_1660_path_object_n1,18,path-object,PIXEL_3b,1
coda_18_1663_path_object_n1,18,path-object,PIXEL_3b,1
coda_18_1705_direction_n1,18,direction,PIXEL_3b,1
coda_18_1711_path_object_n1,18,path-object,PIXEL_3b,1
coda_18_1716_counting_n1,18,counting,PIXEL_3b,1
coda_18_1722_nearest_class_n1,18,nearest-class,PIXEL_3b,1
coda_18_6581_nearest_dist_n1,18,nearest-distance,PIXEL_3b,1
coda_18_6634_direction_n1,18,direction,PIXEL_3b,0
coda_18_6648_path_object_n1,18,path-object,PIXEL_3b,1
coda_18_6652_counting_n1,18,counting,PIXEL_3b,0
coda_18_6653_nearest_class_n1,18,nearest-class,PIXEL_3b,1
coda_19_2757_nearest_dist_n1,19,nearest-distance,PIXEL_3b,1
coda_19_2759_direction_n1,19,direction,PIXEL_3b,1
coda_19_2768_path_object_n1,19,path-object,PIXEL_3b,1
coda_19_2770_counting_n1,19,counting,PIXEL_3b,1
coda_19_2775_nearest_class_n1,19,nearest-class,PIXEL_3b,1
coda_19_2786_nearest_dist_n1,19,nearest-distance,PIXEL_3b,1
coda_19_2795_direction_n1,19,direction,PIXEL_3b,1
coda_19_2799_path_object_n1,19,path-object,PIXEL_3b,1
coda_19_2800_counting_n1,19,counting,PIXEL_3b,1
coda_19_2801_nearest_class_n1,19,nearest-class,PIXEL_3b,1
coda_19_2806_nearest_dist_n1,19,nearest-distance,PIXEL_3b,0
coda_19_2814_direction_n1,19,direction,PIXEL_3b,1
coda_19_2816_path_object_n1,19,path-object,PIXEL_3b,1
coda_19_2820_counting_n1,19,counting,PIXEL_3b,0
coda_19_2824_direction_n1,19,direction,PIXEL_3b,1
coda_19_2892_direction_n1,19,direction,PIXEL_3b,1
coda_1_1851_path_object_n1,1,path-object,PIXEL_3b,1
coda_1_1852_path_object_n1,1,path-object,PIXEL_3b,1
coda_1_1857_counting_n1,1,counting,PIXEL_3b,0
coda_1_1858_nearest_class_n1,1,nearest-class,PIXEL_3b,0
coda_1_1864_nearest_dist_n1,1,nearest-distance,PIXEL_3b,1
coda_1_1908_direction_n1,1,direction,PIXEL_3b,1
coda_1_1915_path_object_n1,1,path-object,PIXEL_3b,1
coda_1_2006_counting_n1,1,counting,PIXEL_3b,0
coda_1_2045_nearest_class_n1,1,nearest-class,PIXEL_3b,1
coda_1_2078_nearest_dist_n1,1,nearest-distance,PIXEL_3b,1
coda_1_2081_path_object_n1,1,path-object,PIXEL_3b,1
coda_1_2083_path_object_n1,1,path-object,PIXEL_3b,1
coda_1_2085_counting_n1,1,counting,PIXEL_3b,1
coda_1_2088_nearest_class_n1,1,nearest-class,PIXEL_3b,1
coda_1_2092_path_object_n1,1,path-object,PIXEL_3b,1
coda_1_2093_direction_n1,1,direction,PIXEL_3b,0
coda_1_2099_path_object_n1,1,path-object,PIXEL_3b,1
coda_1_2105_counting_n1,1,counting,PIXEL_3b,0
coda_1_2106_nearest_class_n1,1,nearest-class,PIXEL_3b,1
coda_1_2109_nearest_dist_n1,1,nearest-distance,PIXEL_3b,1
coda_1_2111_direction_n1,1,direction,PIXEL_3b,0
coda_1_2157_path_object_n1,1,path-object,PIXEL_3b,1
coda_1_2161_counting_n1,1,counting,PIXEL_3b,0
coda_1_2166_nearest_class_n1,1,nearest-class,PIXEL_3b,1
coda_1_2232_nearest_dist_n1,1,nearest-distance,PIXEL_3b,1
coda_1_2234_direction_n1,1,direction,PIXEL_3b,1
coda_1_2236_counting_n1,1,counting,PIXEL_3b,0
coda_1_2237_counting_n1,1,counting,PIXEL_3b,0
coda_1_2238_nearest_class_n1,1,nearest-class,PIXEL_3b,0
coda_1_2244_nearest_dist_n1,1,nearest-distance,PIXEL_3b,1
coda_1_2245_direction_n1,1,direction,PIXEL_3b,1
coda_1_2937_path_object_n1,1,path-object,PIXEL_3b,1
coda_1_2939_nearest_class_n1,1,nearest-class,PIXEL_3b,1
coda_1_2952_nearest_class_n1,1,nearest-class,PIXEL_3b,1
coda_1_2955_nearest_dist_n1,1,nearest-distance,PIXEL_3b,0
coda_1_2968_direction_n1,1,direction,PIXEL_3b,1
coda_1_2983_path_object_n1,1,path-object,PIXEL_3b,0
coda_1_2984_counting_n1,1,counting,PIXEL_3b,0
coda_1_3371_nearest_dist_n1,1,nearest-distance,PIXEL_3b,1
coda_20_10010_direction_n1,20,direction,PIXEL_3b,1
coda_20_10011_direction_n1,20,direction,PIXEL_3b,1
coda_20_10012_path_object_n1,20,path-object,PIXEL_3b,1
coda_20_10026_nearest_class_n1,20,nearest-class,PIXEL_3b,1
coda_20_10032_nearest_class_n1,20,nearest-class,PIXEL_3b,1
coda_20_10033_nearest_dist_n1,20,nearest-distance,PIXEL_3b,0
coda_20_10034_path_object_n1,20,path-object,PIXEL_3b,1
coda_20_10117_counting_n1,20,counting,PIXEL_3b,0
coda_20_10118_counting_n1,20,counting,PIXEL_3b,0
coda_20_10193_nearest_class_n1,20,nearest-class,PIXEL_3b,1
coda_20_10203_nearest_dist_n1,20,nearest-distance,PIXEL_3b,1
coda_20_10212_direction_n1,20,direction,PIXEL_3b,0
coda_20_10325_path_object_n1,20,path-object,PIXEL_3b,1
coda_20_10328_nearest_class_n1,20,nearest-class,PIXEL_3b,1
coda_20_10333_nearest_class_n1,20,nearest-class,PIXEL_3b,1
coda_20_10334_nearest_dist_n1,20,nearest-distance,PIXEL_3b,0
coda_20_10335_direction_n1,20,direction,PIXEL_3b,1
coda_20_10340_path_object_n1,20,path-object,PIXEL_3b,1
coda_20_10378_counting_n1,20,counting,PIXEL_3b,0
coda_20_10380_direction_n1,20,direction,PIXEL_3b,1
coda_20_10386_direction_n1,20,direction,PIXEL_3b,1
coda_20_10387_direction_n1,20,direction,PIXEL_3b,1
coda_20_10388_nearest_dist_n1,20,nearest-distance,PIXEL_3b,0
coda_20_10393_nearest_class_n1,20,nearest-class,PIXEL_3b,1
coda_20_10394_nearest_class_n1,20,nearest-class,PIXEL_3b,1
coda_20_10396_nearest_dist_n1,20,nearest-distance,PIXEL_3b,0
coda_20_10397_direction_n1,20,direction,PIXEL_3b,1
coda_20_10399_path_object_n1,20,path-object,PIXEL_3b,1
coda_20_10409_counting_n1,20,counting,PIXEL_3b,1
coda_20_10414_nearest_dist_n1,20,nearest-distance,PIXEL_3b,1
coda_20_10415_nearest_dist_n1,20,nearest-distance,PIXEL_3b,0
coda_20_10425_direction_n1,20,direction,PIXEL_3b,0
coda_20_10426_path_object_n1,20,path-object,PIXEL_3b,1
coda_20_10427_nearest_class_n1,20,nearest-class,PIXEL_3b,1
coda_20_10428_nearest_class_n1,20,nearest-class,PIXEL_3b,1
coda_20_1076_nearest_dist_n1,20,nearest-distance,PIXEL_3b,1
coda_20_1077_direction_n1,20,direction,PIXEL_3b,0
coda_20_1078_path_object_n1,20,path-object,PIXEL_3b,1
coda_20_1137_counting_n1,20,counting,PIXEL_3b,1
coda_20_1140_nearest_class_n1,20,nearest-class,PIXEL_3b,1
coda_20_1144_direction_n1,20,direction,PIXEL_3b,1
coda_20_11920_path_object_n1,20,path-object,PIXEL_3b,1
coda_20_12092_counting_n1,20,counting,PIXEL_3b,1
coda_20_12095_counting_n1,20,counting,PIXEL_3b,0
coda_20_12099_nearest_class_n1,20,nearest-class,PIXEL_3b,1
coda_20_12100_direction_n1,20,direction,PIXEL_3b,1
coda_20_12104_direction_n1,20,direction,PIXEL_3b,1
coda_20_12106_path_object_n1,20,path-object,PIXEL_3b,1
coda_20_12108_counting_n1,20,counting,PIXEL_3b,0
coda_20_1219_nearest_class_n1,20,nearest-class,PIXEL_3b,1
coda_20_1222_direction_n1,20,direction,PIXEL_3b,1
coda_20_12638_direction_n1,20,direction,PIXEL_3b,0
coda_20_12643_path_object_n1,20,path-object,PIXEL_3b,1
coda_20_12771_direction_n1,20,direction,PIXEL_3b,0
coda_20_12810_nearest_dist_n1,20,nearest-distance,PIXEL_3b,1
coda_20_12868_direction_n1,20,direction,PIXEL_3b,1
coda_20_12869_direction_n1,20,direction,PIXEL_3b,1
coda_20_12872_path_object_n1,20,path-object,PIXEL_3b,1
coda_20_12874_counting_n1,20,counting,PIXEL_3b,1
coda_20_12883_nearest_class_n1,20,nearest-class,PIXEL_3b,1
coda_20_12892_nearest_dist_n1,20,nearest-distance,PIXEL_3b,0
coda_20_12895_direction_n1,20,direction,PIXEL_3b,1
coda_20_12897_counting_n1,20,counting,PIXEL_3b,0
coda_20_12900_counting_n1,20,counting,PIXEL_3b,0
coda_20_12901_nearest_class_n1,20,nearest-class,PIXEL_3b,1
coda_20_12982_nearest_dist_n1,20,nearest-distance,PIXEL_3b,1
coda_20_12984_direction_n1,20,direction,PIXEL_3b,1
coda_20_12986_path_object_n1,20,path-object,PIXEL_3b,1
coda_20_12987_counting_n1,20,counting,PIXEL_3b,0
coda_20_12988_nearest_class_n1,20,nearest-class,PIXEL_3b,1
coda_20_12996_nearest_dist_n1,20,nearest-distance,PIXEL_3b,1
coda_20_13003_direction_n1,20,direction,PIXEL_3b,0
coda_20_13013_path_object_n1,20,path-object,PIXEL_3b,1
coda_20_13016_counting_n1,20,counting,PIXEL_3b,0
coda_20_13019_nearest_class_n1,20,nearest-class,PIXEL_3b,1
coda_20_13025_nearest_dist_n1,20,nearest-distance,PIXEL_3b,1
coda_20_13029_direction_n1,20,direction,PIXEL_3b,1
coda_20_13038_path_object_n1,20,path-object,PIXEL_3b,0
coda_20_13039_counting_n1,20,counting,PIXEL_3b,0
coda_20_13048_nearest_dist_n1,20,nearest-distance,PIXEL_3b,1
coda_20_13054_nearest_dist_n1,20,nearest-distance,PIXEL_3b,0
coda_20_13060_direction_n1,20,direction,PIXEL_3b,1
coda_20_13064_path_object_n1,20,path-object,PIXEL_3b,0
coda_20_13071_nearest_class_n1,20,nearest-class,PIXEL_3b,1
coda_20_13079_nearest_dist_n1,20,nearest-distance,PIXEL_3b,1
coda_20_13081_nearest_dist_n1,20,nearest-distance,PIXEL_3b,1
coda_20_13143_direction_n1,20,direction,PIXEL_3b,1
coda_20_13146_path_object_n1,20,path-object,PIXEL_3b,1
coda_20_13210_counting_n1,20,counting,PIXEL_3b,0
coda_20_13211_nearest_class_n1,20,nearest-class,PIXEL_3b,1
coda_20_13212_direction_n1,20,direction,PIXEL_3b,1
coda_20_13214_direction_n1,20,direction,PIXEL_3b,1
coda_20_13215_path_object_n1,20,path-object,PIXEL_3b,1
coda_20_13251_counting_n1,20,counting,PIXEL_3b,1
coda_20_13261_nearest_class_n1,20,nearest-class,PIXEL_3b,1
coda_20_13262_nearest_dist_n1,20,nearest-distance,PIXEL_3b,0
coda_20_13263_direction_n1,20,direction,PIXEL_3b,1
coda_20_13269_path_object_n1,20,path-object,PIXEL_3b,1
coda_20_13270_counting_n1,20,counting,PIXEL_3b,1
coda_20_13271_nearest_class_n1,20,nearest-class,PIXEL_3b,1
coda_20_3056_direction_n1,20,direction,PIXEL_3b,0
coda_20_3066_direction_n1,20,direction,PIXEL_3b,0
coda_20_3067_path_object_n1,20,path-object,PIXEL_3b,1
coda_20_3174_nearest_class_n1,20,nearest-class,PIXEL_3b,1
coda_20_3292_nearest_class_n1,20,nearest-class,PIXEL_3b,1
coda_20_3293_direction_n1,20,direction,PIXEL_3b,1
coda_20_3305_direction_n1,20,direction,PIXEL_3b,1
coda_20_3311_path_object_n1,20,path-object,PIXEL_3b,1
coda_20_3387_nearest_class_n1,20,nearest-class,PIXEL_3b,0
coda_20_3453_nearest_class_n1,20,nearest-class,PIXEL_3b,1
coda_20_3486_direction_n1,20,direction,PIXEL_3b,1
coda_20_3489_direction_n1,20,direction,PIXEL_3b,1
coda_20_3494_path_object_n1,20,path-object,PIXEL_3b,1
coda_20_3497_counting_n1,20,counting,PIXEL_3b,0
coda_20_4243_nearest_class_n1,20,nearest-class,PIXEL_3b,1
coda_20_4250_nearest_dist_n1,20,nearest-distance,PIXEL_3b,1
coda_20_4256_direction_n1,20,direction,PIXEL_3b,1
coda_20_4260_path_object_n1,20,path-object,PIXEL_3b,1
coda_20_4261_counting_n1,20,counting,PIXEL_3b,1
coda_20_4262_nearest_class_n1,20,nearest-class,PIXEL_3b,1
coda_20_4267_direction_n1,20,direction,PIXEL_3b,1
coda_20_4300_direction_n1,20,direction,PIXEL_3b,0
coda_20_4303_path_object_n1,20,path-object,PIXEL_3b,1
coda_20_4356_counting_n1,20,counting,PIXEL_3b,0
coda_20_4357_nearest_dist_n1,20,nearest-distance,PIXEL_3b,1
coda_20_4554_nearest_dist_n1,20,nearest-distance,PIXEL_3b,0
coda_20_4566_direction_n1,20,direction,PIXEL_3b,1
coda_20_4567_path_object_n1,20,path-object,PIXEL_3b,1
coda_20_4573_counting_n1,20,counting,PIXEL_3b,0
coda_20_4630_nearest_class_n1,20,nearest-class,PIXEL_3b,1
coda_20_4876_nearest_dist_n1,20,nearest-distance,PIXEL_3b,0
coda_20_4877_direction_n1,20,direction,PIXEL_3b,1
coda_20_4883_path_object_n1,20,path-object,PIXEL_3b,1
coda_20_4885_counting_n1,20,counting,PIXEL_3b,1
coda_20_4890_nearest_class_n1,20,nearest-class,PIXEL_3b,1
coda_20_4894_direction_n1,20,direction,PIXEL_3b,0
coda_20_4926_path_object_n1,20,path-object,PIXEL_3b,1
coda_20_4928_path_object_n1,20,path-object,PIXEL_3b,1
coda_20_4932_nearest_class_n1,20,nearest-class,PIXEL_3b,1
coda_20_4934_nearest_class_n1,20,nearest-class,PIXEL_3b,1
coda_20_4938_nearest_dist_n1,20,nearest-distance,PIXEL_3b,1
coda_20_4939_direction_n1,20,direction,PIXEL_3b,1
coda_20_4943_path_object_n1,20,path-object,PIXEL_3b,1
coda_20_4944_counting_n1,20,counting,PIXEL_3b,1
coda_20_4948_nearest_dist_n1,20,nearest-distance,PIXEL_3b,1
coda_20_4952_nearest_dist_n1,20,nearest-distance,PIXEL_3b,1
coda_20_4953_direction_n1,20,direction,PIXEL_3b,1
coda_20_5288_path_object_n1,20,path-object,PIXEL_3b,1
coda_20_5293_nearest_class_n1,20,nearest-class,PIXEL_3b,1
coda_20_5300_nearest_class_n1,20,nearest-class,PIXEL_3b,1
coda_20_5354_nearest_dist_n1,20,nearest-distance,PIXEL_3b,0
coda_20_5357_direction_n1,20,direction,PIXEL_3b,1
coda_20_5359_path_object_n1,20,path-object,PIXEL_3b,1
coda_20_5361_counting_n1,20,counting,PIXEL_3b,1
coda_20_5476_nearest_class_n1,20,nearest-class,PIXEL_3b,1
coda_20_5477_nearest_dist_n1,20,nearest-distance,PIXEL_3b,1
coda_20_5489_direction_n1,20,direction,PIXEL_3b,1
coda_20_5611_counting_n1,20,counting,PIXEL_3b,0
coda_20_5674_nearest_class_n1,20,nearest-class,PIXEL_3b,1
coda_20_5684_nearest_class_n1,20,nearest-class,PIXEL_3b,1
coda_20_5689_nearest_dist_n1,20,nearest-distance,PIXEL_3b,1
coda_20_5690_direction_n1,20,direction,PIXEL_3b,1
coda_20_5701_path_object_n1,20,path-object,PIXEL_3b,1
coda_20_5702_nearest_class_n1,20,nearest-class,PIXEL_3b,1
coda_20_5703_nearest_class_n1,20,nearest-class,PIXEL_3b,1
coda_20_5704_nearest_dist_n1,20,nearest-distance,PIXEL_3b,1
coda_20_5752_path_object_n1,20,path-object,PIXEL_3b,1
coda_20_7488_path_object_n1,20,path-object,PIXEL_3b,1
coda_20_7489_counting_n1,20,counting,PIXEL_3b,0
coda_20_7493_nearest_class_n1,20,nearest-class,PIXEL_3b,1
coda_20_7526_nearest_dist_n1,20,nearest-distance,PIXEL_3b,1
coda_20_7534_direction_n1,20,direction,PIXEL_3b,1
coda_20_7536_counting_n1,20,counting,PIXEL_3b,0
coda_20_7542_counting_n1,20,counting,PIXEL_3b,1
coda_20_7544_nearest_class_n1,20,nearest-class,PIXEL_3b,1
coda_20_7630_nearest_dist_n1,20,nearest-distance,PIXEL_3b,0
coda_20_7703_direction_n1,20,direction,PIXEL_3b,1
coda_20_7710_path_object_n1,20,path-object,PIXEL_3b,1
coda_20_7712_counting_n1,20,counting,PIXEL_3b,1
coda_20_7715_nearest_class_n1,20,nearest-class,PIXEL_3b,1
coda_20_7751_direction_n1,20,direction,PIXEL_3b,1
coda_20_7923_direction_n1,20,direction,PIXEL_3b,1
coda_20_7927_path_object_n1,20,path-object,PIXEL_3b,1
coda_20_7928_nearest_class_n1,20,nearest-class,PIXEL_3b,1
coda_20_7936_nearest_class_n1,20,nearest-class,PIXEL_3b,1
coda_20_7937_nearest_dist_n1,20,nearest-distance,PIXEL_3b,0
coda_20_7938_direction_n1,20,direction,PIXEL_3b,0
coda_20_7968_path_object_n1,20,path-object,PIXEL_3b,1
coda_20_8176_counting_n1,20,counting,PIXEL_3b,1
coda_20_8178_nearest_class_n1,20,nearest-class,PIXEL_3b,1
coda_20_8181_nearest_dist_n1,20,nearest-distance,PIXEL_3b,0
coda_20_8182_direction_n1,20,direction,PIXEL_3b,0
coda_20_8183_path_object_n1,20,path-object,PIXEL_3b,1
coda_20_8185_counting_n1,20,counting,PIXEL_3b,0
coda_20_8196_nearest_class_n1,20,nearest-class,PIXEL_3b,1
coda_20_8198_nearest_dist_n1,20,nearest-distance,PIXEL_3b,1
coda_20_8466_direction_n1,20,direction,PIXEL_3b,1
coda_20_8467_path_object_n1,20,path-object,PIXEL_3b,1
coda_20_8474_nearest_class_n1,20,nearest-class,PIXEL_3b,1
coda_20_8475_nearest_class_n1,20,nearest-class,PIXEL_3b,1
coda_20_8483_nearest_dist_n1,20,nearest-distance,PIXEL_3b,1
coda_20_8519_direction_n1,20,direction,PIXEL_3b,1
coda_20_8613_path_object_n1,20,path-object,PIXEL_3b,1
coda_20_8618_nearest_class_n1,20,nearest-class,PIXEL_3b,1
coda_20_8619_nearest_class_n1,20,nearest-class,PIXEL_3b,1
coda_20_8738_direction_n1,20,direction,PIXEL_3b,1
coda_20_8741_direction_n1,20,direction,PIXEL_3b,1
coda_20_8742_path_object_n1,20,path-object,PIXEL_3b,1
coda_20_8744_counting_n1,20,counting,PIXEL_3b,0
coda_20_8746_nearest_class_n1,20,nearest-class,PIXEL_3b,1
coda_20_8747_nearest_dist_n1,20,nearest-distance,PIXEL_3b,1
coda_20_8751_direction_n1,20,direction,PIXEL_3b,1
coda_20_8783_path_object_n1,20,path-object,PIXEL_3b,1
coda_20_8792_counting_n1,20,counting,PIXEL_3b,0
coda_20_8795_nearest_dist_n1,20,nearest-distance,PIXEL_3b,0
coda_20_8803_nearest_dist_n1,20,nearest-distance,PIXEL_3b,1
coda_20_8806_direction_n1,20,direction,PIXEL_3b,1
coda_20_8808_path_object_n1,20,path-object,PIXEL_3b,1
coda_20_8813_counting_n1,20,counting,PIXEL_3b,1
coda_20_8824_nearest_class_n1,20,nearest-class,PIXEL_3b,1
coda_20_8845_path_object_n1,20,path-object,PIXEL_3b,1
coda_20_9392_path_object_n1,20,path-object,PIXEL_3b,1
coda_20_9393_path_object_n1,20,path-object,PIXEL_3b,1
coda_20_9397_nearest_class_n1,20,nearest-class,PIXEL_3b,1
coda_20_9406_nearest_class_n1,20,nearest-class,PIXEL_3b,1
coda_20_9411_direction_n1,20,direction,PIXEL_3b,1
coda_20_9412_direction_n1,20,direction,PIXEL_3b,0
coda_20_9424_path_object_n1,20,path-object,PIXEL_3b,1
coda_20_9429_counting_n1,20,counting,PIXEL_3b,1
coda_20_9432_nearest_class_n1,20,nearest-class,PIXEL_3b,1
coda_20_9436_nearest_dist_n1,20,nearest-distance,PIXEL_3b,1
coda_20_9471_direction_n1,20,direction,PIXEL_3b,1
coda_20_9474_path_object_n1,20,path-object,PIXEL_3b,1
coda_20_9478_counting_n1,20,counting,PIXEL_3b,0
coda_20_9479_nearest_class_n1,20,nearest-class,PIXEL_3b,1
coda_20_9612_nearest_dist_n1,20,nearest-distance,PIXEL_3b,0
coda_20_9722_direction_n1,20,direction,PIXEL_3b,1
coda_20_9725_path_object_n1,20,path-object,PIXEL_3b,1
coda_20_9727_counting_n1,20,counting,PIXEL_3b,1
coda_20_9728_nearest_class_n1,20,nearest-class,PIXEL_3b,1
coda_20_973_direction_n1,20,direction,PIXEL_3b,1
coda_20_9736_direction_n1,20,direction,PIXEL_3b,0
coda_20_9737_path_object_n1,20,path-object,PIXEL_3b,1
coda_20_9745_counting_n1,20,counting,PIXEL_3b,1
coda_20_9746_nearest_class_n1,20,nearest-class,PIXEL_3b,1
coda_20_9754_nearest_dist_n1,20,nearest-distance,PIXEL_3b,0
coda_20_9785_direction_n1,20,direction,PIXEL_3b,1
coda_20_9787_path_object_n1,20,path-object,PIXEL_3b,1
coda_20_9788_counting_n1,20,counting,PIXEL_3b,0
coda_20_9790_nearest_class_n1,20,nearest-class,PIXEL_3b,1
coda_20_9927_nearest_dist_n1,20,nearest-distance,PIXEL_3b,1
coda_20_9928_direction_n1,20,direction,PIXEL_3b,0
coda_20_9958_path_object_n1,20,path-object,PIXEL_3b,1
coda_20_9959_counting_n1,20,counting,PIXEL_3b,0
coda_2_2441_nearest_class_n1,2,nearest-class,PIXEL_3b,1
coda_2_2442_nearest_dist_n1,2,nearest-distance,PIXEL_3b,0
coda_2_2443_direction_n1,2,direction,PIXEL_3b,1
coda_2_2457_path_object_n1,2,path-object,PIXEL_3b,1
coda_2_2459_counting_n1,2,counting,PIXEL_3b,0
coda_2_2460_nearest_class_n1,2,nearest-class,PIXEL_3b,1
coda_2_2465_nearest_dist_n1,2,nearest-distance,PIXEL_3b,0
coda_2_2468_path_object_n1,2,path-object,PIXEL_3b,1
coda_2_2537_path_object_n1,2,path-object,PIXEL_3b,1
coda_2_2539_counting_n1,2,counting,PIXEL_3b,0
coda_2_2541_nearest_class_n1,2,nearest-class,PIXEL_3b,1
coda_2_2544_nearest_dist_n1,2,nearest-distance,PIXEL_3b,1
coda_2_2545_direction_n1,2,direction,PIXEL_3b,1
coda_2_5041_path_object_n1,2,path-object,PIXEL_3b,0
coda_2_5044_counting_n1,2,counting,PIXEL_3b,1
coda_2_5046_nearest_dist_n1,2,nearest-distance,PIXEL_3b,0
coda_2_5048_nearest_dist_n1,2,nearest-distance,PIXEL_3b,1
coda_2_5051_path_object_n1,2,path-object,PIXEL_3b,1
coda_2_5058_path_object_n1,2,path-object,PIXEL_3b,0
coda_2_5060_counting_n1,2,counting,PIXEL_3b,0
coda_2_5081_direction_n1,2,direction,PIXEL_3b,1
coda_2_5084_direction_n1,2,direction,PIXEL_3b,1
coda_2_5086_direction_n1,2,direction,PIXEL_3b,1
coda_2_5091_path_object_n1,2,path-object,PIXEL_3b,0
coda_2_5093_counting_n1,2,counting,PIXEL_3b,0
coda_2_5094_nearest_class_n1,2,nearest-class,PIXEL_3b,0
coda_2_5101_direction_n1,2,direction,PIXEL_3b,0
coda_2_5104_direction_n1,2,direction,PIXEL_3b,1
coda_2_5109_path_object_n1,2,path-object,PIXEL_3b,1
coda_2_5111_counting_n1,2,counting,PIXEL_3b,0
coda_2_5112_nearest_class_n1,2,nearest-class,PIXEL_3b,1
coda_2_5114_nearest_dist_n1,2,nearest-distance,PIXEL_3b,1
coda_2_5120_path_object_n1,2,path-object,PIXEL_3b,1
coda_2_5122_path_object_n1,2,path-object,PIXEL_3b,1
coda_2_5126_counting_n1,2,counting,PIXEL_3b,1
coda_2_5129_nearest_class_n1,2,nearest-class,PIXEL_3b,1
coda_2_5198_nearest_dist_n1,2,nearest-distance,PIXEL_3b,0
coda_2_5202_path_object_n1,2,path-object,PIXEL_3b,1
coda_2_5203_counting_n1,2,counting,PIXEL_3b,0
coda_2_5205_counting_n1,2,counting,PIXEL_3b,1
coda_2_5289_nearest_dist_n1,2,nearest-distance,PIXEL_3b,1
coda_2_5293_nearest_dist_n1,2,nearest-distance,PIXEL_3b,0
coda_2_5338_direction_n1,2,direction,PIXEL_3b,1
coda_2_5339_path_object_n1,2,path-object,PIXEL_3b,1
coda_2_5587_counting_n1,2,counting,PIXEL_3b,0
coda_2_5589_nearest_class_n1,2,nearest-class,PIXEL_3b,1
coda_2_5591_nearest_dist_n1,2,nearest-distance,PIXEL_3b,1
coda_2_5593_direction_n1,2,direction,PIXEL_3b,1
coda_2_5595_path_object_n1,2,path-object,PIXEL_3b,1
coda_2_6852_counting_n1,2,counting,PIXEL_3b,0
coda_2_6962_nearest_class_n1,2,nearest-class,PIXEL_3b,1
coda_2_6968_direction_n1,2,direction,PIXEL_3b,0
coda_2_6970_direction_n1,2,direction,PIXEL_3b,0
coda_2_6974_path_object_n1,2,path-object,PIXEL_3b,1
coda_2_6975_counting_n1,2,counting,PIXEL_3b,1
coda_2_6988_nearest_dist_n1,2,nearest-distance,PIXEL_3b,0
coda_2_6990_direction_n1,2,direction,PIXEL_3b,1
coda_2_7032_counting_n1,2,counting,PIXEL_3b,0
coda_2_7141_path_object_n1,2,path-object,PIXEL_3b,1
coda_2_7142_counting_n1,2,counting,PIXEL_3b,0
coda_2_7149_nearest_class_n1,2,nearest-class,PIXEL_3b,1
coda_3_11984_nearest_dist_n1,3,nearest-distance,PIXEL_3b,0
coda_3_12067_direction_n1,3,direction,PIXEL_3b,0
coda_3_12069_path_object_n1,3,path-object,PIXEL_3b,1
coda_3_12072_counting_n1,3,counting,PIXEL_3b,1
coda_3_12075_nearest_class_n1,3,nearest-class,PIXEL_3b,1
coda_3_12137_direction_n1,3,direction,PIXEL_3b,1
coda_3_12145_direction_n1,3,direction,PIXEL_3b,1
coda_3_12149_path_object_n1,3,path-object,PIXEL_3b,1
coda_3_1820_counting_n1,3,counting,PIXEL_3b,0
coda_3_1825_nearest_class_n1,3,nearest-class,PIXEL_3b,1
coda_3_1826_nearest_dist_n1,3,nearest-distance,PIXEL_3b,1
coda_3_1837_path_object_n1,3,path-object,PIXEL_3b,1
coda_3_1840_path_object_n1,3,path-object,PIXEL_3b,1
coda_3_1842_counting_n1,3,counting,PIXEL_3b,1
coda_3_1844_nearest_class_n1,3,nearest-class,PIXEL_3b,1
coda_3_1933_nearest_dist_n1,3,nearest-distance,PIXEL_3b,1
coda_3_1934_direction_n1,3,direction,PIXEL_3b,1
coda_3_1937_path_object_n1,3,path-object,PIXEL_3b,0
coda_3_1942_counting_n1,3,counting,PIXEL_3b,0
coda_3_1996_nearest_class_n1,3,nearest-class,PIXEL_3b,1
coda_3_2000_direction_n1,3,direction,PIXEL_3b,1
coda_3_2001_direction_n1,3,direction,PIXEL_3b,1
coda_3_2009_path_object_n1,3,path-object,PIXEL_3b,1
coda_3_2015_counting_n1,3,counting,PIXEL_3b,1
coda_3_2026_nearest_class_n1,3,nearest-class,PIXEL_3b,1
coda_3_2027_direction_n1,3,direction,PIXEL_3b,1
coda_3_2033_direction_n1,3,direction,PIXEL_3b,1
coda_4_1337_path_object_n1,4,path-object,PIXEL_3b,1
coda_4_1340_counting_n1,4,counting,PIXEL_3b,1
coda_4_1343_nearest_class_n1,4,nearest-class,PIXEL_3b,1
coda_4_1427_nearest_dist_n1,4,nearest-distance,PIXEL_3b,1
coda_4_1431_path_object_n1,4,path-object,PIXEL_3b,1
coda_4_1475_path_object_n1,4,path-object,PIXEL_3b,1
coda_4_1476_counting_n1,4,counting,PIXEL_3b,0
coda_4_6639_nearest_class_n1,4,nearest-class,PIXEL_3b,1
coda_4_6640_direction_n1,4,direction,PIXEL_3b,1
coda_4_6644_path_object_n1,4,path-object,PIXEL_3b,1
coda_4_6651_path_object_n1,4,path-object,PIXEL_3b,1
coda_4_6653_counting_n1,4,counting,PIXEL_3b,1
coda_4_6656_nearest_class_n1,4,nearest-class,PIXEL_3b,1
coda_4_6663_nearest_dist_n1,4,nearest-distance,PIXEL_3b,1
coda_4_6694_direction_n1,4,direction,PIXEL_3b,1
coda_4_6769_path_object_n1,4,path-object,PIXEL_3b,1
coda_4_6774_counting_n1,4,counting,PIXEL_3b,0
coda_4_6777_nearest_class_n1,4,nearest-class,PIXEL_3b,1
coda_4_6782_nearest_dist_n1,4,nearest-distance,PIXEL_3b,1
coda_4_6796_direction_n1,4,direction,PIXEL_3b,1
coda_4_6799_nearest_class_n1,4,nearest-class,PIXEL_3b,1
coda_4_6804_counting_n1,4,counting,PIXEL_3b,0
coda_4_6807_nearest_class_n1,4,nearest-class,PIXEL_3b,1
coda_4_6875_nearest_dist_n1,4,nearest-distance,PIXEL_3b,1
coda_4_6880_direction_n1,4,direction,PIXEL_3b,1
coda_4_6882_path_object_n1,4,path-object,PIXEL_3b,1
coda_4_6883_counting_n1,4,counting,PIXEL_3b,1
coda_4_6895_nearest_dist_n1,4,nearest-distance,PIXEL_3b,0
coda_4_6903_nearest_dist_n1,4,nearest-distance,PIXEL_3b,0
coda_4_6906_direction_n1,4,direction,PIXEL_3b,1
coda_4_6909_path_object_n1,4,path-object,PIXEL_3b,1
coda_4_6912_counting_n1,4,counting,PIXEL_3b,0
coda_4_6923_nearest_class_n1,4,nearest-class,PIXEL_3b,1
coda_4_6926_direction_n1,4,direction,PIXEL_3b,1
coda_4_6933_direction_n1,4,direction,PIXEL_3b,1
coda_5_1803_counting_n1,5,counting,PIXEL_3b,0
coda_5_1810_counting_n1,5,counting,PIXEL_3b,1
coda_5_1848_nearest_class_n1,5,nearest-class,PIXEL_3b,1
coda_6_10385_nearest_dist_n1,6,nearest-distance,PIXEL_3b,1
coda_6_10386_direction_n1,6,direction,PIXEL_3b,1
coda_6_10388_counting_n1,6,counting,PIXEL_3b,1
coda_6_10393_counting_n1,6,counting,PIXEL_3b,1
coda_6_10395_nearest_class_n1,6,nearest-class,PIXEL_3b,1
coda_6_10430_nearest_dist_n1,6,nearest-distance,PIXEL_3b,1
coda_6_10434_counting_n1,6,counting,PIXEL_3b,0
coda_6_10440_counting_n1,6,counting,PIXEL_3b,1
coda_6_10441_counting_n1,6,counting,PIXEL_3b,1
coda_6_10442_nearest_class_n1,6,nearest-class,PIXEL_3b,1
coda_6_10453_direction_n1,6,direction,PIXEL_3b,1
coda_6_10457_direction_n1,6,direction,PIXEL_3b,1
coda_6_10465_path_object_n1,6,path-object,PIXEL_3b,1
coda_6_10471_counting_n1,6,counting,PIXEL_3b,0
coda_6_10472_nearest_class_n1,6,nearest-class,PIXEL_3b,1
coda_6_10478_nearest_dist_n1,6,nearest-distance,PIXEL_3b,1
coda_6_10563_direction_n1,6,direction,PIXEL_3b,1
coda_6_1243_path_object_n1,6,path-object,PIXEL_3b,0
coda_6_1245_counting_n1,6,counting,PIXEL_3b,1
coda_6_1253_nearest_dist_n1,6,nearest-distance,PIXEL_3b,1
coda_6_1254_nearest_dist_n1,6,nearest-distance,PIXEL_3b,1
coda_6_1322_path_object_n1,6,path-object,PIXEL_3b,1
coda_6_1324_path_object_n1,6,path-object,PIXEL_3b,1
coda_6_1421_counting_n1,6,counting,PIXEL_3b,0
coda_6_2601_nearest_class_n1,6,nearest-class,PIXEL_3b,1
coda_6_2641_nearest_dist_n1,6,nearest-distance,PIXEL_3b,0
coda_6_2649_direction_n1,6,direction,PIXEL_3b,1
coda_6_2654_path_object_n1,6,path-object,PIXEL_3b,1
coda_6_2655_counting_n1,6,counting,PIXEL_3b,1
coda_6_2656_nearest_dist_n1,6,nearest-distance,PIXEL_3b,1
coda_6_2657_nearest_dist_n1,6,nearest-distance,PIXEL_3b,1
coda_6_2747_direction_n1,6,direction,PIXEL_3b,1
coda_6_2759_counting_n1,6,counting,PIXEL_3b,0
coda_6_2760_counting_n1,6,counting,PIXEL_3b,0
coda_6_2761_nearest_class_n1,6,nearest-class,PIXEL_3b,0
coda_6_2774_nearest_dist_n1,6,nearest-distance,PIXEL_3b,1
coda_6_2784_direction_n1,6,direction,PIXEL_3b,1
coda_6_2794_path_object_n1,6,path-object,PIXEL_3b,1
coda_6_2796_counting_n1,6,counting,PIXEL_3b,1
coda_6_2828_nearest_class_n1,6,nearest-class,PIXEL_3b,1
coda_6_2831_direction_n1,6,direction,PIXEL_3b,1
coda_6_2834_direction_n1,6,direction,PIXEL_3b,1
coda_6_2839_path_object_n1,6,path-object,PIXEL_3b,1
coda_6_2840_counting_n1,6,counting,PIXEL_3b,0
coda_6_2841_nearest_class_n1,6,nearest-class,PIXEL_3b,1
coda_6_2846_nearest_dist_n1,6,nearest-distance,PIXEL_3b,0
coda_6_2854_direction_n1,6,direction,PIXEL_3b,1
coda_6_2855_counting_n1,6,counting,PIXEL_3b,0
coda_6_2857_counting_n1,6,counting,PIXEL_3b,0
coda_6_2859_nearest_class_n1,6,nearest-class,PIXEL_3b,0
coda_6_4502_nearest_dist_n1,6,nearest-distance,PIXEL_3b,0
coda_6_4509_direction_n1,6,direction,PIXEL_3b,1
coda_6_4515_path_object_n1,6,path-object,PIXEL_3b,1
coda_6_4524_counting_n1,6,counting,PIXEL_3b,1
coda_6_4529_nearest_class_n1,6,nearest-class,PIXEL_3b,0
coda_6_4533_nearest_dist_n1,6,nearest-distance,PIXEL_3b,0
coda_6_4601_counting_n1,6,counting,PIXEL_3b,1
coda_6_4603_counting_n1,6,counting,PIXEL_3b,0
coda_6_4607_counting_n1,6,counting,PIXEL_3b,1
coda_6_4611_direction_n1,6,direction,PIXEL_3b,1
coda_6_4618_nearest_dist_n1,6,nearest-distance,PIXEL_3b,0
coda_6_4619_direction_n1,6,direction,PIXEL_3b,1
coda_6_4662_counting_n1,6,counting,PIXEL_3b,1
coda_6_4664_counting_n1,6,counting,PIXEL_3b,0
coda_6_4740_nearest_class_n1,6,nearest-class,PIXEL_3b,1
coda_6_4741_nearest_dist_n1,6,nearest-distance,PIXEL_3b,1
coda_6_4747_direction_n1,6,direction,PIXEL_3b,1
coda_6_4750_counting_n1,6,counting,PIXEL_3b,0
coda_6_4756_counting_n1,6,counting,PIXEL_3b,1
coda_6_4757_nearest_class_n1,6,nearest-class,PIXEL_3b,1
coda_6_4764_nearest_dist_n1,6,nearest-distance,PIXEL_3b,1
coda_6_4769_direction_n1,6,direction,PIXEL_3b,1
coda_6_4772_counting_n1,6,counting,PIXEL_3b,0
coda_6_4773_counting_n1,6,counting,PIXEL_3b,0
coda_6_4776_nearest_class_n1,6,nearest-class,PIXEL_3b,1
coda_6_5518_nearest_dist_n1,6,nearest-distance,PIXEL_3b,0
coda_6_5526_direction_n1,6,direction,PIXEL_3b,1
coda_6_5528_counting_n1,6,counting,PIXEL_3b,0
coda_6_5534_counting_n1,6,counting,PIXEL_3b,0
coda_6_5578_direction_n1,6,direction,PIXEL_3b,1
coda_6_5581_direction_n1,6,direction,PIXEL_3b,1
coda_6_5584_direction_n1,6,direction,PIXEL_3b,1
coda_6_5632_counting_n1,6,counting,PIXEL_3b,1
coda_6_5634_counting_n1,6,counting,PIXEL_3b,1
coda_6_5635_nearest_class_n1,6,nearest-class,PIXEL_3b,1
coda_6_5645_nearest_dist_n1,6,nearest-distance,PIXEL_3b,1
coda_6_5646_direction_n1,6,direction,PIXEL_3b,1
coda_6_5680_nearest_class_n1,6,nearest-class,PIXEL_3b,1
coda_6_5685_counting_n1,6,counting,PIXEL_3b,0
coda_6_5691_nearest_class_n1,6,nearest-class,PIXEL_3b,0
coda_6_5692_nearest_dist_n1,6,nearest-distance,PIXEL_3b,0
coda_6_5693_direction_n1,6,direction,PIXEL_3b,1
coda_6_5702_nearest_class_n1,6,nearest-class,PIXEL_3b,1
coda_6_5705_counting_n1,6,counting,PIXEL_3b,1
coda_6_5707_nearest_class_n1,6,nearest-class,PIXEL_3b,1
coda_6_5710_nearest_dist_n1,6,nearest-distance,PIXEL_3b,1
coda_6_5714_direction_n1,6,direction,PIXEL_3b,1
coda_6_5716_counting_n1,6,counting,PIXEL_3b,1
coda_6_5717_counting_n1,6,counting,PIXEL_3b,1
coda_6_5721_nearest_dist_n1,6,nearest-distance,PIXEL_3b,0
coda_6_5723_nearest_dist_n1,6,nearest-distance,PIXEL_3b,0
coda_6_5730_direction_n1,6,direction,PIXEL_3b,1
coda_6_5734_counting_n1,6,counting,PIXEL_3b,0
coda_6_8483_counting_n1,6,counting,PIXEL_3b,0
coda_6_8484_nearest_class_n1,6,nearest-class,PIXEL_3b,1
coda_6_8485_nearest_dist_n1,6,nearest-distance,PIXEL_3b,1
coda_6_8487_direction_n1,6,direction,PIXEL_3b,1
coda_6_8494_path_object_n1,6,path-object,PIXEL_3b,0
coda_6_8495_counting_n1,6,counting,PIXEL_3b,0
coda_6_8500_nearest_class_n1,6,nearest-class,PIXEL_3b,1
coda_6_8504_nearest_dist_n1,6,nearest-distance,PIXEL_3b,0
coda_6_8509_path_object_n1,6,path-object,PIXEL_3b,0
coda_6_8656_path_object_n1,6,path-object,PIXEL_3b,1
coda_6_8657_nearest_dist_n1,6,nearest-distance,PIXEL_3b,0
coda_6_8660_nearest_dist_n1,6,nearest-distance,PIXEL_3b,1
coda_6_8822_direction_n1,6,direction,PIXEL_3b,1
coda_6_8824_direction_n1,6,direction,PIXEL_3b,1
coda_6_8829_nearest_dist_n1,6,nearest-distance,PIXEL_3b,0
coda_6_8835_counting_n1,6,counting,PIXEL_3b,0
coda_6_8839_nearest_dist_n1,6,nearest-distance,PIXEL_3b,1
coda_6_8840_nearest_dist_n1,6,nearest-distance,PIXEL_3b,1
coda_6_8852_direction_n1,6,direction,PIXEL_3b,1
coda_6_8920_path_object_n1,6,path-object,PIXEL_3b,1
coda_6_8922_counting_n1,6,counting,PIXEL_3b,1
coda_6_9135_direction_n1,6,direction,PIXEL_3b,1
coda_6_9141_nearest_dist_n1,6,nearest-distance,PIXEL_3b,0
coda_7_12955_direction_n1,7,direction,PIXEL_3b,1
coda_7_12956_path_object_n1,7,path-object,PIXEL_3b,1
coda_7_12957_nearest_class_n1,7,nearest-class,PIXEL_3b,1
coda_7_12967_nearest_class_n1,7,nearest-class,PIXEL_3b,1
coda_7_12971_nearest_dist_n1,7,nearest-distance,PIXEL_3b,1
coda_7_12975_direction_n1,7,direction,PIXEL_3b,1
coda_7_12979_path_object_n1,7,path-object,PIXEL_3b,1
coda_7_13023_counting_n1,7,counting,PIXEL_3b,1
coda_7_13027_nearest_class_n1,7,nearest-class,PIXEL_3b,1
coda_7_13028_path_object_n1,7,path-object,PIXEL_3b,1
coda_7_13030_path_object_n1,7,path-object,PIXEL_3b,1
coda_7_13040_path_object_n1,7,path-object,PIXEL_3b,1
coda_7_13045_counting_n1,7,counting,PIXEL_3b,1
coda_7_13047_nearest_class_n1,7,nearest-class,PIXEL_3b,1
coda_7_14701_direction_n1,7,direction,PIXEL_3b,1
coda_7_14879_direction_n1,7,direction,PIXEL_3b,0
coda_7_14924_counting_n1,7,counting,PIXEL_3b,1
coda_7_14927_counting_n1,7,counting,PIXEL_3b,1
coda_7_14972_nearest_class_n1,7,nearest-class,PIXEL_3b,1
coda_7_14973_nearest_dist_n1,7,nearest-distance,PIXEL_3b,0
coda_7_14975_direction_n1,7,direction,PIXEL_3b,0
coda_7_14985_path_object_n1,7,path-object,PIXEL_3b,1
coda_7_14986_nearest_class_n1,7,nearest-class,PIXEL_3b,1
coda_7_15069_nearest_class_n1,7,nearest-class,PIXEL_3b,1
coda_7_15070_nearest_dist_n1,7,nearest-distance,PIXEL_3b,1
coda_7_15072_direction_n1,7,direction,PIXEL_3b,1
coda_7_15075_path_object_n1,7,path-object,PIXEL_3b,1
coda_7_15079_counting_n1,7,counting,PIXEL_3b,1
coda_7_15084_nearest_class_n1,7,nearest-class,PIXEL_3b,1
coda_7_15088_nearest_dist_n1,7,nearest-distance,PIXEL_3b,0
coda_7_15101_direction_n1,7,direction,PIXEL_3b,1
coda_7_15111_path_object_n1,7,path-object,PIXEL_3b,1
coda_7_15114_counting_n1,7,counting,PIXEL_3b,0
coda_7_15199_nearest_class_n1,7,nearest-class,PIXEL_3b,1
coda_7_15206_nearest_dist_n1,7,nearest-distance,PIXEL_3b,1
coda_7_15212_direction_n1,7,direction,PIXEL_3b,0
coda_7_15219_path_object_n1,7,path-object,PIXEL_3b,1
coda_7_15258_counting_n1,7,counting,PIXEL_3b,1
coda_7_15308_nearest_class_n1,7,nearest-class,PIXEL_3b,1
coda_7_15313_direction_n1,7,direction,PIXEL_3b,0
coda_7_15316_direction_n1,7,direction,PIXEL_3b,0
coda_7_15318_path_object_n1,7,path-object,PIXEL_3b,1
coda_7_15322_counting_n1,7,counting,PIXEL_3b,1
coda_7_15331_nearest_class_n1,7,nearest-class,PIXEL_3b,1
coda_7_15333_direction_n1,7,direction,PIXEL_3b,0
coda_7_4781_direction_n1,7,direction,PIXEL_3b,1
coda_7_4850_counting_n1,7,counting,PIXEL_3b,0
coda_7_4853_counting_n1,7,counting,PIXEL_3b,1
coda_7_4971_nearest_class_n1,7,nearest-class,PIXEL_3b,1
coda_7_6615_nearest_dist_n1,7,nearest-distance,PIXEL_3b,0
coda_7_6622_direction_n1,7,direction,PIXEL_3b,0
coda_7_6623_path_object_n1,7,path-object,PIXEL_3b,1
coda_7_6625_counting_n1,7,counting,PIXEL_3b,0
coda_7_6686_nearest_class_n1,7,nearest-class,PIXEL_3b,1
coda_7_6693_nearest_dist_n1,7,nearest-distance,PIXEL_3b,1
coda_7_6698_direction_n1,7,direction,PIXEL_3b,0
coda_7_6699_path_object_n1,7,path-object,PIXEL_3b,1
coda_7_6701_counting_n1,7,counting,PIXEL_3b,0
coda_7_6711_nearest_class_n1,7,nearest-class,PIXEL_3b,1
coda_7_6712_direction_n1,7,direction,PIXEL_3b,1
coda_7_6714_direction_n1,7,direction,PIXEL_3b,1
coda_7_6772_nearest_dist_n1,7,nearest-distance,PIXEL_3b,0
coda_7_6775_counting_n1,7,counting,PIXEL_3b,1
coda_7_6777_nearest_dist_n1,7,nearest-distance,PIXEL_3b,1
coda_7_6780_counting_n1,7,counting,PIXEL_3b,1
coda_7_6790_direction_n1,7,direction,PIXEL_3b,1
coda_7_8412_counting_n1,7,counting,PIXEL_3b,1
coda_7_8414_counting_n1,7,counting,PIXEL_3b,1
coda_7_8415_nearest_dist_n1,7,nearest-distance,PIXEL_3b,0
coda_7_8418_nearest_dist_n1,7,nearest-distance,PIXEL_3b,0
coda_7_8421_direction_n1,7,direction,PIXEL_3b,0
coda_7_8425_counting_n1,7,counting,PIXEL_3b,1
coda_8_631_counting_n1,8,counting,PIXEL_3b,0
coda_9_1531_nearest_dist_n1,9,nearest-distance,PIXEL_3b,1
coda_9_1532_nearest_dist_n1,9,nearest-distance,PIXEL_3b,0
coda_9_1538_direction_n1,9,direction,PIXEL_3b,1
coda_9_1539_path_object_n1,9,path-object,PIXEL_3b,1
coda_9_1549_counting_n1,9,counting,PIXEL_3b,1
coda_9_1550_nearest_class_n1,9,nearest-class,PIXEL_3b,1
coda_9_1551_nearest_dist_n1,9,nearest-distance,PIXEL_3b,1
coda_9_1552_direction_n1,9,direction,PIXEL_3b,1
coda_9_1586_counting_n1,9,counting,PIXEL_3b,0
coda_9_1637_counting_n1,9,counting,PIXEL_3b,0
coda_9_1641_nearest_class_n1,9,nearest-class,PIXEL_3b,1
coda_9_1644_nearest_dist_n1,9,nearest-distance,PIXEL_3b,1
coda_9_1646_direction_n1,9,direction,PIXEL_3b,1
coda_9_1648_counting_n1,9,counting,PIXEL_3b,0
coda_9_2495_counting_n1,9,counting,PIXEL_3b,1
coda_9_2501_nearest_class_n1,9,nearest-class,PIXEL_3b,1
coda_9_2505_nearest_dist_n1,9,nearest-distance,PIXEL_3b,0
coda_9_2506_direction_n1,9,direction,PIXEL_3b,1
coda_9_2507_counting_n1,9,counting,PIXEL_3b,1
coda_9_2644_counting_n1,9,counting,PIXEL_3b,0
coda_9_2647_nearest_dist_n1,9,nearest-distance,PIXEL_3b,1
coda_9_6680_direction_n1,9,direction,PIXEL_3b,1
coda_9_6719_direction_n1,9,direction,PIXEL_3b,1
coda_9_6720_path_object_n1,9,path-object,PIXEL_3b,1
coda_9_6728_counting_n1,9,counting,PIXEL_3b,1
coda_9_6785_nearest_class_n1,9,nearest-class,PIXEL_3b,1
coda_9_6787_nearest_dist_n1,9,nearest-distance,PIXEL_3b,0
coda_9_6797_direction_n1,9,direction,PIXEL_3b,0
coda_9_6798_path_object_n1,9,path-object,PIXEL_3b,0
coda_9_6800_counting_n1,9,counting,PIXEL_3b,1
coda_9_8515_nearest_class_n1,9,nearest-class,PIXEL_3b,1
coda_9_8519_nearest_dist_n1,9,nearest-distance,PIXEL_3b,0
coda_9_8536_direction_n1,9,direction,PIXEL_3b,1
coda_9_8537_path_object_n1,9,path-object,PIXEL_3b,1
coda_9_8540_counting_n1,9,counting,PIXEL_3b,1
coda_9_8545_nearest_class_n1,9,nearest-class,PIXEL_3b,1
coda_9_8551_nearest_dist_n1,9,nearest-distance,PIXEL_3b,1
coda_9_8553_direction_n1,9,direction,PIXEL_3b,1
coda_9_8559_counting_n1,9,counting,PIXEL_3b,0
coda_9_8561_counting_n1,9,counting,PIXEL_3b,0
coda_9_8562_nearest_class_n1,9,nearest-class,PIXEL_3b,0
coda_9_8566_nearest_dist_n1,9,nearest-distance,PIXEL_3b,1
coda_9_8567_direction_n1,9,direction,PIXEL_3b,0
coda_9_8571_path_object_n1,9,path-object,PIXEL_3b,1
coda_9_8604_counting_n1,9,counting,PIXEL_3b,1
coda_9_8606_nearest_dist_n1,9,nearest-distance,PIXEL_3b,1
coda_9_8612_nearest_dist_n1,9,nearest-distance,PIXEL_3b,1
coda_9_8616_direction_n1,9,direction,PIXEL_3b,1
coda_9_8681_counting_n1,9,counting,PIXEL_3b,0
coda_9_8684_counting_n1,9,counting,PIXEL_3b,0
coda_9_8838_nearest_class_n1,9,nearest-class,PIXEL_3b,1
coda_9_8841_nearest_dist_n1,9,nearest-distance,PIXEL_3b,0
coda_9_8842_direction_n1,9,direction,PIXEL_3b,1
coda_9_8845_counting_n1,9,counting,PIXEL_3b,0
coda_9_9352_counting_n1,9,counting,PIXEL_3b,0
coda_9_9354_nearest_class_n1,9,nearest-class,PIXEL_3b,1
coda_9_9361_nearest_dist_n1,9,nearest-distance,PIXEL_3b,0
coda_9_9363_direction_n1,9,direction,PIXEL_3b,1
coda_9_9368_path_object_n1,9,path-object,PIXEL_3b,1
coda_9_9371_counting_n1,9,counting,PIXEL_3b,1
coda_9_9372_nearest_dist_n1,9,nearest-distance,PIXEL_3b,1
coda_9_9377_direction_n1,9,direction,PIXEL_3b,1
coda_9_9380_direction_n1,9,direction,PIXEL_3b,1
coda_9_9382_path_object_n1,9,path-object,PIXEL_3b,1
coda_9_9394_counting_n1,9,counting,PIXEL_3b,1
coda_9_9398_direction_n1,9,direction,PIXEL_3b,1
coda_9_9466_nearest_dist_n1,9,nearest-distance,PIXEL_3b,1
coda_9_9467_direction_n1,9,direction,PIXEL_3b,1
coda_9_9469_counting_n1,9,counting,PIXEL_3b,1
coda_9_9471_counting_n1,9,counting,PIXEL_3b,0
coda_9_9577_nearest_class_n1,9,nearest-class,PIXEL_3b,1
coda_9_9578_nearest_dist_n1,9,nearest-distance,PIXEL_3b,1
coda_9_9579_counting_n1,9,counting,PIXEL_3b,1
coda_9_9582_counting_n1,9,counting,PIXEL_3b,1
coda_9_9588_counting_n1,9,counting,PIXEL_3b,0
coda_9_9589_nearest_class_n1,9,nearest-class,PIXEL_3b,1
coda_9_9595_nearest_dist_n1,9,nearest-distance,PIXEL_3b,0
coda_0_421_counting_n1,0,counting,D0_7b,1
coda_0_422_nearest_dist_n1,0,nearest-distance,D0_7b,1
coda_0_429_nearest_dist_n1,0,nearest-distance,D0_7b,1
coda_0_436_direction_n1,0,direction,D0_7b,0
coda_0_4797_path_object_n1,0,path-object,D0_7b,1
coda_0_4803_counting_n1,0,counting,D0_7b,1
coda_0_4804_nearest_class_n1,0,nearest-class,D0_7b,0
coda_0_4805_nearest_dist_n1,0,nearest-distance,D0_7b,1
coda_0_4809_direction_n1,0,direction,D0_7b,1
coda_0_4813_path_object_n1,0,path-object,D0_7b,1
coda_0_4815_counting_n1,0,counting,D0_7b,0
coda_0_4818_nearest_class_n1,0,nearest-class,D0_7b,0
coda_0_4821_nearest_dist_n1,0,nearest-distance,D0_7b,1
coda_0_4902_direction_n1,0,direction,D0_7b,1
coda_0_4907_path_object_n1,0,path-object,D0_7b,1
coda_0_4908_counting_n1,0,counting,D0_7b,1
coda_0_4910_nearest_class_n1,0,nearest-class,D0_7b,1
coda_0_4914_nearest_dist_n1,0,nearest-distance,D0_7b,1
coda_0_4916_direction_n1,0,direction,D0_7b,0
coda_0_4924_nearest_class_n1,0,nearest-class,D0_7b,1
coda_0_4925_counting_n1,0,counting,D0_7b,1
coda_0_4926_nearest_class_n1,0,nearest-class,D0_7b,1
coda_0_4930_nearest_dist_n1,0,nearest-distance,D0_7b,1
coda_0_507_direction_n1,0,direction,D0_7b,0
coda_0_508_path_object_n1,0,path-object,D0_7b,1
coda_0_514_counting_n1,0,counting,D0_7b,1
coda_0_520_nearest_class_n1,0,nearest-class,D0_7b,1
coda_0_525_nearest_dist_n1,0,nearest-distance,D0_7b,1
coda_0_526_direction_n1,0,direction,D0_7b,1
coda_0_570_path_object_n1,0,path-object,D0_7b,1
coda_0_5704_counting_n1,0,counting,D0_7b,1
coda_0_5707_nearest_class_n1,0,nearest-class,D0_7b,1
coda_0_571_nearest_dist_n1,0,nearest-distance,D0_7b,1
coda_0_5710_direction_n1,0,direction,D0_7b,1
coda_0_5712_counting_n1,0,counting,D0_7b,1
coda_0_572_nearest_class_n1,0,nearest-class,D0_7b,1
coda_0_5752_nearest_class_n1,0,nearest-class,D0_7b,1
coda_0_5753_nearest_dist_n1,0,nearest-distance,D0_7b,1
coda_0_5754_direction_n1,0,direction,D0_7b,1
coda_0_5787_path_object_n1,0,path-object,D0_7b,1
coda_0_5788_counting_n1,0,counting,D0_7b,0
coda_0_583_nearest_class_n1,0,nearest-class,D0_7b,1
coda_0_621_direction_n1,0,direction,D0_7b,1
coda_0_634_direction_n1,0,direction,D0_7b,1
coda_10_11540_path_object_n1,10,path-object,D0_7b,1
coda_10_11542_counting_n1,10,counting,D0_7b,1
coda_10_11546_nearest_class_n1,10,nearest-class,D0_7b,0
coda_10_11584_nearest_dist_n1,10,nearest-distance,D0_7b,1
coda_10_2039_direction_n1,10,direction,D0_7b,1
coda_10_2043_counting_n1,10,counting,D0_7b,1
coda_10_2044_counting_n1,10,counting,D0_7b,1
coda_10_2051_nearest_class_n1,10,nearest-class,D0_7b,1
coda_10_2114_nearest_dist_n1,10,nearest-distance,D0_7b,1
coda_10_2123_direction_n1,10,direction,D0_7b,1
coda_10_2124_counting_n1,10,counting,D0_7b,0
coda_10_2129_counting_n1,10,counting,D0_7b,1
coda_10_2131_nearest_class_n1,10,nearest-class,D0_7b,1
coda_10_2132_nearest_dist_n1,10,nearest-distance,D0_7b,0
coda_10_2133_direction_n1,10,direction,D0_7b,0
coda_10_2137_counting_n1,10,counting,D0_7b,0
coda_10_2144_counting_n1,10,counting,D0_7b,1
coda_10_5816_nearest_dist_n1,10,nearest-distance,D0_7b,1
coda_10_5819_nearest_dist_n1,10,nearest-distance,D0_7b,1
coda_10_5862_direction_n1,10,direction,D0_7b,0
coda_10_5863_counting_n1,10,counting,D0_7b,1
coda_10_5865_counting_n1,10,counting,D0_7b,1
coda_10_5866_nearest_dist_n1,10,nearest-distance,D0_7b,1
coda_10_5872_nearest_dist_n1,10,nearest-distance,D0_7b,0
coda_10_6000_direction_n1,10,direction,D0_7b,0
coda_10_6001_counting_n1,10,counting,D0_7b,0
coda_10_6004_counting_n1,10,counting,D0_7b,0
coda_10_8369_nearest_class_n1,10,nearest-class,D0_7b,0
coda_10_8372_path_object_n1,10,path-object,D0_7b,0
coda_10_8378_direction_n1,10,direction,D0_7b,1
coda_10_8424_path_object_n1,10,path-object,D0_7b,1
coda_10_8429_counting_n1,10,counting,D0_7b,0
coda_10_8430_nearest_class_n1,10,nearest-class,D0_7b,1
coda_10_8431_nearest_dist_n1,10,nearest-distance,D0_7b,0
coda_10_8433_direction_n1,10,direction,D0_7b,1
coda_10_9306_path_object_n1,10,path-object,D0_7b,1
coda_10_9309_counting_n1,10,counting,D0_7b,0
coda_10_9347_nearest_class_n1,10,nearest-class,D0_7b,1
coda_10_9350_nearest_dist_n1,10,nearest-distance,D0_7b,1
coda_10_9356_direction_n1,10,direction,D0_7b,1
coda_10_9392_path_object_n1,10,path-object,D0_7b,1
coda_10_9395_counting_n1,10,counting,D0_7b,0
coda_10_9396_nearest_class_n1,10,nearest-class,D0_7b,1
coda_11_1747_nearest_dist_n1,11,nearest-distance,D0_7b,1
coda_11_1749_counting_n1,11,counting,D0_7b,1
coda_11_1756_counting_n1,11,counting,D0_7b,1
coda_11_1760_counting_n1,11,counting,D0_7b,0
coda_11_1768_nearest_class_n1,11,nearest-class,D0_7b,1
coda_11_1777_nearest_dist_n1,11,nearest-distance,D0_7b,1
coda_11_1783_counting_n1,11,counting,D0_7b,0
coda_11_1787_counting_n1,11,counting,D0_7b,1
coda_11_1790_counting_n1,11,counting,D0_7b,1
coda_11_1792_nearest_class_n1,11,nearest-class,D0_7b,1
coda_11_1793_nearest_dist_n1,11,nearest-distance,D0_7b,1
coda_11_1794_counting_n1,11,counting,D0_7b,1
coda_11_1799_counting_n1,11,counting,D0_7b,1
coda_11_1800_counting_n1,11,counting,D0_7b,0
coda_11_1906_nearest_class_n1,11,nearest-class,D0_7b,1
coda_11_1907_direction_n1,11,direction,D0_7b,0
coda_11_1914_direction_n1,11,direction,D0_7b,0
coda_11_1916_counting_n1,11,counting,D0_7b,1
coda_11_1924_counting_n1,11,counting,D0_7b,1
coda_11_1928_nearest_class_n1,11,nearest-class,D0_7b,0
coda_11_1932_nearest_dist_n1,11,nearest-distance,D0_7b,0
coda_11_1935_direction_n1,11,direction,D0_7b,0
coda_11_1939_path_object_n1,11,path-object,D0_7b,1
coda_11_1942_counting_n1,11,counting,D0_7b,1
coda_11_2057_nearest_class_n1,11,nearest-class,D0_7b,1
coda_11_2064_direction_n1,11,direction,D0_7b,1
coda_11_2073_direction_n1,11,direction,D0_7b,1
coda_11_2081_path_object_n1,11,path-object,D0_7b,1
coda_11_2082_counting_n1,11,counting,D0_7b,1
coda_11_2084_nearest_class_n1,11,nearest-class,D0_7b,0
coda_11_2085_nearest_dist_n1,11,nearest-distance,D0_7b,0
coda_11_5174_path_object_n1,11,path-object,D0_7b,0
coda_11_5176_path_object_n1,11,path-object,D0_7b,1
coda_11_5179_counting_n1,11,counting,D0_7b,0
coda_11_5184_nearest_class_n1,11,nearest-class,D0_7b,1
coda_11_5185_direction_n1,11,direction,D0_7b,1
coda_11_5186_direction_n1,11,direction,D0_7b,1
coda_11_5188_path_object_n1,11,path-object,D0_7b,1
coda_11_5190_counting_n1,11,counting,D0_7b,0
coda_11_5194_nearest_class_n1,11,nearest-class,D0_7b,1
coda_11_5197_path_object_n1,11,path-object,D0_7b,0
coda_11_5205_path_object_n1,11,path-object,D0_7b,0
coda_11_5207_path_object_n1,11,path-object,D0_7b,1
coda_11_5627_counting_n1,11,counting,D0_7b,1
coda_11_5660_nearest_dist_n1,11,nearest-distance,D0_7b,1
coda_11_5661_nearest_dist_n1,11,nearest-distance,D0_7b,1
coda_11_5667_direction_n1,11,direction,D0_7b,1
coda_11_5668_counting_n1,11,counting,D0_7b,0
coda_11_5671_counting_n1,11,counting,D0_7b,1
coda_11_5674_nearest_dist_n1,11,nearest-distance,D0_7b,1
coda_11_5769_nearest_dist_n1,11,nearest-distance,D0_7b,1
coda_11_5776_direction_n1,11,direction,D0_7b,1
coda_11_5785_counting_n1,11,counting,D0_7b,1
coda_12_10418_counting_n1,12,counting,D0_7b,1
coda_12_10422_nearest_class_n1,12,nearest-class,D0_7b,1
coda_12_10423_nearest_dist_n1,12,nearest-distance,D0_7b,1
coda_12_10428_direction_n1,12,direction,D0_7b,1
coda_12_10438_counting_n1,12,counting,D0_7b,1
coda_12_10442_counting_n1,12,counting,D0_7b,1
coda_12_10445_nearest_class_n1,12,nearest-class,D0_7b,0
coda_12_10446_nearest_dist_n1,12,nearest-distance,D0_7b,0
coda_12_10537_path_object_n1,12,path-object,D0_7b,1
coda_12_10550_path_object_n1,12,path-object,D0_7b,1
coda_12_11507_counting_n1,12,counting,D0_7b,0
coda_12_11508_nearest_class_n1,12,nearest-class,D0_7b,1
coda_12_11526_nearest_dist_n1,12,nearest-distance,D0_7b,1
coda_12_11529_direction_n1,12,direction,D0_7b,1
coda_12_11592_path_object_n1,12,path-object,D0_7b,1
coda_12_11594_counting_n1,12,counting,D0_7b,1
coda_12_11599_nearest_class_n1,12,nearest-class,D0_7b,1
coda_12_11600_nearest_dist_n1,12,nearest-distance,D0_7b,1
coda_12_11605_direction_n1,12,direction,D0_7b,1
coda_12_11618_path_object_n1,12,path-object,D0_7b,1
coda_12_2675_counting_n1,12,counting,D0_7b,0
coda_12_2676_direction_n1,12,direction,D0_7b,1
coda_12_2681_direction_n1,12,direction,D0_7b,1
coda_12_2687_direction_n1,12,direction,D0_7b,1
coda_12_2697_path_object_n1,12,path-object,D0_7b,1
coda_12_2700_counting_n1,12,counting,D0_7b,1
coda_12_2863_nearest_class_n1,12,nearest-class,D0_7b,1
coda_12_2864_nearest_dist_n1,12,nearest-distance,D0_7b,0
coda_12_2867_path_object_n1,12,path-object,D0_7b,1
coda_12_2871_path_object_n1,12,path-object,D0_7b,1
coda_12_2877_counting_n1,12,counting,D0_7b,1
coda_12_2883_nearest_class_n1,12,nearest-class,D0_7b,0
coda_12_2887_path_object_n1,12,path-object,D0_7b,1
coda_12_2890_path_object_n1,12,path-object,D0_7b,0
coda_12_2892_counting_n1,12,counting,D0_7b,0
coda_12_2893_counting_n1,12,counting,D0_7b,0
coda_12_2896_direction_n1,12,direction,D0_7b,0
coda_12_2903_nearest_dist_n1,12,nearest-distance,D0_7b,1
coda_12_2905_direction_n1,12,direction,D0_7b,1
coda_13_10067_path_object_n1,13,path-object,D0_7b,1
coda_13_10070_nearest_class_n1,13,nearest-class,D0_7b,1
coda_13_10072_nearest_class_n1,13,nearest-class,D0_7b,1
coda_13_10081_nearest_dist_n1,13,nearest-distance,D0_7b,1
coda_13_10414_path_object_n1,13,path-object,D0_7b,1
coda_13_10415_path_object_n1,13,path-object,D0_7b,1
coda_13_10426_nearest_class_n1,13,nearest-class,D0_7b,1
coda_13_10431_nearest_class_n1,13,nearest-class,D0_7b,1
coda_13_10441_nearest_dist_n1,13,nearest-distance,D0_7b,1
coda_13_10449_path_object_n1,13,path-object,D0_7b,1
coda_13_10457_path_object_n1,13,path-object,D0_7b,1
coda_13_10458_counting_n1,13,counting,D0_7b,1
coda_13_10462_nearest_class_n1,13,nearest-class,D0_7b,1
coda_13_10470_nearest_dist_n1,13,nearest-distance,D0_7b,1
coda_13_10472_direction_n1,13,direction,D0_7b,1
coda_13_10477_path_object_n1,13,path-object,D0_7b,1
coda_13_10478_counting_n1,13,counting,D0_7b,0
coda_13_10479_nearest_class_n1,13,nearest-class,D0_7b,1
coda_13_10487_nearest_dist_n1,13,nearest-distance,D0_7b,1
coda_13_10489_direction_n1,13,direction,D0_7b,1
coda_13_10490_path_object_n1,13,path-object,D0_7b,1
coda_13_10494_counting_n1,13,counting,D0_7b,1
coda_13_1050_nearest_class_n1,13,nearest-class,D0_7b,1
coda_13_10500_nearest_dist_n1,13,nearest-distance,D0_7b,1
coda_13_10518_direction_n1,13,direction,D0_7b,1
coda_13_10522_path_object_n1,13,path-object,D0_7b,1
coda_13_10526_counting_n1,13,counting,D0_7b,1
coda_13_10576_nearest_class_n1,13,nearest-class,D0_7b,1
coda_13_10578_direction_n1,13,direction,D0_7b,1
coda_13_10612_direction_n1,13,direction,D0_7b,1
coda_13_10670_path_object_n1,13,path-object,D0_7b,1
coda_13_10677_counting_n1,13,counting,D0_7b,0
coda_13_10679_nearest_class_n1,13,nearest-class,D0_7b,1
coda_13_10683_nearest_dist_n1,13,nearest-distance,D0_7b,1
coda_13_10686_direction_n1,13,direction,D0_7b,0
coda_13_10694_path_object_n1,13,path-object,D0_7b,1
coda_13_10733_nearest_class_n1,13,nearest-class,D0_7b,1
coda_13_10834_nearest_class_n1,13,nearest-class,D0_7b,1
coda_13_10838_path_object_n1,13,path-object,D0_7b,1
coda_13_1092_direction_n1,13,direction,D0_7b,0
coda_13_11003_path_object_n1,13,path-object,D0_7b,1
coda_13_11005_counting_n1,13,counting,D0_7b,0
coda_13_11072_nearest_class_n1,13,nearest-class,D0_7b,1
coda_13_11077_nearest_dist_n1,13,nearest-distance,D0_7b,1
coda_13_11088_path_object_n1,13,path-object,D0_7b,1
coda_13_11093_path_object_n1,13,path-object,D0_7b,1
coda_13_11105_nearest_class_n1,13,nearest-class,D0_7b,1
coda_13_11107_nearest_class_n1,13,nearest-class,D0_7b,1
coda_13_11110_direction_n1,13,direction,D0_7b,1
coda_13_11140_direction_n1,13,direction,D0_7b,1
coda_13_11148_path_object_n1,13,path-object,D0_7b,0
coda_13_11152_nearest_class_n1,13,nearest-class,D0_7b,1
coda_13_11158_nearest_class_n1,13,nearest-class,D0_7b,1
coda_13_11163_nearest_dist_n1,13,nearest-distance,D0_7b,1
coda_13_11167_direction_n1,13,direction,D0_7b,1
coda_13_11202_path_object_n1,13,path-object,D0_7b,1
coda_13_11204_counting_n1,13,counting,D0_7b,0
coda_13_11205_nearest_class_n1,13,nearest-class,D0_7b,1
coda_13_11206_nearest_dist_n1,13,nearest-distance,D0_7b,1
coda_13_11215_direction_n1,13,direction,D0_7b,1
coda_13_11222_path_object_n1,13,path-object,D0_7b,1
coda_13_11226_counting_n1,13,counting,D0_7b,1
coda_13_11229_nearest_class_n1,13,nearest-class,D0_7b,1
coda_13_11230_nearest_dist_n1,13,nearest-distance,D0_7b,1
coda_13_1126_direction_n1,13,direction,D0_7b,1
coda_13_11266_counting_n1,13,counting,D0_7b,1
coda_13_1129_counting_n1,13,counting,D0_7b,0
coda_13_1130_nearest_class_n1,13,nearest-class,D0_7b,1
coda_13_1131_nearest_dist_n1,13,nearest-distance,D0_7b,1
coda_13_1139_direction_n1,13,direction,D0_7b,1
coda_13_1141_path_object_n1,13,path-object,D0_7b,1
coda_13_1142_counting_n1,13,counting,D0_7b,1
coda_13_1146_nearest_class_n1,13,nearest-class,D0_7b,0
coda_13_1148_nearest_dist_n1,13,nearest-distance,D0_7b,1
coda_13_1149_direction_n1,13,direction,D0_7b,1
coda_13_1181_path_object_n1,13,path-object,D0_7b,1
coda_13_11900_counting_n1,13,counting,D0_7b,0
coda_13_11909_nearest_class_n1,13,nearest-class,D0_7b,1
coda_13_1191_direction_n1,13,direction,D0_7b,1
coda_13_1198_direction_n1,13,direction,D0_7b,1
coda_13_11996_path_object_n1,13,path-object,D0_7b,1
coda_13_11998_counting_n1,13,counting,D0_7b,1
coda_13_12012_nearest_class_n1,13,nearest-class,D0_7b,1
coda_13_12015_nearest_dist_n1,13,nearest-distance,D0_7b,1
coda_13_12016_direction_n1,13,direction,D0_7b,0
coda_13_12022_path_object_n1,13,path-object,D0_7b,1
coda_13_12025_nearest_class_n1,13,nearest-class,D0_7b,1
coda_13_12026_nearest_class_n1,13,nearest-class,D0_7b,1
coda_13_12033_path_object_n1,13,path-object,D0_7b,1
coda_13_12036_direction_n1,13,direction,D0_7b,1
coda_13_12038_path_object_n1,13,path-object,D0_7b,1
coda_13_12255_counting_n1,13,counting,D0_7b,0
coda_13_12258_nearest_class_n1,13,nearest-class,D0_7b,1
coda_13_12260_direction_n1,13,direction,D0_7b,1
coda_13_12275_direction_n1,13,direction,D0_7b,1
coda_13_12281_path_object_n1,13,path-object,D0_7b,1
coda_13_12287_counting_n1,13,counting,D0_7b,1
coda_13_12288_direction_n1,13,direction,D0_7b,1
coda_13_12291_direction_n1,13,direction,D0_7b,1
coda_13_12292_direction_n1,13,direction,D0_7b,1
coda_13_12295_path_object_n1,13,path-object,D0_7b,1
coda_13_12298_nearest_dist_n1,13,nearest-distance,D0_7b,0
coda_13_12299_nearest_dist_n1,13,nearest-distance,D0_7b,1
coda_13_12354_nearest_dist_n1,13,nearest-distance,D0_7b,1
coda_13_12355_direction_n1,13,direction,D0_7b,1
coda_13_12363_path_object_n1,13,path-object,D0_7b,1
coda_13_12367_counting_n1,13,counting,D0_7b,0
coda_13_12368_nearest_class_n1,13,nearest-class,D0_7b,1
coda_13_12372_nearest_dist_n1,13,nearest-distance,D0_7b,1
coda_13_1801_direction_n1,13,direction,D0_7b,1
coda_13_1803_counting_n1,13,counting,D0_7b,1
coda_13_1808_counting_n1,13,counting,D0_7b,1
coda_13_1812_nearest_dist_n1,13,nearest-distance,D0_7b,1
coda_13_1814_nearest_dist_n1,13,nearest-distance,D0_7b,1
coda_13_1844_direction_n1,13,direction,D0_7b,1
coda_13_1875_path_object_n1,13,path-object,D0_7b,1
coda_13_1878_counting_n1,13,counting,D0_7b,1
coda_13_1882_nearest_dist_n1,13,nearest-distance,D0_7b,1
coda_13_1944_direction_n1,13,direction,D0_7b,1
coda_13_2034_direction_n1,13,direction,D0_7b,1
coda_13_2037_path_object_n1,13,path-object,D0_7b,1
coda_13_2041_counting_n1,13,counting,D0_7b,0
coda_13_2054_nearest_class_n1,13,nearest-class,D0_7b,0
coda_13_2085_nearest_dist_n1,13,nearest-distance,D0_7b,0
coda_13_2087_direction_n1,13,direction,D0_7b,1
coda_13_2097_path_object_n1,13,path-object,D0_7b,1
coda_13_2099_counting_n1,13,counting,D0_7b,0
coda_13_2175_nearest_dist_n1,13,nearest-distance,D0_7b,1
coda_13_2181_nearest_dist_n1,13,nearest-distance,D0_7b,1
coda_13_2188_direction_n1,13,direction,D0_7b,1
coda_13_2190_path_object_n1,13,path-object,D0_7b,1
coda_13_5550_counting_n1,13,counting,D0_7b,0
coda_13_5671_nearest_class_n1,13,nearest-class,D0_7b,1
coda_13_5674_nearest_dist_n1,13,nearest-distance,D0_7b,1
coda_13_5684_path_object_n1,13,path-object,D0_7b,1
coda_13_5722_path_object_n1,13,path-object,D0_7b,1
coda_13_5727_counting_n1,13,counting,D0_7b,1
coda_13_5729_nearest_class_n1,13,nearest-class,D0_7b,1
coda_13_5737_nearest_dist_n1,13,nearest-distance,D0_7b,1
coda_13_5820_direction_n1,13,direction,D0_7b,1
coda_13_5822_path_object_n1,13,path-object,D0_7b,1
coda_13_5826_nearest_class_n1,13,nearest-class,D0_7b,1
coda_13_5829_nearest_class_n1,13,nearest-class,D0_7b,1
coda_13_5831_nearest_dist_n1,13,nearest-distance,D0_7b,1
coda_13_5893_direction_n1,13,direction,D0_7b,1
coda_13_5896_path_object_n1,13,path-object,D0_7b,0
coda_13_5900_nearest_class_n1,13,nearest-class,D0_7b,1
coda_13_5901_nearest_class_n1,13,nearest-class,D0_7b,1
coda_13_6073_direction_n1,13,direction,D0_7b,1
coda_13_6075_direction_n1,13,direction,D0_7b,0
coda_13_6085_path_object_n1,13,path-object,D0_7b,1
coda_13_6089_counting_n1,13,counting,D0_7b,1
coda_13_6122_nearest_class_n1,13,nearest-class,D0_7b,1
coda_13_6125_nearest_dist_n1,13,nearest-distance,D0_7b,1
coda_13_6190_direction_n1,13,direction,D0_7b,0
coda_13_6193_counting_n1,13,counting,D0_7b,0
coda_13_6203_counting_n1,13,counting,D0_7b,1
coda_13_6216_nearest_dist_n1,13,nearest-distance,D0_7b,1
coda_13_6220_nearest_dist_n1,13,nearest-distance,D0_7b,1
coda_13_6293_direction_n1,13,direction,D0_7b,0
coda_13_6305_counting_n1,13,counting,D0_7b,0
coda_13_6308_counting_n1,13,counting,D0_7b,0
coda_13_6312_nearest_dist_n1,13,nearest-distance,D0_7b,0
coda_13_6314_nearest_dist_n1,13,nearest-distance,D0_7b,1
coda_13_9083_direction_n1,13,direction,D0_7b,0
coda_13_9119_path_object_n1,13,path-object,D0_7b,1
coda_13_9120_counting_n1,13,counting,D0_7b,1
coda_13_9125_nearest_class_n1,13,nearest-class,D0_7b,1
coda_13_9241_nearest_dist_n1,13,nearest-distance,D0_7b,1
coda_13_9242_direction_n1,13,direction,D0_7b,1
coda_13_9244_path_object_n1,13,path-object,D0_7b,1
coda_13_9443_nearest_class_n1,13,nearest-class,D0_7b,0
coda_13_9444_nearest_class_n1,13,nearest-class,D0_7b,1
coda_13_9451_nearest_dist_n1,13,nearest-distance,D0_7b,0
coda_13_9562_direction_n1,13,direction,D0_7b,1
coda_13_9662_path_object_n1,13,path-object,D0_7b,1
coda_13_9668_counting_n1,13,counting,D0_7b,0
coda_13_9800_nearest_class_n1,13,nearest-class,D0_7b,1
coda_13_9801_nearest_dist_n1,13,nearest-distance,D0_7b,1
coda_13_9802_path_object_n1,13,path-object,D0_7b,1
coda_13_9803_path_object_n1,13,path-object,D0_7b,1
coda_13_9863_counting_n1,13,counting,D0_7b,1
coda_13_9880_nearest_class_n1,13,nearest-class,D0_7b,1
coda_13_9888_nearest_dist_n1,13,nearest-distance,D0_7b,1
coda_13_9894_direction_n1,13,direction,D0_7b,1
coda_13_9900_path_object_n1,13,path-object,D0_7b,1
coda_13_9977_nearest_class_n1,13,nearest-class,D0_7b,1
coda_13_9979_nearest_class_n1,13,nearest-class,D0_7b,1
coda_14_3847_nearest_dist_n1,14,nearest-distance,D0_7b,0
coda_14_3851_direction_n1,14,direction,D0_7b,0
coda_14_3852_path_object_n1,14,path-object,D0_7b,0
coda_14_3855_counting_n1,14,counting,D0_7b,1
coda_14_3857_nearest_class_n1,14,nearest-class,D0_7b,0
coda_14_3867_nearest_dist_n1,14,nearest-distance,D0_7b,0
coda_14_3868_direction_n1,14,direction,D0_7b,1
coda_14_3869_path_object_n1,14,path-object,D0_7b,0
coda_14_3870_counting_n1,14,counting,D0_7b,0
coda_14_3878_nearest_dist_n1,14,nearest-distance,D0_7b,1
coda_14_3889_nearest_dist_n1,14,nearest-distance,D0_7b,0
coda_14_3891_direction_n1,14,direction,D0_7b,0
coda_14_3894_path_object_n1,14,path-object,D0_7b,0
coda_15_145_counting_n1,15,counting,D0_7b,1
coda_15_147_nearest_class_n1,15,nearest-class,D0_7b,1
coda_15_187_nearest_dist_n1,15,nearest-distance,D0_7b,0
coda_15_191_direction_n1,15,direction,D0_7b,1
coda_15_195_counting_n1,15,counting,D0_7b,0
coda_15_202_counting_n1,15,counting,D0_7b,1
coda_15_205_nearest_dist_n1,15,nearest-distance,D0_7b,1
coda_15_209_nearest_dist_n1,15,nearest-distance,D0_7b,1
coda_15_210_direction_n1,15,direction,D0_7b,1
coda_15_212_counting_n1,15,counting,D0_7b,1
coda_15_238_counting_n1,15,counting,D0_7b,1
coda_15_240_nearest_dist_n1,15,nearest-distance,D0_7b,1
coda_15_241_nearest_dist_n1,15,nearest-distance,D0_7b,1
coda_15_242_direction_n1,15,direction,D0_7b,1
coda_15_243_counting_n1,15,counting,D0_7b,1
coda_15_296_counting_n1,15,counting,D0_7b,1
coda_15_297_nearest_class_n1,15,nearest-class,D0_7b,1
coda_16_10663_nearest_dist_n1,16,nearest-distance,D0_7b,1
coda_16_10665_direction_n1,16,direction,D0_7b,1
coda_16_10670_path_object_n1,16,path-object,D0_7b,1
coda_16_10673_counting_n1,16,counting,D0_7b,1
coda_16_10674_nearest_dist_n1,16,nearest-distance,D0_7b,1
coda_16_10679_nearest_dist_n1,16,nearest-distance,D0_7b,1
coda_16_10685_direction_n1,16,direction,D0_7b,1
coda_16_10692_path_object_n1,16,path-object,D0_7b,1
coda_16_10701_counting_n1,16,counting,D0_7b,1
coda_16_10704_nearest_class_n1,16,nearest-class,D0_7b,1
coda_16_10706_nearest_dist_n1,16,nearest-distance,D0_7b,1
coda_16_10820_direction_n1,16,direction,D0_7b,1
coda_16_10932_path_object_n1,16,path-object,D0_7b,1
coda_16_10934_counting_n1,16,counting,D0_7b,0
coda_16_10935_nearest_class_n1,16,nearest-class,D0_7b,1
coda_16_10937_nearest_dist_n1,16,nearest-distance,D0_7b,1
coda_16_10939_path_object_n1,16,path-object,D0_7b,1
coda_16_10946_path_object_n1,16,path-object,D0_7b,1
coda_16_10950_counting_n1,16,counting,D0_7b,0
coda_16_10958_nearest_class_n1,16,nearest-class,D0_7b,1
coda_16_10959_path_object_n1,16,path-object,D0_7b,1
coda_16_10961_path_object_n1,16,path-object,D0_7b,1
coda_16_11014_path_object_n1,16,path-object,D0_7b,1
coda_16_11016_counting_n1,16,counting,D0_7b,0
coda_16_11024_nearest_class_n1,16,nearest-class,D0_7b,1
coda_16_11030_nearest_dist_n1,16,nearest-distance,D0_7b,1
coda_16_11031_direction_n1,16,direction,D0_7b,1
coda_16_11063_path_object_n1,16,path-object,D0_7b,1
coda_16_11065_counting_n1,16,counting,D0_7b,0
coda_16_11066_nearest_dist_n1,16,nearest-distance,D0_7b,1
coda_16_11067_nearest_dist_n1,16,nearest-distance,D0_7b,1
coda_16_11070_direction_n1,16,direction,D0_7b,1
coda_16_11071_path_object_n1,16,path-object,D0_7b,1
coda_16_11076_counting_n1,16,counting,D0_7b,0
coda_16_11077_nearest_class_n1,16,nearest-class,D0_7b,1
coda_16_11080_nearest_dist_n1,16,nearest-distance,D0_7b,1
coda_16_11082_direction_n1,16,direction,D0_7b,1
coda_16_11083_path_object_n1,16,path-object,D0_7b,1
coda_16_11131_counting_n1,16,counting,D0_7b,0
coda_16_11133_nearest_class_n1,16,nearest-class,D0_7b,1
coda_16_11170_nearest_dist_n1,16,nearest-distance,D0_7b,1
coda_16_11171_nearest_dist_n1,16,nearest-distance,D0_7b,0
coda_16_11272_path_object_n1,16,path-object,D0_7b,1
coda_16_11275_counting_n1,16,counting,D0_7b,0
coda_16_11282_nearest_class_n1,16,nearest-class,D0_7b,1
coda_16_11307_nearest_dist_n1,16,nearest-distance,D0_7b,1
coda_16_11429_direction_n1,16,direction,D0_7b,1
coda_16_11516_counting_n1,16,counting,D0_7b,1
coda_16_11517_counting_n1,16,counting,D0_7b,1
coda_16_11518_nearest_dist_n1,16,nearest-distance,D0_7b,1
coda_16_11528_nearest_dist_n1,16,nearest-distance,D0_7b,0
coda_16_11536_counting_n1,16,counting,D0_7b,0
coda_16_11540_counting_n1,16,counting,D0_7b,0
coda_16_11541_counting_n1,16,counting,D0_7b,1
coda_16_11542_nearest_dist_n1,16,nearest-distance,D0_7b,1
coda_16_14901_nearest_dist_n1,16,nearest-distance,D0_7b,1
coda_16_14908_direction_n1,16,direction,D0_7b,1
coda_16_14909_path_object_n1,16,path-object,D0_7b,0
coda_16_14910_nearest_class_n1,16,nearest-class,D0_7b,1
coda_16_14911_nearest_class_n1,16,nearest-class,D0_7b,1
coda_16_14916_nearest_dist_n1,16,nearest-distance,D0_7b,1
coda_16_14919_direction_n1,16,direction,D0_7b,1
coda_16_14920_path_object_n1,16,path-object,D0_7b,1
coda_16_14921_counting_n1,16,counting,D0_7b,1
coda_16_14927_nearest_class_n1,16,nearest-class,D0_7b,1
coda_16_14931_nearest_dist_n1,16,nearest-distance,D0_7b,1
coda_16_15019_direction_n1,16,direction,D0_7b,1
coda_16_15027_path_object_n1,16,path-object,D0_7b,1
coda_16_15100_counting_n1,16,counting,D0_7b,1
coda_16_15137_nearest_class_n1,16,nearest-class,D0_7b,1
coda_16_15138_nearest_dist_n1,16,nearest-distance,D0_7b,1
coda_16_15217_direction_n1,16,direction,D0_7b,1
coda_16_15218_path_object_n1,16,path-object,D0_7b,1
coda_16_15750_counting_n1,16,counting,D0_7b,0
coda_16_3206_nearest_dist_n1,16,nearest-distance,D0_7b,1
coda_16_3269_direction_n1,16,direction,D0_7b,0
coda_16_3299_direction_n1,16,direction,D0_7b,1
coda_16_3301_path_object_n1,16,path-object,D0_7b,1
coda_16_3352_counting_n1,16,counting,D0_7b,1
coda_16_3355_nearest_class_n1,16,nearest-class,D0_7b,1
coda_16_3362_nearest_dist_n1,16,nearest-distance,D0_7b,1
coda_16_3367_direction_n1,16,direction,D0_7b,0
coda_16_3368_counting_n1,16,counting,D0_7b,0
coda_16_3464_counting_n1,16,counting,D0_7b,1
coda_16_3466_nearest_class_n1,16,nearest-class,D0_7b,1
coda_16_3658_direction_n1,16,direction,D0_7b,1
coda_16_3743_direction_n1,16,direction,D0_7b,1
coda_16_4069_path_object_n1,16,path-object,D0_7b,1
coda_16_4075_counting_n1,16,counting,D0_7b,0
coda_16_4256_nearest_class_n1,16,nearest-class,D0_7b,1
coda_16_4259_nearest_dist_n1,16,nearest-distance,D0_7b,0
coda_16_4263_direction_n1,16,direction,D0_7b,1
coda_16_4264_path_object_n1,16,path-object,D0_7b,1
coda_16_4267_counting_n1,16,counting,D0_7b,0
coda_16_4268_nearest_class_n1,16,nearest-class,D0_7b,1
coda_16_4271_nearest_dist_n1,16,nearest-distance,D0_7b,1
coda_16_5839_direction_n1,16,direction,D0_7b,1
coda_16_5849_path_object_n1,16,path-object,D0_7b,1
coda_16_6029_counting_n1,16,counting,D0_7b,1
coda_16_6030_nearest_class_n1,16,nearest-class,D0_7b,1
coda_16_6033_nearest_dist_n1,16,nearest-distance,D0_7b,1
coda_16_6035_direction_n1,16,direction,D0_7b,1
coda_16_6039_path_object_n1,16,path-object,D0_7b,1
coda_16_6085_counting_n1,16,counting,D0_7b,0
coda_16_6087_nearest_class_n1,16,nearest-class,D0_7b,1
coda_16_7061_direction_n1,16,direction,D0_7b,1
coda_16_7062_direction_n1,16,direction,D0_7b,0
coda_16_7070_nearest_dist_n1,16,nearest-distance,D0_7b,0
coda_16_7071_counting_n1,16,counting,D0_7b,0
coda_16_7072_nearest_dist_n1,16,nearest-distance,D0_7b,0
coda_16_7078_nearest_dist_n1,16,nearest-distance,D0_7b,0
coda_16_7146_direction_n1,16,direction,D0_7b,1
coda_16_7148_counting_n1,16,counting,D0_7b,1
coda_16_7149_counting_n1,16,counting,D0_7b,0
coda_16_7253_nearest_class_n1,16,nearest-class,D0_7b,1
coda_16_7350_nearest_dist_n1,16,nearest-distance,D0_7b,1
coda_16_7351_direction_n1,16,direction,D0_7b,0
coda_16_7355_path_object_n1,16,path-object,D0_7b,1
coda_16_7356_counting_n1,16,counting,D0_7b,1
coda_16_7358_nearest_dist_n1,16,nearest-distance,D0_7b,1
coda_16_7402_nearest_dist_n1,16,nearest-distance,D0_7b,1
coda_16_7457_direction_n1,16,direction,D0_7b,1
coda_16_7458_path_object_n1,16,path-object,D0_7b,1
coda_16_7467_counting_n1,16,counting,D0_7b,1
coda_16_7472_nearest_class_n1,16,nearest-class,D0_7b,1
coda_16_7473_nearest_dist_n1,16,nearest-distance,D0_7b,1
coda_16_7477_direction_n1,16,direction,D0_7b,1
coda_16_7481_path_object_n1,16,path-object,D0_7b,1
coda_16_7482_counting_n1,16,counting,D0_7b,1
coda_16_7492_nearest_class_n1,16,nearest-class,D0_7b,1
coda_16_7494_nearest_dist_n1,16,nearest-distance,D0_7b,1
coda_16_8699_direction_n1,16,direction,D0_7b,1
coda_16_8705_path_object_n1,16,path-object,D0_7b,1
coda_16_8708_counting_n1,16,counting,D0_7b,1
coda_16_8710_nearest_class_n1,16,nearest-class,D0_7b,1
coda_16_8766_direction_n1,16,direction,D0_7b,1
coda_16_8767_direction_n1,16,direction,D0_7b,1
coda_16_8769_path_object_n1,16,path-object,D0_7b,1
coda_16_8775_counting_n1,16,counting,D0_7b,0
coda_16_8781_nearest_class_n1,16,nearest-class,D0_7b,1
coda_16_8787_nearest_dist_n1,16,nearest-distance,D0_7b,1
coda_16_8825_direction_n1,16,direction,D0_7b,1
coda_16_8828_counting_n1,16,counting,D0_7b,1
coda_16_8955_counting_n1,16,counting,D0_7b,0
coda_16_9027_nearest_dist_n1,16,nearest-distance,D0_7b,0
coda_16_9034_nearest_dist_n1,16,nearest-distance,D0_7b,1
coda_16_9035_direction_n1,16,direction,D0_7b,1
coda_16_9038_counting_n1,16,counting,D0_7b,1
coda_16_9041_counting_n1,16,counting,D0_7b,1
coda_16_9051_counting_n1,16,counting,D0_7b,0
coda_16_9127_nearest_dist_n1,16,nearest-distance,D0_7b,0
coda_16_9130_direction_n1,16,direction,D0_7b,1
coda_16_9135_counting_n1,16,counting,D0_7b,1
coda_16_9138_counting_n1,16,counting,D0_7b,1
coda_16_9229_nearest_class_n1,16,nearest-class,D0_7b,1
coda_17_10197_nearest_dist_n1,17,nearest-distance,D0_7b,1
coda_17_10199_direction_n1,17,direction,D0_7b,1
coda_17_10201_path_object_n1,17,path-object,D0_7b,1
coda_17_10930_nearest_class_n1,17,nearest-class,D0_7b,1
coda_17_10931_nearest_class_n1,17,nearest-class,D0_7b,1
coda_17_10934_direction_n1,17,direction,D0_7b,1
coda_17_10935_direction_n1,17,direction,D0_7b,1
coda_17_10940_path_object_n1,17,path-object,D0_7b,1
coda_17_10943_nearest_class_n1,17,nearest-class,D0_7b,1
coda_17_10951_nearest_class_n1,17,nearest-class,D0_7b,1
coda_17_10955_nearest_dist_n1,17,nearest-distance,D0_7b,1
coda_17_10961_direction_n1,17,direction,D0_7b,1
coda_17_10962_path_object_n1,17,path-object,D0_7b,1
coda_17_10967_counting_n1,17,counting,D0_7b,0
coda_17_11006_nearest_class_n1,17,nearest-class,D0_7b,1
coda_17_2050_nearest_dist_n1,17,nearest-distance,D0_7b,1
coda_17_2051_direction_n1,17,direction,D0_7b,1
coda_17_2064_path_object_n1,17,path-object,D0_7b,1
coda_17_2098_counting_n1,17,counting,D0_7b,1
coda_17_2104_nearest_class_n1,17,nearest-class,D0_7b,1
coda_17_2120_path_object_n1,17,path-object,D0_7b,1
coda_17_2122_path_object_n1,17,path-object,D0_7b,1
coda_17_2173_counting_n1,17,counting,D0_7b,0
coda_17_6027_counting_n1,17,counting,D0_7b,1
coda_17_6183_nearest_class_n1,17,nearest-class,D0_7b,1
coda_17_6187_nearest_dist_n1,17,nearest-distance,D0_7b,0
coda_17_6192_path_object_n1,17,path-object,D0_7b,1
coda_17_6194_path_object_n1,17,path-object,D0_7b,1
coda_17_6197_counting_n1,17,counting,D0_7b,0
coda_17_6198_nearest_class_n1,17,nearest-class,D0_7b,1
coda_17_6201_nearest_dist_n1,17,nearest-distance,D0_7b,1
coda_17_6203_direction_n1,17,direction,D0_7b,1
coda_17_6207_path_object_n1,17,path-object,D0_7b,1
coda_17_6208_counting_n1,17,counting,D0_7b,1
coda_17_6209_nearest_class_n1,17,nearest-class,D0_7b,0
coda_17_6210_direction_n1,17,direction,D0_7b,0
coda_17_6216_direction_n1,17,direction,D0_7b,1
coda_17_6336_path_object_n1,17,path-object,D0_7b,1
coda_17_6337_counting_n1,17,counting,D0_7b,1
coda_17_6341_nearest_dist_n1,17,nearest-distance,D0_7b,1
coda_17_7781_nearest_dist_n1,17,nearest-distance,D0_7b,1
coda_17_7786_path_object_n1,17,path-object,D0_7b,1
coda_17_7793_path_object_n1,17,path-object,D0_7b,1
coda_17_7800_counting_n1,17,counting,D0_7b,1
coda_17_7807_nearest_dist_n1,17,nearest-distance,D0_7b,1
coda_17_8272_nearest_dist_n1,17,nearest-distance,D0_7b,0
coda_17_8275_direction_n1,17,direction,D0_7b,1
coda_17_8276_path_object_n1,17,path-object,D0_7b,1
coda_17_9866_counting_n1,17,counting,D0_7b,1
coda_17_9874_nearest_class_n1,17,nearest-class,D0_7b,1
coda_17_9875_nearest_dist_n1,17,nearest-distance,D0_7b,0
coda_17_9876_direction_n1,17,direction,D0_7b,1
coda_18_1654_path_object_n1,18,path-object,D0_7b,1
coda_18_1657_counting_n1,18,counting,D0_7b,0
coda_18_1660_path_object_n1,18,path-object,D0_7b,1
coda_18_1663_path_object_n1,18,path-object,D0_7b,1
coda_18_1705_direction_n1,18,direction,D0_7b,1
coda_18_1711_path_object_n1,18,path-object,D0_7b,0
coda_18_1716_counting_n1,18,counting,D0_7b,1
coda_18_1722_nearest_class_n1,18,nearest-class,D0_7b,0
coda_18_6581_nearest_dist_n1,18,nearest-distance,D0_7b,0
coda_18_6634_direction_n1,18,direction,D0_7b,0
coda_18_6648_path_object_n1,18,path-object,D0_7b,1
coda_18_6652_counting_n1,18,counting,D0_7b,0
coda_18_6653_nearest_class_n1,18,nearest-class,D0_7b,1
coda_19_2757_nearest_dist_n1,19,nearest-distance,D0_7b,1
coda_19_2759_direction_n1,19,direction,D0_7b,1
coda_19_2768_path_object_n1,19,path-object,D0_7b,1
coda_19_2770_counting_n1,19,counting,D0_7b,1
coda_19_2775_nearest_class_n1,19,nearest-class,D0_7b,1
coda_19_2786_nearest_dist_n1,19,nearest-distance,D0_7b,1
coda_19_2795_direction_n1,19,direction,D0_7b,0
coda_19_2799_path_object_n1,19,path-object,D0_7b,1
coda_19_2800_counting_n1,19,counting,D0_7b,1
coda_19_2801_nearest_class_n1,19,nearest-class,D0_7b,0
coda_19_2806_nearest_dist_n1,19,nearest-distance,D0_7b,0
coda_19_2814_direction_n1,19,direction,D0_7b,1
coda_19_2816_path_object_n1,19,path-object,D0_7b,1
coda_19_2820_counting_n1,19,counting,D0_7b,1
coda_19_2824_direction_n1,19,direction,D0_7b,1
coda_19_2892_direction_n1,19,direction,D0_7b,1
coda_1_1851_path_object_n1,1,path-object,D0_7b,1
coda_1_1852_path_object_n1,1,path-object,D0_7b,1
coda_1_1857_counting_n1,1,counting,D0_7b,0
coda_1_1858_nearest_class_n1,1,nearest-class,D0_7b,1
coda_1_1864_nearest_dist_n1,1,nearest-distance,D0_7b,1
coda_1_1908_direction_n1,1,direction,D0_7b,1
coda_1_1915_path_object_n1,1,path-object,D0_7b,1
coda_1_2006_counting_n1,1,counting,D0_7b,0
coda_1_2045_nearest_class_n1,1,nearest-class,D0_7b,1
coda_1_2078_nearest_dist_n1,1,nearest-distance,D0_7b,1
coda_1_2081_path_object_n1,1,path-object,D0_7b,1
coda_1_2083_path_object_n1,1,path-object,D0_7b,1
coda_1_2085_counting_n1,1,counting,D0_7b,0
coda_1_2088_nearest_class_n1,1,nearest-class,D0_7b,1
coda_1_2092_path_object_n1,1,path-object,D0_7b,1
coda_1_2093_direction_n1,1,direction,D0_7b,1
coda_1_2099_path_object_n1,1,path-object,D0_7b,1
coda_1_2105_counting_n1,1,counting,D0_7b,0
coda_1_2106_nearest_class_n1,1,nearest-class,D0_7b,1
coda_1_2109_nearest_dist_n1,1,nearest-distance,D0_7b,1
coda_1_2111_direction_n1,1,direction,D0_7b,1
coda_1_2157_path_object_n1,1,path-object,D0_7b,1
coda_1_2161_counting_n1,1,counting,D0_7b,1
coda_1_2166_nearest_class_n1,1,nearest-class,D0_7b,1
coda_1_2232_nearest_dist_n1,1,nearest-distance,D0_7b,1
coda_1_2234_direction_n1,1,direction,D0_7b,1
coda_1_2236_counting_n1,1,counting,D0_7b,1
coda_1_2237_counting_n1,1,counting,D0_7b,0
coda_1_2238_nearest_class_n1,1,nearest-class,D0_7b,1
coda_1_2244_nearest_dist_n1,1,nearest-distance,D0_7b,1
coda_1_2245_direction_n1,1,direction,D0_7b,1
coda_1_2937_path_object_n1,1,path-object,D0_7b,0
coda_1_2939_nearest_class_n1,1,nearest-class,D0_7b,1
coda_1_2952_nearest_class_n1,1,nearest-class,D0_7b,1
coda_1_2955_nearest_dist_n1,1,nearest-distance,D0_7b,1
coda_1_2968_direction_n1,1,direction,D0_7b,1
coda_1_2983_path_object_n1,1,path-object,D0_7b,0
coda_1_2984_counting_n1,1,counting,D0_7b,1
coda_1_3371_nearest_dist_n1,1,nearest-distance,D0_7b,1
coda_20_10010_direction_n1,20,direction,D0_7b,1
coda_20_10011_direction_n1,20,direction,D0_7b,1
coda_20_10012_path_object_n1,20,path-object,D0_7b,1
coda_20_10026_nearest_class_n1,20,nearest-class,D0_7b,1
coda_20_10032_nearest_class_n1,20,nearest-class,D0_7b,1
coda_20_10033_nearest_dist_n1,20,nearest-distance,D0_7b,1
coda_20_10034_path_object_n1,20,path-object,D0_7b,1
coda_20_10117_counting_n1,20,counting,D0_7b,1
coda_20_10118_counting_n1,20,counting,D0_7b,0
coda_20_10193_nearest_class_n1,20,nearest-class,D0_7b,1
coda_20_10203_nearest_dist_n1,20,nearest-distance,D0_7b,1
coda_20_10212_direction_n1,20,direction,D0_7b,1
coda_20_10325_path_object_n1,20,path-object,D0_7b,1
coda_20_10328_nearest_class_n1,20,nearest-class,D0_7b,1
coda_20_10333_nearest_class_n1,20,nearest-class,D0_7b,1
coda_20_10334_nearest_dist_n1,20,nearest-distance,D0_7b,1
coda_20_10335_direction_n1,20,direction,D0_7b,1
coda_20_10340_path_object_n1,20,path-object,D0_7b,1
coda_20_10378_counting_n1,20,counting,D0_7b,0
coda_20_10380_direction_n1,20,direction,D0_7b,1
coda_20_10386_direction_n1,20,direction,D0_7b,1
coda_20_10387_direction_n1,20,direction,D0_7b,1
coda_20_10388_nearest_dist_n1,20,nearest-distance,D0_7b,1
coda_20_10393_nearest_class_n1,20,nearest-class,D0_7b,1
coda_20_10394_nearest_class_n1,20,nearest-class,D0_7b,1
coda_20_10396_nearest_dist_n1,20,nearest-distance,D0_7b,1
coda_20_10397_direction_n1,20,direction,D0_7b,1
coda_20_10399_path_object_n1,20,path-object,D0_7b,1
coda_20_10409_counting_n1,20,counting,D0_7b,1
coda_20_10414_nearest_dist_n1,20,nearest-distance,D0_7b,1
coda_20_10415_nearest_dist_n1,20,nearest-distance,D0_7b,1
coda_20_10425_direction_n1,20,direction,D0_7b,1
coda_20_10426_path_object_n1,20,path-object,D0_7b,1
coda_20_10427_nearest_class_n1,20,nearest-class,D0_7b,1
coda_20_10428_nearest_class_n1,20,nearest-class,D0_7b,1
coda_20_1076_nearest_dist_n1,20,nearest-distance,D0_7b,1
coda_20_1077_direction_n1,20,direction,D0_7b,1
coda_20_1078_path_object_n1,20,path-object,D0_7b,1
coda_20_1137_counting_n1,20,counting,D0_7b,1
coda_20_1140_nearest_class_n1,20,nearest-class,D0_7b,1
coda_20_1144_direction_n1,20,direction,D0_7b,1
coda_20_11920_path_object_n1,20,path-object,D0_7b,1
coda_20_12092_counting_n1,20,counting,D0_7b,1
coda_20_12095_counting_n1,20,counting,D0_7b,0
coda_20_12099_nearest_class_n1,20,nearest-class,D0_7b,1
coda_20_12100_direction_n1,20,direction,D0_7b,1
coda_20_12104_direction_n1,20,direction,D0_7b,1
coda_20_12106_path_object_n1,20,path-object,D0_7b,1
coda_20_12108_counting_n1,20,counting,D0_7b,1
coda_20_1219_nearest_class_n1,20,nearest-class,D0_7b,1
coda_20_1222_direction_n1,20,direction,D0_7b,1
coda_20_12638_direction_n1,20,direction,D0_7b,0
coda_20_12643_path_object_n1,20,path-object,D0_7b,1
coda_20_12771_direction_n1,20,direction,D0_7b,1
coda_20_12810_nearest_dist_n1,20,nearest-distance,D0_7b,1
coda_20_12868_direction_n1,20,direction,D0_7b,1
coda_20_12869_direction_n1,20,direction,D0_7b,1
coda_20_12872_path_object_n1,20,path-object,D0_7b,1
coda_20_12874_counting_n1,20,counting,D0_7b,0
coda_20_12883_nearest_class_n1,20,nearest-class,D0_7b,1
coda_20_12892_nearest_dist_n1,20,nearest-distance,D0_7b,1
coda_20_12895_direction_n1,20,direction,D0_7b,1
coda_20_12897_counting_n1,20,counting,D0_7b,0
coda_20_12900_counting_n1,20,counting,D0_7b,1
coda_20_12901_nearest_class_n1,20,nearest-class,D0_7b,1
coda_20_12982_nearest_dist_n1,20,nearest-distance,D0_7b,1
coda_20_12984_direction_n1,20,direction,D0_7b,0
coda_20_12986_path_object_n1,20,path-object,D0_7b,1
coda_20_12987_counting_n1,20,counting,D0_7b,0
coda_20_12988_nearest_class_n1,20,nearest-class,D0_7b,0
coda_20_12996_nearest_dist_n1,20,nearest-distance,D0_7b,1
coda_20_13003_direction_n1,20,direction,D0_7b,1
coda_20_13013_path_object_n1,20,path-object,D0_7b,1
coda_20_13016_counting_n1,20,counting,D0_7b,1
coda_20_13019_nearest_class_n1,20,nearest-class,D0_7b,1
coda_20_13025_nearest_dist_n1,20,nearest-distance,D0_7b,1
coda_20_13029_direction_n1,20,direction,D0_7b,0
coda_20_13038_path_object_n1,20,path-object,D0_7b,1
coda_20_13039_counting_n1,20,counting,D0_7b,0
coda_20_13048_nearest_dist_n1,20,nearest-distance,D0_7b,1
coda_20_13054_nearest_dist_n1,20,nearest-distance,D0_7b,1
coda_20_13060_direction_n1,20,direction,D0_7b,0
coda_20_13064_path_object_n1,20,path-object,D0_7b,1
coda_20_13071_nearest_class_n1,20,nearest-class,D0_7b,1
coda_20_13079_nearest_dist_n1,20,nearest-distance,D0_7b,1
coda_20_13081_nearest_dist_n1,20,nearest-distance,D0_7b,1
coda_20_13143_direction_n1,20,direction,D0_7b,1
coda_20_13146_path_object_n1,20,path-object,D0_7b,1
coda_20_13210_counting_n1,20,counting,D0_7b,0
coda_20_13211_nearest_class_n1,20,nearest-class,D0_7b,1
coda_20_13212_direction_n1,20,direction,D0_7b,1
coda_20_13214_direction_n1,20,direction,D0_7b,1
coda_20_13215_path_object_n1,20,path-object,D0_7b,1
coda_20_13251_counting_n1,20,counting,D0_7b,1
coda_20_13261_nearest_class_n1,20,nearest-class,D0_7b,1
coda_20_13262_nearest_dist_n1,20,nearest-distance,D0_7b,1
coda_20_13263_direction_n1,20,direction,D0_7b,1
coda_20_13269_path_object_n1,20,path-object,D0_7b,1
coda_20_13270_counting_n1,20,counting,D0_7b,1
coda_20_13271_nearest_class_n1,20,nearest-class,D0_7b,1
coda_20_3056_direction_n1,20,direction,D0_7b,1
coda_20_3066_direction_n1,20,direction,D0_7b,0
coda_20_3067_path_object_n1,20,path-object,D0_7b,1
coda_20_3174_nearest_class_n1,20,nearest-class,D0_7b,1
coda_20_3292_nearest_class_n1,20,nearest-class,D0_7b,1
coda_20_3293_direction_n1,20,direction,D0_7b,1
coda_20_3305_direction_n1,20,direction,D0_7b,1
coda_20_3311_path_object_n1,20,path-object,D0_7b,1
coda_20_3387_nearest_class_n1,20,nearest-class,D0_7b,1
coda_20_3453_nearest_class_n1,20,nearest-class,D0_7b,1
coda_20_3486_direction_n1,20,direction,D0_7b,1
coda_20_3489_direction_n1,20,direction,D0_7b,1
coda_20_3494_path_object_n1,20,path-object,D0_7b,1
coda_20_3497_counting_n1,20,counting,D0_7b,1
coda_20_4243_nearest_class_n1,20,nearest-class,D0_7b,1
coda_20_4250_nearest_dist_n1,20,nearest-distance,D0_7b,1
coda_20_4256_direction_n1,20,direction,D0_7b,1
coda_20_4260_path_object_n1,20,path-object,D0_7b,1
coda_20_4261_counting_n1,20,counting,D0_7b,0
coda_20_4262_nearest_class_n1,20,nearest-class,D0_7b,1
coda_20_4267_direction_n1,20,direction,D0_7b,1
coda_20_4300_direction_n1,20,direction,D0_7b,0
coda_20_4303_path_object_n1,20,path-object,D0_7b,1
coda_20_4356_counting_n1,20,counting,D0_7b,1
coda_20_4357_nearest_dist_n1,20,nearest-distance,D0_7b,1
coda_20_4554_nearest_dist_n1,20,nearest-distance,D0_7b,1
coda_20_4566_direction_n1,20,direction,D0_7b,1
coda_20_4567_path_object_n1,20,path-object,D0_7b,1
coda_20_4573_counting_n1,20,counting,D0_7b,1
coda_20_4630_nearest_class_n1,20,nearest-class,D0_7b,1
coda_20_4876_nearest_dist_n1,20,nearest-distance,D0_7b,1
coda_20_4877_direction_n1,20,direction,D0_7b,1
coda_20_4883_path_object_n1,20,path-object,D0_7b,0
coda_20_4885_counting_n1,20,counting,D0_7b,0
coda_20_4890_nearest_class_n1,20,nearest-class,D0_7b,1
coda_20_4894_direction_n1,20,direction,D0_7b,0
coda_20_4926_path_object_n1,20,path-object,D0_7b,1
coda_20_4928_path_object_n1,20,path-object,D0_7b,1
coda_20_4932_nearest_class_n1,20,nearest-class,D0_7b,1
coda_20_4934_nearest_class_n1,20,nearest-class,D0_7b,1
coda_20_4938_nearest_dist_n1,20,nearest-distance,D0_7b,1
coda_20_4939_direction_n1,20,direction,D0_7b,1
coda_20_4943_path_object_n1,20,path-object,D0_7b,1
coda_20_4944_counting_n1,20,counting,D0_7b,1
coda_20_4948_nearest_dist_n1,20,nearest-distance,D0_7b,1
coda_20_4952_nearest_dist_n1,20,nearest-distance,D0_7b,1
coda_20_4953_direction_n1,20,direction,D0_7b,1
coda_20_5288_path_object_n1,20,path-object,D0_7b,1
coda_20_5293_nearest_class_n1,20,nearest-class,D0_7b,1
coda_20_5300_nearest_class_n1,20,nearest-class,D0_7b,1
coda_20_5354_nearest_dist_n1,20,nearest-distance,D0_7b,1
coda_20_5357_direction_n1,20,direction,D0_7b,1
coda_20_5359_path_object_n1,20,path-object,D0_7b,1
coda_20_5361_counting_n1,20,counting,D0_7b,1
coda_20_5476_nearest_class_n1,20,nearest-class,D0_7b,1
coda_20_5477_nearest_dist_n1,20,nearest-distance,D0_7b,1
coda_20_5489_direction_n1,20,direction,D0_7b,1
coda_20_5611_counting_n1,20,counting,D0_7b,0
coda_20_5674_nearest_class_n1,20,nearest-class,D0_7b,1
coda_20_5684_nearest_class_n1,20,nearest-class,D0_7b,1
coda_20_5689_nearest_dist_n1,20,nearest-distance,D0_7b,1
coda_20_5690_direction_n1,20,direction,D0_7b,1
coda_20_5701_path_object_n1,20,path-object,D0_7b,1
coda_20_5702_nearest_class_n1,20,nearest-class,D0_7b,1
coda_20_5703_nearest_class_n1,20,nearest-class,D0_7b,1
coda_20_5704_nearest_dist_n1,20,nearest-distance,D0_7b,1
coda_20_5752_path_object_n1,20,path-object,D0_7b,1
coda_20_7488_path_object_n1,20,path-object,D0_7b,1
coda_20_7489_counting_n1,20,counting,D0_7b,0
coda_20_7493_nearest_class_n1,20,nearest-class,D0_7b,1
coda_20_7526_nearest_dist_n1,20,nearest-distance,D0_7b,1
coda_20_7534_direction_n1,20,direction,D0_7b,1
coda_20_7536_counting_n1,20,counting,D0_7b,0
coda_20_7542_counting_n1,20,counting,D0_7b,1
coda_20_7544_nearest_class_n1,20,nearest-class,D0_7b,1
coda_20_7630_nearest_dist_n1,20,nearest-distance,D0_7b,1
coda_20_7703_direction_n1,20,direction,D0_7b,1
coda_20_7710_path_object_n1,20,path-object,D0_7b,1
coda_20_7712_counting_n1,20,counting,D0_7b,1
coda_20_7715_nearest_class_n1,20,nearest-class,D0_7b,1
coda_20_7751_direction_n1,20,direction,D0_7b,0
coda_20_7923_direction_n1,20,direction,D0_7b,1
coda_20_7927_path_object_n1,20,path-object,D0_7b,1
coda_20_7928_nearest_class_n1,20,nearest-class,D0_7b,1
coda_20_7936_nearest_class_n1,20,nearest-class,D0_7b,1
coda_20_7937_nearest_dist_n1,20,nearest-distance,D0_7b,1
coda_20_7938_direction_n1,20,direction,D0_7b,1
coda_20_7968_path_object_n1,20,path-object,D0_7b,1
coda_20_8176_counting_n1,20,counting,D0_7b,0
coda_20_8178_nearest_class_n1,20,nearest-class,D0_7b,1
coda_20_8181_nearest_dist_n1,20,nearest-distance,D0_7b,1
coda_20_8182_direction_n1,20,direction,D0_7b,0
coda_20_8183_path_object_n1,20,path-object,D0_7b,1
coda_20_8185_counting_n1,20,counting,D0_7b,0
coda_20_8196_nearest_class_n1,20,nearest-class,D0_7b,1
coda_20_8198_nearest_dist_n1,20,nearest-distance,D0_7b,1
coda_20_8466_direction_n1,20,direction,D0_7b,1
coda_20_8467_path_object_n1,20,path-object,D0_7b,1
coda_20_8474_nearest_class_n1,20,nearest-class,D0_7b,1
coda_20_8475_nearest_class_n1,20,nearest-class,D0_7b,1
coda_20_8483_nearest_dist_n1,20,nearest-distance,D0_7b,1
coda_20_8519_direction_n1,20,direction,D0_7b,1
coda_20_8613_path_object_n1,20,path-object,D0_7b,1
coda_20_8618_nearest_class_n1,20,nearest-class,D0_7b,1
coda_20_8619_nearest_class_n1,20,nearest-class,D0_7b,1
coda_20_8738_direction_n1,20,direction,D0_7b,1
coda_20_8741_direction_n1,20,direction,D0_7b,1
coda_20_8742_path_object_n1,20,path-object,D0_7b,1
coda_20_8744_counting_n1,20,counting,D0_7b,1
coda_20_8746_nearest_class_n1,20,nearest-class,D0_7b,1
coda_20_8747_nearest_dist_n1,20,nearest-distance,D0_7b,1
coda_20_8751_direction_n1,20,direction,D0_7b,1
coda_20_8783_path_object_n1,20,path-object,D0_7b,1
coda_20_8792_counting_n1,20,counting,D0_7b,0
coda_20_8795_nearest_dist_n1,20,nearest-distance,D0_7b,1
coda_20_8803_nearest_dist_n1,20,nearest-distance,D0_7b,1
coda_20_8806_direction_n1,20,direction,D0_7b,1
coda_20_8808_path_object_n1,20,path-object,D0_7b,1
coda_20_8813_counting_n1,20,counting,D0_7b,1
coda_20_8824_nearest_class_n1,20,nearest-class,D0_7b,1
coda_20_8845_path_object_n1,20,path-object,D0_7b,1
coda_20_9392_path_object_n1,20,path-object,D0_7b,1
coda_20_9393_path_object_n1,20,path-object,D0_7b,1
coda_20_9397_nearest_class_n1,20,nearest-class,D0_7b,1
coda_20_9406_nearest_class_n1,20,nearest-class,D0_7b,1
coda_20_9411_direction_n1,20,direction,D0_7b,1
coda_20_9412_direction_n1,20,direction,D0_7b,1
coda_20_9424_path_object_n1,20,path-object,D0_7b,1
coda_20_9429_counting_n1,20,counting,D0_7b,1
coda_20_9432_nearest_class_n1,20,nearest-class,D0_7b,1
coda_20_9436_nearest_dist_n1,20,nearest-distance,D0_7b,1
coda_20_9471_direction_n1,20,direction,D0_7b,1
coda_20_9474_path_object_n1,20,path-object,D0_7b,1
coda_20_9478_counting_n1,20,counting,D0_7b,1
coda_20_9479_nearest_class_n1,20,nearest-class,D0_7b,1
coda_20_9612_nearest_dist_n1,20,nearest-distance,D0_7b,1
coda_20_9722_direction_n1,20,direction,D0_7b,1
coda_20_9725_path_object_n1,20,path-object,D0_7b,1
coda_20_9727_counting_n1,20,counting,D0_7b,0
coda_20_9728_nearest_class_n1,20,nearest-class,D0_7b,1
coda_20_973_direction_n1,20,direction,D0_7b,1
coda_20_9736_direction_n1,20,direction,D0_7b,1
coda_20_9737_path_object_n1,20,path-object,D0_7b,1
coda_20_9745_counting_n1,20,counting,D0_7b,0
coda_20_9746_nearest_class_n1,20,nearest-class,D0_7b,1
coda_20_9754_nearest_dist_n1,20,nearest-distance,D0_7b,1
coda_20_9785_direction_n1,20,direction,D0_7b,1
coda_20_9787_path_object_n1,20,path-object,D0_7b,1
coda_20_9788_counting_n1,20,counting,D0_7b,1
coda_20_9790_nearest_class_n1,20,nearest-class,D0_7b,1
coda_20_9927_nearest_dist_n1,20,nearest-distance,D0_7b,1
coda_20_9928_direction_n1,20,direction,D0_7b,1
coda_20_9958_path_object_n1,20,path-object,D0_7b,1
coda_20_9959_counting_n1,20,counting,D0_7b,0
coda_2_2441_nearest_class_n1,2,nearest-class,D0_7b,0
coda_2_2442_nearest_dist_n1,2,nearest-distance,D0_7b,0
coda_2_2443_direction_n1,2,direction,D0_7b,0
coda_2_2457_path_object_n1,2,path-object,D0_7b,0
coda_2_2459_counting_n1,2,counting,D0_7b,1
coda_2_2460_nearest_class_n1,2,nearest-class,D0_7b,1
coda_2_2465_nearest_dist_n1,2,nearest-distance,D0_7b,1
coda_2_2468_path_object_n1,2,path-object,D0_7b,1
coda_2_2537_path_object_n1,2,path-object,D0_7b,0
coda_2_2539_counting_n1,2,counting,D0_7b,1
coda_2_2541_nearest_class_n1,2,nearest-class,D0_7b,1
coda_2_2544_nearest_dist_n1,2,nearest-distance,D0_7b,1
coda_2_2545_direction_n1,2,direction,D0_7b,1
coda_2_5041_path_object_n1,2,path-object,D0_7b,0
coda_2_5044_counting_n1,2,counting,D0_7b,1
coda_2_5046_nearest_dist_n1,2,nearest-distance,D0_7b,0
coda_2_5048_nearest_dist_n1,2,nearest-distance,D0_7b,0
coda_2_5051_path_object_n1,2,path-object,D0_7b,0
coda_2_5058_path_object_n1,2,path-object,D0_7b,0
coda_2_5060_counting_n1,2,counting,D0_7b,1
coda_2_5081_direction_n1,2,direction,D0_7b,1
coda_2_5084_direction_n1,2,direction,D0_7b,1
coda_2_5086_direction_n1,2,direction,D0_7b,1
coda_2_5091_path_object_n1,2,path-object,D0_7b,0
coda_2_5093_counting_n1,2,counting,D0_7b,0
coda_2_5094_nearest_class_n1,2,nearest-class,D0_7b,0
coda_2_5101_direction_n1,2,direction,D0_7b,1
coda_2_5104_direction_n1,2,direction,D0_7b,1
coda_2_5109_path_object_n1,2,path-object,D0_7b,0
coda_2_5111_counting_n1,2,counting,D0_7b,1
coda_2_5112_nearest_class_n1,2,nearest-class,D0_7b,0
coda_2_5114_nearest_dist_n1,2,nearest-distance,D0_7b,0
coda_2_5120_path_object_n1,2,path-object,D0_7b,0
coda_2_5122_path_object_n1,2,path-object,D0_7b,0
coda_2_5126_counting_n1,2,counting,D0_7b,0
coda_2_5129_nearest_class_n1,2,nearest-class,D0_7b,0
coda_2_5198_nearest_dist_n1,2,nearest-distance,D0_7b,1
coda_2_5202_path_object_n1,2,path-object,D0_7b,1
coda_2_5203_counting_n1,2,counting,D0_7b,0
coda_2_5205_counting_n1,2,counting,D0_7b,1
coda_2_5289_nearest_dist_n1,2,nearest-distance,D0_7b,1
coda_2_5293_nearest_dist_n1,2,nearest-distance,D0_7b,1
coda_2_5338_direction_n1,2,direction,D0_7b,1
coda_2_5339_path_object_n1,2,path-object,D0_7b,1
coda_2_5587_counting_n1,2,counting,D0_7b,0
coda_2_5589_nearest_class_n1,2,nearest-class,D0_7b,1
coda_2_5591_nearest_dist_n1,2,nearest-distance,D0_7b,1
coda_2_5593_direction_n1,2,direction,D0_7b,1
coda_2_5595_path_object_n1,2,path-object,D0_7b,1
coda_2_6852_counting_n1,2,counting,D0_7b,1
coda_2_6962_nearest_class_n1,2,nearest-class,D0_7b,1
coda_2_6968_direction_n1,2,direction,D0_7b,1
coda_2_6970_direction_n1,2,direction,D0_7b,1
coda_2_6974_path_object_n1,2,path-object,D0_7b,1
coda_2_6975_counting_n1,2,counting,D0_7b,1
coda_2_6988_nearest_dist_n1,2,nearest-distance,D0_7b,1
coda_2_6990_direction_n1,2,direction,D0_7b,1
coda_2_7032_counting_n1,2,counting,D0_7b,1
coda_2_7141_path_object_n1,2,path-object,D0_7b,1
coda_2_7142_counting_n1,2,counting,D0_7b,0
coda_2_7149_nearest_class_n1,2,nearest-class,D0_7b,1
coda_3_11984_nearest_dist_n1,3,nearest-distance,D0_7b,0
coda_3_12067_direction_n1,3,direction,D0_7b,1
coda_3_12069_path_object_n1,3,path-object,D0_7b,1
coda_3_12072_counting_n1,3,counting,D0_7b,0
coda_3_12075_nearest_class_n1,3,nearest-class,D0_7b,1
coda_3_12137_direction_n1,3,direction,D0_7b,1
coda_3_12145_direction_n1,3,direction,D0_7b,1
coda_3_12149_path_object_n1,3,path-object,D0_7b,1
coda_3_1820_counting_n1,3,counting,D0_7b,0
coda_3_1825_nearest_class_n1,3,nearest-class,D0_7b,1
coda_3_1826_nearest_dist_n1,3,nearest-distance,D0_7b,0
coda_3_1837_path_object_n1,3,path-object,D0_7b,1
coda_3_1840_path_object_n1,3,path-object,D0_7b,1
coda_3_1842_counting_n1,3,counting,D0_7b,1
coda_3_1844_nearest_class_n1,3,nearest-class,D0_7b,1
coda_3_1933_nearest_dist_n1,3,nearest-distance,D0_7b,0
coda_3_1934_direction_n1,3,direction,D0_7b,1
coda_3_1937_path_object_n1,3,path-object,D0_7b,0
coda_3_1942_counting_n1,3,counting,D0_7b,0
coda_3_1996_nearest_class_n1,3,nearest-class,D0_7b,1
coda_3_2000_direction_n1,3,direction,D0_7b,0
coda_3_2001_direction_n1,3,direction,D0_7b,1
coda_3_2009_path_object_n1,3,path-object,D0_7b,1
coda_3_2015_counting_n1,3,counting,D0_7b,1
coda_3_2026_nearest_class_n1,3,nearest-class,D0_7b,1
coda_3_2027_direction_n1,3,direction,D0_7b,1
coda_3_2033_direction_n1,3,direction,D0_7b,1
coda_4_1337_path_object_n1,4,path-object,D0_7b,1
coda_4_1340_counting_n1,4,counting,D0_7b,1
coda_4_1343_nearest_class_n1,4,nearest-class,D0_7b,1
coda_4_1427_nearest_dist_n1,4,nearest-distance,D0_7b,1
coda_4_1431_path_object_n1,4,path-object,D0_7b,1
coda_4_1475_path_object_n1,4,path-object,D0_7b,1
coda_4_1476_counting_n1,4,counting,D0_7b,1
coda_4_6639_nearest_class_n1,4,nearest-class,D0_7b,1
coda_4_6640_direction_n1,4,direction,D0_7b,1
coda_4_6644_path_object_n1,4,path-object,D0_7b,1
coda_4_6651_path_object_n1,4,path-object,D0_7b,0
coda_4_6653_counting_n1,4,counting,D0_7b,0
coda_4_6656_nearest_class_n1,4,nearest-class,D0_7b,0
coda_4_6663_nearest_dist_n1,4,nearest-distance,D0_7b,0
coda_4_6694_direction_n1,4,direction,D0_7b,0
coda_4_6769_path_object_n1,4,path-object,D0_7b,1
coda_4_6774_counting_n1,4,counting,D0_7b,0
coda_4_6777_nearest_class_n1,4,nearest-class,D0_7b,1
coda_4_6782_nearest_dist_n1,4,nearest-distance,D0_7b,1
coda_4_6796_direction_n1,4,direction,D0_7b,1
coda_4_6799_nearest_class_n1,4,nearest-class,D0_7b,1
coda_4_6804_counting_n1,4,counting,D0_7b,0
coda_4_6807_nearest_class_n1,4,nearest-class,D0_7b,1
coda_4_6875_nearest_dist_n1,4,nearest-distance,D0_7b,1
coda_4_6880_direction_n1,4,direction,D0_7b,1
coda_4_6882_path_object_n1,4,path-object,D0_7b,1
coda_4_6883_counting_n1,4,counting,D0_7b,1
coda_4_6895_nearest_dist_n1,4,nearest-distance,D0_7b,0
coda_4_6903_nearest_dist_n1,4,nearest-distance,D0_7b,1
coda_4_6906_direction_n1,4,direction,D0_7b,1
coda_4_6909_path_object_n1,4,path-object,D0_7b,1
coda_4_6912_counting_n1,4,counting,D0_7b,1
coda_4_6923_nearest_class_n1,4,nearest-class,D0_7b,1
coda_4_6926_direction_n1,4,direction,D0_7b,1
coda_4_6933_direction_n1,4,direction,D0_7b,1
coda_5_1803_counting_n1,5,counting,D0_7b,0
coda_5_1810_counting_n1,5,counting,D0_7b,0
coda_5_1848_nearest_class_n1,5,nearest-class,D0_7b,1
coda_6_10385_nearest_dist_n1,6,nearest-distance,D0_7b,1
coda_6_10386_direction_n1,6,direction,D0_7b,1
coda_6_10388_counting_n1,6,counting,D0_7b,1
coda_6_10393_counting_n1,6,counting,D0_7b,0
coda_6_10395_nearest_class_n1,6,nearest-class,D0_7b,1
coda_6_10430_nearest_dist_n1,6,nearest-distance,D0_7b,1
coda_6_10434_counting_n1,6,counting,D0_7b,1
coda_6_10440_counting_n1,6,counting,D0_7b,1
coda_6_10441_counting_n1,6,counting,D0_7b,0
coda_6_10442_nearest_class_n1,6,nearest-class,D0_7b,1
coda_6_10453_direction_n1,6,direction,D0_7b,1
coda_6_10457_direction_n1,6,direction,D0_7b,1
coda_6_10465_path_object_n1,6,path-object,D0_7b,1
coda_6_10471_counting_n1,6,counting,D0_7b,1
coda_6_10472_nearest_class_n1,6,nearest-class,D0_7b,1
coda_6_10478_nearest_dist_n1,6,nearest-distance,D0_7b,1
coda_6_10563_direction_n1,6,direction,D0_7b,1
coda_6_1243_path_object_n1,6,path-object,D0_7b,1
coda_6_1245_counting_n1,6,counting,D0_7b,0
coda_6_1253_nearest_dist_n1,6,nearest-distance,D0_7b,0
coda_6_1254_nearest_dist_n1,6,nearest-distance,D0_7b,0
coda_6_1322_path_object_n1,6,path-object,D0_7b,1
coda_6_1324_path_object_n1,6,path-object,D0_7b,1
coda_6_1421_counting_n1,6,counting,D0_7b,0
coda_6_2601_nearest_class_n1,6,nearest-class,D0_7b,1
coda_6_2641_nearest_dist_n1,6,nearest-distance,D0_7b,1
coda_6_2649_direction_n1,6,direction,D0_7b,1
coda_6_2654_path_object_n1,6,path-object,D0_7b,1
coda_6_2655_counting_n1,6,counting,D0_7b,0
coda_6_2656_nearest_dist_n1,6,nearest-distance,D0_7b,1
coda_6_2657_nearest_dist_n1,6,nearest-distance,D0_7b,1
coda_6_2747_direction_n1,6,direction,D0_7b,1
coda_6_2759_counting_n1,6,counting,D0_7b,1
coda_6_2760_counting_n1,6,counting,D0_7b,1
coda_6_2761_nearest_class_n1,6,nearest-class,D0_7b,0
coda_6_2774_nearest_dist_n1,6,nearest-distance,D0_7b,1
coda_6_2784_direction_n1,6,direction,D0_7b,1
coda_6_2794_path_object_n1,6,path-object,D0_7b,1
coda_6_2796_counting_n1,6,counting,D0_7b,1
coda_6_2828_nearest_class_n1,6,nearest-class,D0_7b,1
coda_6_2831_direction_n1,6,direction,D0_7b,1
coda_6_2834_direction_n1,6,direction,D0_7b,1
coda_6_2839_path_object_n1,6,path-object,D0_7b,1
coda_6_2840_counting_n1,6,counting,D0_7b,1
coda_6_2841_nearest_class_n1,6,nearest-class,D0_7b,1
coda_6_2846_nearest_dist_n1,6,nearest-distance,D0_7b,1
coda_6_2854_direction_n1,6,direction,D0_7b,1
coda_6_2855_counting_n1,6,counting,D0_7b,1
coda_6_2857_counting_n1,6,counting,D0_7b,1
coda_6_2859_nearest_class_n1,6,nearest-class,D0_7b,0
coda_6_4502_nearest_dist_n1,6,nearest-distance,D0_7b,1
coda_6_4509_direction_n1,6,direction,D0_7b,1
coda_6_4515_path_object_n1,6,path-object,D0_7b,1
coda_6_4524_counting_n1,6,counting,D0_7b,0
coda_6_4529_nearest_class_n1,6,nearest-class,D0_7b,1
coda_6_4533_nearest_dist_n1,6,nearest-distance,D0_7b,1
coda_6_4601_counting_n1,6,counting,D0_7b,1
coda_6_4603_counting_n1,6,counting,D0_7b,0
coda_6_4607_counting_n1,6,counting,D0_7b,1
coda_6_4611_direction_n1,6,direction,D0_7b,1
coda_6_4618_nearest_dist_n1,6,nearest-distance,D0_7b,0
coda_6_4619_direction_n1,6,direction,D0_7b,1
coda_6_4662_counting_n1,6,counting,D0_7b,1
coda_6_4664_counting_n1,6,counting,D0_7b,1
coda_6_4740_nearest_class_n1,6,nearest-class,D0_7b,1
coda_6_4741_nearest_dist_n1,6,nearest-distance,D0_7b,1
coda_6_4747_direction_n1,6,direction,D0_7b,1
coda_6_4750_counting_n1,6,counting,D0_7b,1
coda_6_4756_counting_n1,6,counting,D0_7b,1
coda_6_4757_nearest_class_n1,6,nearest-class,D0_7b,1
coda_6_4764_nearest_dist_n1,6,nearest-distance,D0_7b,1
coda_6_4769_direction_n1,6,direction,D0_7b,1
coda_6_4772_counting_n1,6,counting,D0_7b,1
coda_6_4773_counting_n1,6,counting,D0_7b,1
coda_6_4776_nearest_class_n1,6,nearest-class,D0_7b,1
coda_6_5518_nearest_dist_n1,6,nearest-distance,D0_7b,1
coda_6_5526_direction_n1,6,direction,D0_7b,1
coda_6_5528_counting_n1,6,counting,D0_7b,0
coda_6_5534_counting_n1,6,counting,D0_7b,0
coda_6_5578_direction_n1,6,direction,D0_7b,1
coda_6_5581_direction_n1,6,direction,D0_7b,1
coda_6_5584_direction_n1,6,direction,D0_7b,1
coda_6_5632_counting_n1,6,counting,D0_7b,1
coda_6_5634_counting_n1,6,counting,D0_7b,1
coda_6_5635_nearest_class_n1,6,nearest-class,D0_7b,1
coda_6_5645_nearest_dist_n1,6,nearest-distance,D0_7b,1
coda_6_5646_direction_n1,6,direction,D0_7b,1
coda_6_5680_nearest_class_n1,6,nearest-class,D0_7b,1
coda_6_5685_counting_n1,6,counting,D0_7b,0
coda_6_5691_nearest_class_n1,6,nearest-class,D0_7b,0
coda_6_5692_nearest_dist_n1,6,nearest-distance,D0_7b,0
coda_6_5693_direction_n1,6,direction,D0_7b,0
coda_6_5702_nearest_class_n1,6,nearest-class,D0_7b,0
coda_6_5705_counting_n1,6,counting,D0_7b,1
coda_6_5707_nearest_class_n1,6,nearest-class,D0_7b,0
coda_6_5710_nearest_dist_n1,6,nearest-distance,D0_7b,0
coda_6_5714_direction_n1,6,direction,D0_7b,0
coda_6_5716_counting_n1,6,counting,D0_7b,0
coda_6_5717_counting_n1,6,counting,D0_7b,1
coda_6_5721_nearest_dist_n1,6,nearest-distance,D0_7b,0
coda_6_5723_nearest_dist_n1,6,nearest-distance,D0_7b,0
coda_6_5730_direction_n1,6,direction,D0_7b,0
coda_6_5734_counting_n1,6,counting,D0_7b,0
coda_6_8483_counting_n1,6,counting,D0_7b,0
coda_6_8484_nearest_class_n1,6,nearest-class,D0_7b,1
coda_6_8485_nearest_dist_n1,6,nearest-distance,D0_7b,1
coda_6_8487_direction_n1,6,direction,D0_7b,1
coda_6_8494_path_object_n1,6,path-object,D0_7b,1
coda_6_8495_counting_n1,6,counting,D0_7b,0
coda_6_8500_nearest_class_n1,6,nearest-class,D0_7b,1
coda_6_8504_nearest_dist_n1,6,nearest-distance,D0_7b,1
coda_6_8509_path_object_n1,6,path-object,D0_7b,1
coda_6_8656_path_object_n1,6,path-object,D0_7b,1
coda_6_8657_nearest_dist_n1,6,nearest-distance,D0_7b,0
coda_6_8660_nearest_dist_n1,6,nearest-distance,D0_7b,1
coda_6_8822_direction_n1,6,direction,D0_7b,1
coda_6_8824_direction_n1,6,direction,D0_7b,1
coda_6_8829_nearest_dist_n1,6,nearest-distance,D0_7b,1
coda_6_8835_counting_n1,6,counting,D0_7b,1
coda_6_8839_nearest_dist_n1,6,nearest-distance,D0_7b,0
coda_6_8840_nearest_dist_n1,6,nearest-distance,D0_7b,0
coda_6_8852_direction_n1,6,direction,D0_7b,1
coda_6_8920_path_object_n1,6,path-object,D0_7b,1
coda_6_8922_counting_n1,6,counting,D0_7b,0
coda_6_9135_direction_n1,6,direction,D0_7b,1
coda_6_9141_nearest_dist_n1,6,nearest-distance,D0_7b,1
coda_7_12955_direction_n1,7,direction,D0_7b,1
coda_7_12956_path_object_n1,7,path-object,D0_7b,1
coda_7_12957_nearest_class_n1,7,nearest-class,D0_7b,1
coda_7_12967_nearest_class_n1,7,nearest-class,D0_7b,1
coda_7_12971_nearest_dist_n1,7,nearest-distance,D0_7b,1
coda_7_12975_direction_n1,7,direction,D0_7b,1
coda_7_12979_path_object_n1,7,path-object,D0_7b,1
coda_7_13023_counting_n1,7,counting,D0_7b,0
coda_7_13027_nearest_class_n1,7,nearest-class,D0_7b,1
coda_7_13028_path_object_n1,7,path-object,D0_7b,1
coda_7_13030_path_object_n1,7,path-object,D0_7b,1
coda_7_13040_path_object_n1,7,path-object,D0_7b,1
coda_7_13045_counting_n1,7,counting,D0_7b,1
coda_7_13047_nearest_class_n1,7,nearest-class,D0_7b,1
coda_7_14701_direction_n1,7,direction,D0_7b,1
coda_7_14879_direction_n1,7,direction,D0_7b,1
coda_7_14924_counting_n1,7,counting,D0_7b,1
coda_7_14927_counting_n1,7,counting,D0_7b,0
coda_7_14972_nearest_class_n1,7,nearest-class,D0_7b,1
coda_7_14973_nearest_dist_n1,7,nearest-distance,D0_7b,1
coda_7_14975_direction_n1,7,direction,D0_7b,0
coda_7_14985_path_object_n1,7,path-object,D0_7b,1
coda_7_14986_nearest_class_n1,7,nearest-class,D0_7b,1
coda_7_15069_nearest_class_n1,7,nearest-class,D0_7b,1
coda_7_15070_nearest_dist_n1,7,nearest-distance,D0_7b,1
coda_7_15072_direction_n1,7,direction,D0_7b,1
coda_7_15075_path_object_n1,7,path-object,D0_7b,1
coda_7_15079_counting_n1,7,counting,D0_7b,1
coda_7_15084_nearest_class_n1,7,nearest-class,D0_7b,1
coda_7_15088_nearest_dist_n1,7,nearest-distance,D0_7b,1
coda_7_15101_direction_n1,7,direction,D0_7b,1
coda_7_15111_path_object_n1,7,path-object,D0_7b,1
coda_7_15114_counting_n1,7,counting,D0_7b,1
coda_7_15199_nearest_class_n1,7,nearest-class,D0_7b,1
coda_7_15206_nearest_dist_n1,7,nearest-distance,D0_7b,1
coda_7_15212_direction_n1,7,direction,D0_7b,0
coda_7_15219_path_object_n1,7,path-object,D0_7b,1
coda_7_15258_counting_n1,7,counting,D0_7b,0
coda_7_15308_nearest_class_n1,7,nearest-class,D0_7b,1
coda_7_15313_direction_n1,7,direction,D0_7b,1
coda_7_15316_direction_n1,7,direction,D0_7b,1
coda_7_15318_path_object_n1,7,path-object,D0_7b,1
coda_7_15322_counting_n1,7,counting,D0_7b,0
coda_7_15331_nearest_class_n1,7,nearest-class,D0_7b,1
coda_7_15333_direction_n1,7,direction,D0_7b,1
coda_7_4781_direction_n1,7,direction,D0_7b,1
coda_7_4850_counting_n1,7,counting,D0_7b,1
coda_7_4853_counting_n1,7,counting,D0_7b,1
coda_7_4971_nearest_class_n1,7,nearest-class,D0_7b,1
coda_7_6615_nearest_dist_n1,7,nearest-distance,D0_7b,1
coda_7_6622_direction_n1,7,direction,D0_7b,0
coda_7_6623_path_object_n1,7,path-object,D0_7b,1
coda_7_6625_counting_n1,7,counting,D0_7b,0
coda_7_6686_nearest_class_n1,7,nearest-class,D0_7b,1
coda_7_6693_nearest_dist_n1,7,nearest-distance,D0_7b,1
coda_7_6698_direction_n1,7,direction,D0_7b,1
coda_7_6699_path_object_n1,7,path-object,D0_7b,1
coda_7_6701_counting_n1,7,counting,D0_7b,1
coda_7_6711_nearest_class_n1,7,nearest-class,D0_7b,1
coda_7_6712_direction_n1,7,direction,D0_7b,1
coda_7_6714_direction_n1,7,direction,D0_7b,1
coda_7_6772_nearest_dist_n1,7,nearest-distance,D0_7b,1
coda_7_6775_counting_n1,7,counting,D0_7b,0
coda_7_6777_nearest_dist_n1,7,nearest-distance,D0_7b,1
coda_7_6780_counting_n1,7,counting,D0_7b,1
coda_7_6790_direction_n1,7,direction,D0_7b,1
coda_7_8412_counting_n1,7,counting,D0_7b,1
coda_7_8414_counting_n1,7,counting,D0_7b,1
coda_7_8415_nearest_dist_n1,7,nearest-distance,D0_7b,1
coda_7_8418_nearest_dist_n1,7,nearest-distance,D0_7b,1
coda_7_8421_direction_n1,7,direction,D0_7b,1
coda_7_8425_counting_n1,7,counting,D0_7b,0
coda_8_631_counting_n1,8,counting,D0_7b,0
coda_9_1531_nearest_dist_n1,9,nearest-distance,D0_7b,1
coda_9_1532_nearest_dist_n1,9,nearest-distance,D0_7b,1
coda_9_1538_direction_n1,9,direction,D0_7b,1
coda_9_1539_path_object_n1,9,path-object,D0_7b,1
coda_9_1549_counting_n1,9,counting,D0_7b,1
coda_9_1550_nearest_class_n1,9,nearest-class,D0_7b,1
coda_9_1551_nearest_dist_n1,9,nearest-distance,D0_7b,0
coda_9_1552_direction_n1,9,direction,D0_7b,1
coda_9_1586_counting_n1,9,counting,D0_7b,0
coda_9_1637_counting_n1,9,counting,D0_7b,0
coda_9_1641_nearest_class_n1,9,nearest-class,D0_7b,1
coda_9_1644_nearest_dist_n1,9,nearest-distance,D0_7b,1
coda_9_1646_direction_n1,9,direction,D0_7b,1
coda_9_1648_counting_n1,9,counting,D0_7b,0
coda_9_2495_counting_n1,9,counting,D0_7b,1
coda_9_2501_nearest_class_n1,9,nearest-class,D0_7b,1
coda_9_2505_nearest_dist_n1,9,nearest-distance,D0_7b,1
coda_9_2506_direction_n1,9,direction,D0_7b,1
coda_9_2507_counting_n1,9,counting,D0_7b,1
coda_9_2644_counting_n1,9,counting,D0_7b,1
coda_9_2647_nearest_dist_n1,9,nearest-distance,D0_7b,0
coda_9_6680_direction_n1,9,direction,D0_7b,1
coda_9_6719_direction_n1,9,direction,D0_7b,1
coda_9_6720_path_object_n1,9,path-object,D0_7b,1
coda_9_6728_counting_n1,9,counting,D0_7b,1
coda_9_6785_nearest_class_n1,9,nearest-class,D0_7b,1
coda_9_6787_nearest_dist_n1,9,nearest-distance,D0_7b,0
coda_9_6797_direction_n1,9,direction,D0_7b,1
coda_9_6798_path_object_n1,9,path-object,D0_7b,1
coda_9_6800_counting_n1,9,counting,D0_7b,1
coda_9_8515_nearest_class_n1,9,nearest-class,D0_7b,1
coda_9_8519_nearest_dist_n1,9,nearest-distance,D0_7b,1
coda_9_8536_direction_n1,9,direction,D0_7b,1
coda_9_8537_path_object_n1,9,path-object,D0_7b,1
coda_9_8540_counting_n1,9,counting,D0_7b,1
coda_9_8545_nearest_class_n1,9,nearest-class,D0_7b,1
coda_9_8551_nearest_dist_n1,9,nearest-distance,D0_7b,0
coda_9_8553_direction_n1,9,direction,D0_7b,1
coda_9_8559_counting_n1,9,counting,D0_7b,0
coda_9_8561_counting_n1,9,counting,D0_7b,0
coda_9_8562_nearest_class_n1,9,nearest-class,D0_7b,1
coda_9_8566_nearest_dist_n1,9,nearest-distance,D0_7b,1
coda_9_8567_direction_n1,9,direction,D0_7b,0
coda_9_8571_path_object_n1,9,path-object,D0_7b,1
coda_9_8604_counting_n1,9,counting,D0_7b,1
coda_9_8606_nearest_dist_n1,9,nearest-distance,D0_7b,1
coda_9_8612_nearest_dist_n1,9,nearest-distance,D0_7b,1
coda_9_8616_direction_n1,9,direction,D0_7b,1
coda_9_8681_counting_n1,9,counting,D0_7b,1
coda_9_8684_counting_n1,9,counting,D0_7b,0
coda_9_8838_nearest_class_n1,9,nearest-class,D0_7b,1
coda_9_8841_nearest_dist_n1,9,nearest-distance,D0_7b,0
coda_9_8842_direction_n1,9,direction,D0_7b,1
coda_9_8845_counting_n1,9,counting,D0_7b,1
coda_9_9352_counting_n1,9,counting,D0_7b,1
coda_9_9354_nearest_class_n1,9,nearest-class,D0_7b,1
coda_9_9361_nearest_dist_n1,9,nearest-distance,D0_7b,1
coda_9_9363_direction_n1,9,direction,D0_7b,1
coda_9_9368_path_object_n1,9,path-object,D0_7b,1
coda_9_9371_counting_n1,9,counting,D0_7b,1
coda_9_9372_nearest_dist_n1,9,nearest-distance,D0_7b,1
coda_9_9377_direction_n1,9,direction,D0_7b,1
coda_9_9380_direction_n1,9,direction,D0_7b,0
coda_9_9382_path_object_n1,9,path-object,D0_7b,1
coda_9_9394_counting_n1,9,counting,D0_7b,1
coda_9_9398_direction_n1,9,direction,D0_7b,1
coda_9_9466_nearest_dist_n1,9,nearest-distance,D0_7b,1
coda_9_9467_direction_n1,9,direction,D0_7b,1
coda_9_9469_counting_n1,9,counting,D0_7b,1
coda_9_9471_counting_n1,9,counting,D0_7b,0
coda_9_9577_nearest_class_n1,9,nearest-class,D0_7b,1
coda_9_9578_nearest_dist_n1,9,nearest-distance,D0_7b,1
coda_9_9579_counting_n1,9,counting,D0_7b,1
coda_9_9582_counting_n1,9,counting,D0_7b,1
coda_9_9588_counting_n1,9,counting,D0_7b,1
coda_9_9589_nearest_class_n1,9,nearest-class,D0_7b,1
coda_9_9595_nearest_dist_n1,9,nearest-distance,D0_7b,1
coda_0_421_counting_n1,0,counting,D1_7b,1
coda_0_422_nearest_dist_n1,0,nearest-distance,D1_7b,1
coda_0_429_nearest_dist_n1,0,nearest-distance,D1_7b,0
coda_0_436_direction_n1,0,direction,D1_7b,0
coda_0_4797_path_object_n1,0,path-object,D1_7b,1
coda_0_4803_counting_n1,0,counting,D1_7b,1
coda_0_4804_nearest_class_n1,0,nearest-class,D1_7b,0
coda_0_4805_nearest_dist_n1,0,nearest-distance,D1_7b,1
coda_0_4809_direction_n1,0,direction,D1_7b,1
coda_0_4813_path_object_n1,0,path-object,D1_7b,1
coda_0_4815_counting_n1,0,counting,D1_7b,0
coda_0_4818_nearest_class_n1,0,nearest-class,D1_7b,0
coda_0_4821_nearest_dist_n1,0,nearest-distance,D1_7b,0
coda_0_4902_direction_n1,0,direction,D1_7b,1
coda_0_4907_path_object_n1,0,path-object,D1_7b,1
coda_0_4908_counting_n1,0,counting,D1_7b,1
coda_0_4910_nearest_class_n1,0,nearest-class,D1_7b,1
coda_0_4914_nearest_dist_n1,0,nearest-distance,D1_7b,1
coda_0_4916_direction_n1,0,direction,D1_7b,0
coda_0_4924_nearest_class_n1,0,nearest-class,D1_7b,1
coda_0_4925_counting_n1,0,counting,D1_7b,1
coda_0_4926_nearest_class_n1,0,nearest-class,D1_7b,1
coda_0_4930_nearest_dist_n1,0,nearest-distance,D1_7b,1
coda_0_507_direction_n1,0,direction,D1_7b,0
coda_0_508_path_object_n1,0,path-object,D1_7b,1
coda_0_514_counting_n1,0,counting,D1_7b,1
coda_0_520_nearest_class_n1,0,nearest-class,D1_7b,1
coda_0_525_nearest_dist_n1,0,nearest-distance,D1_7b,1
coda_0_526_direction_n1,0,direction,D1_7b,1
coda_0_570_path_object_n1,0,path-object,D1_7b,1
coda_0_5704_counting_n1,0,counting,D1_7b,1
coda_0_5707_nearest_class_n1,0,nearest-class,D1_7b,1
coda_0_571_nearest_dist_n1,0,nearest-distance,D1_7b,0
coda_0_5710_direction_n1,0,direction,D1_7b,1
coda_0_5712_counting_n1,0,counting,D1_7b,1
coda_0_572_nearest_class_n1,0,nearest-class,D1_7b,1
coda_0_5752_nearest_class_n1,0,nearest-class,D1_7b,1
coda_0_5753_nearest_dist_n1,0,nearest-distance,D1_7b,0
coda_0_5754_direction_n1,0,direction,D1_7b,1
coda_0_5787_path_object_n1,0,path-object,D1_7b,1
coda_0_5788_counting_n1,0,counting,D1_7b,0
coda_0_583_nearest_class_n1,0,nearest-class,D1_7b,1
coda_0_621_direction_n1,0,direction,D1_7b,1
coda_0_634_direction_n1,0,direction,D1_7b,1
coda_10_11540_path_object_n1,10,path-object,D1_7b,1
coda_10_11542_counting_n1,10,counting,D1_7b,1
coda_10_11546_nearest_class_n1,10,nearest-class,D1_7b,0
coda_10_11584_nearest_dist_n1,10,nearest-distance,D1_7b,0
coda_10_2039_direction_n1,10,direction,D1_7b,1
coda_10_2043_counting_n1,10,counting,D1_7b,1
coda_10_2044_counting_n1,10,counting,D1_7b,1
coda_10_2051_nearest_class_n1,10,nearest-class,D1_7b,1
coda_10_2114_nearest_dist_n1,10,nearest-distance,D1_7b,1
coda_10_2123_direction_n1,10,direction,D1_7b,1
coda_10_2124_counting_n1,10,counting,D1_7b,0
coda_10_2129_counting_n1,10,counting,D1_7b,1
coda_10_2131_nearest_class_n1,10,nearest-class,D1_7b,1
coda_10_2132_nearest_dist_n1,10,nearest-distance,D1_7b,0
coda_10_2133_direction_n1,10,direction,D1_7b,0
coda_10_2137_counting_n1,10,counting,D1_7b,0
coda_10_2144_counting_n1,10,counting,D1_7b,1
coda_10_5816_nearest_dist_n1,10,nearest-distance,D1_7b,1
coda_10_5819_nearest_dist_n1,10,nearest-distance,D1_7b,1
coda_10_5862_direction_n1,10,direction,D1_7b,0
coda_10_5863_counting_n1,10,counting,D1_7b,1
coda_10_5865_counting_n1,10,counting,D1_7b,1
coda_10_5866_nearest_dist_n1,10,nearest-distance,D1_7b,0
coda_10_5872_nearest_dist_n1,10,nearest-distance,D1_7b,1
coda_10_6000_direction_n1,10,direction,D1_7b,0
coda_10_6001_counting_n1,10,counting,D1_7b,0
coda_10_6004_counting_n1,10,counting,D1_7b,0
coda_10_8369_nearest_class_n1,10,nearest-class,D1_7b,0
coda_10_8372_path_object_n1,10,path-object,D1_7b,0
coda_10_8378_direction_n1,10,direction,D1_7b,1
coda_10_8424_path_object_n1,10,path-object,D1_7b,1
coda_10_8429_counting_n1,10,counting,D1_7b,1
coda_10_8430_nearest_class_n1,10,nearest-class,D1_7b,0
coda_10_8431_nearest_dist_n1,10,nearest-distance,D1_7b,0
coda_10_8433_direction_n1,10,direction,D1_7b,1
coda_10_9306_path_object_n1,10,path-object,D1_7b,1
coda_10_9309_counting_n1,10,counting,D1_7b,1
coda_10_9347_nearest_class_n1,10,nearest-class,D1_7b,1
coda_10_9350_nearest_dist_n1,10,nearest-distance,D1_7b,1
coda_10_9356_direction_n1,10,direction,D1_7b,1
coda_10_9392_path_object_n1,10,path-object,D1_7b,1
coda_10_9395_counting_n1,10,counting,D1_7b,0
coda_10_9396_nearest_class_n1,10,nearest-class,D1_7b,1
coda_11_1747_nearest_dist_n1,11,nearest-distance,D1_7b,0
coda_11_1749_counting_n1,11,counting,D1_7b,1
coda_11_1756_counting_n1,11,counting,D1_7b,1
coda_11_1760_counting_n1,11,counting,D1_7b,0
coda_11_1768_nearest_class_n1,11,nearest-class,D1_7b,1
coda_11_1777_nearest_dist_n1,11,nearest-distance,D1_7b,1
coda_11_1783_counting_n1,11,counting,D1_7b,0
coda_11_1787_counting_n1,11,counting,D1_7b,1
coda_11_1790_counting_n1,11,counting,D1_7b,1
coda_11_1792_nearest_class_n1,11,nearest-class,D1_7b,1
coda_11_1793_nearest_dist_n1,11,nearest-distance,D1_7b,1
coda_11_1794_counting_n1,11,counting,D1_7b,1
coda_11_1799_counting_n1,11,counting,D1_7b,1
coda_11_1800_counting_n1,11,counting,D1_7b,0
coda_11_1906_nearest_class_n1,11,nearest-class,D1_7b,1
coda_11_1907_direction_n1,11,direction,D1_7b,0
coda_11_1914_direction_n1,11,direction,D1_7b,0
coda_11_1916_counting_n1,11,counting,D1_7b,1
coda_11_1924_counting_n1,11,counting,D1_7b,1
coda_11_1928_nearest_class_n1,11,nearest-class,D1_7b,0
coda_11_1932_nearest_dist_n1,11,nearest-distance,D1_7b,0
coda_11_1935_direction_n1,11,direction,D1_7b,0
coda_11_1939_path_object_n1,11,path-object,D1_7b,1
coda_11_1942_counting_n1,11,counting,D1_7b,1
coda_11_2057_nearest_class_n1,11,nearest-class,D1_7b,1
coda_11_2064_direction_n1,11,direction,D1_7b,1
coda_11_2073_direction_n1,11,direction,D1_7b,1
coda_11_2081_path_object_n1,11,path-object,D1_7b,1
coda_11_2082_counting_n1,11,counting,D1_7b,1
coda_11_2084_nearest_class_n1,11,nearest-class,D1_7b,0
coda_11_2085_nearest_dist_n1,11,nearest-distance,D1_7b,0
coda_11_5174_path_object_n1,11,path-object,D1_7b,1
coda_11_5176_path_object_n1,11,path-object,D1_7b,1
coda_11_5179_counting_n1,11,counting,D1_7b,0
coda_11_5184_nearest_class_n1,11,nearest-class,D1_7b,0
coda_11_5185_direction_n1,11,direction,D1_7b,1
coda_11_5186_direction_n1,11,direction,D1_7b,1
coda_11_5188_path_object_n1,11,path-object,D1_7b,1
coda_11_5190_counting_n1,11,counting,D1_7b,0
coda_11_5194_nearest_class_n1,11,nearest-class,D1_7b,1
coda_11_5197_path_object_n1,11,path-object,D1_7b,0
coda_11_5205_path_object_n1,11,path-object,D1_7b,1
coda_11_5207_path_object_n1,11,path-object,D1_7b,1
coda_11_5627_counting_n1,11,counting,D1_7b,1
coda_11_5660_nearest_dist_n1,11,nearest-distance,D1_7b,1
coda_11_5661_nearest_dist_n1,11,nearest-distance,D1_7b,1
coda_11_5667_direction_n1,11,direction,D1_7b,1
coda_11_5668_counting_n1,11,counting,D1_7b,0
coda_11_5671_counting_n1,11,counting,D1_7b,1
coda_11_5674_nearest_dist_n1,11,nearest-distance,D1_7b,1
coda_11_5769_nearest_dist_n1,11,nearest-distance,D1_7b,1
coda_11_5776_direction_n1,11,direction,D1_7b,1
coda_11_5785_counting_n1,11,counting,D1_7b,1
coda_12_10418_counting_n1,12,counting,D1_7b,1
coda_12_10422_nearest_class_n1,12,nearest-class,D1_7b,1
coda_12_10423_nearest_dist_n1,12,nearest-distance,D1_7b,1
coda_12_10428_direction_n1,12,direction,D1_7b,1
coda_12_10438_counting_n1,12,counting,D1_7b,1
coda_12_10442_counting_n1,12,counting,D1_7b,1
coda_12_10445_nearest_class_n1,12,nearest-class,D1_7b,0
coda_12_10446_nearest_dist_n1,12,nearest-distance,D1_7b,1
coda_12_10537_path_object_n1,12,path-object,D1_7b,1
coda_12_10550_path_object_n1,12,path-object,D1_7b,1
coda_12_11507_counting_n1,12,counting,D1_7b,0
coda_12_11508_nearest_class_n1,12,nearest-class,D1_7b,1
coda_12_11526_nearest_dist_n1,12,nearest-distance,D1_7b,1
coda_12_11529_direction_n1,12,direction,D1_7b,1
coda_12_11592_path_object_n1,12,path-object,D1_7b,1
coda_12_11594_counting_n1,12,counting,D1_7b,1
coda_12_11599_nearest_class_n1,12,nearest-class,D1_7b,1
coda_12_11600_nearest_dist_n1,12,nearest-distance,D1_7b,1
coda_12_11605_direction_n1,12,direction,D1_7b,1
coda_12_11618_path_object_n1,12,path-object,D1_7b,1
coda_12_2675_counting_n1,12,counting,D1_7b,0
coda_12_2676_direction_n1,12,direction,D1_7b,1
coda_12_2681_direction_n1,12,direction,D1_7b,1
coda_12_2687_direction_n1,12,direction,D1_7b,1
coda_12_2697_path_object_n1,12,path-object,D1_7b,1
coda_12_2700_counting_n1,12,counting,D1_7b,1
coda_12_2863_nearest_class_n1,12,nearest-class,D1_7b,1
coda_12_2864_nearest_dist_n1,12,nearest-distance,D1_7b,0
coda_12_2867_path_object_n1,12,path-object,D1_7b,1
coda_12_2871_path_object_n1,12,path-object,D1_7b,1
coda_12_2877_counting_n1,12,counting,D1_7b,1
coda_12_2883_nearest_class_n1,12,nearest-class,D1_7b,0
coda_12_2887_path_object_n1,12,path-object,D1_7b,1
coda_12_2890_path_object_n1,12,path-object,D1_7b,0
coda_12_2892_counting_n1,12,counting,D1_7b,1
coda_12_2893_counting_n1,12,counting,D1_7b,0
coda_12_2896_direction_n1,12,direction,D1_7b,0
coda_12_2903_nearest_dist_n1,12,nearest-distance,D1_7b,1
coda_12_2905_direction_n1,12,direction,D1_7b,1
coda_13_10067_path_object_n1,13,path-object,D1_7b,1
coda_13_10070_nearest_class_n1,13,nearest-class,D1_7b,1
coda_13_10072_nearest_class_n1,13,nearest-class,D1_7b,1
coda_13_10081_nearest_dist_n1,13,nearest-distance,D1_7b,1
coda_13_10414_path_object_n1,13,path-object,D1_7b,1
coda_13_10415_path_object_n1,13,path-object,D1_7b,1
coda_13_10426_nearest_class_n1,13,nearest-class,D1_7b,1
coda_13_10431_nearest_class_n1,13,nearest-class,D1_7b,1
coda_13_10441_nearest_dist_n1,13,nearest-distance,D1_7b,1
coda_13_10449_path_object_n1,13,path-object,D1_7b,1
coda_13_10457_path_object_n1,13,path-object,D1_7b,1
coda_13_10458_counting_n1,13,counting,D1_7b,1
coda_13_10462_nearest_class_n1,13,nearest-class,D1_7b,1
coda_13_10470_nearest_dist_n1,13,nearest-distance,D1_7b,1
coda_13_10472_direction_n1,13,direction,D1_7b,1
coda_13_10477_path_object_n1,13,path-object,D1_7b,1
coda_13_10478_counting_n1,13,counting,D1_7b,1
coda_13_10479_nearest_class_n1,13,nearest-class,D1_7b,1
coda_13_10487_nearest_dist_n1,13,nearest-distance,D1_7b,1
coda_13_10489_direction_n1,13,direction,D1_7b,1
coda_13_10490_path_object_n1,13,path-object,D1_7b,1
coda_13_10494_counting_n1,13,counting,D1_7b,1
coda_13_1050_nearest_class_n1,13,nearest-class,D1_7b,1
coda_13_10500_nearest_dist_n1,13,nearest-distance,D1_7b,1
coda_13_10518_direction_n1,13,direction,D1_7b,1
coda_13_10522_path_object_n1,13,path-object,D1_7b,1
coda_13_10526_counting_n1,13,counting,D1_7b,1
coda_13_10576_nearest_class_n1,13,nearest-class,D1_7b,1
coda_13_10578_direction_n1,13,direction,D1_7b,1
coda_13_10612_direction_n1,13,direction,D1_7b,1
coda_13_10670_path_object_n1,13,path-object,D1_7b,1
coda_13_10677_counting_n1,13,counting,D1_7b,0
coda_13_10679_nearest_class_n1,13,nearest-class,D1_7b,1
coda_13_10683_nearest_dist_n1,13,nearest-distance,D1_7b,1
coda_13_10686_direction_n1,13,direction,D1_7b,0
coda_13_10694_path_object_n1,13,path-object,D1_7b,1
coda_13_10733_nearest_class_n1,13,nearest-class,D1_7b,1
coda_13_10834_nearest_class_n1,13,nearest-class,D1_7b,1
coda_13_10838_path_object_n1,13,path-object,D1_7b,1
coda_13_1092_direction_n1,13,direction,D1_7b,0
coda_13_11003_path_object_n1,13,path-object,D1_7b,1
coda_13_11005_counting_n1,13,counting,D1_7b,1
coda_13_11072_nearest_class_n1,13,nearest-class,D1_7b,1
coda_13_11077_nearest_dist_n1,13,nearest-distance,D1_7b,1
coda_13_11088_path_object_n1,13,path-object,D1_7b,1
coda_13_11093_path_object_n1,13,path-object,D1_7b,1
coda_13_11105_nearest_class_n1,13,nearest-class,D1_7b,1
coda_13_11107_nearest_class_n1,13,nearest-class,D1_7b,1
coda_13_11110_direction_n1,13,direction,D1_7b,1
coda_13_11140_direction_n1,13,direction,D1_7b,1
coda_13_11148_path_object_n1,13,path-object,D1_7b,0
coda_13_11152_nearest_class_n1,13,nearest-class,D1_7b,1
coda_13_11158_nearest_class_n1,13,nearest-class,D1_7b,1
coda_13_11163_nearest_dist_n1,13,nearest-distance,D1_7b,1
coda_13_11167_direction_n1,13,direction,D1_7b,1
coda_13_11202_path_object_n1,13,path-object,D1_7b,1
coda_13_11204_counting_n1,13,counting,D1_7b,0
coda_13_11205_nearest_class_n1,13,nearest-class,D1_7b,1
coda_13_11206_nearest_dist_n1,13,nearest-distance,D1_7b,1
coda_13_11215_direction_n1,13,direction,D1_7b,1
coda_13_11222_path_object_n1,13,path-object,D1_7b,1
coda_13_11226_counting_n1,13,counting,D1_7b,1
coda_13_11229_nearest_class_n1,13,nearest-class,D1_7b,1
coda_13_11230_nearest_dist_n1,13,nearest-distance,D1_7b,1
coda_13_1126_direction_n1,13,direction,D1_7b,1
coda_13_11266_counting_n1,13,counting,D1_7b,1
coda_13_1129_counting_n1,13,counting,D1_7b,0
coda_13_1130_nearest_class_n1,13,nearest-class,D1_7b,1
coda_13_1131_nearest_dist_n1,13,nearest-distance,D1_7b,0
coda_13_1139_direction_n1,13,direction,D1_7b,1
coda_13_1141_path_object_n1,13,path-object,D1_7b,1
coda_13_1142_counting_n1,13,counting,D1_7b,1
coda_13_1146_nearest_class_n1,13,nearest-class,D1_7b,0
coda_13_1148_nearest_dist_n1,13,nearest-distance,D1_7b,1
coda_13_1149_direction_n1,13,direction,D1_7b,1
coda_13_1181_path_object_n1,13,path-object,D1_7b,1
coda_13_11900_counting_n1,13,counting,D1_7b,0
coda_13_11909_nearest_class_n1,13,nearest-class,D1_7b,1
coda_13_1191_direction_n1,13,direction,D1_7b,1
coda_13_1198_direction_n1,13,direction,D1_7b,1
coda_13_11996_path_object_n1,13,path-object,D1_7b,1
coda_13_11998_counting_n1,13,counting,D1_7b,1
coda_13_12012_nearest_class_n1,13,nearest-class,D1_7b,1
coda_13_12015_nearest_dist_n1,13,nearest-distance,D1_7b,1
coda_13_12016_direction_n1,13,direction,D1_7b,1
coda_13_12022_path_object_n1,13,path-object,D1_7b,1
coda_13_12025_nearest_class_n1,13,nearest-class,D1_7b,1
coda_13_12026_nearest_class_n1,13,nearest-class,D1_7b,1
coda_13_12033_path_object_n1,13,path-object,D1_7b,1
coda_13_12036_direction_n1,13,direction,D1_7b,1
coda_13_12038_path_object_n1,13,path-object,D1_7b,1
coda_13_12255_counting_n1,13,counting,D1_7b,0
coda_13_12258_nearest_class_n1,13,nearest-class,D1_7b,1
coda_13_12260_direction_n1,13,direction,D1_7b,1
coda_13_12275_direction_n1,13,direction,D1_7b,1
coda_13_12281_path_object_n1,13,path-object,D1_7b,1
coda_13_12287_counting_n1,13,counting,D1_7b,1
coda_13_12288_direction_n1,13,direction,D1_7b,1
coda_13_12291_direction_n1,13,direction,D1_7b,1
coda_13_12292_direction_n1,13,direction,D1_7b,1
coda_13_12295_path_object_n1,13,path-object,D1_7b,1
coda_13_12298_nearest_dist_n1,13,nearest-distance,D1_7b,0
coda_13_12299_nearest_dist_n1,13,nearest-distance,D1_7b,1
coda_13_12354_nearest_dist_n1,13,nearest-distance,D1_7b,1
coda_13_12355_direction_n1,13,direction,D1_7b,1
coda_13_12363_path_object_n1,13,path-object,D1_7b,1
coda_13_12367_counting_n1,13,counting,D1_7b,0
coda_13_12368_nearest_class_n1,13,nearest-class,D1_7b,1
coda_13_12372_nearest_dist_n1,13,nearest-distance,D1_7b,1
coda_13_1801_direction_n1,13,direction,D1_7b,1
coda_13_1803_counting_n1,13,counting,D1_7b,1
coda_13_1808_counting_n1,13,counting,D1_7b,1
coda_13_1812_nearest_dist_n1,13,nearest-distance,D1_7b,1
coda_13_1814_nearest_dist_n1,13,nearest-distance,D1_7b,1
coda_13_1844_direction_n1,13,direction,D1_7b,1
coda_13_1875_path_object_n1,13,path-object,D1_7b,1
coda_13_1878_counting_n1,13,counting,D1_7b,1
coda_13_1882_nearest_dist_n1,13,nearest-distance,D1_7b,1
coda_13_1944_direction_n1,13,direction,D1_7b,1
coda_13_2034_direction_n1,13,direction,D1_7b,1
coda_13_2037_path_object_n1,13,path-object,D1_7b,1
coda_13_2041_counting_n1,13,counting,D1_7b,0
coda_13_2054_nearest_class_n1,13,nearest-class,D1_7b,0
coda_13_2085_nearest_dist_n1,13,nearest-distance,D1_7b,0
coda_13_2087_direction_n1,13,direction,D1_7b,1
coda_13_2097_path_object_n1,13,path-object,D1_7b,1
coda_13_2099_counting_n1,13,counting,D1_7b,0
coda_13_2175_nearest_dist_n1,13,nearest-distance,D1_7b,0
coda_13_2181_nearest_dist_n1,13,nearest-distance,D1_7b,1
coda_13_2188_direction_n1,13,direction,D1_7b,1
coda_13_2190_path_object_n1,13,path-object,D1_7b,1
coda_13_5550_counting_n1,13,counting,D1_7b,0
coda_13_5671_nearest_class_n1,13,nearest-class,D1_7b,1
coda_13_5674_nearest_dist_n1,13,nearest-distance,D1_7b,1
coda_13_5684_path_object_n1,13,path-object,D1_7b,1
coda_13_5722_path_object_n1,13,path-object,D1_7b,1
coda_13_5727_counting_n1,13,counting,D1_7b,0
coda_13_5729_nearest_class_n1,13,nearest-class,D1_7b,1
coda_13_5737_nearest_dist_n1,13,nearest-distance,D1_7b,0
coda_13_5820_direction_n1,13,direction,D1_7b,1
coda_13_5822_path_object_n1,13,path-object,D1_7b,1
coda_13_5826_nearest_class_n1,13,nearest-class,D1_7b,1
coda_13_5829_nearest_class_n1,13,nearest-class,D1_7b,1
coda_13_5831_nearest_dist_n1,13,nearest-distance,D1_7b,1
coda_13_5893_direction_n1,13,direction,D1_7b,1
coda_13_5896_path_object_n1,13,path-object,D1_7b,0
coda_13_5900_nearest_class_n1,13,nearest-class,D1_7b,1
coda_13_5901_nearest_class_n1,13,nearest-class,D1_7b,1
coda_13_6073_direction_n1,13,direction,D1_7b,1
coda_13_6075_direction_n1,13,direction,D1_7b,0
coda_13_6085_path_object_n1,13,path-object,D1_7b,1
coda_13_6089_counting_n1,13,counting,D1_7b,1
coda_13_6122_nearest_class_n1,13,nearest-class,D1_7b,1
coda_13_6125_nearest_dist_n1,13,nearest-distance,D1_7b,1
coda_13_6190_direction_n1,13,direction,D1_7b,0
coda_13_6193_counting_n1,13,counting,D1_7b,0
coda_13_6203_counting_n1,13,counting,D1_7b,1
coda_13_6216_nearest_dist_n1,13,nearest-distance,D1_7b,1
coda_13_6220_nearest_dist_n1,13,nearest-distance,D1_7b,1
coda_13_6293_direction_n1,13,direction,D1_7b,0
coda_13_6305_counting_n1,13,counting,D1_7b,0
coda_13_6308_counting_n1,13,counting,D1_7b,0
coda_13_6312_nearest_dist_n1,13,nearest-distance,D1_7b,0
coda_13_6314_nearest_dist_n1,13,nearest-distance,D1_7b,1
coda_13_9083_direction_n1,13,direction,D1_7b,0
coda_13_9119_path_object_n1,13,path-object,D1_7b,1
coda_13_9120_counting_n1,13,counting,D1_7b,1
coda_13_9125_nearest_class_n1,13,nearest-class,D1_7b,1
coda_13_9241_nearest_dist_n1,13,nearest-distance,D1_7b,1
coda_13_9242_direction_n1,13,direction,D1_7b,1
coda_13_9244_path_object_n1,13,path-object,D1_7b,1
coda_13_9443_nearest_class_n1,13,nearest-class,D1_7b,1
coda_13_9444_nearest_class_n1,13,nearest-class,D1_7b,1
coda_13_9451_nearest_dist_n1,13,nearest-distance,D1_7b,0
coda_13_9562_direction_n1,13,direction,D1_7b,1
coda_13_9662_path_object_n1,13,path-object,D1_7b,1
coda_13_9668_counting_n1,13,counting,D1_7b,0
coda_13_9800_nearest_class_n1,13,nearest-class,D1_7b,1
coda_13_9801_nearest_dist_n1,13,nearest-distance,D1_7b,1
coda_13_9802_path_object_n1,13,path-object,D1_7b,1
coda_13_9803_path_object_n1,13,path-object,D1_7b,1
coda_13_9863_counting_n1,13,counting,D1_7b,1
coda_13_9880_nearest_class_n1,13,nearest-class,D1_7b,1
coda_13_9888_nearest_dist_n1,13,nearest-distance,D1_7b,1
coda_13_9894_direction_n1,13,direction,D1_7b,1
coda_13_9900_path_object_n1,13,path-object,D1_7b,1
coda_13_9977_nearest_class_n1,13,nearest-class,D1_7b,1
coda_13_9979_nearest_class_n1,13,nearest-class,D1_7b,1
coda_14_3847_nearest_dist_n1,14,nearest-distance,D1_7b,0
coda_14_3851_direction_n1,14,direction,D1_7b,0
coda_14_3852_path_object_n1,14,path-object,D1_7b,0
coda_14_3855_counting_n1,14,counting,D1_7b,1
coda_14_3857_nearest_class_n1,14,nearest-class,D1_7b,0
coda_14_3867_nearest_dist_n1,14,nearest-distance,D1_7b,0
coda_14_3868_direction_n1,14,direction,D1_7b,1
coda_14_3869_path_object_n1,14,path-object,D1_7b,1
coda_14_3870_counting_n1,14,counting,D1_7b,0
coda_14_3878_nearest_dist_n1,14,nearest-distance,D1_7b,1
coda_14_3889_nearest_dist_n1,14,nearest-distance,D1_7b,0
coda_14_3891_direction_n1,14,direction,D1_7b,0
coda_14_3894_path_object_n1,14,path-object,D1_7b,0
coda_15_145_counting_n1,15,counting,D1_7b,1
coda_15_147_nearest_class_n1,15,nearest-class,D1_7b,1
coda_15_187_nearest_dist_n1,15,nearest-distance,D1_7b,0
coda_15_191_direction_n1,15,direction,D1_7b,1
coda_15_195_counting_n1,15,counting,D1_7b,0
coda_15_202_counting_n1,15,counting,D1_7b,1
coda_15_205_nearest_dist_n1,15,nearest-distance,D1_7b,0
coda_15_209_nearest_dist_n1,15,nearest-distance,D1_7b,1
coda_15_210_direction_n1,15,direction,D1_7b,1
coda_15_212_counting_n1,15,counting,D1_7b,1
coda_15_238_counting_n1,15,counting,D1_7b,1
coda_15_240_nearest_dist_n1,15,nearest-distance,D1_7b,1
coda_15_241_nearest_dist_n1,15,nearest-distance,D1_7b,1
coda_15_242_direction_n1,15,direction,D1_7b,1
coda_15_243_counting_n1,15,counting,D1_7b,1
coda_15_296_counting_n1,15,counting,D1_7b,1
coda_15_297_nearest_class_n1,15,nearest-class,D1_7b,1
coda_16_10663_nearest_dist_n1,16,nearest-distance,D1_7b,1
coda_16_10665_direction_n1,16,direction,D1_7b,1
coda_16_10670_path_object_n1,16,path-object,D1_7b,1
coda_16_10673_counting_n1,16,counting,D1_7b,1
coda_16_10674_nearest_dist_n1,16,nearest-distance,D1_7b,1
coda_16_10679_nearest_dist_n1,16,nearest-distance,D1_7b,1
coda_16_10685_direction_n1,16,direction,D1_7b,1
coda_16_10692_path_object_n1,16,path-object,D1_7b,1
coda_16_10701_counting_n1,16,counting,D1_7b,1
coda_16_10704_nearest_class_n1,16,nearest-class,D1_7b,1
coda_16_10706_nearest_dist_n1,16,nearest-distance,D1_7b,1
coda_16_10820_direction_n1,16,direction,D1_7b,1
coda_16_10932_path_object_n1,16,path-object,D1_7b,1
coda_16_10934_counting_n1,16,counting,D1_7b,0
coda_16_10935_nearest_class_n1,16,nearest-class,D1_7b,1
coda_16_10937_nearest_dist_n1,16,nearest-distance,D1_7b,1
coda_16_10939_path_object_n1,16,path-object,D1_7b,1
coda_16_10946_path_object_n1,16,path-object,D1_7b,1
coda_16_10950_counting_n1,16,counting,D1_7b,0
coda_16_10958_nearest_class_n1,16,nearest-class,D1_7b,1
coda_16_10959_path_object_n1,16,path-object,D1_7b,1
coda_16_10961_path_object_n1,16,path-object,D1_7b,1
coda_16_11014_path_object_n1,16,path-object,D1_7b,1
coda_16_11016_counting_n1,16,counting,D1_7b,0
coda_16_11024_nearest_class_n1,16,nearest-class,D1_7b,1
coda_16_11030_nearest_dist_n1,16,nearest-distance,D1_7b,0
coda_16_11031_direction_n1,16,direction,D1_7b,0
coda_16_11063_path_object_n1,16,path-object,D1_7b,1
coda_16_11065_counting_n1,16,counting,D1_7b,1
coda_16_11066_nearest_dist_n1,16,nearest-distance,D1_7b,1
coda_16_11067_nearest_dist_n1,16,nearest-distance,D1_7b,1
coda_16_11070_direction_n1,16,direction,D1_7b,1
coda_16_11071_path_object_n1,16,path-object,D1_7b,1
coda_16_11076_counting_n1,16,counting,D1_7b,0
coda_16_11077_nearest_class_n1,16,nearest-class,D1_7b,1
coda_16_11080_nearest_dist_n1,16,nearest-distance,D1_7b,1
coda_16_11082_direction_n1,16,direction,D1_7b,1
coda_16_11083_path_object_n1,16,path-object,D1_7b,1
coda_16_11131_counting_n1,16,counting,D1_7b,0
coda_16_11133_nearest_class_n1,16,nearest-class,D1_7b,1
coda_16_11170_nearest_dist_n1,16,nearest-distance,D1_7b,1
coda_16_11171_nearest_dist_n1,16,nearest-distance,D1_7b,1
coda_16_11272_path_object_n1,16,path-object,D1_7b,1
coda_16_11275_counting_n1,16,counting,D1_7b,0
coda_16_11282_nearest_class_n1,16,nearest-class,D1_7b,1
coda_16_11307_nearest_dist_n1,16,nearest-distance,D1_7b,1
coda_16_11429_direction_n1,16,direction,D1_7b,1
coda_16_11516_counting_n1,16,counting,D1_7b,1
coda_16_11517_counting_n1,16,counting,D1_7b,1
coda_16_11518_nearest_dist_n1,16,nearest-distance,D1_7b,0
coda_16_11528_nearest_dist_n1,16,nearest-distance,D1_7b,0
coda_16_11536_counting_n1,16,counting,D1_7b,0
coda_16_11540_counting_n1,16,counting,D1_7b,0
coda_16_11541_counting_n1,16,counting,D1_7b,1
coda_16_11542_nearest_dist_n1,16,nearest-distance,D1_7b,1
coda_16_14901_nearest_dist_n1,16,nearest-distance,D1_7b,0
coda_16_14908_direction_n1,16,direction,D1_7b,1
coda_16_14909_path_object_n1,16,path-object,D1_7b,0
coda_16_14910_nearest_class_n1,16,nearest-class,D1_7b,1
coda_16_14911_nearest_class_n1,16,nearest-class,D1_7b,1
coda_16_14916_nearest_dist_n1,16,nearest-distance,D1_7b,1
coda_16_14919_direction_n1,16,direction,D1_7b,1
coda_16_14920_path_object_n1,16,path-object,D1_7b,1
coda_16_14921_counting_n1,16,counting,D1_7b,1
coda_16_14927_nearest_class_n1,16,nearest-class,D1_7b,1
coda_16_14931_nearest_dist_n1,16,nearest-distance,D1_7b,1
coda_16_15019_direction_n1,16,direction,D1_7b,1
coda_16_15027_path_object_n1,16,path-object,D1_7b,1
coda_16_15100_counting_n1,16,counting,D1_7b,1
coda_16_15137_nearest_class_n1,16,nearest-class,D1_7b,1
coda_16_15138_nearest_dist_n1,16,nearest-distance,D1_7b,1
coda_16_15217_direction_n1,16,direction,D1_7b,1
coda_16_15218_path_object_n1,16,path-object,D1_7b,1
coda_16_15750_counting_n1,16,counting,D1_7b,0
coda_16_3206_nearest_dist_n1,16,nearest-distance,D1_7b,1
coda_16_3269_direction_n1,16,direction,D1_7b,0
coda_16_3299_direction_n1,16,direction,D1_7b,1
coda_16_3301_path_object_n1,16,path-object,D1_7b,1
coda_16_3352_counting_n1,16,counting,D1_7b,1
coda_16_3355_nearest_class_n1,16,nearest-class,D1_7b,1
coda_16_3362_nearest_dist_n1,16,nearest-distance,D1_7b,0
coda_16_3367_direction_n1,16,direction,D1_7b,0
coda_16_3368_counting_n1,16,counting,D1_7b,0
coda_16_3464_counting_n1,16,counting,D1_7b,1
coda_16_3466_nearest_class_n1,16,nearest-class,D1_7b,1
coda_16_3658_direction_n1,16,direction,D1_7b,1
coda_16_3743_direction_n1,16,direction,D1_7b,1
coda_16_4069_path_object_n1,16,path-object,D1_7b,1
coda_16_4075_counting_n1,16,counting,D1_7b,0
coda_16_4256_nearest_class_n1,16,nearest-class,D1_7b,1
coda_16_4259_nearest_dist_n1,16,nearest-distance,D1_7b,1
coda_16_4263_direction_n1,16,direction,D1_7b,1
coda_16_4264_path_object_n1,16,path-object,D1_7b,1
coda_16_4267_counting_n1,16,counting,D1_7b,0
coda_16_4268_nearest_class_n1,16,nearest-class,D1_7b,1
coda_16_4271_nearest_dist_n1,16,nearest-distance,D1_7b,1
coda_16_5839_direction_n1,16,direction,D1_7b,1
coda_16_5849_path_object_n1,16,path-object,D1_7b,1
coda_16_6029_counting_n1,16,counting,D1_7b,1
coda_16_6030_nearest_class_n1,16,nearest-class,D1_7b,1
coda_16_6033_nearest_dist_n1,16,nearest-distance,D1_7b,1
coda_16_6035_direction_n1,16,direction,D1_7b,1
coda_16_6039_path_object_n1,16,path-object,D1_7b,1
coda_16_6085_counting_n1,16,counting,D1_7b,0
coda_16_6087_nearest_class_n1,16,nearest-class,D1_7b,1
coda_16_7061_direction_n1,16,direction,D1_7b,1
coda_16_7062_direction_n1,16,direction,D1_7b,0
coda_16_7070_nearest_dist_n1,16,nearest-distance,D1_7b,0
coda_16_7071_counting_n1,16,counting,D1_7b,0
coda_16_7072_nearest_dist_n1,16,nearest-distance,D1_7b,0
coda_16_7078_nearest_dist_n1,16,nearest-distance,D1_7b,0
coda_16_7146_direction_n1,16,direction,D1_7b,1
coda_16_7148_counting_n1,16,counting,D1_7b,1
coda_16_7149_counting_n1,16,counting,D1_7b,0
coda_16_7253_nearest_class_n1,16,nearest-class,D1_7b,1
coda_16_7350_nearest_dist_n1,16,nearest-distance,D1_7b,1
coda_16_7351_direction_n1,16,direction,D1_7b,0
coda_16_7355_path_object_n1,16,path-object,D1_7b,1
coda_16_7356_counting_n1,16,counting,D1_7b,1
coda_16_7358_nearest_dist_n1,16,nearest-distance,D1_7b,1
coda_16_7402_nearest_dist_n1,16,nearest-distance,D1_7b,1
coda_16_7457_direction_n1,16,direction,D1_7b,1
coda_16_7458_path_object_n1,16,path-object,D1_7b,1
coda_16_7467_counting_n1,16,counting,D1_7b,1
coda_16_7472_nearest_class_n1,16,nearest-class,D1_7b,1
coda_16_7473_nearest_dist_n1,16,nearest-distance,D1_7b,1
coda_16_7477_direction_n1,16,direction,D1_7b,1
coda_16_7481_path_object_n1,16,path-object,D1_7b,1
coda_16_7482_counting_n1,16,counting,D1_7b,1
coda_16_7492_nearest_class_n1,16,nearest-class,D1_7b,1
coda_16_7494_nearest_dist_n1,16,nearest-distance,D1_7b,1
coda_16_8699_direction_n1,16,direction,D1_7b,1
coda_16_8705_path_object_n1,16,path-object,D1_7b,1
coda_16_8708_counting_n1,16,counting,D1_7b,1
coda_16_8710_nearest_class_n1,16,nearest-class,D1_7b,1
coda_16_8766_direction_n1,16,direction,D1_7b,1
coda_16_8767_direction_n1,16,direction,D1_7b,1
coda_16_8769_path_object_n1,16,path-object,D1_7b,1
coda_16_8775_counting_n1,16,counting,D1_7b,0
coda_16_8781_nearest_class_n1,16,nearest-class,D1_7b,1
coda_16_8787_nearest_dist_n1,16,nearest-distance,D1_7b,1
coda_16_8825_direction_n1,16,direction,D1_7b,1
coda_16_8828_counting_n1,16,counting,D1_7b,1
coda_16_8955_counting_n1,16,counting,D1_7b,0
coda_16_9027_nearest_dist_n1,16,nearest-distance,D1_7b,0
coda_16_9034_nearest_dist_n1,16,nearest-distance,D1_7b,1
coda_16_9035_direction_n1,16,direction,D1_7b,1
coda_16_9038_counting_n1,16,counting,D1_7b,1
coda_16_9041_counting_n1,16,counting,D1_7b,1
coda_16_9051_counting_n1,16,counting,D1_7b,0
coda_16_9127_nearest_dist_n1,16,nearest-distance,D1_7b,0
coda_16_9130_direction_n1,16,direction,D1_7b,1
coda_16_9135_counting_n1,16,counting,D1_7b,1
coda_16_9138_counting_n1,16,counting,D1_7b,1
coda_16_9229_nearest_class_n1,16,nearest-class,D1_7b,1
coda_17_10197_nearest_dist_n1,17,nearest-distance,D1_7b,1
coda_17_10199_direction_n1,17,direction,D1_7b,1
coda_17_10201_path_object_n1,17,path-object,D1_7b,1
coda_17_10930_nearest_class_n1,17,nearest-class,D1_7b,1
coda_17_10931_nearest_class_n1,17,nearest-class,D1_7b,1
coda_17_10934_direction_n1,17,direction,D1_7b,1
coda_17_10935_direction_n1,17,direction,D1_7b,1
coda_17_10940_path_object_n1,17,path-object,D1_7b,1
coda_17_10943_nearest_class_n1,17,nearest-class,D1_7b,1
coda_17_10951_nearest_class_n1,17,nearest-class,D1_7b,1
coda_17_10955_nearest_dist_n1,17,nearest-distance,D1_7b,1
coda_17_10961_direction_n1,17,direction,D1_7b,1
coda_17_10962_path_object_n1,17,path-object,D1_7b,1
coda_17_10967_counting_n1,17,counting,D1_7b,0
coda_17_11006_nearest_class_n1,17,nearest-class,D1_7b,1
coda_17_2050_nearest_dist_n1,17,nearest-distance,D1_7b,1
coda_17_2051_direction_n1,17,direction,D1_7b,1
coda_17_2064_path_object_n1,17,path-object,D1_7b,1
coda_17_2098_counting_n1,17,counting,D1_7b,1
coda_17_2104_nearest_class_n1,17,nearest-class,D1_7b,1
coda_17_2120_path_object_n1,17,path-object,D1_7b,1
coda_17_2122_path_object_n1,17,path-object,D1_7b,1
coda_17_2173_counting_n1,17,counting,D1_7b,0
coda_17_6027_counting_n1,17,counting,D1_7b,1
coda_17_6183_nearest_class_n1,17,nearest-class,D1_7b,1
coda_17_6187_nearest_dist_n1,17,nearest-distance,D1_7b,0
coda_17_6192_path_object_n1,17,path-object,D1_7b,1
coda_17_6194_path_object_n1,17,path-object,D1_7b,1
coda_17_6197_counting_n1,17,counting,D1_7b,0
coda_17_6198_nearest_class_n1,17,nearest-class,D1_7b,1
coda_17_6201_nearest_dist_n1,17,nearest-distance,D1_7b,1
coda_17_6203_direction_n1,17,direction,D1_7b,1
coda_17_6207_path_object_n1,17,path-object,D1_7b,1
coda_17_6208_counting_n1,17,counting,D1_7b,1
coda_17_6209_nearest_class_n1,17,nearest-class,D1_7b,0
coda_17_6210_direction_n1,17,direction,D1_7b,0
coda_17_6216_direction_n1,17,direction,D1_7b,1
coda_17_6336_path_object_n1,17,path-object,D1_7b,1
coda_17_6337_counting_n1,17,counting,D1_7b,1
coda_17_6341_nearest_dist_n1,17,nearest-distance,D1_7b,0
coda_17_7781_nearest_dist_n1,17,nearest-distance,D1_7b,0
coda_17_7786_path_object_n1,17,path-object,D1_7b,1
coda_17_7793_path_object_n1,17,path-object,D1_7b,1
coda_17_7800_counting_n1,17,counting,D1_7b,1
coda_17_7807_nearest_dist_n1,17,nearest-distance,D1_7b,1
coda_17_8272_nearest_dist_n1,17,nearest-distance,D1_7b,0
coda_17_8275_direction_n1,17,direction,D1_7b,1
coda_17_8276_path_object_n1,17,path-object,D1_7b,1
coda_17_9866_counting_n1,17,counting,D1_7b,1
coda_17_9874_nearest_class_n1,17,nearest-class,D1_7b,1
coda_17_9875_nearest_dist_n1,17,nearest-distance,D1_7b,0
coda_17_9876_direction_n1,17,direction,D1_7b,1
coda_18_1654_path_object_n1,18,path-object,D1_7b,1
coda_18_1657_counting_n1,18,counting,D1_7b,0
coda_18_1660_path_object_n1,18,path-object,D1_7b,1
coda_18_1663_path_object_n1,18,path-object,D1_7b,1
coda_18_1705_direction_n1,18,direction,D1_7b,1
coda_18_1711_path_object_n1,18,path-object,D1_7b,0
coda_18_1716_counting_n1,18,counting,D1_7b,1
coda_18_1722_nearest_class_n1,18,nearest-class,D1_7b,0
coda_18_6581_nearest_dist_n1,18,nearest-distance,D1_7b,1
coda_18_6634_direction_n1,18,direction,D1_7b,0
coda_18_6648_path_object_n1,18,path-object,D1_7b,1
coda_18_6652_counting_n1,18,counting,D1_7b,0
coda_18_6653_nearest_class_n1,18,nearest-class,D1_7b,1
coda_19_2757_nearest_dist_n1,19,nearest-distance,D1_7b,1
coda_19_2759_direction_n1,19,direction,D1_7b,1
coda_19_2768_path_object_n1,19,path-object,D1_7b,1
coda_19_2770_counting_n1,19,counting,D1_7b,1
coda_19_2775_nearest_class_n1,19,nearest-class,D1_7b,1
coda_19_2786_nearest_dist_n1,19,nearest-distance,D1_7b,0
coda_19_2795_direction_n1,19,direction,D1_7b,0
coda_19_2799_path_object_n1,19,path-object,D1_7b,1
coda_19_2800_counting_n1,19,counting,D1_7b,1
coda_19_2801_nearest_class_n1,19,nearest-class,D1_7b,0
coda_19_2806_nearest_dist_n1,19,nearest-distance,D1_7b,0
coda_19_2814_direction_n1,19,direction,D1_7b,1
coda_19_2816_path_object_n1,19,path-object,D1_7b,1
coda_19_2820_counting_n1,19,counting,D1_7b,1
coda_19_2824_direction_n1,19,direction,D1_7b,1
coda_19_2892_direction_n1,19,direction,D1_7b,1
coda_1_1851_path_object_n1,1,path-object,D1_7b,1
coda_1_1852_path_object_n1,1,path-object,D1_7b,1
coda_1_1857_counting_n1,1,counting,D1_7b,1
coda_1_1858_nearest_class_n1,1,nearest-class,D1_7b,1
coda_1_1864_nearest_dist_n1,1,nearest-distance,D1_7b,1
coda_1_1908_direction_n1,1,direction,D1_7b,1
coda_1_1915_path_object_n1,1,path-object,D1_7b,1
coda_1_2006_counting_n1,1,counting,D1_7b,0
coda_1_2045_nearest_class_n1,1,nearest-class,D1_7b,1
coda_1_2078_nearest_dist_n1,1,nearest-distance,D1_7b,0
coda_1_2081_path_object_n1,1,path-object,D1_7b,1
coda_1_2083_path_object_n1,1,path-object,D1_7b,1
coda_1_2085_counting_n1,1,counting,D1_7b,0
coda_1_2088_nearest_class_n1,1,nearest-class,D1_7b,1
coda_1_2092_path_object_n1,1,path-object,D1_7b,1
coda_1_2093_direction_n1,1,direction,D1_7b,1
coda_1_2099_path_object_n1,1,path-object,D1_7b,1
coda_1_2105_counting_n1,1,counting,D1_7b,0
coda_1_2106_nearest_class_n1,1,nearest-class,D1_7b,1
coda_1_2109_nearest_dist_n1,1,nearest-distance,D1_7b,1
coda_1_2111_direction_n1,1,direction,D1_7b,1
coda_1_2157_path_object_n1,1,path-object,D1_7b,1
coda_1_2161_counting_n1,1,counting,D1_7b,1
coda_1_2166_nearest_class_n1,1,nearest-class,D1_7b,1
coda_1_2232_nearest_dist_n1,1,nearest-distance,D1_7b,1
coda_1_2234_direction_n1,1,direction,D1_7b,1
coda_1_2236_counting_n1,1,counting,D1_7b,1
coda_1_2237_counting_n1,1,counting,D1_7b,0
coda_1_2238_nearest_class_n1,1,nearest-class,D1_7b,0
coda_1_2244_nearest_dist_n1,1,nearest-distance,D1_7b,0
coda_1_2245_direction_n1,1,direction,D1_7b,1
coda_1_2937_path_object_n1,1,path-object,D1_7b,0
coda_1_2939_nearest_class_n1,1,nearest-class,D1_7b,1
coda_1_2952_nearest_class_n1,1,nearest-class,D1_7b,1
coda_1_2955_nearest_dist_n1,1,nearest-distance,D1_7b,1
coda_1_2968_direction_n1,1,direction,D1_7b,1
coda_1_2983_path_object_n1,1,path-object,D1_7b,0
coda_1_2984_counting_n1,1,counting,D1_7b,1
coda_1_3371_nearest_dist_n1,1,nearest-distance,D1_7b,1
coda_20_10010_direction_n1,20,direction,D1_7b,1
coda_20_10011_direction_n1,20,direction,D1_7b,1
coda_20_10012_path_object_n1,20,path-object,D1_7b,1
coda_20_10026_nearest_class_n1,20,nearest-class,D1_7b,1
coda_20_10032_nearest_class_n1,20,nearest-class,D1_7b,1
coda_20_10033_nearest_dist_n1,20,nearest-distance,D1_7b,1
coda_20_10034_path_object_n1,20,path-object,D1_7b,1
coda_20_10117_counting_n1,20,counting,D1_7b,1
coda_20_10118_counting_n1,20,counting,D1_7b,0
coda_20_10193_nearest_class_n1,20,nearest-class,D1_7b,1
coda_20_10203_nearest_dist_n1,20,nearest-distance,D1_7b,1
coda_20_10212_direction_n1,20,direction,D1_7b,1
coda_20_10325_path_object_n1,20,path-object,D1_7b,1
coda_20_10328_nearest_class_n1,20,nearest-class,D1_7b,1
coda_20_10333_nearest_class_n1,20,nearest-class,D1_7b,1
coda_20_10334_nearest_dist_n1,20,nearest-distance,D1_7b,1
coda_20_10335_direction_n1,20,direction,D1_7b,1
coda_20_10340_path_object_n1,20,path-object,D1_7b,1
coda_20_10378_counting_n1,20,counting,D1_7b,0
coda_20_10380_direction_n1,20,direction,D1_7b,1
coda_20_10386_direction_n1,20,direction,D1_7b,1
coda_20_10387_direction_n1,20,direction,D1_7b,1
coda_20_10388_nearest_dist_n1,20,nearest-distance,D1_7b,1
coda_20_10393_nearest_class_n1,20,nearest-class,D1_7b,1
coda_20_10394_nearest_class_n1,20,nearest-class,D1_7b,1
coda_20_10396_nearest_dist_n1,20,nearest-distance,D1_7b,1
coda_20_10397_direction_n1,20,direction,D1_7b,1
coda_20_10399_path_object_n1,20,path-object,D1_7b,1
coda_20_10409_counting_n1,20,counting,D1_7b,1
coda_20_10414_nearest_dist_n1,20,nearest-distance,D1_7b,0
coda_20_10415_nearest_dist_n1,20,nearest-distance,D1_7b,1
coda_20_10425_direction_n1,20,direction,D1_7b,1
coda_20_10426_path_object_n1,20,path-object,D1_7b,1
coda_20_10427_nearest_class_n1,20,nearest-class,D1_7b,1
coda_20_10428_nearest_class_n1,20,nearest-class,D1_7b,1
coda_20_1076_nearest_dist_n1,20,nearest-distance,D1_7b,1
coda_20_1077_direction_n1,20,direction,D1_7b,1
coda_20_1078_path_object_n1,20,path-object,D1_7b,1
coda_20_1137_counting_n1,20,counting,D1_7b,1
coda_20_1140_nearest_class_n1,20,nearest-class,D1_7b,1
coda_20_1144_direction_n1,20,direction,D1_7b,1
coda_20_11920_path_object_n1,20,path-object,D1_7b,1
coda_20_12092_counting_n1,20,counting,D1_7b,1
coda_20_12095_counting_n1,20,counting,D1_7b,0
coda_20_12099_nearest_class_n1,20,nearest-class,D1_7b,1
coda_20_12100_direction_n1,20,direction,D1_7b,1
coda_20_12104_direction_n1,20,direction,D1_7b,1
coda_20_12106_path_object_n1,20,path-object,D1_7b,1
coda_20_12108_counting_n1,20,counting,D1_7b,1
coda_20_1219_nearest_class_n1,20,nearest-class,D1_7b,1
coda_20_1222_direction_n1,20,direction,D1_7b,1
coda_20_12638_direction_n1,20,direction,D1_7b,1
coda_20_12643_path_object_n1,20,path-object,D1_7b,1
coda_20_12771_direction_n1,20,direction,D1_7b,1
coda_20_12810_nearest_dist_n1,20,nearest-distance,D1_7b,1
coda_20_12868_direction_n1,20,direction,D1_7b,1
coda_20_12869_direction_n1,20,direction,D1_7b,1
coda_20_12872_path_object_n1,20,path-object,D1_7b,1
coda_20_12874_counting_n1,20,counting,D1_7b,0
coda_20_12883_nearest_class_n1,20,nearest-class,D1_7b,1
coda_20_12892_nearest_dist_n1,20,nearest-distance,D1_7b,1
coda_20_12895_direction_n1,20,direction,D1_7b,1
coda_20_12897_counting_n1,20,counting,D1_7b,0
coda_20_12900_counting_n1,20,counting,D1_7b,1
coda_20_12901_nearest_class_n1,20,nearest-class,D1_7b,1
coda_20_12982_nearest_dist_n1,20,nearest-distance,D1_7b,0
coda_20_12984_direction_n1,20,direction,D1_7b,0
coda_20_12986_path_object_n1,20,path-object,D1_7b,1
coda_20_12987_counting_n1,20,counting,D1_7b,0
coda_20_12988_nearest_class_n1,20,nearest-class,D1_7b,1
coda_20_12996_nearest_dist_n1,20,nearest-distance,D1_7b,0
coda_20_13003_direction_n1,20,direction,D1_7b,1
coda_20_13013_path_object_n1,20,path-object,D1_7b,1
coda_20_13016_counting_n1,20,counting,D1_7b,1
coda_20_13019_nearest_class_n1,20,nearest-class,D1_7b,1
coda_20_13025_nearest_dist_n1,20,nearest-distance,D1_7b,1
coda_20_13029_direction_n1,20,direction,D1_7b,1
coda_20_13038_path_object_n1,20,path-object,D1_7b,1
coda_20_13039_counting_n1,20,counting,D1_7b,1
coda_20_13048_nearest_dist_n1,20,nearest-distance,D1_7b,1
coda_20_13054_nearest_dist_n1,20,nearest-distance,D1_7b,1
coda_20_13060_direction_n1,20,direction,D1_7b,0
coda_20_13064_path_object_n1,20,path-object,D1_7b,1
coda_20_13071_nearest_class_n1,20,nearest-class,D1_7b,1
coda_20_13079_nearest_dist_n1,20,nearest-distance,D1_7b,1
coda_20_13081_nearest_dist_n1,20,nearest-distance,D1_7b,1
coda_20_13143_direction_n1,20,direction,D1_7b,1
coda_20_13146_path_object_n1,20,path-object,D1_7b,1
coda_20_13210_counting_n1,20,counting,D1_7b,1
coda_20_13211_nearest_class_n1,20,nearest-class,D1_7b,1
coda_20_13212_direction_n1,20,direction,D1_7b,1
coda_20_13214_direction_n1,20,direction,D1_7b,1
coda_20_13215_path_object_n1,20,path-object,D1_7b,1
coda_20_13251_counting_n1,20,counting,D1_7b,1
coda_20_13261_nearest_class_n1,20,nearest-class,D1_7b,1
coda_20_13262_nearest_dist_n1,20,nearest-distance,D1_7b,0
coda_20_13263_direction_n1,20,direction,D1_7b,1
coda_20_13269_path_object_n1,20,path-object,D1_7b,1
coda_20_13270_counting_n1,20,counting,D1_7b,1
coda_20_13271_nearest_class_n1,20,nearest-class,D1_7b,1
coda_20_3056_direction_n1,20,direction,D1_7b,1
coda_20_3066_direction_n1,20,direction,D1_7b,0
coda_20_3067_path_object_n1,20,path-object,D1_7b,1
coda_20_3174_nearest_class_n1,20,nearest-class,D1_7b,1
coda_20_3292_nearest_class_n1,20,nearest-class,D1_7b,1
coda_20_3293_direction_n1,20,direction,D1_7b,1
coda_20_3305_direction_n1,20,direction,D1_7b,1
coda_20_3311_path_object_n1,20,path-object,D1_7b,1
coda_20_3387_nearest_class_n1,20,nearest-class,D1_7b,1
coda_20_3453_nearest_class_n1,20,nearest-class,D1_7b,1
coda_20_3486_direction_n1,20,direction,D1_7b,1
coda_20_3489_direction_n1,20,direction,D1_7b,1
coda_20_3494_path_object_n1,20,path-object,D1_7b,1
coda_20_3497_counting_n1,20,counting,D1_7b,1
coda_20_4243_nearest_class_n1,20,nearest-class,D1_7b,0
coda_20_4250_nearest_dist_n1,20,nearest-distance,D1_7b,1
coda_20_4256_direction_n1,20,direction,D1_7b,1
coda_20_4260_path_object_n1,20,path-object,D1_7b,1
coda_20_4261_counting_n1,20,counting,D1_7b,0
coda_20_4262_nearest_class_n1,20,nearest-class,D1_7b,1
coda_20_4267_direction_n1,20,direction,D1_7b,1
coda_20_4300_direction_n1,20,direction,D1_7b,0
coda_20_4303_path_object_n1,20,path-object,D1_7b,1
coda_20_4356_counting_n1,20,counting,D1_7b,1
coda_20_4357_nearest_dist_n1,20,nearest-distance,D1_7b,0
coda_20_4554_nearest_dist_n1,20,nearest-distance,D1_7b,1
coda_20_4566_direction_n1,20,direction,D1_7b,1
coda_20_4567_path_object_n1,20,path-object,D1_7b,1
coda_20_4573_counting_n1,20,counting,D1_7b,1
coda_20_4630_nearest_class_n1,20,nearest-class,D1_7b,1
coda_20_4876_nearest_dist_n1,20,nearest-distance,D1_7b,1
coda_20_4877_direction_n1,20,direction,D1_7b,1
coda_20_4883_path_object_n1,20,path-object,D1_7b,1
coda_20_4885_counting_n1,20,counting,D1_7b,0
coda_20_4890_nearest_class_n1,20,nearest-class,D1_7b,1
coda_20_4894_direction_n1,20,direction,D1_7b,0
coda_20_4926_path_object_n1,20,path-object,D1_7b,1
coda_20_4928_path_object_n1,20,path-object,D1_7b,1
coda_20_4932_nearest_class_n1,20,nearest-class,D1_7b,1
coda_20_4934_nearest_class_n1,20,nearest-class,D1_7b,1
coda_20_4938_nearest_dist_n1,20,nearest-distance,D1_7b,1
coda_20_4939_direction_n1,20,direction,D1_7b,1
coda_20_4943_path_object_n1,20,path-object,D1_7b,1
coda_20_4944_counting_n1,20,counting,D1_7b,0
coda_20_4948_nearest_dist_n1,20,nearest-distance,D1_7b,1
coda_20_4952_nearest_dist_n1,20,nearest-distance,D1_7b,1
coda_20_4953_direction_n1,20,direction,D1_7b,1
coda_20_5288_path_object_n1,20,path-object,D1_7b,1
coda_20_5293_nearest_class_n1,20,nearest-class,D1_7b,1
coda_20_5300_nearest_class_n1,20,nearest-class,D1_7b,1
coda_20_5354_nearest_dist_n1,20,nearest-distance,D1_7b,1
coda_20_5357_direction_n1,20,direction,D1_7b,1
coda_20_5359_path_object_n1,20,path-object,D1_7b,1
coda_20_5361_counting_n1,20,counting,D1_7b,1
coda_20_5476_nearest_class_n1,20,nearest-class,D1_7b,1
coda_20_5477_nearest_dist_n1,20,nearest-distance,D1_7b,1
coda_20_5489_direction_n1,20,direction,D1_7b,1
coda_20_5611_counting_n1,20,counting,D1_7b,0
coda_20_5674_nearest_class_n1,20,nearest-class,D1_7b,1
coda_20_5684_nearest_class_n1,20,nearest-class,D1_7b,1
coda_20_5689_nearest_dist_n1,20,nearest-distance,D1_7b,1
coda_20_5690_direction_n1,20,direction,D1_7b,1
coda_20_5701_path_object_n1,20,path-object,D1_7b,1
coda_20_5702_nearest_class_n1,20,nearest-class,D1_7b,1
coda_20_5703_nearest_class_n1,20,nearest-class,D1_7b,1
coda_20_5704_nearest_dist_n1,20,nearest-distance,D1_7b,1
coda_20_5752_path_object_n1,20,path-object,D1_7b,1
coda_20_7488_path_object_n1,20,path-object,D1_7b,1
coda_20_7489_counting_n1,20,counting,D1_7b,0
coda_20_7493_nearest_class_n1,20,nearest-class,D1_7b,1
coda_20_7526_nearest_dist_n1,20,nearest-distance,D1_7b,1
coda_20_7534_direction_n1,20,direction,D1_7b,1
coda_20_7536_counting_n1,20,counting,D1_7b,0
coda_20_7542_counting_n1,20,counting,D1_7b,1
coda_20_7544_nearest_class_n1,20,nearest-class,D1_7b,1
coda_20_7630_nearest_dist_n1,20,nearest-distance,D1_7b,1
coda_20_7703_direction_n1,20,direction,D1_7b,1
coda_20_7710_path_object_n1,20,path-object,D1_7b,1
coda_20_7712_counting_n1,20,counting,D1_7b,1
coda_20_7715_nearest_class_n1,20,nearest-class,D1_7b,1
coda_20_7751_direction_n1,20,direction,D1_7b,0
coda_20_7923_direction_n1,20,direction,D1_7b,1
coda_20_7927_path_object_n1,20,path-object,D1_7b,1
coda_20_7928_nearest_class_n1,20,nearest-class,D1_7b,1
coda_20_7936_nearest_class_n1,20,nearest-class,D1_7b,1
coda_20_7937_nearest_dist_n1,20,nearest-distance,D1_7b,1
coda_20_7938_direction_n1,20,direction,D1_7b,1
coda_20_7968_path_object_n1,20,path-object,D1_7b,1
coda_20_8176_counting_n1,20,counting,D1_7b,0
coda_20_8178_nearest_class_n1,20,nearest-class,D1_7b,1
coda_20_8181_nearest_dist_n1,20,nearest-distance,D1_7b,1
coda_20_8182_direction_n1,20,direction,D1_7b,0
coda_20_8183_path_object_n1,20,path-object,D1_7b,1
coda_20_8185_counting_n1,20,counting,D1_7b,0
coda_20_8196_nearest_class_n1,20,nearest-class,D1_7b,1
coda_20_8198_nearest_dist_n1,20,nearest-distance,D1_7b,1
coda_20_8466_direction_n1,20,direction,D1_7b,1
coda_20_8467_path_object_n1,20,path-object,D1_7b,1
coda_20_8474_nearest_class_n1,20,nearest-class,D1_7b,1
coda_20_8475_nearest_class_n1,20,nearest-class,D1_7b,1
coda_20_8483_nearest_dist_n1,20,nearest-distance,D1_7b,1
coda_20_8519_direction_n1,20,direction,D1_7b,1
coda_20_8613_path_object_n1,20,path-object,D1_7b,1
coda_20_8618_nearest_class_n1,20,nearest-class,D1_7b,1
coda_20_8619_nearest_class_n1,20,nearest-class,D1_7b,1
coda_20_8738_direction_n1,20,direction,D1_7b,1
coda_20_8741_direction_n1,20,direction,D1_7b,1
coda_20_8742_path_object_n1,20,path-object,D1_7b,1
coda_20_8744_counting_n1,20,counting,D1_7b,1
coda_20_8746_nearest_class_n1,20,nearest-class,D1_7b,1
coda_20_8747_nearest_dist_n1,20,nearest-distance,D1_7b,1
coda_20_8751_direction_n1,20,direction,D1_7b,1
coda_20_8783_path_object_n1,20,path-object,D1_7b,1
coda_20_8792_counting_n1,20,counting,D1_7b,0
coda_20_8795_nearest_dist_n1,20,nearest-distance,D1_7b,1
coda_20_8803_nearest_dist_n1,20,nearest-distance,D1_7b,1
coda_20_8806_direction_n1,20,direction,D1_7b,1
coda_20_8808_path_object_n1,20,path-object,D1_7b,1
coda_20_8813_counting_n1,20,counting,D1_7b,1
coda_20_8824_nearest_class_n1,20,nearest-class,D1_7b,1
coda_20_8845_path_object_n1,20,path-object,D1_7b,1
coda_20_9392_path_object_n1,20,path-object,D1_7b,1
coda_20_9393_path_object_n1,20,path-object,D1_7b,1
coda_20_9397_nearest_class_n1,20,nearest-class,D1_7b,1
coda_20_9406_nearest_class_n1,20,nearest-class,D1_7b,1
coda_20_9411_direction_n1,20,direction,D1_7b,1
coda_20_9412_direction_n1,20,direction,D1_7b,1
coda_20_9424_path_object_n1,20,path-object,D1_7b,1
coda_20_9429_counting_n1,20,counting,D1_7b,1
coda_20_9432_nearest_class_n1,20,nearest-class,D1_7b,1
coda_20_9436_nearest_dist_n1,20,nearest-distance,D1_7b,1
coda_20_9471_direction_n1,20,direction,D1_7b,1
coda_20_9474_path_object_n1,20,path-object,D1_7b,1
coda_20_9478_counting_n1,20,counting,D1_7b,0
coda_20_9479_nearest_class_n1,20,nearest-class,D1_7b,1
coda_20_9612_nearest_dist_n1,20,nearest-distance,D1_7b,1
coda_20_9722_direction_n1,20,direction,D1_7b,1
coda_20_9725_path_object_n1,20,path-object,D1_7b,1
coda_20_9727_counting_n1,20,counting,D1_7b,0
coda_20_9728_nearest_class_n1,20,nearest-class,D1_7b,1
coda_20_973_direction_n1,20,direction,D1_7b,1
coda_20_9736_direction_n1,20,direction,D1_7b,1
coda_20_9737_path_object_n1,20,path-object,D1_7b,1
coda_20_9745_counting_n1,20,counting,D1_7b,0
coda_20_9746_nearest_class_n1,20,nearest-class,D1_7b,1
coda_20_9754_nearest_dist_n1,20,nearest-distance,D1_7b,1
coda_20_9785_direction_n1,20,direction,D1_7b,1
coda_20_9787_path_object_n1,20,path-object,D1_7b,1
coda_20_9788_counting_n1,20,counting,D1_7b,1
coda_20_9790_nearest_class_n1,20,nearest-class,D1_7b,1
coda_20_9927_nearest_dist_n1,20,nearest-distance,D1_7b,1
coda_20_9928_direction_n1,20,direction,D1_7b,1
coda_20_9958_path_object_n1,20,path-object,D1_7b,1
coda_20_9959_counting_n1,20,counting,D1_7b,0
coda_2_2441_nearest_class_n1,2,nearest-class,D1_7b,0
coda_2_2442_nearest_dist_n1,2,nearest-distance,D1_7b,0
coda_2_2443_direction_n1,2,direction,D1_7b,0
coda_2_2457_path_object_n1,2,path-object,D1_7b,0
coda_2_2459_counting_n1,2,counting,D1_7b,1
coda_2_2460_nearest_class_n1,2,nearest-class,D1_7b,1
coda_2_2465_nearest_dist_n1,2,nearest-distance,D1_7b,0
coda_2_2468_path_object_n1,2,path-object,D1_7b,1
coda_2_2537_path_object_n1,2,path-object,D1_7b,0
coda_2_2539_counting_n1,2,counting,D1_7b,1
coda_2_2541_nearest_class_n1,2,nearest-class,D1_7b,1
coda_2_2544_nearest_dist_n1,2,nearest-distance,D1_7b,1
coda_2_2545_direction_n1,2,direction,D1_7b,1
coda_2_5041_path_object_n1,2,path-object,D1_7b,0
coda_2_5044_counting_n1,2,counting,D1_7b,1
coda_2_5046_nearest_dist_n1,2,nearest-distance,D1_7b,0
coda_2_5048_nearest_dist_n1,2,nearest-distance,D1_7b,0
coda_2_5051_path_object_n1,2,path-object,D1_7b,0
coda_2_5058_path_object_n1,2,path-object,D1_7b,0
coda_2_5060_counting_n1,2,counting,D1_7b,1
coda_2_5081_direction_n1,2,direction,D1_7b,1
coda_2_5084_direction_n1,2,direction,D1_7b,1
coda_2_5086_direction_n1,2,direction,D1_7b,1
coda_2_5091_path_object_n1,2,path-object,D1_7b,0
coda_2_5093_counting_n1,2,counting,D1_7b,0
coda_2_5094_nearest_class_n1,2,nearest-class,D1_7b,0
coda_2_5101_direction_n1,2,direction,D1_7b,1
coda_2_5104_direction_n1,2,direction,D1_7b,1
coda_2_5109_path_object_n1,2,path-object,D1_7b,0
coda_2_5111_counting_n1,2,counting,D1_7b,1
coda_2_5112_nearest_class_n1,2,nearest-class,D1_7b,0
coda_2_5114_nearest_dist_n1,2,nearest-distance,D1_7b,0
coda_2_5120_path_object_n1,2,path-object,D1_7b,0
coda_2_5122_path_object_n1,2,path-object,D1_7b,0
coda_2_5126_counting_n1,2,counting,D1_7b,0
coda_2_5129_nearest_class_n1,2,nearest-class,D1_7b,0
coda_2_5198_nearest_dist_n1,2,nearest-distance,D1_7b,1
coda_2_5202_path_object_n1,2,path-object,D1_7b,1
coda_2_5203_counting_n1,2,counting,D1_7b,0
coda_2_5205_counting_n1,2,counting,D1_7b,1
coda_2_5289_nearest_dist_n1,2,nearest-distance,D1_7b,0
coda_2_5293_nearest_dist_n1,2,nearest-distance,D1_7b,1
coda_2_5338_direction_n1,2,direction,D1_7b,1
coda_2_5339_path_object_n1,2,path-object,D1_7b,1
coda_2_5587_counting_n1,2,counting,D1_7b,0
coda_2_5589_nearest_class_n1,2,nearest-class,D1_7b,1
coda_2_5591_nearest_dist_n1,2,nearest-distance,D1_7b,1
coda_2_5593_direction_n1,2,direction,D1_7b,1
coda_2_5595_path_object_n1,2,path-object,D1_7b,1
coda_2_6852_counting_n1,2,counting,D1_7b,1
coda_2_6962_nearest_class_n1,2,nearest-class,D1_7b,1
coda_2_6968_direction_n1,2,direction,D1_7b,1
coda_2_6970_direction_n1,2,direction,D1_7b,1
coda_2_6974_path_object_n1,2,path-object,D1_7b,1
coda_2_6975_counting_n1,2,counting,D1_7b,1
coda_2_6988_nearest_dist_n1,2,nearest-distance,D1_7b,0
coda_2_6990_direction_n1,2,direction,D1_7b,1
coda_2_7032_counting_n1,2,counting,D1_7b,1
coda_2_7141_path_object_n1,2,path-object,D1_7b,1
coda_2_7142_counting_n1,2,counting,D1_7b,0
coda_2_7149_nearest_class_n1,2,nearest-class,D1_7b,1
coda_3_11984_nearest_dist_n1,3,nearest-distance,D1_7b,0
coda_3_12067_direction_n1,3,direction,D1_7b,1
coda_3_12069_path_object_n1,3,path-object,D1_7b,1
coda_3_12072_counting_n1,3,counting,D1_7b,0
coda_3_12075_nearest_class_n1,3,nearest-class,D1_7b,1
coda_3_12137_direction_n1,3,direction,D1_7b,1
coda_3_12145_direction_n1,3,direction,D1_7b,1
coda_3_12149_path_object_n1,3,path-object,D1_7b,1
coda_3_1820_counting_n1,3,counting,D1_7b,0
coda_3_1825_nearest_class_n1,3,nearest-class,D1_7b,1
coda_3_1826_nearest_dist_n1,3,nearest-distance,D1_7b,0
coda_3_1837_path_object_n1,3,path-object,D1_7b,1
coda_3_1840_path_object_n1,3,path-object,D1_7b,1
coda_3_1842_counting_n1,3,counting,D1_7b,1
coda_3_1844_nearest_class_n1,3,nearest-class,D1_7b,1
coda_3_1933_nearest_dist_n1,3,nearest-distance,D1_7b,0
coda_3_1934_direction_n1,3,direction,D1_7b,1
coda_3_1937_path_object_n1,3,path-object,D1_7b,0
coda_3_1942_counting_n1,3,counting,D1_7b,0
coda_3_1996_nearest_class_n1,3,nearest-class,D1_7b,1
coda_3_2000_direction_n1,3,direction,D1_7b,0
coda_3_2001_direction_n1,3,direction,D1_7b,1
coda_3_2009_path_object_n1,3,path-object,D1_7b,1
coda_3_2015_counting_n1,3,counting,D1_7b,1
coda_3_2026_nearest_class_n1,3,nearest-class,D1_7b,1
coda_3_2027_direction_n1,3,direction,D1_7b,1
coda_3_2033_direction_n1,3,direction,D1_7b,1
coda_4_1337_path_object_n1,4,path-object,D1_7b,1
coda_4_1340_counting_n1,4,counting,D1_7b,1
coda_4_1343_nearest_class_n1,4,nearest-class,D1_7b,1
coda_4_1427_nearest_dist_n1,4,nearest-distance,D1_7b,1
coda_4_1431_path_object_n1,4,path-object,D1_7b,1
coda_4_1475_path_object_n1,4,path-object,D1_7b,1
coda_4_1476_counting_n1,4,counting,D1_7b,1
coda_4_6639_nearest_class_n1,4,nearest-class,D1_7b,1
coda_4_6640_direction_n1,4,direction,D1_7b,1
coda_4_6644_path_object_n1,4,path-object,D1_7b,1
coda_4_6651_path_object_n1,4,path-object,D1_7b,0
coda_4_6653_counting_n1,4,counting,D1_7b,0
coda_4_6656_nearest_class_n1,4,nearest-class,D1_7b,0
coda_4_6663_nearest_dist_n1,4,nearest-distance,D1_7b,0
coda_4_6694_direction_n1,4,direction,D1_7b,0
coda_4_6769_path_object_n1,4,path-object,D1_7b,1
coda_4_6774_counting_n1,4,counting,D1_7b,0
coda_4_6777_nearest_class_n1,4,nearest-class,D1_7b,1
coda_4_6782_nearest_dist_n1,4,nearest-distance,D1_7b,1
coda_4_6796_direction_n1,4,direction,D1_7b,1
coda_4_6799_nearest_class_n1,4,nearest-class,D1_7b,1
coda_4_6804_counting_n1,4,counting,D1_7b,0
coda_4_6807_nearest_class_n1,4,nearest-class,D1_7b,1
coda_4_6875_nearest_dist_n1,4,nearest-distance,D1_7b,0
coda_4_6880_direction_n1,4,direction,D1_7b,1
coda_4_6882_path_object_n1,4,path-object,D1_7b,1
coda_4_6883_counting_n1,4,counting,D1_7b,1
coda_4_6895_nearest_dist_n1,4,nearest-distance,D1_7b,0
coda_4_6903_nearest_dist_n1,4,nearest-distance,D1_7b,1
coda_4_6906_direction_n1,4,direction,D1_7b,1
coda_4_6909_path_object_n1,4,path-object,D1_7b,1
coda_4_6912_counting_n1,4,counting,D1_7b,1
coda_4_6923_nearest_class_n1,4,nearest-class,D1_7b,1
coda_4_6926_direction_n1,4,direction,D1_7b,1
coda_4_6933_direction_n1,4,direction,D1_7b,1
coda_5_1803_counting_n1,5,counting,D1_7b,0
coda_5_1810_counting_n1,5,counting,D1_7b,0
coda_5_1848_nearest_class_n1,5,nearest-class,D1_7b,1
coda_6_10385_nearest_dist_n1,6,nearest-distance,D1_7b,1
coda_6_10386_direction_n1,6,direction,D1_7b,1
coda_6_10388_counting_n1,6,counting,D1_7b,1
coda_6_10393_counting_n1,6,counting,D1_7b,0
coda_6_10395_nearest_class_n1,6,nearest-class,D1_7b,1
coda_6_10430_nearest_dist_n1,6,nearest-distance,D1_7b,1
coda_6_10434_counting_n1,6,counting,D1_7b,1
coda_6_10440_counting_n1,6,counting,D1_7b,1
coda_6_10441_counting_n1,6,counting,D1_7b,1
coda_6_10442_nearest_class_n1,6,nearest-class,D1_7b,1
coda_6_10453_direction_n1,6,direction,D1_7b,1
coda_6_10457_direction_n1,6,direction,D1_7b,1
coda_6_10465_path_object_n1,6,path-object,D1_7b,1
coda_6_10471_counting_n1,6,counting,D1_7b,1
coda_6_10472_nearest_class_n1,6,nearest-class,D1_7b,1
coda_6_10478_nearest_dist_n1,6,nearest-distance,D1_7b,0
coda_6_10563_direction_n1,6,direction,D1_7b,1
coda_6_1243_path_object_n1,6,path-object,D1_7b,1
coda_6_1245_counting_n1,6,counting,D1_7b,0
coda_6_1253_nearest_dist_n1,6,nearest-distance,D1_7b,0
coda_6_1254_nearest_dist_n1,6,nearest-distance,D1_7b,0
coda_6_1322_path_object_n1,6,path-object,D1_7b,1
coda_6_1324_path_object_n1,6,path-object,D1_7b,1
coda_6_1421_counting_n1,6,counting,D1_7b,0
coda_6_2601_nearest_class_n1,6,nearest-class,D1_7b,1
coda_6_2641_nearest_dist_n1,6,nearest-distance,D1_7b,1
coda_6_2649_direction_n1,6,direction,D1_7b,1
coda_6_2654_path_object_n1,6,path-object,D1_7b,1
coda_6_2655_counting_n1,6,counting,D1_7b,0
coda_6_2656_nearest_dist_n1,6,nearest-distance,D1_7b,0
coda_6_2657_nearest_dist_n1,6,nearest-distance,D1_7b,1
coda_6_2747_direction_n1,6,direction,D1_7b,1
coda_6_2759_counting_n1,6,counting,D1_7b,1
coda_6_2760_counting_n1,6,counting,D1_7b,1
coda_6_2761_nearest_class_n1,6,nearest-class,D1_7b,0
coda_6_2774_nearest_dist_n1,6,nearest-distance,D1_7b,1
coda_6_2784_direction_n1,6,direction,D1_7b,1
coda_6_2794_path_object_n1,6,path-object,D1_7b,1
coda_6_2796_counting_n1,6,counting,D1_7b,1
coda_6_2828_nearest_class_n1,6,nearest-class,D1_7b,1
coda_6_2831_direction_n1,6,direction,D1_7b,1
coda_6_2834_direction_n1,6,direction,D1_7b,1
coda_6_2839_path_object_n1,6,path-object,D1_7b,1
coda_6_2840_counting_n1,6,counting,D1_7b,1
coda_6_2841_nearest_class_n1,6,nearest-class,D1_7b,1
coda_6_2846_nearest_dist_n1,6,nearest-distance,D1_7b,0
coda_6_2854_direction_n1,6,direction,D1_7b,1
coda_6_2855_counting_n1,6,counting,D1_7b,1
coda_6_2857_counting_n1,6,counting,D1_7b,1
coda_6_2859_nearest_class_n1,6,nearest-class,D1_7b,1
coda_6_4502_nearest_dist_n1,6,nearest-distance,D1_7b,1
coda_6_4509_direction_n1,6,direction,D1_7b,1
coda_6_4515_path_object_n1,6,path-object,D1_7b,1
coda_6_4524_counting_n1,6,counting,D1_7b,0
coda_6_4529_nearest_class_n1,6,nearest-class,D1_7b,1
coda_6_4533_nearest_dist_n1,6,nearest-distance,D1_7b,1
coda_6_4601_counting_n1,6,counting,D1_7b,1
coda_6_4603_counting_n1,6,counting,D1_7b,0
coda_6_4607_counting_n1,6,counting,D1_7b,1
coda_6_4611_direction_n1,6,direction,D1_7b,1
coda_6_4618_nearest_dist_n1,6,nearest-distance,D1_7b,0
coda_6_4619_direction_n1,6,direction,D1_7b,1
coda_6_4662_counting_n1,6,counting,D1_7b,1
coda_6_4664_counting_n1,6,counting,D1_7b,1
coda_6_4740_nearest_class_n1,6,nearest-class,D1_7b,0
coda_6_4741_nearest_dist_n1,6,nearest-distance,D1_7b,0
coda_6_4747_direction_n1,6,direction,D1_7b,1
coda_6_4750_counting_n1,6,counting,D1_7b,1
coda_6_4756_counting_n1,6,counting,D1_7b,1
coda_6_4757_nearest_class_n1,6,nearest-class,D1_7b,1
coda_6_4764_nearest_dist_n1,6,nearest-distance,D1_7b,1
coda_6_4769_direction_n1,6,direction,D1_7b,1
coda_6_4772_counting_n1,6,counting,D1_7b,1
coda_6_4773_counting_n1,6,counting,D1_7b,1
coda_6_4776_nearest_class_n1,6,nearest-class,D1_7b,1
coda_6_5518_nearest_dist_n1,6,nearest-distance,D1_7b,1
coda_6_5526_direction_n1,6,direction,D1_7b,1
coda_6_5528_counting_n1,6,counting,D1_7b,0
coda_6_5534_counting_n1,6,counting,D1_7b,0
coda_6_5578_direction_n1,6,direction,D1_7b,1
coda_6_5581_direction_n1,6,direction,D1_7b,1
coda_6_5584_direction_n1,6,direction,D1_7b,1
coda_6_5632_counting_n1,6,counting,D1_7b,1
coda_6_5634_counting_n1,6,counting,D1_7b,1
coda_6_5635_nearest_class_n1,6,nearest-class,D1_7b,1
coda_6_5645_nearest_dist_n1,6,nearest-distance,D1_7b,1
coda_6_5646_direction_n1,6,direction,D1_7b,1
coda_6_5680_nearest_class_n1,6,nearest-class,D1_7b,1
coda_6_5685_counting_n1,6,counting,D1_7b,0
coda_6_5691_nearest_class_n1,6,nearest-class,D1_7b,1
coda_6_5692_nearest_dist_n1,6,nearest-distance,D1_7b,0
coda_6_5693_direction_n1,6,direction,D1_7b,0
coda_6_5702_nearest_class_n1,6,nearest-class,D1_7b,0
coda_6_5705_counting_n1,6,counting,D1_7b,1
coda_6_5707_nearest_class_n1,6,nearest-class,D1_7b,0
coda_6_5710_nearest_dist_n1,6,nearest-distance,D1_7b,0
coda_6_5714_direction_n1,6,direction,D1_7b,0
coda_6_5716_counting_n1,6,counting,D1_7b,0
coda_6_5717_counting_n1,6,counting,D1_7b,1
coda_6_5721_nearest_dist_n1,6,nearest-distance,D1_7b,0
coda_6_5723_nearest_dist_n1,6,nearest-distance,D1_7b,0
coda_6_5730_direction_n1,6,direction,D1_7b,0
coda_6_5734_counting_n1,6,counting,D1_7b,0
coda_6_8483_counting_n1,6,counting,D1_7b,1
coda_6_8484_nearest_class_n1,6,nearest-class,D1_7b,1
coda_6_8485_nearest_dist_n1,6,nearest-distance,D1_7b,1
coda_6_8487_direction_n1,6,direction,D1_7b,1
coda_6_8494_path_object_n1,6,path-object,D1_7b,1
coda_6_8495_counting_n1,6,counting,D1_7b,0
coda_6_8500_nearest_class_n1,6,nearest-class,D1_7b,1
coda_6_8504_nearest_dist_n1,6,nearest-distance,D1_7b,1
coda_6_8509_path_object_n1,6,path-object,D1_7b,1
coda_6_8656_path_object_n1,6,path-object,D1_7b,1
coda_6_8657_nearest_dist_n1,6,nearest-distance,D1_7b,0
coda_6_8660_nearest_dist_n1,6,nearest-distance,D1_7b,1
coda_6_8822_direction_n1,6,direction,D1_7b,1
coda_6_8824_direction_n1,6,direction,D1_7b,1
coda_6_8829_nearest_dist_n1,6,nearest-distance,D1_7b,1
coda_6_8835_counting_n1,6,counting,D1_7b,1
coda_6_8839_nearest_dist_n1,6,nearest-distance,D1_7b,0
coda_6_8840_nearest_dist_n1,6,nearest-distance,D1_7b,0
coda_6_8852_direction_n1,6,direction,D1_7b,1
coda_6_8920_path_object_n1,6,path-object,D1_7b,1
coda_6_8922_counting_n1,6,counting,D1_7b,0
coda_6_9135_direction_n1,6,direction,D1_7b,1
coda_6_9141_nearest_dist_n1,6,nearest-distance,D1_7b,1
coda_7_12955_direction_n1,7,direction,D1_7b,1
coda_7_12956_path_object_n1,7,path-object,D1_7b,1
coda_7_12957_nearest_class_n1,7,nearest-class,D1_7b,1
coda_7_12967_nearest_class_n1,7,nearest-class,D1_7b,1
coda_7_12971_nearest_dist_n1,7,nearest-distance,D1_7b,1
coda_7_12975_direction_n1,7,direction,D1_7b,1
coda_7_12979_path_object_n1,7,path-object,D1_7b,1
coda_7_13023_counting_n1,7,counting,D1_7b,0
coda_7_13027_nearest_class_n1,7,nearest-class,D1_7b,1
coda_7_13028_path_object_n1,7,path-object,D1_7b,1
coda_7_13030_path_object_n1,7,path-object,D1_7b,1
coda_7_13040_path_object_n1,7,path-object,D1_7b,1
coda_7_13045_counting_n1,7,counting,D1_7b,1
coda_7_13047_nearest_class_n1,7,nearest-class,D1_7b,1
coda_7_14701_direction_n1,7,direction,D1_7b,1
coda_7_14879_direction_n1,7,direction,D1_7b,1
coda_7_14924_counting_n1,7,counting,D1_7b,1
coda_7_14927_counting_n1,7,counting,D1_7b,0
coda_7_14972_nearest_class_n1,7,nearest-class,D1_7b,1
coda_7_14973_nearest_dist_n1,7,nearest-distance,D1_7b,1
coda_7_14975_direction_n1,7,direction,D1_7b,0
coda_7_14985_path_object_n1,7,path-object,D1_7b,1
coda_7_14986_nearest_class_n1,7,nearest-class,D1_7b,1
coda_7_15069_nearest_class_n1,7,nearest-class,D1_7b,1
coda_7_15070_nearest_dist_n1,7,nearest-distance,D1_7b,0
coda_7_15072_direction_n1,7,direction,D1_7b,1
coda_7_15075_path_object_n1,7,path-object,D1_7b,1
coda_7_15079_counting_n1,7,counting,D1_7b,1
coda_7_15084_nearest_class_n1,7,nearest-class,D1_7b,1
coda_7_15088_nearest_dist_n1,7,nearest-distance,D1_7b,1
coda_7_15101_direction_n1,7,direction,D1_7b,1
coda_7_15111_path_object_n1,7,path-object,D1_7b,1
coda_7_15114_counting_n1,7,counting,D1_7b,1
coda_7_15199_nearest_class_n1,7,nearest-class,D1_7b,1
coda_7_15206_nearest_dist_n1,7,nearest-distance,D1_7b,1
coda_7_15212_direction_n1,7,direction,D1_7b,0
coda_7_15219_path_object_n1,7,path-object,D1_7b,1
coda_7_15258_counting_n1,7,counting,D1_7b,0
coda_7_15308_nearest_class_n1,7,nearest-class,D1_7b,1
coda_7_15313_direction_n1,7,direction,D1_7b,1
coda_7_15316_direction_n1,7,direction,D1_7b,1
coda_7_15318_path_object_n1,7,path-object,D1_7b,1
coda_7_15322_counting_n1,7,counting,D1_7b,0
coda_7_15331_nearest_class_n1,7,nearest-class,D1_7b,1
coda_7_15333_direction_n1,7,direction,D1_7b,1
coda_7_4781_direction_n1,7,direction,D1_7b,1
coda_7_4850_counting_n1,7,counting,D1_7b,1
coda_7_4853_counting_n1,7,counting,D1_7b,1
coda_7_4971_nearest_class_n1,7,nearest-class,D1_7b,1
coda_7_6615_nearest_dist_n1,7,nearest-distance,D1_7b,1
coda_7_6622_direction_n1,7,direction,D1_7b,0
coda_7_6623_path_object_n1,7,path-object,D1_7b,1
coda_7_6625_counting_n1,7,counting,D1_7b,0
coda_7_6686_nearest_class_n1,7,nearest-class,D1_7b,1
coda_7_6693_nearest_dist_n1,7,nearest-distance,D1_7b,1
coda_7_6698_direction_n1,7,direction,D1_7b,1
coda_7_6699_path_object_n1,7,path-object,D1_7b,1
coda_7_6701_counting_n1,7,counting,D1_7b,1
coda_7_6711_nearest_class_n1,7,nearest-class,D1_7b,1
coda_7_6712_direction_n1,7,direction,D1_7b,1
coda_7_6714_direction_n1,7,direction,D1_7b,1
coda_7_6772_nearest_dist_n1,7,nearest-distance,D1_7b,1
coda_7_6775_counting_n1,7,counting,D1_7b,0
coda_7_6777_nearest_dist_n1,7,nearest-distance,D1_7b,0
coda_7_6780_counting_n1,7,counting,D1_7b,1
coda_7_6790_direction_n1,7,direction,D1_7b,1
coda_7_8412_counting_n1,7,counting,D1_7b,1
coda_7_8414_counting_n1,7,counting,D1_7b,1
coda_7_8415_nearest_dist_n1,7,nearest-distance,D1_7b,0
coda_7_8418_nearest_dist_n1,7,nearest-distance,D1_7b,0
coda_7_8421_direction_n1,7,direction,D1_7b,1
coda_7_8425_counting_n1,7,counting,D1_7b,0
coda_8_631_counting_n1,8,counting,D1_7b,0
coda_9_1531_nearest_dist_n1,9,nearest-distance,D1_7b,1
coda_9_1532_nearest_dist_n1,9,nearest-distance,D1_7b,1
coda_9_1538_direction_n1,9,direction,D1_7b,1
coda_9_1539_path_object_n1,9,path-object,D1_7b,1
coda_9_1549_counting_n1,9,counting,D1_7b,1
coda_9_1550_nearest_class_n1,9,nearest-class,D1_7b,1
coda_9_1551_nearest_dist_n1,9,nearest-distance,D1_7b,0
coda_9_1552_direction_n1,9,direction,D1_7b,1
coda_9_1586_counting_n1,9,counting,D1_7b,0
coda_9_1637_counting_n1,9,counting,D1_7b,0
coda_9_1641_nearest_class_n1,9,nearest-class,D1_7b,1
coda_9_1644_nearest_dist_n1,9,nearest-distance,D1_7b,1
coda_9_1646_direction_n1,9,direction,D1_7b,1
coda_9_1648_counting_n1,9,counting,D1_7b,0
coda_9_2495_counting_n1,9,counting,D1_7b,1
coda_9_2501_nearest_class_n1,9,nearest-class,D1_7b,1
coda_9_2505_nearest_dist_n1,9,nearest-distance,D1_7b,0
coda_9_2506_direction_n1,9,direction,D1_7b,1
coda_9_2507_counting_n1,9,counting,D1_7b,1
coda_9_2644_counting_n1,9,counting,D1_7b,1
coda_9_2647_nearest_dist_n1,9,nearest-distance,D1_7b,0
coda_9_6680_direction_n1,9,direction,D1_7b,1
coda_9_6719_direction_n1,9,direction,D1_7b,1
coda_9_6720_path_object_n1,9,path-object,D1_7b,1
coda_9_6728_counting_n1,9,counting,D1_7b,1
coda_9_6785_nearest_class_n1,9,nearest-class,D1_7b,1
coda_9_6787_nearest_dist_n1,9,nearest-distance,D1_7b,0
coda_9_6797_direction_n1,9,direction,D1_7b,1
coda_9_6798_path_object_n1,9,path-object,D1_7b,1
coda_9_6800_counting_n1,9,counting,D1_7b,1
coda_9_8515_nearest_class_n1,9,nearest-class,D1_7b,1
coda_9_8519_nearest_dist_n1,9,nearest-distance,D1_7b,1
coda_9_8536_direction_n1,9,direction,D1_7b,1
coda_9_8537_path_object_n1,9,path-object,D1_7b,1
coda_9_8540_counting_n1,9,counting,D1_7b,0
coda_9_8545_nearest_class_n1,9,nearest-class,D1_7b,1
coda_9_8551_nearest_dist_n1,9,nearest-distance,D1_7b,0
coda_9_8553_direction_n1,9,direction,D1_7b,1
coda_9_8559_counting_n1,9,counting,D1_7b,0
coda_9_8561_counting_n1,9,counting,D1_7b,0
coda_9_8562_nearest_class_n1,9,nearest-class,D1_7b,1
coda_9_8566_nearest_dist_n1,9,nearest-distance,D1_7b,0
coda_9_8567_direction_n1,9,direction,D1_7b,0
coda_9_8571_path_object_n1,9,path-object,D1_7b,1
coda_9_8604_counting_n1,9,counting,D1_7b,1
coda_9_8606_nearest_dist_n1,9,nearest-distance,D1_7b,1
coda_9_8612_nearest_dist_n1,9,nearest-distance,D1_7b,0
coda_9_8616_direction_n1,9,direction,D1_7b,1
coda_9_8681_counting_n1,9,counting,D1_7b,1
coda_9_8684_counting_n1,9,counting,D1_7b,0
coda_9_8838_nearest_class_n1,9,nearest-class,D1_7b,1
coda_9_8841_nearest_dist_n1,9,nearest-distance,D1_7b,0
coda_9_8842_direction_n1,9,direction,D1_7b,1
coda_9_8845_counting_n1,9,counting,D1_7b,1
coda_9_9352_counting_n1,9,counting,D1_7b,1
coda_9_9354_nearest_class_n1,9,nearest-class,D1_7b,1
coda_9_9361_nearest_dist_n1,9,nearest-distance,D1_7b,1
coda_9_9363_direction_n1,9,direction,D1_7b,1
coda_9_9368_path_object_n1,9,path-object,D1_7b,1
coda_9_9371_counting_n1,9,counting,D1_7b,1
coda_9_9372_nearest_dist_n1,9,nearest-distance,D1_7b,0
coda_9_9377_direction_n1,9,direction,D1_7b,1
coda_9_9380_direction_n1,9,direction,D1_7b,1
coda_9_9382_path_object_n1,9,path-object,D1_7b,1
coda_9_9394_counting_n1,9,counting,D1_7b,1
coda_9_9398_direction_n1,9,direction,D1_7b,0
coda_9_9466_nearest_dist_n1,9,nearest-distance,D1_7b,1
coda_9_9467_direction_n1,9,direction,D1_7b,1
coda_9_9469_counting_n1,9,counting,D1_7b,1
coda_9_9471_counting_n1,9,counting,D1_7b,1
coda_9_9577_nearest_class_n1,9,nearest-class,D1_7b,1
coda_9_9578_nearest_dist_n1,9,nearest-distance,D1_7b,0
coda_9_9579_counting_n1,9,counting,D1_7b,1
coda_9_9582_counting_n1,9,counting,D1_7b,1
coda_9_9588_counting_n1,9,counting,D1_7b,1
coda_9_9589_nearest_class_n1,9,nearest-class,D1_7b,1
coda_9_9595_nearest_dist_n1,9,nearest-distance,D1_7b,1
coda_0_421_counting_n1,0,counting,PIXEL_7b,0
coda_0_422_nearest_dist_n1,0,nearest-distance,PIXEL_7b,0
coda_0_429_nearest_dist_n1,0,nearest-distance,PIXEL_7b,0
coda_0_436_direction_n1,0,direction,PIXEL_7b,0
coda_0_4797_path_object_n1,0,path-object,PIXEL_7b,1
coda_0_4803_counting_n1,0,counting,PIXEL_7b,1
coda_0_4804_nearest_class_n1,0,nearest-class,PIXEL_7b,1
coda_0_4805_nearest_dist_n1,0,nearest-distance,PIXEL_7b,1
coda_0_4809_direction_n1,0,direction,PIXEL_7b,0
coda_0_4813_path_object_n1,0,path-object,PIXEL_7b,1
coda_0_4815_counting_n1,0,counting,PIXEL_7b,0
coda_0_4818_nearest_class_n1,0,nearest-class,PIXEL_7b,1
coda_0_4821_nearest_dist_n1,0,nearest-distance,PIXEL_7b,1
coda_0_4902_direction_n1,0,direction,PIXEL_7b,1
coda_0_4907_path_object_n1,0,path-object,PIXEL_7b,1
coda_0_4908_counting_n1,0,counting,PIXEL_7b,1
coda_0_4910_nearest_class_n1,0,nearest-class,PIXEL_7b,1
coda_0_4914_nearest_dist_n1,0,nearest-distance,PIXEL_7b,1
coda_0_4916_direction_n1,0,direction,PIXEL_7b,1
coda_0_4924_nearest_class_n1,0,nearest-class,PIXEL_7b,1
coda_0_4925_counting_n1,0,counting,PIXEL_7b,1
coda_0_4926_nearest_class_n1,0,nearest-class,PIXEL_7b,1
coda_0_4930_nearest_dist_n1,0,nearest-distance,PIXEL_7b,0
coda_0_507_direction_n1,0,direction,PIXEL_7b,1
coda_0_508_path_object_n1,0,path-object,PIXEL_7b,1
coda_0_514_counting_n1,0,counting,PIXEL_7b,0
coda_0_520_nearest_class_n1,0,nearest-class,PIXEL_7b,1
coda_0_525_nearest_dist_n1,0,nearest-distance,PIXEL_7b,0
coda_0_526_direction_n1,0,direction,PIXEL_7b,0
coda_0_570_path_object_n1,0,path-object,PIXEL_7b,1
coda_0_5704_counting_n1,0,counting,PIXEL_7b,0
coda_0_5707_nearest_class_n1,0,nearest-class,PIXEL_7b,1
coda_0_571_nearest_dist_n1,0,nearest-distance,PIXEL_7b,0
coda_0_5710_direction_n1,0,direction,PIXEL_7b,1
coda_0_5712_counting_n1,0,counting,PIXEL_7b,1
coda_0_572_nearest_class_n1,0,nearest-class,PIXEL_7b,1
coda_0_5752_nearest_class_n1,0,nearest-class,PIXEL_7b,1
coda_0_5753_nearest_dist_n1,0,nearest-distance,PIXEL_7b,1
coda_0_5754_direction_n1,0,direction,PIXEL_7b,1
coda_0_5787_path_object_n1,0,path-object,PIXEL_7b,1
coda_0_5788_counting_n1,0,counting,PIXEL_7b,0
coda_0_583_nearest_class_n1,0,nearest-class,PIXEL_7b,1
coda_0_621_direction_n1,0,direction,PIXEL_7b,0
coda_0_634_direction_n1,0,direction,PIXEL_7b,1
coda_10_11540_path_object_n1,10,path-object,PIXEL_7b,1
coda_10_11542_counting_n1,10,counting,PIXEL_7b,0
coda_10_11546_nearest_class_n1,10,nearest-class,PIXEL_7b,1
coda_10_11584_nearest_dist_n1,10,nearest-distance,PIXEL_7b,1
coda_10_2039_direction_n1,10,direction,PIXEL_7b,1
coda_10_2043_counting_n1,10,counting,PIXEL_7b,1
coda_10_2044_counting_n1,10,counting,PIXEL_7b,1
coda_10_2051_nearest_class_n1,10,nearest-class,PIXEL_7b,0
coda_10_2114_nearest_dist_n1,10,nearest-distance,PIXEL_7b,1
coda_10_2123_direction_n1,10,direction,PIXEL_7b,1
coda_10_2124_counting_n1,10,counting,PIXEL_7b,0
coda_10_2129_counting_n1,10,counting,PIXEL_7b,0
coda_10_2131_nearest_class_n1,10,nearest-class,PIXEL_7b,0
coda_10_2132_nearest_dist_n1,10,nearest-distance,PIXEL_7b,1
coda_10_2133_direction_n1,10,direction,PIXEL_7b,0
coda_10_2137_counting_n1,10,counting,PIXEL_7b,0
coda_10_2144_counting_n1,10,counting,PIXEL_7b,0
coda_10_5816_nearest_dist_n1,10,nearest-distance,PIXEL_7b,1
coda_10_5819_nearest_dist_n1,10,nearest-distance,PIXEL_7b,1
coda_10_5862_direction_n1,10,direction,PIXEL_7b,0
coda_10_5863_counting_n1,10,counting,PIXEL_7b,1
coda_10_5865_counting_n1,10,counting,PIXEL_7b,1
coda_10_5866_nearest_dist_n1,10,nearest-distance,PIXEL_7b,1
coda_10_5872_nearest_dist_n1,10,nearest-distance,PIXEL_7b,0
coda_10_6000_direction_n1,10,direction,PIXEL_7b,1
coda_10_6001_counting_n1,10,counting,PIXEL_7b,0
coda_10_6004_counting_n1,10,counting,PIXEL_7b,0
coda_10_8369_nearest_class_n1,10,nearest-class,PIXEL_7b,1
coda_10_8372_path_object_n1,10,path-object,PIXEL_7b,1
coda_10_8378_direction_n1,10,direction,PIXEL_7b,1
coda_10_8424_path_object_n1,10,path-object,PIXEL_7b,1
coda_10_8429_counting_n1,10,counting,PIXEL_7b,0
coda_10_8430_nearest_class_n1,10,nearest-class,PIXEL_7b,1
coda_10_8431_nearest_dist_n1,10,nearest-distance,PIXEL_7b,1
coda_10_8433_direction_n1,10,direction,PIXEL_7b,1
coda_10_9306_path_object_n1,10,path-object,PIXEL_7b,1
coda_10_9309_counting_n1,10,counting,PIXEL_7b,1
coda_10_9347_nearest_class_n1,10,nearest-class,PIXEL_7b,1
coda_10_9350_nearest_dist_n1,10,nearest-distance,PIXEL_7b,1
coda_10_9356_direction_n1,10,direction,PIXEL_7b,1
coda_10_9392_path_object_n1,10,path-object,PIXEL_7b,1
coda_10_9395_counting_n1,10,counting,PIXEL_7b,1
coda_10_9396_nearest_class_n1,10,nearest-class,PIXEL_7b,1
coda_11_1747_nearest_dist_n1,11,nearest-distance,PIXEL_7b,1
coda_11_1749_counting_n1,11,counting,PIXEL_7b,0
coda_11_1756_counting_n1,11,counting,PIXEL_7b,1
coda_11_1760_counting_n1,11,counting,PIXEL_7b,0
coda_11_1768_nearest_class_n1,11,nearest-class,PIXEL_7b,1
coda_11_1777_nearest_dist_n1,11,nearest-distance,PIXEL_7b,1
coda_11_1783_counting_n1,11,counting,PIXEL_7b,0
coda_11_1787_counting_n1,11,counting,PIXEL_7b,0
coda_11_1790_counting_n1,11,counting,PIXEL_7b,1
coda_11_1792_nearest_class_n1,11,nearest-class,PIXEL_7b,1
coda_11_1793_nearest_dist_n1,11,nearest-distance,PIXEL_7b,1
coda_11_1794_counting_n1,11,counting,PIXEL_7b,1
coda_11_1799_counting_n1,11,counting,PIXEL_7b,1
coda_11_1800_counting_n1,11,counting,PIXEL_7b,0
coda_11_1906_nearest_class_n1,11,nearest-class,PIXEL_7b,0
coda_11_1907_direction_n1,11,direction,PIXEL_7b,1
coda_11_1914_direction_n1,11,direction,PIXEL_7b,1
coda_11_1916_counting_n1,11,counting,PIXEL_7b,1
coda_11_1924_counting_n1,11,counting,PIXEL_7b,1
coda_11_1928_nearest_class_n1,11,nearest-class,PIXEL_7b,1
coda_11_1932_nearest_dist_n1,11,nearest-distance,PIXEL_7b,1
coda_11_1935_direction_n1,11,direction,PIXEL_7b,1
coda_11_1939_path_object_n1,11,path-object,PIXEL_7b,1
coda_11_1942_counting_n1,11,counting,PIXEL_7b,1
coda_11_2057_nearest_class_n1,11,nearest-class,PIXEL_7b,1
coda_11_2064_direction_n1,11,direction,PIXEL_7b,1
coda_11_2073_direction_n1,11,direction,PIXEL_7b,1
coda_11_2081_path_object_n1,11,path-object,PIXEL_7b,0
coda_11_2082_counting_n1,11,counting,PIXEL_7b,0
coda_11_2084_nearest_class_n1,11,nearest-class,PIXEL_7b,0
coda_11_2085_nearest_dist_n1,11,nearest-distance,PIXEL_7b,0
coda_11_5174_path_object_n1,11,path-object,PIXEL_7b,1
coda_11_5176_path_object_n1,11,path-object,PIXEL_7b,1
coda_11_5179_counting_n1,11,counting,PIXEL_7b,0
coda_11_5184_nearest_class_n1,11,nearest-class,PIXEL_7b,1
coda_11_5185_direction_n1,11,direction,PIXEL_7b,1
coda_11_5186_direction_n1,11,direction,PIXEL_7b,1
coda_11_5188_path_object_n1,11,path-object,PIXEL_7b,1
coda_11_5190_counting_n1,11,counting,PIXEL_7b,0
coda_11_5194_nearest_class_n1,11,nearest-class,PIXEL_7b,1
coda_11_5197_path_object_n1,11,path-object,PIXEL_7b,1
coda_11_5205_path_object_n1,11,path-object,PIXEL_7b,1
coda_11_5207_path_object_n1,11,path-object,PIXEL_7b,1
coda_11_5627_counting_n1,11,counting,PIXEL_7b,1
coda_11_5660_nearest_dist_n1,11,nearest-distance,PIXEL_7b,0
coda_11_5661_nearest_dist_n1,11,nearest-distance,PIXEL_7b,0
coda_11_5667_direction_n1,11,direction,PIXEL_7b,0
coda_11_5668_counting_n1,11,counting,PIXEL_7b,0
coda_11_5671_counting_n1,11,counting,PIXEL_7b,0
coda_11_5674_nearest_dist_n1,11,nearest-distance,PIXEL_7b,0
coda_11_5769_nearest_dist_n1,11,nearest-distance,PIXEL_7b,1
coda_11_5776_direction_n1,11,direction,PIXEL_7b,1
coda_11_5785_counting_n1,11,counting,PIXEL_7b,0
coda_12_10418_counting_n1,12,counting,PIXEL_7b,1
coda_12_10422_nearest_class_n1,12,nearest-class,PIXEL_7b,1
coda_12_10423_nearest_dist_n1,12,nearest-distance,PIXEL_7b,0
coda_12_10428_direction_n1,12,direction,PIXEL_7b,1
coda_12_10438_counting_n1,12,counting,PIXEL_7b,0
coda_12_10442_counting_n1,12,counting,PIXEL_7b,1
coda_12_10445_nearest_class_n1,12,nearest-class,PIXEL_7b,0
coda_12_10446_nearest_dist_n1,12,nearest-distance,PIXEL_7b,0
coda_12_10537_path_object_n1,12,path-object,PIXEL_7b,1
coda_12_10550_path_object_n1,12,path-object,PIXEL_7b,1
coda_12_11507_counting_n1,12,counting,PIXEL_7b,0
coda_12_11508_nearest_class_n1,12,nearest-class,PIXEL_7b,0
coda_12_11526_nearest_dist_n1,12,nearest-distance,PIXEL_7b,0
coda_12_11529_direction_n1,12,direction,PIXEL_7b,1
coda_12_11592_path_object_n1,12,path-object,PIXEL_7b,1
coda_12_11594_counting_n1,12,counting,PIXEL_7b,0
coda_12_11599_nearest_class_n1,12,nearest-class,PIXEL_7b,1
coda_12_11600_nearest_dist_n1,12,nearest-distance,PIXEL_7b,0
coda_12_11605_direction_n1,12,direction,PIXEL_7b,1
coda_12_11618_path_object_n1,12,path-object,PIXEL_7b,1
coda_12_2675_counting_n1,12,counting,PIXEL_7b,0
coda_12_2676_direction_n1,12,direction,PIXEL_7b,1
coda_12_2681_direction_n1,12,direction,PIXEL_7b,1
coda_12_2687_direction_n1,12,direction,PIXEL_7b,1
coda_12_2697_path_object_n1,12,path-object,PIXEL_7b,1
coda_12_2700_counting_n1,12,counting,PIXEL_7b,1
coda_12_2863_nearest_class_n1,12,nearest-class,PIXEL_7b,1
coda_12_2864_nearest_dist_n1,12,nearest-distance,PIXEL_7b,1
coda_12_2867_path_object_n1,12,path-object,PIXEL_7b,1
coda_12_2871_path_object_n1,12,path-object,PIXEL_7b,1
coda_12_2877_counting_n1,12,counting,PIXEL_7b,0
coda_12_2883_nearest_class_n1,12,nearest-class,PIXEL_7b,1
coda_12_2887_path_object_n1,12,path-object,PIXEL_7b,1
coda_12_2890_path_object_n1,12,path-object,PIXEL_7b,1
coda_12_2892_counting_n1,12,counting,PIXEL_7b,1
coda_12_2893_counting_n1,12,counting,PIXEL_7b,0
coda_12_2896_direction_n1,12,direction,PIXEL_7b,1
coda_12_2903_nearest_dist_n1,12,nearest-distance,PIXEL_7b,0
coda_12_2905_direction_n1,12,direction,PIXEL_7b,1
coda_13_10067_path_object_n1,13,path-object,PIXEL_7b,1
coda_13_10070_nearest_class_n1,13,nearest-class,PIXEL_7b,1
coda_13_10072_nearest_class_n1,13,nearest-class,PIXEL_7b,1
coda_13_10081_nearest_dist_n1,13,nearest-distance,PIXEL_7b,1
coda_13_10414_path_object_n1,13,path-object,PIXEL_7b,0
coda_13_10415_path_object_n1,13,path-object,PIXEL_7b,1
coda_13_10426_nearest_class_n1,13,nearest-class,PIXEL_7b,1
coda_13_10431_nearest_class_n1,13,nearest-class,PIXEL_7b,0
coda_13_10441_nearest_dist_n1,13,nearest-distance,PIXEL_7b,1
coda_13_10449_path_object_n1,13,path-object,PIXEL_7b,1
coda_13_10457_path_object_n1,13,path-object,PIXEL_7b,1
coda_13_10458_counting_n1,13,counting,PIXEL_7b,0
coda_13_10462_nearest_class_n1,13,nearest-class,PIXEL_7b,1
coda_13_10470_nearest_dist_n1,13,nearest-distance,PIXEL_7b,1
coda_13_10472_direction_n1,13,direction,PIXEL_7b,1
coda_13_10477_path_object_n1,13,path-object,PIXEL_7b,0
coda_13_10478_counting_n1,13,counting,PIXEL_7b,1
coda_13_10479_nearest_class_n1,13,nearest-class,PIXEL_7b,1
coda_13_10487_nearest_dist_n1,13,nearest-distance,PIXEL_7b,1
coda_13_10489_direction_n1,13,direction,PIXEL_7b,1
coda_13_10490_path_object_n1,13,path-object,PIXEL_7b,1
coda_13_10494_counting_n1,13,counting,PIXEL_7b,1
coda_13_1050_nearest_class_n1,13,nearest-class,PIXEL_7b,1
coda_13_10500_nearest_dist_n1,13,nearest-distance,PIXEL_7b,0
coda_13_10518_direction_n1,13,direction,PIXEL_7b,1
coda_13_10522_path_object_n1,13,path-object,PIXEL_7b,1
coda_13_10526_counting_n1,13,counting,PIXEL_7b,1
coda_13_10576_nearest_class_n1,13,nearest-class,PIXEL_7b,1
coda_13_10578_direction_n1,13,direction,PIXEL_7b,0
coda_13_10612_direction_n1,13,direction,PIXEL_7b,1
coda_13_10670_path_object_n1,13,path-object,PIXEL_7b,0
coda_13_10677_counting_n1,13,counting,PIXEL_7b,1
coda_13_10679_nearest_class_n1,13,nearest-class,PIXEL_7b,1
coda_13_10683_nearest_dist_n1,13,nearest-distance,PIXEL_7b,0
coda_13_10686_direction_n1,13,direction,PIXEL_7b,1
coda_13_10694_path_object_n1,13,path-object,PIXEL_7b,1
coda_13_10733_nearest_class_n1,13,nearest-class,PIXEL_7b,1
coda_13_10834_nearest_class_n1,13,nearest-class,PIXEL_7b,1
coda_13_10838_path_object_n1,13,path-object,PIXEL_7b,1
coda_13_1092_direction_n1,13,direction,PIXEL_7b,1
coda_13_11003_path_object_n1,13,path-object,PIXEL_7b,1
coda_13_11005_counting_n1,13,counting,PIXEL_7b,0
coda_13_11072_nearest_class_n1,13,nearest-class,PIXEL_7b,1
coda_13_11077_nearest_dist_n1,13,nearest-distance,PIXEL_7b,1
coda_13_11088_path_object_n1,13,path-object,PIXEL_7b,1
coda_13_11093_path_object_n1,13,path-object,PIXEL_7b,1
coda_13_11105_nearest_class_n1,13,nearest-class,PIXEL_7b,1
coda_13_11107_nearest_class_n1,13,nearest-class,PIXEL_7b,0
coda_13_11110_direction_n1,13,direction,PIXEL_7b,1
coda_13_11140_direction_n1,13,direction,PIXEL_7b,1
coda_13_11148_path_object_n1,13,path-object,PIXEL_7b,0
coda_13_11152_nearest_class_n1,13,nearest-class,PIXEL_7b,1
coda_13_11158_nearest_class_n1,13,nearest-class,PIXEL_7b,0
coda_13_11163_nearest_dist_n1,13,nearest-distance,PIXEL_7b,1
coda_13_11167_direction_n1,13,direction,PIXEL_7b,1
coda_13_11202_path_object_n1,13,path-object,PIXEL_7b,1
coda_13_11204_counting_n1,13,counting,PIXEL_7b,0
coda_13_11205_nearest_class_n1,13,nearest-class,PIXEL_7b,1
coda_13_11206_nearest_dist_n1,13,nearest-distance,PIXEL_7b,0
coda_13_11215_direction_n1,13,direction,PIXEL_7b,1
coda_13_11222_path_object_n1,13,path-object,PIXEL_7b,1
coda_13_11226_counting_n1,13,counting,PIXEL_7b,0
coda_13_11229_nearest_class_n1,13,nearest-class,PIXEL_7b,1
coda_13_11230_nearest_dist_n1,13,nearest-distance,PIXEL_7b,0
coda_13_1126_direction_n1,13,direction,PIXEL_7b,1
coda_13_11266_counting_n1,13,counting,PIXEL_7b,0
coda_13_1129_counting_n1,13,counting,PIXEL_7b,0
coda_13_1130_nearest_class_n1,13,nearest-class,PIXEL_7b,1
coda_13_1131_nearest_dist_n1,13,nearest-distance,PIXEL_7b,1
coda_13_1139_direction_n1,13,direction,PIXEL_7b,1
coda_13_1141_path_object_n1,13,path-object,PIXEL_7b,1
coda_13_1142_counting_n1,13,counting,PIXEL_7b,0
coda_13_1146_nearest_class_n1,13,nearest-class,PIXEL_7b,1
coda_13_1148_nearest_dist_n1,13,nearest-distance,PIXEL_7b,0
coda_13_1149_direction_n1,13,direction,PIXEL_7b,1
coda_13_1181_path_object_n1,13,path-object,PIXEL_7b,1
coda_13_11900_counting_n1,13,counting,PIXEL_7b,0
coda_13_11909_nearest_class_n1,13,nearest-class,PIXEL_7b,1
coda_13_1191_direction_n1,13,direction,PIXEL_7b,1
coda_13_1198_direction_n1,13,direction,PIXEL_7b,1
coda_13_11996_path_object_n1,13,path-object,PIXEL_7b,1
coda_13_11998_counting_n1,13,counting,PIXEL_7b,0
coda_13_12012_nearest_class_n1,13,nearest-class,PIXEL_7b,1
coda_13_12015_nearest_dist_n1,13,nearest-distance,PIXEL_7b,1
coda_13_12016_direction_n1,13,direction,PIXEL_7b,0
coda_13_12022_path_object_n1,13,path-object,PIXEL_7b,1
coda_13_12025_nearest_class_n1,13,nearest-class,PIXEL_7b,1
coda_13_12026_nearest_class_n1,13,nearest-class,PIXEL_7b,1
coda_13_12033_path_object_n1,13,path-object,PIXEL_7b,1
coda_13_12036_direction_n1,13,direction,PIXEL_7b,1
coda_13_12038_path_object_n1,13,path-object,PIXEL_7b,1
coda_13_12255_counting_n1,13,counting,PIXEL_7b,1
coda_13_12258_nearest_class_n1,13,nearest-class,PIXEL_7b,1
coda_13_12260_direction_n1,13,direction,PIXEL_7b,1
coda_13_12275_direction_n1,13,direction,PIXEL_7b,1
coda_13_12281_path_object_n1,13,path-object,PIXEL_7b,1
coda_13_12287_counting_n1,13,counting,PIXEL_7b,1
coda_13_12288_direction_n1,13,direction,PIXEL_7b,1
coda_13_12291_direction_n1,13,direction,PIXEL_7b,1
coda_13_12292_direction_n1,13,direction,PIXEL_7b,1
coda_13_12295_path_object_n1,13,path-object,PIXEL_7b,1
coda_13_12298_nearest_dist_n1,13,nearest-distance,PIXEL_7b,1
coda_13_12299_nearest_dist_n1,13,nearest-distance,PIXEL_7b,1
coda_13_12354_nearest_dist_n1,13,nearest-distance,PIXEL_7b,0
coda_13_12355_direction_n1,13,direction,PIXEL_7b,1
coda_13_12363_path_object_n1,13,path-object,PIXEL_7b,1
coda_13_12367_counting_n1,13,counting,PIXEL_7b,0
coda_13_12368_nearest_class_n1,13,nearest-class,PIXEL_7b,1
coda_13_12372_nearest_dist_n1,13,nearest-distance,PIXEL_7b,0
coda_13_1801_direction_n1,13,direction,PIXEL_7b,1
coda_13_1803_counting_n1,13,counting,PIXEL_7b,0
coda_13_1808_counting_n1,13,counting,PIXEL_7b,1
coda_13_1812_nearest_dist_n1,13,nearest-distance,PIXEL_7b,1
coda_13_1814_nearest_dist_n1,13,nearest-distance,PIXEL_7b,1
coda_13_1844_direction_n1,13,direction,PIXEL_7b,1
coda_13_1875_path_object_n1,13,path-object,PIXEL_7b,1
coda_13_1878_counting_n1,13,counting,PIXEL_7b,1
coda_13_1882_nearest_dist_n1,13,nearest-distance,PIXEL_7b,1
coda_13_1944_direction_n1,13,direction,PIXEL_7b,1
coda_13_2034_direction_n1,13,direction,PIXEL_7b,1
coda_13_2037_path_object_n1,13,path-object,PIXEL_7b,1
coda_13_2041_counting_n1,13,counting,PIXEL_7b,0
coda_13_2054_nearest_class_n1,13,nearest-class,PIXEL_7b,1
coda_13_2085_nearest_dist_n1,13,nearest-distance,PIXEL_7b,1
coda_13_2087_direction_n1,13,direction,PIXEL_7b,1
coda_13_2097_path_object_n1,13,path-object,PIXEL_7b,1
coda_13_2099_counting_n1,13,counting,PIXEL_7b,0
coda_13_2175_nearest_dist_n1,13,nearest-distance,PIXEL_7b,1
coda_13_2181_nearest_dist_n1,13,nearest-distance,PIXEL_7b,1
coda_13_2188_direction_n1,13,direction,PIXEL_7b,1
coda_13_2190_path_object_n1,13,path-object,PIXEL_7b,1
coda_13_5550_counting_n1,13,counting,PIXEL_7b,0
coda_13_5671_nearest_class_n1,13,nearest-class,PIXEL_7b,1
coda_13_5674_nearest_dist_n1,13,nearest-distance,PIXEL_7b,0
coda_13_5684_path_object_n1,13,path-object,PIXEL_7b,1
coda_13_5722_path_object_n1,13,path-object,PIXEL_7b,1
coda_13_5727_counting_n1,13,counting,PIXEL_7b,1
coda_13_5729_nearest_class_n1,13,nearest-class,PIXEL_7b,1
coda_13_5737_nearest_dist_n1,13,nearest-distance,PIXEL_7b,0
coda_13_5820_direction_n1,13,direction,PIXEL_7b,1
coda_13_5822_path_object_n1,13,path-object,PIXEL_7b,1
coda_13_5826_nearest_class_n1,13,nearest-class,PIXEL_7b,0
coda_13_5829_nearest_class_n1,13,nearest-class,PIXEL_7b,1
coda_13_5831_nearest_dist_n1,13,nearest-distance,PIXEL_7b,0
coda_13_5893_direction_n1,13,direction,PIXEL_7b,1
coda_13_5896_path_object_n1,13,path-object,PIXEL_7b,1
coda_13_5900_nearest_class_n1,13,nearest-class,PIXEL_7b,1
coda_13_5901_nearest_class_n1,13,nearest-class,PIXEL_7b,1
coda_13_6073_direction_n1,13,direction,PIXEL_7b,1
coda_13_6075_direction_n1,13,direction,PIXEL_7b,1
coda_13_6085_path_object_n1,13,path-object,PIXEL_7b,0
coda_13_6089_counting_n1,13,counting,PIXEL_7b,1
coda_13_6122_nearest_class_n1,13,nearest-class,PIXEL_7b,1
coda_13_6125_nearest_dist_n1,13,nearest-distance,PIXEL_7b,1
coda_13_6190_direction_n1,13,direction,PIXEL_7b,0
coda_13_6193_counting_n1,13,counting,PIXEL_7b,1
coda_13_6203_counting_n1,13,counting,PIXEL_7b,1
coda_13_6216_nearest_dist_n1,13,nearest-distance,PIXEL_7b,1
coda_13_6220_nearest_dist_n1,13,nearest-distance,PIXEL_7b,1
coda_13_6293_direction_n1,13,direction,PIXEL_7b,0
coda_13_6305_counting_n1,13,counting,PIXEL_7b,0
coda_13_6308_counting_n1,13,counting,PIXEL_7b,0
coda_13_6312_nearest_dist_n1,13,nearest-distance,PIXEL_7b,1
coda_13_6314_nearest_dist_n1,13,nearest-distance,PIXEL_7b,1
coda_13_9083_direction_n1,13,direction,PIXEL_7b,1
coda_13_9119_path_object_n1,13,path-object,PIXEL_7b,1
coda_13_9120_counting_n1,13,counting,PIXEL_7b,0
coda_13_9125_nearest_class_n1,13,nearest-class,PIXEL_7b,1
coda_13_9241_nearest_dist_n1,13,nearest-distance,PIXEL_7b,1
coda_13_9242_direction_n1,13,direction,PIXEL_7b,0
coda_13_9244_path_object_n1,13,path-object,PIXEL_7b,1
coda_13_9443_nearest_class_n1,13,nearest-class,PIXEL_7b,1
coda_13_9444_nearest_class_n1,13,nearest-class,PIXEL_7b,1
coda_13_9451_nearest_dist_n1,13,nearest-distance,PIXEL_7b,0
coda_13_9562_direction_n1,13,direction,PIXEL_7b,0
coda_13_9662_path_object_n1,13,path-object,PIXEL_7b,1
coda_13_9668_counting_n1,13,counting,PIXEL_7b,0
coda_13_9800_nearest_class_n1,13,nearest-class,PIXEL_7b,1
coda_13_9801_nearest_dist_n1,13,nearest-distance,PIXEL_7b,0
coda_13_9802_path_object_n1,13,path-object,PIXEL_7b,1
coda_13_9803_path_object_n1,13,path-object,PIXEL_7b,1
coda_13_9863_counting_n1,13,counting,PIXEL_7b,1
coda_13_9880_nearest_class_n1,13,nearest-class,PIXEL_7b,1
coda_13_9888_nearest_dist_n1,13,nearest-distance,PIXEL_7b,1
coda_13_9894_direction_n1,13,direction,PIXEL_7b,0
coda_13_9900_path_object_n1,13,path-object,PIXEL_7b,1
coda_13_9977_nearest_class_n1,13,nearest-class,PIXEL_7b,1
coda_13_9979_nearest_class_n1,13,nearest-class,PIXEL_7b,1
coda_14_3847_nearest_dist_n1,14,nearest-distance,PIXEL_7b,0
coda_14_3851_direction_n1,14,direction,PIXEL_7b,0
coda_14_3852_path_object_n1,14,path-object,PIXEL_7b,0
coda_14_3855_counting_n1,14,counting,PIXEL_7b,0
coda_14_3857_nearest_class_n1,14,nearest-class,PIXEL_7b,0
coda_14_3867_nearest_dist_n1,14,nearest-distance,PIXEL_7b,0
coda_14_3868_direction_n1,14,direction,PIXEL_7b,1
coda_14_3869_path_object_n1,14,path-object,PIXEL_7b,1
coda_14_3870_counting_n1,14,counting,PIXEL_7b,0
coda_14_3878_nearest_dist_n1,14,nearest-distance,PIXEL_7b,1
coda_14_3889_nearest_dist_n1,14,nearest-distance,PIXEL_7b,1
coda_14_3891_direction_n1,14,direction,PIXEL_7b,1
coda_14_3894_path_object_n1,14,path-object,PIXEL_7b,1
coda_15_145_counting_n1,15,counting,PIXEL_7b,1
coda_15_147_nearest_class_n1,15,nearest-class,PIXEL_7b,1
coda_15_187_nearest_dist_n1,15,nearest-distance,PIXEL_7b,1
coda_15_191_direction_n1,15,direction,PIXEL_7b,1
coda_15_195_counting_n1,15,counting,PIXEL_7b,0
coda_15_202_counting_n1,15,counting,PIXEL_7b,0
coda_15_205_nearest_dist_n1,15,nearest-distance,PIXEL_7b,1
coda_15_209_nearest_dist_n1,15,nearest-distance,PIXEL_7b,0
coda_15_210_direction_n1,15,direction,PIXEL_7b,1
coda_15_212_counting_n1,15,counting,PIXEL_7b,1
coda_15_238_counting_n1,15,counting,PIXEL_7b,0
coda_15_240_nearest_dist_n1,15,nearest-distance,PIXEL_7b,1
coda_15_241_nearest_dist_n1,15,nearest-distance,PIXEL_7b,1
coda_15_242_direction_n1,15,direction,PIXEL_7b,1
coda_15_243_counting_n1,15,counting,PIXEL_7b,1
coda_15_296_counting_n1,15,counting,PIXEL_7b,1
coda_15_297_nearest_class_n1,15,nearest-class,PIXEL_7b,1
coda_16_10663_nearest_dist_n1,16,nearest-distance,PIXEL_7b,0
coda_16_10665_direction_n1,16,direction,PIXEL_7b,1
coda_16_10670_path_object_n1,16,path-object,PIXEL_7b,1
coda_16_10673_counting_n1,16,counting,PIXEL_7b,0
coda_16_10674_nearest_dist_n1,16,nearest-distance,PIXEL_7b,1
coda_16_10679_nearest_dist_n1,16,nearest-distance,PIXEL_7b,0
coda_16_10685_direction_n1,16,direction,PIXEL_7b,1
coda_16_10692_path_object_n1,16,path-object,PIXEL_7b,1
coda_16_10701_counting_n1,16,counting,PIXEL_7b,0
coda_16_10704_nearest_class_n1,16,nearest-class,PIXEL_7b,1
coda_16_10706_nearest_dist_n1,16,nearest-distance,PIXEL_7b,1
coda_16_10820_direction_n1,16,direction,PIXEL_7b,0
coda_16_10932_path_object_n1,16,path-object,PIXEL_7b,1
coda_16_10934_counting_n1,16,counting,PIXEL_7b,0
coda_16_10935_nearest_class_n1,16,nearest-class,PIXEL_7b,1
coda_16_10937_nearest_dist_n1,16,nearest-distance,PIXEL_7b,1
coda_16_10939_path_object_n1,16,path-object,PIXEL_7b,1
coda_16_10946_path_object_n1,16,path-object,PIXEL_7b,1
coda_16_10950_counting_n1,16,counting,PIXEL_7b,0
coda_16_10958_nearest_class_n1,16,nearest-class,PIXEL_7b,1
coda_16_10959_path_object_n1,16,path-object,PIXEL_7b,1
coda_16_10961_path_object_n1,16,path-object,PIXEL_7b,1
coda_16_11014_path_object_n1,16,path-object,PIXEL_7b,1
coda_16_11016_counting_n1,16,counting,PIXEL_7b,1
coda_16_11024_nearest_class_n1,16,nearest-class,PIXEL_7b,1
coda_16_11030_nearest_dist_n1,16,nearest-distance,PIXEL_7b,0
coda_16_11031_direction_n1,16,direction,PIXEL_7b,1
coda_16_11063_path_object_n1,16,path-object,PIXEL_7b,1
coda_16_11065_counting_n1,16,counting,PIXEL_7b,0
coda_16_11066_nearest_dist_n1,16,nearest-distance,PIXEL_7b,1
coda_16_11067_nearest_dist_n1,16,nearest-distance,PIXEL_7b,1
coda_16_11070_direction_n1,16,direction,PIXEL_7b,1
coda_16_11071_path_object_n1,16,path-object,PIXEL_7b,1
coda_16_11076_counting_n1,16,counting,PIXEL_7b,0
coda_16_11077_nearest_class_n1,16,nearest-class,PIXEL_7b,1
coda_16_11080_nearest_dist_n1,16,nearest-distance,PIXEL_7b,0
coda_16_11082_direction_n1,16,direction,PIXEL_7b,1
coda_16_11083_path_object_n1,16,path-object,PIXEL_7b,1
coda_16_11131_counting_n1,16,counting,PIXEL_7b,1
coda_16_11133_nearest_class_n1,16,nearest-class,PIXEL_7b,1
coda_16_11170_nearest_dist_n1,16,nearest-distance,PIXEL_7b,1
coda_16_11171_nearest_dist_n1,16,nearest-distance,PIXEL_7b,1
coda_16_11272_path_object_n1,16,path-object,PIXEL_7b,1
coda_16_11275_counting_n1,16,counting,PIXEL_7b,0
coda_16_11282_nearest_class_n1,16,nearest-class,PIXEL_7b,1
coda_16_11307_nearest_dist_n1,16,nearest-distance,PIXEL_7b,1
coda_16_11429_direction_n1,16,direction,PIXEL_7b,1
coda_16_11516_counting_n1,16,counting,PIXEL_7b,0
coda_16_11517_counting_n1,16,counting,PIXEL_7b,1
coda_16_11518_nearest_dist_n1,16,nearest-distance,PIXEL_7b,0
coda_16_11528_nearest_dist_n1,16,nearest-distance,PIXEL_7b,1
coda_16_11536_counting_n1,16,counting,PIXEL_7b,0
coda_16_11540_counting_n1,16,counting,PIXEL_7b,0
coda_16_11541_counting_n1,16,counting,PIXEL_7b,0
coda_16_11542_nearest_dist_n1,16,nearest-distance,PIXEL_7b,1
coda_16_14901_nearest_dist_n1,16,nearest-distance,PIXEL_7b,1
coda_16_14908_direction_n1,16,direction,PIXEL_7b,1
coda_16_14909_path_object_n1,16,path-object,PIXEL_7b,1
coda_16_14910_nearest_class_n1,16,nearest-class,PIXEL_7b,0
coda_16_14911_nearest_class_n1,16,nearest-class,PIXEL_7b,1
coda_16_14916_nearest_dist_n1,16,nearest-distance,PIXEL_7b,1
coda_16_14919_direction_n1,16,direction,PIXEL_7b,1
coda_16_14920_path_object_n1,16,path-object,PIXEL_7b,1
coda_16_14921_counting_n1,16,counting,PIXEL_7b,0
coda_16_14927_nearest_class_n1,16,nearest-class,PIXEL_7b,1
coda_16_14931_nearest_dist_n1,16,nearest-distance,PIXEL_7b,0
coda_16_15019_direction_n1,16,direction,PIXEL_7b,1
coda_16_15027_path_object_n1,16,path-object,PIXEL_7b,1
coda_16_15100_counting_n1,16,counting,PIXEL_7b,1
coda_16_15137_nearest_class_n1,16,nearest-class,PIXEL_7b,1
coda_16_15138_nearest_dist_n1,16,nearest-distance,PIXEL_7b,0
coda_16_15217_direction_n1,16,direction,PIXEL_7b,0
coda_16_15218_path_object_n1,16,path-object,PIXEL_7b,1
coda_16_15750_counting_n1,16,counting,PIXEL_7b,0
coda_16_3206_nearest_dist_n1,16,nearest-distance,PIXEL_7b,1
coda_16_3269_direction_n1,16,direction,PIXEL_7b,0
coda_16_3299_direction_n1,16,direction,PIXEL_7b,1
coda_16_3301_path_object_n1,16,path-object,PIXEL_7b,1
coda_16_3352_counting_n1,16,counting,PIXEL_7b,1
coda_16_3355_nearest_class_n1,16,nearest-class,PIXEL_7b,1
coda_16_3362_nearest_dist_n1,16,nearest-distance,PIXEL_7b,1
coda_16_3367_direction_n1,16,direction,PIXEL_7b,1
coda_16_3368_counting_n1,16,counting,PIXEL_7b,0
coda_16_3464_counting_n1,16,counting,PIXEL_7b,0
coda_16_3466_nearest_class_n1,16,nearest-class,PIXEL_7b,1
coda_16_3658_direction_n1,16,direction,PIXEL_7b,1
coda_16_3743_direction_n1,16,direction,PIXEL_7b,1
coda_16_4069_path_object_n1,16,path-object,PIXEL_7b,1
coda_16_4075_counting_n1,16,counting,PIXEL_7b,0
coda_16_4256_nearest_class_n1,16,nearest-class,PIXEL_7b,1
coda_16_4259_nearest_dist_n1,16,nearest-distance,PIXEL_7b,1
coda_16_4263_direction_n1,16,direction,PIXEL_7b,1
coda_16_4264_path_object_n1,16,path-object,PIXEL_7b,1
coda_16_4267_counting_n1,16,counting,PIXEL_7b,0
coda_16_4268_nearest_class_n1,16,nearest-class,PIXEL_7b,1
coda_16_4271_nearest_dist_n1,16,nearest-distance,PIXEL_7b,0
coda_16_5839_direction_n1,16,direction,PIXEL_7b,1
coda_16_5849_path_object_n1,16,path-object,PIXEL_7b,1
coda_16_6029_counting_n1,16,counting,PIXEL_7b,0
coda_16_6030_nearest_class_n1,16,nearest-class,PIXEL_7b,1
coda_16_6033_nearest_dist_n1,16,nearest-distance,PIXEL_7b,0
coda_16_6035_direction_n1,16,direction,PIXEL_7b,1
coda_16_6039_path_object_n1,16,path-object,PIXEL_7b,1
coda_16_6085_counting_n1,16,counting,PIXEL_7b,1
coda_16_6087_nearest_class_n1,16,nearest-class,PIXEL_7b,1
coda_16_7061_direction_n1,16,direction,PIXEL_7b,0
coda_16_7062_direction_n1,16,direction,PIXEL_7b,0
coda_16_7070_nearest_dist_n1,16,nearest-distance,PIXEL_7b,1
coda_16_7071_counting_n1,16,counting,PIXEL_7b,0
coda_16_7072_nearest_dist_n1,16,nearest-distance,PIXEL_7b,0
coda_16_7078_nearest_dist_n1,16,nearest-distance,PIXEL_7b,1
coda_16_7146_direction_n1,16,direction,PIXEL_7b,1
coda_16_7148_counting_n1,16,counting,PIXEL_7b,0
coda_16_7149_counting_n1,16,counting,PIXEL_7b,0
coda_16_7253_nearest_class_n1,16,nearest-class,PIXEL_7b,0
coda_16_7350_nearest_dist_n1,16,nearest-distance,PIXEL_7b,1
coda_16_7351_direction_n1,16,direction,PIXEL_7b,1
coda_16_7355_path_object_n1,16,path-object,PIXEL_7b,1
coda_16_7356_counting_n1,16,counting,PIXEL_7b,1
coda_16_7358_nearest_dist_n1,16,nearest-distance,PIXEL_7b,1
coda_16_7402_nearest_dist_n1,16,nearest-distance,PIXEL_7b,0
coda_16_7457_direction_n1,16,direction,PIXEL_7b,1
coda_16_7458_path_object_n1,16,path-object,PIXEL_7b,1
coda_16_7467_counting_n1,16,counting,PIXEL_7b,0
coda_16_7472_nearest_class_n1,16,nearest-class,PIXEL_7b,1
coda_16_7473_nearest_dist_n1,16,nearest-distance,PIXEL_7b,1
coda_16_7477_direction_n1,16,direction,PIXEL_7b,1
coda_16_7481_path_object_n1,16,path-object,PIXEL_7b,1
coda_16_7482_counting_n1,16,counting,PIXEL_7b,1
coda_16_7492_nearest_class_n1,16,nearest-class,PIXEL_7b,0
coda_16_7494_nearest_dist_n1,16,nearest-distance,PIXEL_7b,0
coda_16_8699_direction_n1,16,direction,PIXEL_7b,1
coda_16_8705_path_object_n1,16,path-object,PIXEL_7b,1
coda_16_8708_counting_n1,16,counting,PIXEL_7b,0
coda_16_8710_nearest_class_n1,16,nearest-class,PIXEL_7b,1
coda_16_8766_direction_n1,16,direction,PIXEL_7b,1
coda_16_8767_direction_n1,16,direction,PIXEL_7b,1
coda_16_8769_path_object_n1,16,path-object,PIXEL_7b,1
coda_16_8775_counting_n1,16,counting,PIXEL_7b,1
coda_16_8781_nearest_class_n1,16,nearest-class,PIXEL_7b,1
coda_16_8787_nearest_dist_n1,16,nearest-distance,PIXEL_7b,1
coda_16_8825_direction_n1,16,direction,PIXEL_7b,1
coda_16_8828_counting_n1,16,counting,PIXEL_7b,0
coda_16_8955_counting_n1,16,counting,PIXEL_7b,0
coda_16_9027_nearest_dist_n1,16,nearest-distance,PIXEL_7b,1
coda_16_9034_nearest_dist_n1,16,nearest-distance,PIXEL_7b,0
coda_16_9035_direction_n1,16,direction,PIXEL_7b,0
coda_16_9038_counting_n1,16,counting,PIXEL_7b,0
coda_16_9041_counting_n1,16,counting,PIXEL_7b,0
coda_16_9051_counting_n1,16,counting,PIXEL_7b,0
coda_16_9127_nearest_dist_n1,16,nearest-distance,PIXEL_7b,0
coda_16_9130_direction_n1,16,direction,PIXEL_7b,1
coda_16_9135_counting_n1,16,counting,PIXEL_7b,1
coda_16_9138_counting_n1,16,counting,PIXEL_7b,1
coda_16_9229_nearest_class_n1,16,nearest-class,PIXEL_7b,1
coda_17_10197_nearest_dist_n1,17,nearest-distance,PIXEL_7b,0
coda_17_10199_direction_n1,17,direction,PIXEL_7b,0
coda_17_10201_path_object_n1,17,path-object,PIXEL_7b,1
coda_17_10930_nearest_class_n1,17,nearest-class,PIXEL_7b,1
coda_17_10931_nearest_class_n1,17,nearest-class,PIXEL_7b,0
coda_17_10934_direction_n1,17,direction,PIXEL_7b,1
coda_17_10935_direction_n1,17,direction,PIXEL_7b,1
coda_17_10940_path_object_n1,17,path-object,PIXEL_7b,1
coda_17_10943_nearest_class_n1,17,nearest-class,PIXEL_7b,1
coda_17_10951_nearest_class_n1,17,nearest-class,PIXEL_7b,1
coda_17_10955_nearest_dist_n1,17,nearest-distance,PIXEL_7b,1
coda_17_10961_direction_n1,17,direction,PIXEL_7b,1
coda_17_10962_path_object_n1,17,path-object,PIXEL_7b,1
coda_17_10967_counting_n1,17,counting,PIXEL_7b,0
coda_17_11006_nearest_class_n1,17,nearest-class,PIXEL_7b,0
coda_17_2050_nearest_dist_n1,17,nearest-distance,PIXEL_7b,1
coda_17_2051_direction_n1,17,direction,PIXEL_7b,1
coda_17_2064_path_object_n1,17,path-object,PIXEL_7b,1
coda_17_2098_counting_n1,17,counting,PIXEL_7b,0
coda_17_2104_nearest_class_n1,17,nearest-class,PIXEL_7b,1
coda_17_2120_path_object_n1,17,path-object,PIXEL_7b,1
coda_17_2122_path_object_n1,17,path-object,PIXEL_7b,1
coda_17_2173_counting_n1,17,counting,PIXEL_7b,0
coda_17_6027_counting_n1,17,counting,PIXEL_7b,1
coda_17_6183_nearest_class_n1,17,nearest-class,PIXEL_7b,1
coda_17_6187_nearest_dist_n1,17,nearest-distance,PIXEL_7b,0
coda_17_6192_path_object_n1,17,path-object,PIXEL_7b,1
coda_17_6194_path_object_n1,17,path-object,PIXEL_7b,1
coda_17_6197_counting_n1,17,counting,PIXEL_7b,1
coda_17_6198_nearest_class_n1,17,nearest-class,PIXEL_7b,1
coda_17_6201_nearest_dist_n1,17,nearest-distance,PIXEL_7b,0
coda_17_6203_direction_n1,17,direction,PIXEL_7b,1
coda_17_6207_path_object_n1,17,path-object,PIXEL_7b,1
coda_17_6208_counting_n1,17,counting,PIXEL_7b,1
coda_17_6209_nearest_class_n1,17,nearest-class,PIXEL_7b,1
coda_17_6210_direction_n1,17,direction,PIXEL_7b,1
coda_17_6216_direction_n1,17,direction,PIXEL_7b,1
coda_17_6336_path_object_n1,17,path-object,PIXEL_7b,1
coda_17_6337_counting_n1,17,counting,PIXEL_7b,1
coda_17_6341_nearest_dist_n1,17,nearest-distance,PIXEL_7b,1
coda_17_7781_nearest_dist_n1,17,nearest-distance,PIXEL_7b,1
coda_17_7786_path_object_n1,17,path-object,PIXEL_7b,1
coda_17_7793_path_object_n1,17,path-object,PIXEL_7b,1
coda_17_7800_counting_n1,17,counting,PIXEL_7b,1
coda_17_7807_nearest_dist_n1,17,nearest-distance,PIXEL_7b,1
coda_17_8272_nearest_dist_n1,17,nearest-distance,PIXEL_7b,0
coda_17_8275_direction_n1,17,direction,PIXEL_7b,1
coda_17_8276_path_object_n1,17,path-object,PIXEL_7b,1
coda_17_9866_counting_n1,17,counting,PIXEL_7b,0
coda_17_9874_nearest_class_n1,17,nearest-class,PIXEL_7b,1
coda_17_9875_nearest_dist_n1,17,nearest-distance,PIXEL_7b,0
coda_17_9876_direction_n1,17,direction,PIXEL_7b,0
coda_18_1654_path_object_n1,18,path-object,PIXEL_7b,1
coda_18_1657_counting_n1,18,counting,PIXEL_7b,0
coda_18_1660_path_object_n1,18,path-object,PIXEL_7b,1
coda_18_1663_path_object_n1,18,path-object,PIXEL_7b,1
coda_18_1705_direction_n1,18,direction,PIXEL_7b,1
coda_18_1711_path_object_n1,18,path-object,PIXEL_7b,1
coda_18_1716_counting_n1,18,counting,PIXEL_7b,1
coda_18_1722_nearest_class_n1,18,nearest-class,PIXEL_7b,1
coda_18_6581_nearest_dist_n1,18,nearest-distance,PIXEL_7b,0
coda_18_6634_direction_n1,18,direction,PIXEL_7b,0
coda_18_6648_path_object_n1,18,path-object,PIXEL_7b,1
coda_18_6652_counting_n1,18,counting,PIXEL_7b,0
coda_18_6653_nearest_class_n1,18,nearest-class,PIXEL_7b,0
coda_19_2757_nearest_dist_n1,19,nearest-distance,PIXEL_7b,1
coda_19_2759_direction_n1,19,direction,PIXEL_7b,1
coda_19_2768_path_object_n1,19,path-object,PIXEL_7b,1
coda_19_2770_counting_n1,19,counting,PIXEL_7b,1
coda_19_2775_nearest_class_n1,19,nearest-class,PIXEL_7b,1
coda_19_2786_nearest_dist_n1,19,nearest-distance,PIXEL_7b,1
coda_19_2795_direction_n1,19,direction,PIXEL_7b,1
coda_19_2799_path_object_n1,19,path-object,PIXEL_7b,0
coda_19_2800_counting_n1,19,counting,PIXEL_7b,0
coda_19_2801_nearest_class_n1,19,nearest-class,PIXEL_7b,1
coda_19_2806_nearest_dist_n1,19,nearest-distance,PIXEL_7b,1
coda_19_2814_direction_n1,19,direction,PIXEL_7b,1
coda_19_2816_path_object_n1,19,path-object,PIXEL_7b,1
coda_19_2820_counting_n1,19,counting,PIXEL_7b,0
coda_19_2824_direction_n1,19,direction,PIXEL_7b,1
coda_19_2892_direction_n1,19,direction,PIXEL_7b,1
coda_1_1851_path_object_n1,1,path-object,PIXEL_7b,1
coda_1_1852_path_object_n1,1,path-object,PIXEL_7b,1
coda_1_1857_counting_n1,1,counting,PIXEL_7b,0
coda_1_1858_nearest_class_n1,1,nearest-class,PIXEL_7b,0
coda_1_1864_nearest_dist_n1,1,nearest-distance,PIXEL_7b,1
coda_1_1908_direction_n1,1,direction,PIXEL_7b,1
coda_1_1915_path_object_n1,1,path-object,PIXEL_7b,1
coda_1_2006_counting_n1,1,counting,PIXEL_7b,0
coda_1_2045_nearest_class_n1,1,nearest-class,PIXEL_7b,1
coda_1_2078_nearest_dist_n1,1,nearest-distance,PIXEL_7b,1
coda_1_2081_path_object_n1,1,path-object,PIXEL_7b,1
coda_1_2083_path_object_n1,1,path-object,PIXEL_7b,1
coda_1_2085_counting_n1,1,counting,PIXEL_7b,1
coda_1_2088_nearest_class_n1,1,nearest-class,PIXEL_7b,1
coda_1_2092_path_object_n1,1,path-object,PIXEL_7b,1
coda_1_2093_direction_n1,1,direction,PIXEL_7b,1
coda_1_2099_path_object_n1,1,path-object,PIXEL_7b,1
coda_1_2105_counting_n1,1,counting,PIXEL_7b,0
coda_1_2106_nearest_class_n1,1,nearest-class,PIXEL_7b,0
coda_1_2109_nearest_dist_n1,1,nearest-distance,PIXEL_7b,1
coda_1_2111_direction_n1,1,direction,PIXEL_7b,0
coda_1_2157_path_object_n1,1,path-object,PIXEL_7b,1
coda_1_2161_counting_n1,1,counting,PIXEL_7b,0
coda_1_2166_nearest_class_n1,1,nearest-class,PIXEL_7b,1
coda_1_2232_nearest_dist_n1,1,nearest-distance,PIXEL_7b,1
coda_1_2234_direction_n1,1,direction,PIXEL_7b,1
coda_1_2236_counting_n1,1,counting,PIXEL_7b,0
coda_1_2237_counting_n1,1,counting,PIXEL_7b,0
coda_1_2238_nearest_class_n1,1,nearest-class,PIXEL_7b,0
coda_1_2244_nearest_dist_n1,1,nearest-distance,PIXEL_7b,1
coda_1_2245_direction_n1,1,direction,PIXEL_7b,1
coda_1_2937_path_object_n1,1,path-object,PIXEL_7b,1
coda_1_2939_nearest_class_n1,1,nearest-class,PIXEL_7b,1
coda_1_2952_nearest_class_n1,1,nearest-class,PIXEL_7b,1
coda_1_2955_nearest_dist_n1,1,nearest-distance,PIXEL_7b,0
coda_1_2968_direction_n1,1,direction,PIXEL_7b,1
coda_1_2983_path_object_n1,1,path-object,PIXEL_7b,0
coda_1_2984_counting_n1,1,counting,PIXEL_7b,0
coda_1_3371_nearest_dist_n1,1,nearest-distance,PIXEL_7b,1
coda_20_10010_direction_n1,20,direction,PIXEL_7b,1
coda_20_10011_direction_n1,20,direction,PIXEL_7b,1
coda_20_10012_path_object_n1,20,path-object,PIXEL_7b,1
coda_20_10026_nearest_class_n1,20,nearest-class,PIXEL_7b,1
coda_20_10032_nearest_class_n1,20,nearest-class,PIXEL_7b,1
coda_20_10033_nearest_dist_n1,20,nearest-distance,PIXEL_7b,0
coda_20_10034_path_object_n1,20,path-object,PIXEL_7b,1
coda_20_10117_counting_n1,20,counting,PIXEL_7b,0
coda_20_10118_counting_n1,20,counting,PIXEL_7b,0
coda_20_10193_nearest_class_n1,20,nearest-class,PIXEL_7b,1
coda_20_10203_nearest_dist_n1,20,nearest-distance,PIXEL_7b,0
coda_20_10212_direction_n1,20,direction,PIXEL_7b,1
coda_20_10325_path_object_n1,20,path-object,PIXEL_7b,1
coda_20_10328_nearest_class_n1,20,nearest-class,PIXEL_7b,1
coda_20_10333_nearest_class_n1,20,nearest-class,PIXEL_7b,1
coda_20_10334_nearest_dist_n1,20,nearest-distance,PIXEL_7b,0
coda_20_10335_direction_n1,20,direction,PIXEL_7b,1
coda_20_10340_path_object_n1,20,path-object,PIXEL_7b,1
coda_20_10378_counting_n1,20,counting,PIXEL_7b,1
coda_20_10380_direction_n1,20,direction,PIXEL_7b,1
coda_20_10386_direction_n1,20,direction,PIXEL_7b,1
coda_20_10387_direction_n1,20,direction,PIXEL_7b,1
coda_20_10388_nearest_dist_n1,20,nearest-distance,PIXEL_7b,0
coda_20_10393_nearest_class_n1,20,nearest-class,PIXEL_7b,1
coda_20_10394_nearest_class_n1,20,nearest-class,PIXEL_7b,1
coda_20_10396_nearest_dist_n1,20,nearest-distance,PIXEL_7b,0
coda_20_10397_direction_n1,20,direction,PIXEL_7b,1
coda_20_10399_path_object_n1,20,path-object,PIXEL_7b,1
coda_20_10409_counting_n1,20,counting,PIXEL_7b,1
coda_20_10414_nearest_dist_n1,20,nearest-distance,PIXEL_7b,0
coda_20_10415_nearest_dist_n1,20,nearest-distance,PIXEL_7b,0
coda_20_10425_direction_n1,20,direction,PIXEL_7b,0
coda_20_10426_path_object_n1,20,path-object,PIXEL_7b,1
coda_20_10427_nearest_class_n1,20,nearest-class,PIXEL_7b,1
coda_20_10428_nearest_class_n1,20,nearest-class,PIXEL_7b,1
coda_20_1076_nearest_dist_n1,20,nearest-distance,PIXEL_7b,1
coda_20_1077_direction_n1,20,direction,PIXEL_7b,1
coda_20_1078_path_object_n1,20,path-object,PIXEL_7b,1
coda_20_1137_counting_n1,20,counting,PIXEL_7b,1
coda_20_1140_nearest_class_n1,20,nearest-class,PIXEL_7b,1
coda_20_1144_direction_n1,20,direction,PIXEL_7b,1
coda_20_11920_path_object_n1,20,path-object,PIXEL_7b,1
coda_20_12092_counting_n1,20,counting,PIXEL_7b,0
coda_20_12095_counting_n1,20,counting,PIXEL_7b,0
coda_20_12099_nearest_class_n1,20,nearest-class,PIXEL_7b,1
coda_20_12100_direction_n1,20,direction,PIXEL_7b,1
coda_20_12104_direction_n1,20,direction,PIXEL_7b,1
coda_20_12106_path_object_n1,20,path-object,PIXEL_7b,1
coda_20_12108_counting_n1,20,counting,PIXEL_7b,0
coda_20_1219_nearest_class_n1,20,nearest-class,PIXEL_7b,1
coda_20_1222_direction_n1,20,direction,PIXEL_7b,1
coda_20_12638_direction_n1,20,direction,PIXEL_7b,0
coda_20_12643_path_object_n1,20,path-object,PIXEL_7b,1
coda_20_12771_direction_n1,20,direction,PIXEL_7b,1
coda_20_12810_nearest_dist_n1,20,nearest-distance,PIXEL_7b,1
coda_20_12868_direction_n1,20,direction,PIXEL_7b,1
coda_20_12869_direction_n1,20,direction,PIXEL_7b,1
coda_20_12872_path_object_n1,20,path-object,PIXEL_7b,1
coda_20_12874_counting_n1,20,counting,PIXEL_7b,1
coda_20_12883_nearest_class_n1,20,nearest-class,PIXEL_7b,1
coda_20_12892_nearest_dist_n1,20,nearest-distance,PIXEL_7b,1
coda_20_12895_direction_n1,20,direction,PIXEL_7b,1
coda_20_12897_counting_n1,20,counting,PIXEL_7b,0
coda_20_12900_counting_n1,20,counting,PIXEL_7b,0
coda_20_12901_nearest_class_n1,20,nearest-class,PIXEL_7b,1
coda_20_12982_nearest_dist_n1,20,nearest-distance,PIXEL_7b,1
coda_20_12984_direction_n1,20,direction,PIXEL_7b,1
coda_20_12986_path_object_n1,20,path-object,PIXEL_7b,1
coda_20_12987_counting_n1,20,counting,PIXEL_7b,0
coda_20_12988_nearest_class_n1,20,nearest-class,PIXEL_7b,1
coda_20_12996_nearest_dist_n1,20,nearest-distance,PIXEL_7b,0
coda_20_13003_direction_n1,20,direction,PIXEL_7b,0
coda_20_13013_path_object_n1,20,path-object,PIXEL_7b,1
coda_20_13016_counting_n1,20,counting,PIXEL_7b,1
coda_20_13019_nearest_class_n1,20,nearest-class,PIXEL_7b,1
coda_20_13025_nearest_dist_n1,20,nearest-distance,PIXEL_7b,1
coda_20_13029_direction_n1,20,direction,PIXEL_7b,1
coda_20_13038_path_object_n1,20,path-object,PIXEL_7b,1
coda_20_13039_counting_n1,20,counting,PIXEL_7b,0
coda_20_13048_nearest_dist_n1,20,nearest-distance,PIXEL_7b,0
coda_20_13054_nearest_dist_n1,20,nearest-distance,PIXEL_7b,1
coda_20_13060_direction_n1,20,direction,PIXEL_7b,1
coda_20_13064_path_object_n1,20,path-object,PIXEL_7b,0
coda_20_13071_nearest_class_n1,20,nearest-class,PIXEL_7b,1
coda_20_13079_nearest_dist_n1,20,nearest-distance,PIXEL_7b,1
coda_20_13081_nearest_dist_n1,20,nearest-distance,PIXEL_7b,1
coda_20_13143_direction_n1,20,direction,PIXEL_7b,1
coda_20_13146_path_object_n1,20,path-object,PIXEL_7b,1
coda_20_13210_counting_n1,20,counting,PIXEL_7b,0
coda_20_13211_nearest_class_n1,20,nearest-class,PIXEL_7b,1
coda_20_13212_direction_n1,20,direction,PIXEL_7b,1
coda_20_13214_direction_n1,20,direction,PIXEL_7b,1
coda_20_13215_path_object_n1,20,path-object,PIXEL_7b,1
coda_20_13251_counting_n1,20,counting,PIXEL_7b,0
coda_20_13261_nearest_class_n1,20,nearest-class,PIXEL_7b,1
coda_20_13262_nearest_dist_n1,20,nearest-distance,PIXEL_7b,0
coda_20_13263_direction_n1,20,direction,PIXEL_7b,0
coda_20_13269_path_object_n1,20,path-object,PIXEL_7b,1
coda_20_13270_counting_n1,20,counting,PIXEL_7b,1
coda_20_13271_nearest_class_n1,20,nearest-class,PIXEL_7b,1
coda_20_3056_direction_n1,20,direction,PIXEL_7b,0
coda_20_3066_direction_n1,20,direction,PIXEL_7b,0
coda_20_3067_path_object_n1,20,path-object,PIXEL_7b,1
coda_20_3174_nearest_class_n1,20,nearest-class,PIXEL_7b,1
coda_20_3292_nearest_class_n1,20,nearest-class,PIXEL_7b,1
coda_20_3293_direction_n1,20,direction,PIXEL_7b,1
coda_20_3305_direction_n1,20,direction,PIXEL_7b,1
coda_20_3311_path_object_n1,20,path-object,PIXEL_7b,1
coda_20_3387_nearest_class_n1,20,nearest-class,PIXEL_7b,1
coda_20_3453_nearest_class_n1,20,nearest-class,PIXEL_7b,1
coda_20_3486_direction_n1,20,direction,PIXEL_7b,1
coda_20_3489_direction_n1,20,direction,PIXEL_7b,1
coda_20_3494_path_object_n1,20,path-object,PIXEL_7b,1
coda_20_3497_counting_n1,20,counting,PIXEL_7b,0
coda_20_4243_nearest_class_n1,20,nearest-class,PIXEL_7b,1
coda_20_4250_nearest_dist_n1,20,nearest-distance,PIXEL_7b,1
coda_20_4256_direction_n1,20,direction,PIXEL_7b,1
coda_20_4260_path_object_n1,20,path-object,PIXEL_7b,1
coda_20_4261_counting_n1,20,counting,PIXEL_7b,0
coda_20_4262_nearest_class_n1,20,nearest-class,PIXEL_7b,1
coda_20_4267_direction_n1,20,direction,PIXEL_7b,1
coda_20_4300_direction_n1,20,direction,PIXEL_7b,0
coda_20_4303_path_object_n1,20,path-object,PIXEL_7b,1
coda_20_4356_counting_n1,20,counting,PIXEL_7b,0
coda_20_4357_nearest_dist_n1,20,nearest-distance,PIXEL_7b,1
coda_20_4554_nearest_dist_n1,20,nearest-distance,PIXEL_7b,0
coda_20_4566_direction_n1,20,direction,PIXEL_7b,1
coda_20_4567_path_object_n1,20,path-object,PIXEL_7b,1
coda_20_4573_counting_n1,20,counting,PIXEL_7b,0
coda_20_4630_nearest_class_n1,20,nearest-class,PIXEL_7b,1
coda_20_4876_nearest_dist_n1,20,nearest-distance,PIXEL_7b,0
coda_20_4877_direction_n1,20,direction,PIXEL_7b,1
coda_20_4883_path_object_n1,20,path-object,PIXEL_7b,1
coda_20_4885_counting_n1,20,counting,PIXEL_7b,0
coda_20_4890_nearest_class_n1,20,nearest-class,PIXEL_7b,1
coda_20_4894_direction_n1,20,direction,PIXEL_7b,0
coda_20_4926_path_object_n1,20,path-object,PIXEL_7b,1
coda_20_4928_path_object_n1,20,path-object,PIXEL_7b,1
coda_20_4932_nearest_class_n1,20,nearest-class,PIXEL_7b,1
coda_20_4934_nearest_class_n1,20,nearest-class,PIXEL_7b,1
coda_20_4938_nearest_dist_n1,20,nearest-distance,PIXEL_7b,0
coda_20_4939_direction_n1,20,direction,PIXEL_7b,1
coda_20_4943_path_object_n1,20,path-object,PIXEL_7b,1
coda_20_4944_counting_n1,20,counting,PIXEL_7b,1
coda_20_4948_nearest_dist_n1,20,nearest-distance,PIXEL_7b,1
coda_20_4952_nearest_dist_n1,20,nearest-distance,PIXEL_7b,0
coda_20_4953_direction_n1,20,direction,PIXEL_7b,1
coda_20_5288_path_object_n1,20,path-object,PIXEL_7b,1
coda_20_5293_nearest_class_n1,20,nearest-class,PIXEL_7b,1
coda_20_5300_nearest_class_n1,20,nearest-class,PIXEL_7b,1
coda_20_5354_nearest_dist_n1,20,nearest-distance,PIXEL_7b,1
coda_20_5357_direction_n1,20,direction,PIXEL_7b,1
coda_20_5359_path_object_n1,20,path-object,PIXEL_7b,1
coda_20_5361_counting_n1,20,counting,PIXEL_7b,1
coda_20_5476_nearest_class_n1,20,nearest-class,PIXEL_7b,1
coda_20_5477_nearest_dist_n1,20,nearest-distance,PIXEL_7b,0
coda_20_5489_direction_n1,20,direction,PIXEL_7b,1
coda_20_5611_counting_n1,20,counting,PIXEL_7b,0
coda_20_5674_nearest_class_n1,20,nearest-class,PIXEL_7b,1
coda_20_5684_nearest_class_n1,20,nearest-class,PIXEL_7b,1
coda_20_5689_nearest_dist_n1,20,nearest-distance,PIXEL_7b,0
coda_20_5690_direction_n1,20,direction,PIXEL_7b,1
coda_20_5701_path_object_n1,20,path-object,PIXEL_7b,1
coda_20_5702_nearest_class_n1,20,nearest-class,PIXEL_7b,1
coda_20_5703_nearest_class_n1,20,nearest-class,PIXEL_7b,1
coda_20_5704_nearest_dist_n1,20,nearest-distance,PIXEL_7b,1
coda_20_5752_path_object_n1,20,path-object,PIXEL_7b,1
coda_20_7488_path_object_n1,20,path-object,PIXEL_7b,0
coda_20_7489_counting_n1,20,counting,PIXEL_7b,0
coda_20_7493_nearest_class_n1,20,nearest-class,PIXEL_7b,1
coda_20_7526_nearest_dist_n1,20,nearest-distance,PIXEL_7b,1
coda_20_7534_direction_n1,20,direction,PIXEL_7b,0
coda_20_7536_counting_n1,20,counting,PIXEL_7b,1
coda_20_7542_counting_n1,20,counting,PIXEL_7b,1
coda_20_7544_nearest_class_n1,20,nearest-class,PIXEL_7b,0
coda_20_7630_nearest_dist_n1,20,nearest-distance,PIXEL_7b,1
coda_20_7703_direction_n1,20,direction,PIXEL_7b,1
coda_20_7710_path_object_n1,20,path-object,PIXEL_7b,1
coda_20_7712_counting_n1,20,counting,PIXEL_7b,1
coda_20_7715_nearest_class_n1,20,nearest-class,PIXEL_7b,1
coda_20_7751_direction_n1,20,direction,PIXEL_7b,1
coda_20_7923_direction_n1,20,direction,PIXEL_7b,1
coda_20_7927_path_object_n1,20,path-object,PIXEL_7b,1
coda_20_7928_nearest_class_n1,20,nearest-class,PIXEL_7b,1
coda_20_7936_nearest_class_n1,20,nearest-class,PIXEL_7b,1
coda_20_7937_nearest_dist_n1,20,nearest-distance,PIXEL_7b,0
coda_20_7938_direction_n1,20,direction,PIXEL_7b,0
coda_20_7968_path_object_n1,20,path-object,PIXEL_7b,1
coda_20_8176_counting_n1,20,counting,PIXEL_7b,1
coda_20_8178_nearest_class_n1,20,nearest-class,PIXEL_7b,1
coda_20_8181_nearest_dist_n1,20,nearest-distance,PIXEL_7b,0
coda_20_8182_direction_n1,20,direction,PIXEL_7b,1
coda_20_8183_path_object_n1,20,path-object,PIXEL_7b,1
coda_20_8185_counting_n1,20,counting,PIXEL_7b,0
coda_20_8196_nearest_class_n1,20,nearest-class,PIXEL_7b,1
coda_20_8198_nearest_dist_n1,20,nearest-distance,PIXEL_7b,1
coda_20_8466_direction_n1,20,direction,PIXEL_7b,1
coda_20_8467_path_object_n1,20,path-object,PIXEL_7b,1
coda_20_8474_nearest_class_n1,20,nearest-class,PIXEL_7b,1
coda_20_8475_nearest_class_n1,20,nearest-class,PIXEL_7b,1
coda_20_8483_nearest_dist_n1,20,nearest-distance,PIXEL_7b,1
coda_20_8519_direction_n1,20,direction,PIXEL_7b,1
coda_20_8613_path_object_n1,20,path-object,PIXEL_7b,1
coda_20_8618_nearest_class_n1,20,nearest-class,PIXEL_7b,1
coda_20_8619_nearest_class_n1,20,nearest-class,PIXEL_7b,1
coda_20_8738_direction_n1,20,direction,PIXEL_7b,1
coda_20_8741_direction_n1,20,direction,PIXEL_7b,1
coda_20_8742_path_object_n1,20,path-object,PIXEL_7b,1
coda_20_8744_counting_n1,20,counting,PIXEL_7b,1
coda_20_8746_nearest_class_n1,20,nearest-class,PIXEL_7b,1
coda_20_8747_nearest_dist_n1,20,nearest-distance,PIXEL_7b,1
coda_20_8751_direction_n1,20,direction,PIXEL_7b,1
coda_20_8783_path_object_n1,20,path-object,PIXEL_7b,0
coda_20_8792_counting_n1,20,counting,PIXEL_7b,0
coda_20_8795_nearest_dist_n1,20,nearest-distance,PIXEL_7b,1
coda_20_8803_nearest_dist_n1,20,nearest-distance,PIXEL_7b,1
coda_20_8806_direction_n1,20,direction,PIXEL_7b,1
coda_20_8808_path_object_n1,20,path-object,PIXEL_7b,1
coda_20_8813_counting_n1,20,counting,PIXEL_7b,1
coda_20_8824_nearest_class_n1,20,nearest-class,PIXEL_7b,1
coda_20_8845_path_object_n1,20,path-object,PIXEL_7b,0
coda_20_9392_path_object_n1,20,path-object,PIXEL_7b,1
coda_20_9393_path_object_n1,20,path-object,PIXEL_7b,1
coda_20_9397_nearest_class_n1,20,nearest-class,PIXEL_7b,1
coda_20_9406_nearest_class_n1,20,nearest-class,PIXEL_7b,1
coda_20_9411_direction_n1,20,direction,PIXEL_7b,1
coda_20_9412_direction_n1,20,direction,PIXEL_7b,0
coda_20_9424_path_object_n1,20,path-object,PIXEL_7b,1
coda_20_9429_counting_n1,20,counting,PIXEL_7b,1
coda_20_9432_nearest_class_n1,20,nearest-class,PIXEL_7b,1
coda_20_9436_nearest_dist_n1,20,nearest-distance,PIXEL_7b,0
coda_20_9471_direction_n1,20,direction,PIXEL_7b,1
coda_20_9474_path_object_n1,20,path-object,PIXEL_7b,1
coda_20_9478_counting_n1,20,counting,PIXEL_7b,0
coda_20_9479_nearest_class_n1,20,nearest-class,PIXEL_7b,1
coda_20_9612_nearest_dist_n1,20,nearest-distance,PIXEL_7b,0
coda_20_9722_direction_n1,20,direction,PIXEL_7b,1
coda_20_9725_path_object_n1,20,path-object,PIXEL_7b,1
coda_20_9727_counting_n1,20,counting,PIXEL_7b,1
coda_20_9728_nearest_class_n1,20,nearest-class,PIXEL_7b,1
coda_20_973_direction_n1,20,direction,PIXEL_7b,1
coda_20_9736_direction_n1,20,direction,PIXEL_7b,0
coda_20_9737_path_object_n1,20,path-object,PIXEL_7b,1
coda_20_9745_counting_n1,20,counting,PIXEL_7b,1
coda_20_9746_nearest_class_n1,20,nearest-class,PIXEL_7b,1
coda_20_9754_nearest_dist_n1,20,nearest-distance,PIXEL_7b,1
coda_20_9785_direction_n1,20,direction,PIXEL_7b,1
coda_20_9787_path_object_n1,20,path-object,PIXEL_7b,1
coda_20_9788_counting_n1,20,counting,PIXEL_7b,0
coda_20_9790_nearest_class_n1,20,nearest-class,PIXEL_7b,1
coda_20_9927_nearest_dist_n1,20,nearest-distance,PIXEL_7b,1
coda_20_9928_direction_n1,20,direction,PIXEL_7b,0
coda_20_9958_path_object_n1,20,path-object,PIXEL_7b,1
coda_20_9959_counting_n1,20,counting,PIXEL_7b,0
coda_2_2441_nearest_class_n1,2,nearest-class,PIXEL_7b,1
coda_2_2442_nearest_dist_n1,2,nearest-distance,PIXEL_7b,0
coda_2_2443_direction_n1,2,direction,PIXEL_7b,1
coda_2_2457_path_object_n1,2,path-object,PIXEL_7b,1
coda_2_2459_counting_n1,2,counting,PIXEL_7b,1
coda_2_2460_nearest_class_n1,2,nearest-class,PIXEL_7b,1
coda_2_2465_nearest_dist_n1,2,nearest-distance,PIXEL_7b,1
coda_2_2468_path_object_n1,2,path-object,PIXEL_7b,1
coda_2_2537_path_object_n1,2,path-object,PIXEL_7b,1
coda_2_2539_counting_n1,2,counting,PIXEL_7b,0
coda_2_2541_nearest_class_n1,2,nearest-class,PIXEL_7b,1
coda_2_2544_nearest_dist_n1,2,nearest-distance,PIXEL_7b,0
coda_2_2545_direction_n1,2,direction,PIXEL_7b,1
coda_2_5041_path_object_n1,2,path-object,PIXEL_7b,1
coda_2_5044_counting_n1,2,counting,PIXEL_7b,1
coda_2_5046_nearest_dist_n1,2,nearest-distance,PIXEL_7b,0
coda_2_5048_nearest_dist_n1,2,nearest-distance,PIXEL_7b,0
coda_2_5051_path_object_n1,2,path-object,PIXEL_7b,1
coda_2_5058_path_object_n1,2,path-object,PIXEL_7b,0
coda_2_5060_counting_n1,2,counting,PIXEL_7b,0
coda_2_5081_direction_n1,2,direction,PIXEL_7b,1
coda_2_5084_direction_n1,2,direction,PIXEL_7b,1
coda_2_5086_direction_n1,2,direction,PIXEL_7b,1
coda_2_5091_path_object_n1,2,path-object,PIXEL_7b,1
coda_2_5093_counting_n1,2,counting,PIXEL_7b,0
coda_2_5094_nearest_class_n1,2,nearest-class,PIXEL_7b,1
coda_2_5101_direction_n1,2,direction,PIXEL_7b,1
coda_2_5104_direction_n1,2,direction,PIXEL_7b,1
coda_2_5109_path_object_n1,2,path-object,PIXEL_7b,1
coda_2_5111_counting_n1,2,counting,PIXEL_7b,0
coda_2_5112_nearest_class_n1,2,nearest-class,PIXEL_7b,1
coda_2_5114_nearest_dist_n1,2,nearest-distance,PIXEL_7b,0
coda_2_5120_path_object_n1,2,path-object,PIXEL_7b,1
coda_2_5122_path_object_n1,2,path-object,PIXEL_7b,1
coda_2_5126_counting_n1,2,counting,PIXEL_7b,1
coda_2_5129_nearest_class_n1,2,nearest-class,PIXEL_7b,1
coda_2_5198_nearest_dist_n1,2,nearest-distance,PIXEL_7b,1
coda_2_5202_path_object_n1,2,path-object,PIXEL_7b,1
coda_2_5203_counting_n1,2,counting,PIXEL_7b,0
coda_2_5205_counting_n1,2,counting,PIXEL_7b,1
coda_2_5289_nearest_dist_n1,2,nearest-distance,PIXEL_7b,1
coda_2_5293_nearest_dist_n1,2,nearest-distance,PIXEL_7b,1
coda_2_5338_direction_n1,2,direction,PIXEL_7b,1
coda_2_5339_path_object_n1,2,path-object,PIXEL_7b,1
coda_2_5587_counting_n1,2,counting,PIXEL_7b,0
coda_2_5589_nearest_class_n1,2,nearest-class,PIXEL_7b,1
coda_2_5591_nearest_dist_n1,2,nearest-distance,PIXEL_7b,1
coda_2_5593_direction_n1,2,direction,PIXEL_7b,1
coda_2_5595_path_object_n1,2,path-object,PIXEL_7b,1
coda_2_6852_counting_n1,2,counting,PIXEL_7b,0
coda_2_6962_nearest_class_n1,2,nearest-class,PIXEL_7b,1
coda_2_6968_direction_n1,2,direction,PIXEL_7b,0
coda_2_6970_direction_n1,2,direction,PIXEL_7b,0
coda_2_6974_path_object_n1,2,path-object,PIXEL_7b,1
coda_2_6975_counting_n1,2,counting,PIXEL_7b,1
coda_2_6988_nearest_dist_n1,2,nearest-distance,PIXEL_7b,1
coda_2_6990_direction_n1,2,direction,PIXEL_7b,1
coda_2_7032_counting_n1,2,counting,PIXEL_7b,0
coda_2_7141_path_object_n1,2,path-object,PIXEL_7b,1
coda_2_7142_counting_n1,2,counting,PIXEL_7b,0
coda_2_7149_nearest_class_n1,2,nearest-class,PIXEL_7b,1
coda_3_11984_nearest_dist_n1,3,nearest-distance,PIXEL_7b,0
coda_3_12067_direction_n1,3,direction,PIXEL_7b,0
coda_3_12069_path_object_n1,3,path-object,PIXEL_7b,1
coda_3_12072_counting_n1,3,counting,PIXEL_7b,1
coda_3_12075_nearest_class_n1,3,nearest-class,PIXEL_7b,1
coda_3_12137_direction_n1,3,direction,PIXEL_7b,1
coda_3_12145_direction_n1,3,direction,PIXEL_7b,1
coda_3_12149_path_object_n1,3,path-object,PIXEL_7b,1
coda_3_1820_counting_n1,3,counting,PIXEL_7b,0
coda_3_1825_nearest_class_n1,3,nearest-class,PIXEL_7b,1
coda_3_1826_nearest_dist_n1,3,nearest-distance,PIXEL_7b,1
coda_3_1837_path_object_n1,3,path-object,PIXEL_7b,1
coda_3_1840_path_object_n1,3,path-object,PIXEL_7b,1
coda_3_1842_counting_n1,3,counting,PIXEL_7b,1
coda_3_1844_nearest_class_n1,3,nearest-class,PIXEL_7b,1
coda_3_1933_nearest_dist_n1,3,nearest-distance,PIXEL_7b,1
coda_3_1934_direction_n1,3,direction,PIXEL_7b,1
coda_3_1937_path_object_n1,3,path-object,PIXEL_7b,1
coda_3_1942_counting_n1,3,counting,PIXEL_7b,0
coda_3_1996_nearest_class_n1,3,nearest-class,PIXEL_7b,1
coda_3_2000_direction_n1,3,direction,PIXEL_7b,1
coda_3_2001_direction_n1,3,direction,PIXEL_7b,1
coda_3_2009_path_object_n1,3,path-object,PIXEL_7b,1
coda_3_2015_counting_n1,3,counting,PIXEL_7b,1
coda_3_2026_nearest_class_n1,3,nearest-class,PIXEL_7b,1
coda_3_2027_direction_n1,3,direction,PIXEL_7b,1
coda_3_2033_direction_n1,3,direction,PIXEL_7b,1
coda_4_1337_path_object_n1,4,path-object,PIXEL_7b,1
coda_4_1340_counting_n1,4,counting,PIXEL_7b,0
coda_4_1343_nearest_class_n1,4,nearest-class,PIXEL_7b,1
coda_4_1427_nearest_dist_n1,4,nearest-distance,PIXEL_7b,1
coda_4_1431_path_object_n1,4,path-object,PIXEL_7b,1
coda_4_1475_path_object_n1,4,path-object,PIXEL_7b,1
coda_4_1476_counting_n1,4,counting,PIXEL_7b,0
coda_4_6639_nearest_class_n1,4,nearest-class,PIXEL_7b,1
coda_4_6640_direction_n1,4,direction,PIXEL_7b,1
coda_4_6644_path_object_n1,4,path-object,PIXEL_7b,1
coda_4_6651_path_object_n1,4,path-object,PIXEL_7b,1
coda_4_6653_counting_n1,4,counting,PIXEL_7b,1
coda_4_6656_nearest_class_n1,4,nearest-class,PIXEL_7b,1
coda_4_6663_nearest_dist_n1,4,nearest-distance,PIXEL_7b,1
coda_4_6694_direction_n1,4,direction,PIXEL_7b,0
coda_4_6769_path_object_n1,4,path-object,PIXEL_7b,1
coda_4_6774_counting_n1,4,counting,PIXEL_7b,0
coda_4_6777_nearest_class_n1,4,nearest-class,PIXEL_7b,0
coda_4_6782_nearest_dist_n1,4,nearest-distance,PIXEL_7b,1
coda_4_6796_direction_n1,4,direction,PIXEL_7b,1
coda_4_6799_nearest_class_n1,4,nearest-class,PIXEL_7b,0
coda_4_6804_counting_n1,4,counting,PIXEL_7b,0
coda_4_6807_nearest_class_n1,4,nearest-class,PIXEL_7b,1
coda_4_6875_nearest_dist_n1,4,nearest-distance,PIXEL_7b,1
coda_4_6880_direction_n1,4,direction,PIXEL_7b,1
coda_4_6882_path_object_n1,4,path-object,PIXEL_7b,1
coda_4_6883_counting_n1,4,counting,PIXEL_7b,0
coda_4_6895_nearest_dist_n1,4,nearest-distance,PIXEL_7b,0
coda_4_6903_nearest_dist_n1,4,nearest-distance,PIXEL_7b,1
coda_4_6906_direction_n1,4,direction,PIXEL_7b,1
coda_4_6909_path_object_n1,4,path-object,PIXEL_7b,1
coda_4_6912_counting_n1,4,counting,PIXEL_7b,0
coda_4_6923_nearest_class_n1,4,nearest-class,PIXEL_7b,1
coda_4_6926_direction_n1,4,direction,PIXEL_7b,1
coda_4_6933_direction_n1,4,direction,PIXEL_7b,1
coda_5_1803_counting_n1,5,counting,PIXEL_7b,1
coda_5_1810_counting_n1,5,counting,PIXEL_7b,1
coda_5_1848_nearest_class_n1,5,nearest-class,PIXEL_7b,1
coda_6_10385_nearest_dist_n1,6,nearest-distance,PIXEL_7b,1
coda_6_10386_direction_n1,6,direction,PIXEL_7b,1
coda_6_10388_counting_n1,6,counting,PIXEL_7b,1
coda_6_10393_counting_n1,6,counting,PIXEL_7b,0
coda_6_10395_nearest_class_n1,6,nearest-class,PIXEL_7b,0
coda_6_10430_nearest_dist_n1,6,nearest-distance,PIXEL_7b,1
coda_6_10434_counting_n1,6,counting,PIXEL_7b,0
coda_6_10440_counting_n1,6,counting,PIXEL_7b,1
coda_6_10441_counting_n1,6,counting,PIXEL_7b,1
coda_6_10442_nearest_class_n1,6,nearest-class,PIXEL_7b,1
coda_6_10453_direction_n1,6,direction,PIXEL_7b,1
coda_6_10457_direction_n1,6,direction,PIXEL_7b,1
coda_6_10465_path_object_n1,6,path-object,PIXEL_7b,1
coda_6_10471_counting_n1,6,counting,PIXEL_7b,0
coda_6_10472_nearest_class_n1,6,nearest-class,PIXEL_7b,1
coda_6_10478_nearest_dist_n1,6,nearest-distance,PIXEL_7b,1
coda_6_10563_direction_n1,6,direction,PIXEL_7b,1
coda_6_1243_path_object_n1,6,path-object,PIXEL_7b,0
coda_6_1245_counting_n1,6,counting,PIXEL_7b,1
coda_6_1253_nearest_dist_n1,6,nearest-distance,PIXEL_7b,1
coda_6_1254_nearest_dist_n1,6,nearest-distance,PIXEL_7b,0
coda_6_1322_path_object_n1,6,path-object,PIXEL_7b,0
coda_6_1324_path_object_n1,6,path-object,PIXEL_7b,1
coda_6_1421_counting_n1,6,counting,PIXEL_7b,0
coda_6_2601_nearest_class_n1,6,nearest-class,PIXEL_7b,1
coda_6_2641_nearest_dist_n1,6,nearest-distance,PIXEL_7b,1
coda_6_2649_direction_n1,6,direction,PIXEL_7b,1
coda_6_2654_path_object_n1,6,path-object,PIXEL_7b,0
coda_6_2655_counting_n1,6,counting,PIXEL_7b,0
coda_6_2656_nearest_dist_n1,6,nearest-distance,PIXEL_7b,1
coda_6_2657_nearest_dist_n1,6,nearest-distance,PIXEL_7b,1
coda_6_2747_direction_n1,6,direction,PIXEL_7b,1
coda_6_2759_counting_n1,6,counting,PIXEL_7b,0
coda_6_2760_counting_n1,6,counting,PIXEL_7b,0
coda_6_2761_nearest_class_n1,6,nearest-class,PIXEL_7b,1
coda_6_2774_nearest_dist_n1,6,nearest-distance,PIXEL_7b,1
coda_6_2784_direction_n1,6,direction,PIXEL_7b,1
coda_6_2794_path_object_n1,6,path-object,PIXEL_7b,1
coda_6_2796_counting_n1,6,counting,PIXEL_7b,1
coda_6_2828_nearest_class_n1,6,nearest-class,PIXEL_7b,1
coda_6_2831_direction_n1,6,direction,PIXEL_7b,1
coda_6_2834_direction_n1,6,direction,PIXEL_7b,1
coda_6_2839_path_object_n1,6,path-object,PIXEL_7b,1
coda_6_2840_counting_n1,6,counting,PIXEL_7b,0
coda_6_2841_nearest_class_n1,6,nearest-class,PIXEL_7b,0
coda_6_2846_nearest_dist_n1,6,nearest-distance,PIXEL_7b,1
coda_6_2854_direction_n1,6,direction,PIXEL_7b,1
coda_6_2855_counting_n1,6,counting,PIXEL_7b,0
coda_6_2857_counting_n1,6,counting,PIXEL_7b,0
coda_6_2859_nearest_class_n1,6,nearest-class,PIXEL_7b,0
coda_6_4502_nearest_dist_n1,6,nearest-distance,PIXEL_7b,1
coda_6_4509_direction_n1,6,direction,PIXEL_7b,1
coda_6_4515_path_object_n1,6,path-object,PIXEL_7b,1
coda_6_4524_counting_n1,6,counting,PIXEL_7b,1
coda_6_4529_nearest_class_n1,6,nearest-class,PIXEL_7b,1
coda_6_4533_nearest_dist_n1,6,nearest-distance,PIXEL_7b,1
coda_6_4601_counting_n1,6,counting,PIXEL_7b,1
coda_6_4603_counting_n1,6,counting,PIXEL_7b,0
coda_6_4607_counting_n1,6,counting,PIXEL_7b,1
coda_6_4611_direction_n1,6,direction,PIXEL_7b,1
coda_6_4618_nearest_dist_n1,6,nearest-distance,PIXEL_7b,1
coda_6_4619_direction_n1,6,direction,PIXEL_7b,1
coda_6_4662_counting_n1,6,counting,PIXEL_7b,1
coda_6_4664_counting_n1,6,counting,PIXEL_7b,0
coda_6_4740_nearest_class_n1,6,nearest-class,PIXEL_7b,1
coda_6_4741_nearest_dist_n1,6,nearest-distance,PIXEL_7b,0
coda_6_4747_direction_n1,6,direction,PIXEL_7b,1
coda_6_4750_counting_n1,6,counting,PIXEL_7b,0
coda_6_4756_counting_n1,6,counting,PIXEL_7b,0
coda_6_4757_nearest_class_n1,6,nearest-class,PIXEL_7b,1
coda_6_4764_nearest_dist_n1,6,nearest-distance,PIXEL_7b,1
coda_6_4769_direction_n1,6,direction,PIXEL_7b,1
coda_6_4772_counting_n1,6,counting,PIXEL_7b,0
coda_6_4773_counting_n1,6,counting,PIXEL_7b,1
coda_6_4776_nearest_class_n1,6,nearest-class,PIXEL_7b,1
coda_6_5518_nearest_dist_n1,6,nearest-distance,PIXEL_7b,1
coda_6_5526_direction_n1,6,direction,PIXEL_7b,1
coda_6_5528_counting_n1,6,counting,PIXEL_7b,0
coda_6_5534_counting_n1,6,counting,PIXEL_7b,0
coda_6_5578_direction_n1,6,direction,PIXEL_7b,1
coda_6_5581_direction_n1,6,direction,PIXEL_7b,1
coda_6_5584_direction_n1,6,direction,PIXEL_7b,1
coda_6_5632_counting_n1,6,counting,PIXEL_7b,1
coda_6_5634_counting_n1,6,counting,PIXEL_7b,1
coda_6_5635_nearest_class_n1,6,nearest-class,PIXEL_7b,1
coda_6_5645_nearest_dist_n1,6,nearest-distance,PIXEL_7b,1
coda_6_5646_direction_n1,6,direction,PIXEL_7b,1
coda_6_5680_nearest_class_n1,6,nearest-class,PIXEL_7b,1
coda_6_5685_counting_n1,6,counting,PIXEL_7b,0
coda_6_5691_nearest_class_n1,6,nearest-class,PIXEL_7b,0
coda_6_5692_nearest_dist_n1,6,nearest-distance,PIXEL_7b,1
coda_6_5693_direction_n1,6,direction,PIXEL_7b,1
coda_6_5702_nearest_class_n1,6,nearest-class,PIXEL_7b,1
coda_6_5705_counting_n1,6,counting,PIXEL_7b,1
coda_6_5707_nearest_class_n1,6,nearest-class,PIXEL_7b,1
coda_6_5710_nearest_dist_n1,6,nearest-distance,PIXEL_7b,1
coda_6_5714_direction_n1,6,direction,PIXEL_7b,1
coda_6_5716_counting_n1,6,counting,PIXEL_7b,1
coda_6_5717_counting_n1,6,counting,PIXEL_7b,0
coda_6_5721_nearest_dist_n1,6,nearest-distance,PIXEL_7b,1
coda_6_5723_nearest_dist_n1,6,nearest-distance,PIXEL_7b,0
coda_6_5730_direction_n1,6,direction,PIXEL_7b,1
coda_6_5734_counting_n1,6,counting,PIXEL_7b,1
coda_6_8483_counting_n1,6,counting,PIXEL_7b,0
coda_6_8484_nearest_class_n1,6,nearest-class,PIXEL_7b,1
coda_6_8485_nearest_dist_n1,6,nearest-distance,PIXEL_7b,1
coda_6_8487_direction_n1,6,direction,PIXEL_7b,1
coda_6_8494_path_object_n1,6,path-object,PIXEL_7b,1
coda_6_8495_counting_n1,6,counting,PIXEL_7b,0
coda_6_8500_nearest_class_n1,6,nearest-class,PIXEL_7b,0
coda_6_8504_nearest_dist_n1,6,nearest-distance,PIXEL_7b,0
coda_6_8509_path_object_n1,6,path-object,PIXEL_7b,1
coda_6_8656_path_object_n1,6,path-object,PIXEL_7b,1
coda_6_8657_nearest_dist_n1,6,nearest-distance,PIXEL_7b,0
coda_6_8660_nearest_dist_n1,6,nearest-distance,PIXEL_7b,1
coda_6_8822_direction_n1,6,direction,PIXEL_7b,1
coda_6_8824_direction_n1,6,direction,PIXEL_7b,1
coda_6_8829_nearest_dist_n1,6,nearest-distance,PIXEL_7b,0
coda_6_8835_counting_n1,6,counting,PIXEL_7b,0
coda_6_8839_nearest_dist_n1,6,nearest-distance,PIXEL_7b,0
coda_6_8840_nearest_dist_n1,6,nearest-distance,PIXEL_7b,0
coda_6_8852_direction_n1,6,direction,PIXEL_7b,1
coda_6_8920_path_object_n1,6,path-object,PIXEL_7b,1
coda_6_8922_counting_n1,6,counting,PIXEL_7b,1
coda_6_9135_direction_n1,6,direction,PIXEL_7b,1
coda_6_9141_nearest_dist_n1,6,nearest-distance,PIXEL_7b,0
coda_7_12955_direction_n1,7,direction,PIXEL_7b,1
coda_7_12956_path_object_n1,7,path-object,PIXEL_7b,1
coda_7_12957_nearest_class_n1,7,nearest-class,PIXEL_7b,1
coda_7_12967_nearest_class_n1,7,nearest-class,PIXEL_7b,1
coda_7_12971_nearest_dist_n1,7,nearest-distance,PIXEL_7b,1
coda_7_12975_direction_n1,7,direction,PIXEL_7b,1
coda_7_12979_path_object_n1,7,path-object,PIXEL_7b,1
coda_7_13023_counting_n1,7,counting,PIXEL_7b,0
coda_7_13027_nearest_class_n1,7,nearest-class,PIXEL_7b,1
coda_7_13028_path_object_n1,7,path-object,PIXEL_7b,1
coda_7_13030_path_object_n1,7,path-object,PIXEL_7b,1
coda_7_13040_path_object_n1,7,path-object,PIXEL_7b,1
coda_7_13045_counting_n1,7,counting,PIXEL_7b,1
coda_7_13047_nearest_class_n1,7,nearest-class,PIXEL_7b,1
coda_7_14701_direction_n1,7,direction,PIXEL_7b,1
coda_7_14879_direction_n1,7,direction,PIXEL_7b,0
coda_7_14924_counting_n1,7,counting,PIXEL_7b,1
coda_7_14927_counting_n1,7,counting,PIXEL_7b,1
coda_7_14972_nearest_class_n1,7,nearest-class,PIXEL_7b,1
coda_7_14973_nearest_dist_n1,7,nearest-distance,PIXEL_7b,0
coda_7_14975_direction_n1,7,direction,PIXEL_7b,0
coda_7_14985_path_object_n1,7,path-object,PIXEL_7b,1
coda_7_14986_nearest_class_n1,7,nearest-class,PIXEL_7b,1
coda_7_15069_nearest_class_n1,7,nearest-class,PIXEL_7b,1
coda_7_15070_nearest_dist_n1,7,nearest-distance,PIXEL_7b,1
coda_7_15072_direction_n1,7,direction,PIXEL_7b,1
coda_7_15075_path_object_n1,7,path-object,PIXEL_7b,1
coda_7_15079_counting_n1,7,counting,PIXEL_7b,1
coda_7_15084_nearest_class_n1,7,nearest-class,PIXEL_7b,1
coda_7_15088_nearest_dist_n1,7,nearest-distance,PIXEL_7b,0
coda_7_15101_direction_n1,7,direction,PIXEL_7b,1
coda_7_15111_path_object_n1,7,path-object,PIXEL_7b,1
coda_7_15114_counting_n1,7,counting,PIXEL_7b,0
coda_7_15199_nearest_class_n1,7,nearest-class,PIXEL_7b,0
coda_7_15206_nearest_dist_n1,7,nearest-distance,PIXEL_7b,0
coda_7_15212_direction_n1,7,direction,PIXEL_7b,0
coda_7_15219_path_object_n1,7,path-object,PIXEL_7b,1
coda_7_15258_counting_n1,7,counting,PIXEL_7b,0
coda_7_15308_nearest_class_n1,7,nearest-class,PIXEL_7b,1
coda_7_15313_direction_n1,7,direction,PIXEL_7b,0
coda_7_15316_direction_n1,7,direction,PIXEL_7b,0
coda_7_15318_path_object_n1,7,path-object,PIXEL_7b,0
coda_7_15322_counting_n1,7,counting,PIXEL_7b,1
coda_7_15331_nearest_class_n1,7,nearest-class,PIXEL_7b,1
coda_7_15333_direction_n1,7,direction,PIXEL_7b,1
coda_7_4781_direction_n1,7,direction,PIXEL_7b,1
coda_7_4850_counting_n1,7,counting,PIXEL_7b,0
coda_7_4853_counting_n1,7,counting,PIXEL_7b,1
coda_7_4971_nearest_class_n1,7,nearest-class,PIXEL_7b,0
coda_7_6615_nearest_dist_n1,7,nearest-distance,PIXEL_7b,1
coda_7_6622_direction_n1,7,direction,PIXEL_7b,0
coda_7_6623_path_object_n1,7,path-object,PIXEL_7b,1
coda_7_6625_counting_n1,7,counting,PIXEL_7b,0
coda_7_6686_nearest_class_n1,7,nearest-class,PIXEL_7b,0
coda_7_6693_nearest_dist_n1,7,nearest-distance,PIXEL_7b,0
coda_7_6698_direction_n1,7,direction,PIXEL_7b,0
coda_7_6699_path_object_n1,7,path-object,PIXEL_7b,1
coda_7_6701_counting_n1,7,counting,PIXEL_7b,0
coda_7_6711_nearest_class_n1,7,nearest-class,PIXEL_7b,1
coda_7_6712_direction_n1,7,direction,PIXEL_7b,1
coda_7_6714_direction_n1,7,direction,PIXEL_7b,1
coda_7_6772_nearest_dist_n1,7,nearest-distance,PIXEL_7b,1
coda_7_6775_counting_n1,7,counting,PIXEL_7b,0
coda_7_6777_nearest_dist_n1,7,nearest-distance,PIXEL_7b,1
coda_7_6780_counting_n1,7,counting,PIXEL_7b,1
coda_7_6790_direction_n1,7,direction,PIXEL_7b,1
coda_7_8412_counting_n1,7,counting,PIXEL_7b,1
coda_7_8414_counting_n1,7,counting,PIXEL_7b,1
coda_7_8415_nearest_dist_n1,7,nearest-distance,PIXEL_7b,0
coda_7_8418_nearest_dist_n1,7,nearest-distance,PIXEL_7b,0
coda_7_8421_direction_n1,7,direction,PIXEL_7b,1
coda_7_8425_counting_n1,7,counting,PIXEL_7b,0
coda_8_631_counting_n1,8,counting,PIXEL_7b,0
coda_9_1531_nearest_dist_n1,9,nearest-distance,PIXEL_7b,1
coda_9_1532_nearest_dist_n1,9,nearest-distance,PIXEL_7b,1
coda_9_1538_direction_n1,9,direction,PIXEL_7b,1
coda_9_1539_path_object_n1,9,path-object,PIXEL_7b,1
coda_9_1549_counting_n1,9,counting,PIXEL_7b,1
coda_9_1550_nearest_class_n1,9,nearest-class,PIXEL_7b,1
coda_9_1551_nearest_dist_n1,9,nearest-distance,PIXEL_7b,1
coda_9_1552_direction_n1,9,direction,PIXEL_7b,1
coda_9_1586_counting_n1,9,counting,PIXEL_7b,1
coda_9_1637_counting_n1,9,counting,PIXEL_7b,1
coda_9_1641_nearest_class_n1,9,nearest-class,PIXEL_7b,1
coda_9_1644_nearest_dist_n1,9,nearest-distance,PIXEL_7b,1
coda_9_1646_direction_n1,9,direction,PIXEL_7b,1
coda_9_1648_counting_n1,9,counting,PIXEL_7b,0
coda_9_2495_counting_n1,9,counting,PIXEL_7b,1
coda_9_2501_nearest_class_n1,9,nearest-class,PIXEL_7b,1
coda_9_2505_nearest_dist_n1,9,nearest-distance,PIXEL_7b,1
coda_9_2506_direction_n1,9,direction,PIXEL_7b,1
coda_9_2507_counting_n1,9,counting,PIXEL_7b,1
coda_9_2644_counting_n1,9,counting,PIXEL_7b,0
coda_9_2647_nearest_dist_n1,9,nearest-distance,PIXEL_7b,1
coda_9_6680_direction_n1,9,direction,PIXEL_7b,1
coda_9_6719_direction_n1,9,direction,PIXEL_7b,1
coda_9_6720_path_object_n1,9,path-object,PIXEL_7b,0
coda_9_6728_counting_n1,9,counting,PIXEL_7b,1
coda_9_6785_nearest_class_n1,9,nearest-class,PIXEL_7b,1
coda_9_6787_nearest_dist_n1,9,nearest-distance,PIXEL_7b,0
coda_9_6797_direction_n1,9,direction,PIXEL_7b,1
coda_9_6798_path_object_n1,9,path-object,PIXEL_7b,0
coda_9_6800_counting_n1,9,counting,PIXEL_7b,1
coda_9_8515_nearest_class_n1,9,nearest-class,PIXEL_7b,1
coda_9_8519_nearest_dist_n1,9,nearest-distance,PIXEL_7b,1
coda_9_8536_direction_n1,9,direction,PIXEL_7b,1
coda_9_8537_path_object_n1,9,path-object,PIXEL_7b,1
coda_9_8540_counting_n1,9,counting,PIXEL_7b,1
coda_9_8545_nearest_class_n1,9,nearest-class,PIXEL_7b,0
coda_9_8551_nearest_dist_n1,9,nearest-distance,PIXEL_7b,1
coda_9_8553_direction_n1,9,direction,PIXEL_7b,1
coda_9_8559_counting_n1,9,counting,PIXEL_7b,0
coda_9_8561_counting_n1,9,counting,PIXEL_7b,0
coda_9_8562_nearest_class_n1,9,nearest-class,PIXEL_7b,1
coda_9_8566_nearest_dist_n1,9,nearest-distance,PIXEL_7b,1
coda_9_8567_direction_n1,9,direction,PIXEL_7b,1
coda_9_8571_path_object_n1,9,path-object,PIXEL_7b,1
coda_9_8604_counting_n1,9,counting,PIXEL_7b,1
coda_9_8606_nearest_dist_n1,9,nearest-distance,PIXEL_7b,1
coda_9_8612_nearest_dist_n1,9,nearest-distance,PIXEL_7b,1
coda_9_8616_direction_n1,9,direction,PIXEL_7b,1
coda_9_8681_counting_n1,9,counting,PIXEL_7b,0
coda_9_8684_counting_n1,9,counting,PIXEL_7b,0
coda_9_8838_nearest_class_n1,9,nearest-class,PIXEL_7b,1
coda_9_8841_nearest_dist_n1,9,nearest-distance,PIXEL_7b,0
coda_9_8842_direction_n1,9,direction,PIXEL_7b,1
coda_9_8845_counting_n1,9,counting,PIXEL_7b,0
coda_9_9352_counting_n1,9,counting,PIXEL_7b,0
coda_9_9354_nearest_class_n1,9,nearest-class,PIXEL_7b,1
coda_9_9361_nearest_dist_n1,9,nearest-distance,PIXEL_7b,0
coda_9_9363_direction_n1,9,direction,PIXEL_7b,1
coda_9_9368_path_object_n1,9,path-object,PIXEL_7b,1
coda_9_9371_counting_n1,9,counting,PIXEL_7b,1
coda_9_9372_nearest_dist_n1,9,nearest-distance,PIXEL_7b,1
coda_9_9377_direction_n1,9,direction,PIXEL_7b,1
coda_9_9380_direction_n1,9,direction,PIXEL_7b,1
coda_9_9382_path_object_n1,9,path-object,PIXEL_7b,1
coda_9_9394_counting_n1,9,counting,PIXEL_7b,1
coda_9_9398_direction_n1,9,direction,PIXEL_7b,1
coda_9_9466_nearest_dist_n1,9,nearest-distance,PIXEL_7b,0
coda_9_9467_direction_n1,9,direction,PIXEL_7b,1
coda_9_9469_counting_n1,9,counting,PIXEL_7b,1
coda_9_9471_counting_n1,9,counting,PIXEL_7b,0
coda_9_9577_nearest_class_n1,9,nearest-class,PIXEL_7b,1
coda_9_9578_nearest_dist_n1,9,nearest-distance,PIXEL_7b,1
coda_9_9579_counting_n1,9,counting,PIXEL_7b,1
coda_9_9582_counting_n1,9,counting,PIXEL_7b,1
coda_9_9588_counting_n1,9,counting,PIXEL_7b,0
coda_9_9589_nearest_class_n1,9,nearest-class,PIXEL_7b,1
coda_9_9595_nearest_dist_n1,9,nearest-distance,PIXEL_7b,1
coda_19_2757_nearest_dist_n1,19,nearest-distance,FT3B_low,1
coda_19_2759_direction_n1,19,direction,FT3B_low,1
coda_19_2768_path_object_n1,19,path-object,FT3B_low,1
coda_19_2770_counting_n1,19,counting,FT3B_low,0
coda_19_2775_nearest_class_n1,19,nearest-class,FT3B_low,1
coda_19_2786_nearest_dist_n1,19,nearest-distance,FT3B_low,1
coda_19_2795_direction_n1,19,direction,FT3B_low,1
coda_19_2799_path_object_n1,19,path-object,FT3B_low,1
coda_19_2800_counting_n1,19,counting,FT3B_low,1
coda_19_2801_nearest_class_n1,19,nearest-class,FT3B_low,1
coda_19_2806_nearest_dist_n1,19,nearest-distance,FT3B_low,1
coda_19_2814_direction_n1,19,direction,FT3B_low,1
coda_19_2816_path_object_n1,19,path-object,FT3B_low,1
coda_19_2820_counting_n1,19,counting,FT3B_low,0
coda_19_2824_direction_n1,19,direction,FT3B_low,1
coda_19_2892_direction_n1,19,direction,FT3B_low,1
coda_20_10010_direction_n1,20,direction,FT3B_low,1
coda_20_10011_direction_n1,20,direction,FT3B_low,1
coda_20_10012_path_object_n1,20,path-object,FT3B_low,1
coda_20_10026_nearest_class_n1,20,nearest-class,FT3B_low,1
coda_20_10032_nearest_class_n1,20,nearest-class,FT3B_low,1
coda_20_10033_nearest_dist_n1,20,nearest-distance,FT3B_low,0
coda_20_10034_path_object_n1,20,path-object,FT3B_low,1
coda_20_10117_counting_n1,20,counting,FT3B_low,1
coda_20_10118_counting_n1,20,counting,FT3B_low,1
coda_20_10193_nearest_class_n1,20,nearest-class,FT3B_low,1
coda_20_10203_nearest_dist_n1,20,nearest-distance,FT3B_low,1
coda_20_10212_direction_n1,20,direction,FT3B_low,1
coda_20_10325_path_object_n1,20,path-object,FT3B_low,1
coda_20_10328_nearest_class_n1,20,nearest-class,FT3B_low,1
coda_20_10333_nearest_class_n1,20,nearest-class,FT3B_low,1
coda_20_10334_nearest_dist_n1,20,nearest-distance,FT3B_low,1
coda_20_10335_direction_n1,20,direction,FT3B_low,1
coda_20_10340_path_object_n1,20,path-object,FT3B_low,1
coda_20_10378_counting_n1,20,counting,FT3B_low,0
coda_20_10380_direction_n1,20,direction,FT3B_low,1
coda_20_10386_direction_n1,20,direction,FT3B_low,1
coda_20_10387_direction_n1,20,direction,FT3B_low,1
coda_20_10388_nearest_dist_n1,20,nearest-distance,FT3B_low,1
coda_20_10393_nearest_class_n1,20,nearest-class,FT3B_low,1
coda_20_10394_nearest_class_n1,20,nearest-class,FT3B_low,1
coda_20_10396_nearest_dist_n1,20,nearest-distance,FT3B_low,1
coda_20_10397_direction_n1,20,direction,FT3B_low,1
coda_20_10399_path_object_n1,20,path-object,FT3B_low,1
coda_20_10409_counting_n1,20,counting,FT3B_low,0
coda_20_10414_nearest_dist_n1,20,nearest-distance,FT3B_low,1
coda_20_10415_nearest_dist_n1,20,nearest-distance,FT3B_low,1
coda_20_10425_direction_n1,20,direction,FT3B_low,1
coda_20_10426_path_object_n1,20,path-object,FT3B_low,1
coda_20_10427_nearest_class_n1,20,nearest-class,FT3B_low,1
coda_20_10428_nearest_class_n1,20,nearest-class,FT3B_low,1
coda_20_1076_nearest_dist_n1,20,nearest-distance,FT3B_low,1
coda_20_1077_direction_n1,20,direction,FT3B_low,1
coda_20_1078_path_object_n1,20,path-object,FT3B_low,1
coda_20_1137_counting_n1,20,counting,FT3B_low,1
coda_20_1140_nearest_class_n1,20,nearest-class,FT3B_low,1
coda_20_1144_direction_n1,20,direction,FT3B_low,1
coda_20_11920_path_object_n1,20,path-object,FT3B_low,1
coda_20_12092_counting_n1,20,counting,FT3B_low,1
coda_20_12095_counting_n1,20,counting,FT3B_low,0
coda_20_12099_nearest_class_n1,20,nearest-class,FT3B_low,1
coda_20_12100_direction_n1,20,direction,FT3B_low,1
coda_20_12104_direction_n1,20,direction,FT3B_low,1
coda_20_12106_path_object_n1,20,path-object,FT3B_low,1
coda_20_12108_counting_n1,20,counting,FT3B_low,0
coda_20_1219_nearest_class_n1,20,nearest-class,FT3B_low,1
coda_20_1222_direction_n1,20,direction,FT3B_low,1
coda_20_12638_direction_n1,20,direction,FT3B_low,0
coda_20_12643_path_object_n1,20,path-object,FT3B_low,1
coda_20_12771_direction_n1,20,direction,FT3B_low,1
coda_20_12810_nearest_dist_n1,20,nearest-distance,FT3B_low,1
coda_20_12868_direction_n1,20,direction,FT3B_low,1
coda_20_12869_direction_n1,20,direction,FT3B_low,1
coda_20_12872_path_object_n1,20,path-object,FT3B_low,1
coda_20_12874_counting_n1,20,counting,FT3B_low,1
coda_20_12883_nearest_class_n1,20,nearest-class,FT3B_low,1
coda_20_12892_nearest_dist_n1,20,nearest-distance,FT3B_low,1
coda_20_12895_direction_n1,20,direction,FT3B_low,1
coda_20_12897_counting_n1,20,counting,FT3B_low,0
coda_20_12900_counting_n1,20,counting,FT3B_low,1
coda_20_12901_nearest_class_n1,20,nearest-class,FT3B_low,1
coda_20_12982_nearest_dist_n1,20,nearest-distance,FT3B_low,1
coda_20_12984_direction_n1,20,direction,FT3B_low,1
coda_20_12986_path_object_n1,20,path-object,FT3B_low,1
coda_20_12987_counting_n1,20,counting,FT3B_low,0
coda_20_12988_nearest_class_n1,20,nearest-class,FT3B_low,1
coda_20_12996_nearest_dist_n1,20,nearest-distance,FT3B_low,1
coda_20_13003_direction_n1,20,direction,FT3B_low,1
coda_20_13013_path_object_n1,20,path-object,FT3B_low,1
coda_20_13016_counting_n1,20,counting,FT3B_low,0
coda_20_13019_nearest_class_n1,20,nearest-class,FT3B_low,1
coda_20_13025_nearest_dist_n1,20,nearest-distance,FT3B_low,1
coda_20_13029_direction_n1,20,direction,FT3B_low,1
coda_20_13038_path_object_n1,20,path-object,FT3B_low,1
coda_20_13039_counting_n1,20,counting,FT3B_low,0
coda_20_13048_nearest_dist_n1,20,nearest-distance,FT3B_low,1
coda_20_13054_nearest_dist_n1,20,nearest-distance,FT3B_low,0
coda_20_13060_direction_n1,20,direction,FT3B_low,1
coda_20_13064_path_object_n1,20,path-object,FT3B_low,1
coda_20_13071_nearest_class_n1,20,nearest-class,FT3B_low,1
coda_20_13079_nearest_dist_n1,20,nearest-distance,FT3B_low,1
coda_20_13081_nearest_dist_n1,20,nearest-distance,FT3B_low,1
coda_20_13143_direction_n1,20,direction,FT3B_low,1
coda_20_13146_path_object_n1,20,path-object,FT3B_low,1
coda_20_13210_counting_n1,20,counting,FT3B_low,0
coda_20_13211_nearest_class_n1,20,nearest-class,FT3B_low,1
coda_20_13212_direction_n1,20,direction,FT3B_low,0
coda_20_13214_direction_n1,20,direction,FT3B_low,1
coda_20_13215_path_object_n1,20,path-object,FT3B_low,1
coda_20_13251_counting_n1,20,counting,FT3B_low,1
coda_20_13261_nearest_class_n1,20,nearest-class,FT3B_low,1
coda_20_13262_nearest_dist_n1,20,nearest-distance,FT3B_low,0
coda_20_13263_direction_n1,20,direction,FT3B_low,0
coda_20_13269_path_object_n1,20,path-object,FT3B_low,1
coda_20_13270_counting_n1,20,counting,FT3B_low,1
coda_20_13271_nearest_class_n1,20,nearest-class,FT3B_low,1
coda_20_3056_direction_n1,20,direction,FT3B_low,1
coda_20_3066_direction_n1,20,direction,FT3B_low,1
coda_20_3067_path_object_n1,20,path-object,FT3B_low,1
coda_20_3174_nearest_class_n1,20,nearest-class,FT3B_low,1
coda_20_3292_nearest_class_n1,20,nearest-class,FT3B_low,1
coda_20_3293_direction_n1,20,direction,FT3B_low,1
coda_20_3305_direction_n1,20,direction,FT3B_low,1
coda_20_3311_path_object_n1,20,path-object,FT3B_low,1
coda_20_3387_nearest_class_n1,20,nearest-class,FT3B_low,1
coda_20_3453_nearest_class_n1,20,nearest-class,FT3B_low,1
coda_20_3486_direction_n1,20,direction,FT3B_low,1
coda_20_3489_direction_n1,20,direction,FT3B_low,1
coda_20_3494_path_object_n1,20,path-object,FT3B_low,1
coda_20_3497_counting_n1,20,counting,FT3B_low,1
coda_20_4243_nearest_class_n1,20,nearest-class,FT3B_low,1
coda_20_4250_nearest_dist_n1,20,nearest-distance,FT3B_low,1
coda_20_4256_direction_n1,20,direction,FT3B_low,1
coda_20_4260_path_object_n1,20,path-object,FT3B_low,1
coda_20_4261_counting_n1,20,counting,FT3B_low,1
coda_20_4262_nearest_class_n1,20,nearest-class,FT3B_low,1
coda_20_4267_direction_n1,20,direction,FT3B_low,1
coda_20_4300_direction_n1,20,direction,FT3B_low,0
coda_20_4303_path_object_n1,20,path-object,FT3B_low,1
coda_20_4356_counting_n1,20,counting,FT3B_low,0
coda_20_4357_nearest_dist_n1,20,nearest-distance,FT3B_low,1
coda_20_4554_nearest_dist_n1,20,nearest-distance,FT3B_low,1
coda_20_4566_direction_n1,20,direction,FT3B_low,1
coda_20_4567_path_object_n1,20,path-object,FT3B_low,1
coda_20_4573_counting_n1,20,counting,FT3B_low,0
coda_20_4630_nearest_class_n1,20,nearest-class,FT3B_low,1
coda_20_4876_nearest_dist_n1,20,nearest-distance,FT3B_low,1
coda_20_4877_direction_n1,20,direction,FT3B_low,1
coda_20_4883_path_object_n1,20,path-object,FT3B_low,1
coda_20_4885_counting_n1,20,counting,FT3B_low,1
coda_20_4890_nearest_class_n1,20,nearest-class,FT3B_low,1
coda_20_4894_direction_n1,20,direction,FT3B_low,0
coda_20_4926_path_object_n1,20,path-object,FT3B_low,1
coda_20_4928_path_object_n1,20,path-object,FT3B_low,1
coda_20_4932_nearest_class_n1,20,nearest-class,FT3B_low,1
coda_20_4934_nearest_class_n1,20,nearest-class,FT3B_low,1
coda_20_4938_nearest_dist_n1,20,nearest-distance,FT3B_low,1
coda_20_4939_direction_n1,20,direction,FT3B_low,1
coda_20_4943_path_object_n1,20,path-object,FT3B_low,1
coda_20_4944_counting_n1,20,counting,FT3B_low,0
coda_20_4948_nearest_dist_n1,20,nearest-distance,FT3B_low,1
coda_20_4952_nearest_dist_n1,20,nearest-distance,FT3B_low,1
coda_20_4953_direction_n1,20,direction,FT3B_low,1
coda_20_5288_path_object_n1,20,path-object,FT3B_low,1
coda_20_5293_nearest_class_n1,20,nearest-class,FT3B_low,1
coda_20_5300_nearest_class_n1,20,nearest-class,FT3B_low,1
coda_20_5354_nearest_dist_n1,20,nearest-distance,FT3B_low,1
coda_20_5357_direction_n1,20,direction,FT3B_low,1
coda_20_5359_path_object_n1,20,path-object,FT3B_low,1
coda_20_5361_counting_n1,20,counting,FT3B_low,1
coda_20_5476_nearest_class_n1,20,nearest-class,FT3B_low,1
coda_20_5477_nearest_dist_n1,20,nearest-distance,FT3B_low,1
coda_20_5489_direction_n1,20,direction,FT3B_low,1
coda_20_5611_counting_n1,20,counting,FT3B_low,1
coda_20_5674_nearest_class_n1,20,nearest-class,FT3B_low,1
coda_20_5684_nearest_class_n1,20,nearest-class,FT3B_low,1
coda_20_5689_nearest_dist_n1,20,nearest-distance,FT3B_low,1
coda_20_5690_direction_n1,20,direction,FT3B_low,1
coda_20_5701_path_object_n1,20,path-object,FT3B_low,1
coda_20_5702_nearest_class_n1,20,nearest-class,FT3B_low,1
coda_20_5703_nearest_class_n1,20,nearest-class,FT3B_low,1
coda_20_5704_nearest_dist_n1,20,nearest-distance,FT3B_low,1
coda_20_5752_path_object_n1,20,path-object,FT3B_low,1
coda_20_7488_path_object_n1,20,path-object,FT3B_low,1
coda_20_7489_counting_n1,20,counting,FT3B_low,0
coda_20_7493_nearest_class_n1,20,nearest-class,FT3B_low,1
coda_20_7526_nearest_dist_n1,20,nearest-distance,FT3B_low,1
coda_20_7534_direction_n1,20,direction,FT3B_low,1
coda_20_7536_counting_n1,20,counting,FT3B_low,0
coda_20_7542_counting_n1,20,counting,FT3B_low,0
coda_20_7544_nearest_class_n1,20,nearest-class,FT3B_low,1
coda_20_7630_nearest_dist_n1,20,nearest-distance,FT3B_low,1
coda_20_7703_direction_n1,20,direction,FT3B_low,1
coda_20_7710_path_object_n1,20,path-object,FT3B_low,1
coda_20_7712_counting_n1,20,counting,FT3B_low,0
coda_20_7715_nearest_class_n1,20,nearest-class,FT3B_low,1
coda_20_7751_direction_n1,20,direction,FT3B_low,1
coda_20_7923_direction_n1,20,direction,FT3B_low,1
coda_20_7927_path_object_n1,20,path-object,FT3B_low,1
coda_20_7928_nearest_class_n1,20,nearest-class,FT3B_low,1
coda_20_7936_nearest_class_n1,20,nearest-class,FT3B_low,1
coda_20_7937_nearest_dist_n1,20,nearest-distance,FT3B_low,0
coda_20_7938_direction_n1,20,direction,FT3B_low,0
coda_20_7968_path_object_n1,20,path-object,FT3B_low,1
coda_20_8176_counting_n1,20,counting,FT3B_low,0
coda_20_8178_nearest_class_n1,20,nearest-class,FT3B_low,1
coda_20_8181_nearest_dist_n1,20,nearest-distance,FT3B_low,1
coda_20_8182_direction_n1,20,direction,FT3B_low,1
coda_20_8183_path_object_n1,20,path-object,FT3B_low,1
coda_20_8185_counting_n1,20,counting,FT3B_low,0
coda_20_8196_nearest_class_n1,20,nearest-class,FT3B_low,1
coda_20_8198_nearest_dist_n1,20,nearest-distance,FT3B_low,1
coda_20_8466_direction_n1,20,direction,FT3B_low,1
coda_20_8467_path_object_n1,20,path-object,FT3B_low,1
coda_20_8474_nearest_class_n1,20,nearest-class,FT3B_low,1
coda_20_8475_nearest_class_n1,20,nearest-class,FT3B_low,1
coda_20_8483_nearest_dist_n1,20,nearest-distance,FT3B_low,1
coda_20_8519_direction_n1,20,direction,FT3B_low,1
coda_20_8613_path_object_n1,20,path-object,FT3B_low,1
coda_20_8618_nearest_class_n1,20,nearest-class,FT3B_low,1
coda_20_8619_nearest_class_n1,20,nearest-class,FT3B_low,1
coda_20_8738_direction_n1,20,direction,FT3B_low,1
coda_20_8741_direction_n1,20,direction,FT3B_low,1
coda_20_8742_path_object_n1,20,path-object,FT3B_low,1
coda_20_8744_counting_n1,20,counting,FT3B_low,0
coda_20_8746_nearest_class_n1,20,nearest-class,FT3B_low,1
coda_20_8747_nearest_dist_n1,20,nearest-distance,FT3B_low,1
coda_20_8751_direction_n1,20,direction,FT3B_low,1
coda_20_8783_path_object_n1,20,path-object,FT3B_low,1
coda_20_8792_counting_n1,20,counting,FT3B_low,1
coda_20_8795_nearest_dist_n1,20,nearest-distance,FT3B_low,1
coda_20_8803_nearest_dist_n1,20,nearest-distance,FT3B_low,1
coda_20_8806_direction_n1,20,direction,FT3B_low,1
coda_20_8808_path_object_n1,20,path-object,FT3B_low,1
coda_20_8813_counting_n1,20,counting,FT3B_low,1
coda_20_8824_nearest_class_n1,20,nearest-class,FT3B_low,1
coda_20_8845_path_object_n1,20,path-object,FT3B_low,1
coda_20_9392_path_object_n1,20,path-object,FT3B_low,1
coda_20_9393_path_object_n1,20,path-object,FT3B_low,1
coda_20_9397_nearest_class_n1,20,nearest-class,FT3B_low,1
coda_20_9406_nearest_class_n1,20,nearest-class,FT3B_low,1
coda_20_9411_direction_n1,20,direction,FT3B_low,1
coda_20_9412_direction_n1,20,direction,FT3B_low,1
coda_20_9424_path_object_n1,20,path-object,FT3B_low,1
coda_20_9429_counting_n1,20,counting,FT3B_low,0
coda_20_9432_nearest_class_n1,20,nearest-class,FT3B_low,1
coda_20_9436_nearest_dist_n1,20,nearest-distance,FT3B_low,1
coda_20_9471_direction_n1,20,direction,FT3B_low,1
coda_20_9474_path_object_n1,20,path-object,FT3B_low,1
coda_20_9478_counting_n1,20,counting,FT3B_low,1
coda_20_9479_nearest_class_n1,20,nearest-class,FT3B_low,1
coda_20_9612_nearest_dist_n1,20,nearest-distance,FT3B_low,1
coda_20_9722_direction_n1,20,direction,FT3B_low,1
coda_20_9725_path_object_n1,20,path-object,FT3B_low,1
coda_20_9727_counting_n1,20,counting,FT3B_low,1
coda_20_9728_nearest_class_n1,20,nearest-class,FT3B_low,1
coda_20_973_direction_n1,20,direction,FT3B_low,1
coda_20_9736_direction_n1,20,direction,FT3B_low,1
coda_20_9737_path_object_n1,20,path-object,FT3B_low,1
coda_20_9745_counting_n1,20,counting,FT3B_low,0
coda_20_9746_nearest_class_n1,20,nearest-class,FT3B_low,1
coda_20_9754_nearest_dist_n1,20,nearest-distance,FT3B_low,1
coda_20_9785_direction_n1,20,direction,FT3B_low,1
coda_20_9787_path_object_n1,20,path-object,FT3B_low,1
coda_20_9788_counting_n1,20,counting,FT3B_low,1
coda_20_9790_nearest_class_n1,20,nearest-class,FT3B_low,1
coda_20_9927_nearest_dist_n1,20,nearest-distance,FT3B_low,1
coda_20_9928_direction_n1,20,direction,FT3B_low,0
coda_20_9958_path_object_n1,20,path-object,FT3B_low,1
coda_20_9959_counting_n1,20,counting,FT3B_low,0
coda_3_11984_nearest_dist_n1,3,nearest-distance,FT3B_low,0
coda_3_12067_direction_n1,3,direction,FT3B_low,1
coda_3_12069_path_object_n1,3,path-object,FT3B_low,1
coda_3_12072_counting_n1,3,counting,FT3B_low,1
coda_3_12075_nearest_class_n1,3,nearest-class,FT3B_low,1
coda_3_12137_direction_n1,3,direction,FT3B_low,1
coda_3_12145_direction_n1,3,direction,FT3B_low,1
coda_3_12149_path_object_n1,3,path-object,FT3B_low,1
coda_3_1820_counting_n1,3,counting,FT3B_low,1
coda_3_1825_nearest_class_n1,3,nearest-class,FT3B_low,1
coda_3_1826_nearest_dist_n1,3,nearest-distance,FT3B_low,1
coda_3_1837_path_object_n1,3,path-object,FT3B_low,1
coda_3_1840_path_object_n1,3,path-object,FT3B_low,1
coda_3_1842_counting_n1,3,counting,FT3B_low,1
coda_3_1844_nearest_class_n1,3,nearest-class,FT3B_low,1
coda_3_1933_nearest_dist_n1,3,nearest-distance,FT3B_low,1
coda_3_1934_direction_n1,3,direction,FT3B_low,1
coda_3_1937_path_object_n1,3,path-object,FT3B_low,0
coda_3_1942_counting_n1,3,counting,FT3B_low,1
coda_3_1996_nearest_class_n1,3,nearest-class,FT3B_low,1
coda_3_2000_direction_n1,3,direction,FT3B_low,1
coda_3_2001_direction_n1,3,direction,FT3B_low,1
coda_3_2009_path_object_n1,3,path-object,FT3B_low,1
coda_3_2015_counting_n1,3,counting,FT3B_low,0
coda_3_2026_nearest_class_n1,3,nearest-class,FT3B_low,1
coda_3_2027_direction_n1,3,direction,FT3B_low,1
coda_3_2033_direction_n1,3,direction,FT3B_low,1
coda_8_631_counting_n1,8,counting,FT3B_low,0
coda_10_11540_path_object_n1,10,path-object,FT3B_low,1
coda_10_11542_counting_n1,10,counting,FT3B_low,1
coda_10_11546_nearest_class_n1,10,nearest-class,FT3B_low,1
coda_10_11584_nearest_dist_n1,10,nearest-distance,FT3B_low,1
coda_10_2039_direction_n1,10,direction,FT3B_low,1
coda_10_2043_counting_n1,10,counting,FT3B_low,1
coda_10_2044_counting_n1,10,counting,FT3B_low,1
coda_10_2051_nearest_class_n1,10,nearest-class,FT3B_low,0
coda_10_2114_nearest_dist_n1,10,nearest-distance,FT3B_low,1
coda_10_2123_direction_n1,10,direction,FT3B_low,1
coda_10_2124_counting_n1,10,counting,FT3B_low,1
coda_10_2129_counting_n1,10,counting,FT3B_low,0
coda_10_2131_nearest_class_n1,10,nearest-class,FT3B_low,1
coda_10_2132_nearest_dist_n1,10,nearest-distance,FT3B_low,1
coda_10_2133_direction_n1,10,direction,FT3B_low,0
coda_10_2137_counting_n1,10,counting,FT3B_low,1
coda_10_2144_counting_n1,10,counting,FT3B_low,1
coda_10_5816_nearest_dist_n1,10,nearest-distance,FT3B_low,1
coda_10_5819_nearest_dist_n1,10,nearest-distance,FT3B_low,1
coda_10_5862_direction_n1,10,direction,FT3B_low,0
coda_10_5863_counting_n1,10,counting,FT3B_low,0
coda_10_5865_counting_n1,10,counting,FT3B_low,0
coda_10_5866_nearest_dist_n1,10,nearest-distance,FT3B_low,1
coda_10_5872_nearest_dist_n1,10,nearest-distance,FT3B_low,1
coda_10_6000_direction_n1,10,direction,FT3B_low,1
coda_10_6001_counting_n1,10,counting,FT3B_low,0
coda_10_6004_counting_n1,10,counting,FT3B_low,0
coda_10_8369_nearest_class_n1,10,nearest-class,FT3B_low,0
coda_10_8372_path_object_n1,10,path-object,FT3B_low,1
coda_10_8378_direction_n1,10,direction,FT3B_low,1
coda_10_8424_path_object_n1,10,path-object,FT3B_low,1
coda_10_8429_counting_n1,10,counting,FT3B_low,1
coda_10_8430_nearest_class_n1,10,nearest-class,FT3B_low,1
coda_10_8431_nearest_dist_n1,10,nearest-distance,FT3B_low,1
coda_10_8433_direction_n1,10,direction,FT3B_low,1
coda_10_9306_path_object_n1,10,path-object,FT3B_low,1
coda_10_9309_counting_n1,10,counting,FT3B_low,1
coda_10_9347_nearest_class_n1,10,nearest-class,FT3B_low,1
coda_10_9350_nearest_dist_n1,10,nearest-distance,FT3B_low,1
coda_10_9356_direction_n1,10,direction,FT3B_low,1
coda_10_9392_path_object_n1,10,path-object,FT3B_low,1
coda_10_9395_counting_n1,10,counting,FT3B_low,0
coda_10_9396_nearest_class_n1,10,nearest-class,FT3B_low,1
coda_13_10067_path_object_n1,13,path-object,FT3B_low,1
coda_13_10070_nearest_class_n1,13,nearest-class,FT3B_low,1
coda_13_10072_nearest_class_n1,13,nearest-class,FT3B_low,1
coda_13_10081_nearest_dist_n1,13,nearest-distance,FT3B_low,1
coda_13_10414_path_object_n1,13,path-object,FT3B_low,1
coda_13_10415_path_object_n1,13,path-object,FT3B_low,1
coda_13_10426_nearest_class_n1,13,nearest-class,FT3B_low,1
coda_13_10431_nearest_class_n1,13,nearest-class,FT3B_low,1
coda_13_10441_nearest_dist_n1,13,nearest-distance,FT3B_low,1
coda_13_10449_path_object_n1,13,path-object,FT3B_low,1
coda_13_10457_path_object_n1,13,path-object,FT3B_low,1
coda_13_10458_counting_n1,13,counting,FT3B_low,0
coda_13_10462_nearest_class_n1,13,nearest-class,FT3B_low,1
coda_13_10470_nearest_dist_n1,13,nearest-distance,FT3B_low,1
coda_13_10472_direction_n1,13,direction,FT3B_low,1
coda_13_10477_path_object_n1,13,path-object,FT3B_low,1
coda_13_10478_counting_n1,13,counting,FT3B_low,0
coda_13_10479_nearest_class_n1,13,nearest-class,FT3B_low,1
coda_13_10487_nearest_dist_n1,13,nearest-distance,FT3B_low,1
coda_13_10489_direction_n1,13,direction,FT3B_low,1
coda_13_10490_path_object_n1,13,path-object,FT3B_low,1
coda_13_10494_counting_n1,13,counting,FT3B_low,1
coda_13_1050_nearest_class_n1,13,nearest-class,FT3B_low,1
coda_13_10500_nearest_dist_n1,13,nearest-distance,FT3B_low,1
coda_13_10518_direction_n1,13,direction,FT3B_low,1
coda_13_10522_path_object_n1,13,path-object,FT3B_low,1
coda_13_10526_counting_n1,13,counting,FT3B_low,0
coda_13_10576_nearest_class_n1,13,nearest-class,FT3B_low,1
coda_13_10578_direction_n1,13,direction,FT3B_low,1
coda_13_10612_direction_n1,13,direction,FT3B_low,1
coda_13_10670_path_object_n1,13,path-object,FT3B_low,1
coda_13_10677_counting_n1,13,counting,FT3B_low,1
coda_13_10679_nearest_class_n1,13,nearest-class,FT3B_low,1
coda_13_10683_nearest_dist_n1,13,nearest-distance,FT3B_low,1
coda_13_10686_direction_n1,13,direction,FT3B_low,0
coda_13_10694_path_object_n1,13,path-object,FT3B_low,1
coda_13_10733_nearest_class_n1,13,nearest-class,FT3B_low,1
coda_13_10834_nearest_class_n1,13,nearest-class,FT3B_low,1
coda_13_10838_path_object_n1,13,path-object,FT3B_low,1
coda_13_1092_direction_n1,13,direction,FT3B_low,0
coda_13_11003_path_object_n1,13,path-object,FT3B_low,1
coda_13_11005_counting_n1,13,counting,FT3B_low,0
coda_13_11072_nearest_class_n1,13,nearest-class,FT3B_low,1
coda_13_11077_nearest_dist_n1,13,nearest-distance,FT3B_low,1
coda_13_11088_path_object_n1,13,path-object,FT3B_low,1
coda_13_11093_path_object_n1,13,path-object,FT3B_low,1
coda_13_11105_nearest_class_n1,13,nearest-class,FT3B_low,1
coda_13_11107_nearest_class_n1,13,nearest-class,FT3B_low,1
coda_13_11110_direction_n1,13,direction,FT3B_low,1
coda_13_11140_direction_n1,13,direction,FT3B_low,0
coda_13_11148_path_object_n1,13,path-object,FT3B_low,1
coda_13_11152_nearest_class_n1,13,nearest-class,FT3B_low,1
coda_13_11158_nearest_class_n1,13,nearest-class,FT3B_low,1
coda_13_11163_nearest_dist_n1,13,nearest-distance,FT3B_low,1
coda_13_11167_direction_n1,13,direction,FT3B_low,1
coda_13_11202_path_object_n1,13,path-object,FT3B_low,1
coda_13_11204_counting_n1,13,counting,FT3B_low,1
coda_13_11205_nearest_class_n1,13,nearest-class,FT3B_low,1
coda_13_11206_nearest_dist_n1,13,nearest-distance,FT3B_low,1
coda_13_11215_direction_n1,13,direction,FT3B_low,1
coda_13_11222_path_object_n1,13,path-object,FT3B_low,1
coda_13_11226_counting_n1,13,counting,FT3B_low,0
coda_13_11229_nearest_class_n1,13,nearest-class,FT3B_low,1
coda_13_11230_nearest_dist_n1,13,nearest-distance,FT3B_low,1
coda_13_1126_direction_n1,13,direction,FT3B_low,1
coda_13_11266_counting_n1,13,counting,FT3B_low,1
coda_13_1129_counting_n1,13,counting,FT3B_low,1
coda_13_1130_nearest_class_n1,13,nearest-class,FT3B_low,1
coda_13_1131_nearest_dist_n1,13,nearest-distance,FT3B_low,1
coda_13_1139_direction_n1,13,direction,FT3B_low,1
coda_13_1141_path_object_n1,13,path-object,FT3B_low,1
coda_13_1142_counting_n1,13,counting,FT3B_low,1
coda_13_1146_nearest_class_n1,13,nearest-class,FT3B_low,1
coda_13_1148_nearest_dist_n1,13,nearest-distance,FT3B_low,1
coda_13_1149_direction_n1,13,direction,FT3B_low,1
coda_13_1181_path_object_n1,13,path-object,FT3B_low,1
coda_13_11900_counting_n1,13,counting,FT3B_low,0
coda_13_11909_nearest_class_n1,13,nearest-class,FT3B_low,1
coda_13_1191_direction_n1,13,direction,FT3B_low,1
coda_13_1198_direction_n1,13,direction,FT3B_low,1
coda_13_11996_path_object_n1,13,path-object,FT3B_low,1
coda_13_11998_counting_n1,13,counting,FT3B_low,1
coda_13_12012_nearest_class_n1,13,nearest-class,FT3B_low,1
coda_13_12015_nearest_dist_n1,13,nearest-distance,FT3B_low,1
coda_13_12016_direction_n1,13,direction,FT3B_low,1
coda_13_12022_path_object_n1,13,path-object,FT3B_low,1
coda_13_12025_nearest_class_n1,13,nearest-class,FT3B_low,1
coda_13_12026_nearest_class_n1,13,nearest-class,FT3B_low,1
coda_13_12033_path_object_n1,13,path-object,FT3B_low,1
coda_13_12036_direction_n1,13,direction,FT3B_low,1
coda_13_12038_path_object_n1,13,path-object,FT3B_low,1
coda_13_12255_counting_n1,13,counting,FT3B_low,1
coda_13_12258_nearest_class_n1,13,nearest-class,FT3B_low,1
coda_13_12260_direction_n1,13,direction,FT3B_low,1
coda_13_12275_direction_n1,13,direction,FT3B_low,1
coda_13_12281_path_object_n1,13,path-object,FT3B_low,1
coda_13_12287_counting_n1,13,counting,FT3B_low,1
coda_13_12288_direction_n1,13,direction,FT3B_low,1
coda_13_12291_direction_n1,13,direction,FT3B_low,1
coda_13_12292_direction_n1,13,direction,FT3B_low,1
coda_13_12295_path_object_n1,13,path-object,FT3B_low,1
coda_13_12298_nearest_dist_n1,13,nearest-distance,FT3B_low,0
coda_13_12299_nearest_dist_n1,13,nearest-distance,FT3B_low,1
coda_13_12354_nearest_dist_n1,13,nearest-distance,FT3B_low,1
coda_13_12355_direction_n1,13,direction,FT3B_low,1
coda_13_12363_path_object_n1,13,path-object,FT3B_low,1
coda_13_12367_counting_n1,13,counting,FT3B_low,0
coda_13_12368_nearest_class_n1,13,nearest-class,FT3B_low,1
coda_13_12372_nearest_dist_n1,13,nearest-distance,FT3B_low,1
coda_13_1801_direction_n1,13,direction,FT3B_low,1
coda_13_1803_counting_n1,13,counting,FT3B_low,1
coda_13_1808_counting_n1,13,counting,FT3B_low,1
coda_13_1812_nearest_dist_n1,13,nearest-distance,FT3B_low,1
coda_13_1814_nearest_dist_n1,13,nearest-distance,FT3B_low,1
coda_13_1844_direction_n1,13,direction,FT3B_low,1
coda_13_1875_path_object_n1,13,path-object,FT3B_low,1
coda_13_1878_counting_n1,13,counting,FT3B_low,1
coda_13_1882_nearest_dist_n1,13,nearest-distance,FT3B_low,1
coda_13_1944_direction_n1,13,direction,FT3B_low,1
coda_13_2034_direction_n1,13,direction,FT3B_low,1
coda_13_2037_path_object_n1,13,path-object,FT3B_low,1
coda_13_2041_counting_n1,13,counting,FT3B_low,1
coda_13_2054_nearest_class_n1,13,nearest-class,FT3B_low,1
coda_13_2085_nearest_dist_n1,13,nearest-distance,FT3B_low,1
coda_13_2087_direction_n1,13,direction,FT3B_low,1
coda_13_2097_path_object_n1,13,path-object,FT3B_low,1
coda_13_2099_counting_n1,13,counting,FT3B_low,0
coda_13_2175_nearest_dist_n1,13,nearest-distance,FT3B_low,1
coda_13_2181_nearest_dist_n1,13,nearest-distance,FT3B_low,1
coda_13_2188_direction_n1,13,direction,FT3B_low,1
coda_13_2190_path_object_n1,13,path-object,FT3B_low,1
coda_13_5550_counting_n1,13,counting,FT3B_low,1
coda_13_5671_nearest_class_n1,13,nearest-class,FT3B_low,1
coda_13_5674_nearest_dist_n1,13,nearest-distance,FT3B_low,1
coda_13_5684_path_object_n1,13,path-object,FT3B_low,1
coda_13_5722_path_object_n1,13,path-object,FT3B_low,1
coda_13_5727_counting_n1,13,counting,FT3B_low,1
coda_13_5729_nearest_class_n1,13,nearest-class,FT3B_low,1
coda_13_5737_nearest_dist_n1,13,nearest-distance,FT3B_low,0
coda_13_5820_direction_n1,13,direction,FT3B_low,1
coda_13_5822_path_object_n1,13,path-object,FT3B_low,1
coda_13_5826_nearest_class_n1,13,nearest-class,FT3B_low,1
coda_13_5829_nearest_class_n1,13,nearest-class,FT3B_low,1
coda_13_5831_nearest_dist_n1,13,nearest-distance,FT3B_low,1
coda_13_5893_direction_n1,13,direction,FT3B_low,1
coda_13_5896_path_object_n1,13,path-object,FT3B_low,1
coda_13_5900_nearest_class_n1,13,nearest-class,FT3B_low,1
coda_13_5901_nearest_class_n1,13,nearest-class,FT3B_low,0
coda_13_6073_direction_n1,13,direction,FT3B_low,0
coda_13_6075_direction_n1,13,direction,FT3B_low,0
coda_13_6085_path_object_n1,13,path-object,FT3B_low,1
coda_13_6089_counting_n1,13,counting,FT3B_low,1
coda_13_6122_nearest_class_n1,13,nearest-class,FT3B_low,1
coda_13_6125_nearest_dist_n1,13,nearest-distance,FT3B_low,1
coda_13_6190_direction_n1,13,direction,FT3B_low,1
coda_13_6193_counting_n1,13,counting,FT3B_low,0
coda_13_6203_counting_n1,13,counting,FT3B_low,0
coda_13_6216_nearest_dist_n1,13,nearest-distance,FT3B_low,1
coda_13_6220_nearest_dist_n1,13,nearest-distance,FT3B_low,1
coda_13_6293_direction_n1,13,direction,FT3B_low,0
coda_13_6305_counting_n1,13,counting,FT3B_low,0
coda_13_6308_counting_n1,13,counting,FT3B_low,0
coda_13_6312_nearest_dist_n1,13,nearest-distance,FT3B_low,1
coda_13_6314_nearest_dist_n1,13,nearest-distance,FT3B_low,1
coda_13_9083_direction_n1,13,direction,FT3B_low,1
coda_13_9119_path_object_n1,13,path-object,FT3B_low,1
coda_13_9120_counting_n1,13,counting,FT3B_low,1
coda_13_9125_nearest_class_n1,13,nearest-class,FT3B_low,1
coda_13_9241_nearest_dist_n1,13,nearest-distance,FT3B_low,1
coda_13_9242_direction_n1,13,direction,FT3B_low,1
coda_13_9244_path_object_n1,13,path-object,FT3B_low,1
coda_13_9443_nearest_class_n1,13,nearest-class,FT3B_low,1
coda_13_9444_nearest_class_n1,13,nearest-class,FT3B_low,1
coda_13_9451_nearest_dist_n1,13,nearest-distance,FT3B_low,0
coda_13_9562_direction_n1,13,direction,FT3B_low,0
coda_13_9662_path_object_n1,13,path-object,FT3B_low,1
coda_13_9668_counting_n1,13,counting,FT3B_low,0
coda_13_9800_nearest_class_n1,13,nearest-class,FT3B_low,1
coda_13_9801_nearest_dist_n1,13,nearest-distance,FT3B_low,1
coda_13_9802_path_object_n1,13,path-object,FT3B_low,1
coda_13_9803_path_object_n1,13,path-object,FT3B_low,1
coda_13_9863_counting_n1,13,counting,FT3B_low,1
coda_13_9880_nearest_class_n1,13,nearest-class,FT3B_low,1
coda_13_9888_nearest_dist_n1,13,nearest-distance,FT3B_low,1
coda_13_9894_direction_n1,13,direction,FT3B_low,1
coda_13_9900_path_object_n1,13,path-object,FT3B_low,1
coda_13_9977_nearest_class_n1,13,nearest-class,FT3B_low,1
coda_13_9979_nearest_class_n1,13,nearest-class,FT3B_low,1
coda_18_1654_path_object_n1,18,path-object,FT3B_low,1
coda_18_1657_counting_n1,18,counting,FT3B_low,1
coda_18_1660_path_object_n1,18,path-object,FT3B_low,1
coda_18_1663_path_object_n1,18,path-object,FT3B_low,1
coda_18_1705_direction_n1,18,direction,FT3B_low,1
coda_18_1711_path_object_n1,18,path-object,FT3B_low,1
coda_18_1716_counting_n1,18,counting,FT3B_low,0
coda_18_1722_nearest_class_n1,18,nearest-class,FT3B_low,1
coda_18_6581_nearest_dist_n1,18,nearest-distance,FT3B_low,1
coda_18_6634_direction_n1,18,direction,FT3B_low,0
coda_18_6648_path_object_n1,18,path-object,FT3B_low,1
coda_18_6652_counting_n1,18,counting,FT3B_low,1
coda_18_6653_nearest_class_n1,18,nearest-class,FT3B_low,1
coda_1_1851_path_object_n1,1,path-object,FT3B_low,1
coda_1_1852_path_object_n1,1,path-object,FT3B_low,0
coda_1_1857_counting_n1,1,counting,FT3B_low,0
coda_1_1858_nearest_class_n1,1,nearest-class,FT3B_low,0
coda_1_1864_nearest_dist_n1,1,nearest-distance,FT3B_low,1
coda_1_1908_direction_n1,1,direction,FT3B_low,1
coda_1_1915_path_object_n1,1,path-object,FT3B_low,1
coda_1_2006_counting_n1,1,counting,FT3B_low,0
coda_1_2045_nearest_class_n1,1,nearest-class,FT3B_low,1
coda_1_2078_nearest_dist_n1,1,nearest-distance,FT3B_low,1
coda_1_2081_path_object_n1,1,path-object,FT3B_low,1
coda_1_2083_path_object_n1,1,path-object,FT3B_low,1
coda_1_2085_counting_n1,1,counting,FT3B_low,1
coda_1_2088_nearest_class_n1,1,nearest-class,FT3B_low,1
coda_1_2092_path_object_n1,1,path-object,FT3B_low,1
coda_1_2093_direction_n1,1,direction,FT3B_low,1
coda_1_2099_path_object_n1,1,path-object,FT3B_low,1
coda_1_2105_counting_n1,1,counting,FT3B_low,1
coda_1_2106_nearest_class_n1,1,nearest-class,FT3B_low,0
coda_1_2109_nearest_dist_n1,1,nearest-distance,FT3B_low,1
coda_1_2111_direction_n1,1,direction,FT3B_low,0
coda_1_2157_path_object_n1,1,path-object,FT3B_low,1
coda_1_2161_counting_n1,1,counting,FT3B_low,1
coda_1_2166_nearest_class_n1,1,nearest-class,FT3B_low,1
coda_1_2232_nearest_dist_n1,1,nearest-distance,FT3B_low,1
coda_1_2234_direction_n1,1,direction,FT3B_low,1
coda_1_2236_counting_n1,1,counting,FT3B_low,0
coda_1_2237_counting_n1,1,counting,FT3B_low,0
coda_1_2238_nearest_class_n1,1,nearest-class,FT3B_low,0
coda_1_2244_nearest_dist_n1,1,nearest-distance,FT3B_low,1
coda_1_2245_direction_n1,1,direction,FT3B_low,1
coda_1_2937_path_object_n1,1,path-object,FT3B_low,1
coda_1_2939_nearest_class_n1,1,nearest-class,FT3B_low,1
coda_1_2952_nearest_class_n1,1,nearest-class,FT3B_low,1
coda_1_2955_nearest_dist_n1,1,nearest-distance,FT3B_low,0
coda_1_2968_direction_n1,1,direction,FT3B_low,1
coda_1_2983_path_object_n1,1,path-object,FT3B_low,0
coda_1_2984_counting_n1,1,counting,FT3B_low,0
coda_1_3371_nearest_dist_n1,1,nearest-distance,FT3B_low,1
coda_4_1337_path_object_n1,4,path-object,FT3B_low,1
coda_4_1340_counting_n1,4,counting,FT3B_low,1
coda_4_1343_nearest_class_n1,4,nearest-class,FT3B_low,1
coda_4_1427_nearest_dist_n1,4,nearest-distance,FT3B_low,1
coda_4_1431_path_object_n1,4,path-object,FT3B_low,1
coda_4_1475_path_object_n1,4,path-object,FT3B_low,1
coda_4_1476_counting_n1,4,counting,FT3B_low,1
coda_4_6639_nearest_class_n1,4,nearest-class,FT3B_low,1
coda_4_6640_direction_n1,4,direction,FT3B_low,1
coda_4_6644_path_object_n1,4,path-object,FT3B_low,1
coda_4_6651_path_object_n1,4,path-object,FT3B_low,1
coda_4_6653_counting_n1,4,counting,FT3B_low,1
coda_4_6656_nearest_class_n1,4,nearest-class,FT3B_low,1
coda_4_6663_nearest_dist_n1,4,nearest-distance,FT3B_low,1
coda_4_6694_direction_n1,4,direction,FT3B_low,1
coda_4_6769_path_object_n1,4,path-object,FT3B_low,1
coda_4_6774_counting_n1,4,counting,FT3B_low,0
coda_4_6777_nearest_class_n1,4,nearest-class,FT3B_low,1
coda_4_6782_nearest_dist_n1,4,nearest-distance,FT3B_low,1
coda_4_6796_direction_n1,4,direction,FT3B_low,1
coda_4_6799_nearest_class_n1,4,nearest-class,FT3B_low,1
coda_4_6804_counting_n1,4,counting,FT3B_low,0
coda_4_6807_nearest_class_n1,4,nearest-class,FT3B_low,1
coda_4_6875_nearest_dist_n1,4,nearest-distance,FT3B_low,1
coda_4_6880_direction_n1,4,direction,FT3B_low,1
coda_4_6882_path_object_n1,4,path-object,FT3B_low,1
coda_4_6883_counting_n1,4,counting,FT3B_low,1
coda_4_6895_nearest_dist_n1,4,nearest-distance,FT3B_low,1
coda_4_6903_nearest_dist_n1,4,nearest-distance,FT3B_low,1
coda_4_6906_direction_n1,4,direction,FT3B_low,1
coda_4_6909_path_object_n1,4,path-object,FT3B_low,1
coda_4_6912_counting_n1,4,counting,FT3B_low,1
coda_4_6923_nearest_class_n1,4,nearest-class,FT3B_low,1
coda_4_6926_direction_n1,4,direction,FT3B_low,1
coda_4_6933_direction_n1,4,direction,FT3B_low,1
coda_12_10418_counting_n1,12,counting,FT3B_low,0
coda_12_10422_nearest_class_n1,12,nearest-class,FT3B_low,1
coda_12_10423_nearest_dist_n1,12,nearest-distance,FT3B_low,1
coda_12_10428_direction_n1,12,direction,FT3B_low,1
coda_12_10438_counting_n1,12,counting,FT3B_low,0
coda_12_10442_counting_n1,12,counting,FT3B_low,0
coda_12_10445_nearest_class_n1,12,nearest-class,FT3B_low,1
coda_12_10446_nearest_dist_n1,12,nearest-distance,FT3B_low,0
coda_12_10537_path_object_n1,12,path-object,FT3B_low,1
coda_12_10550_path_object_n1,12,path-object,FT3B_low,1
coda_12_11507_counting_n1,12,counting,FT3B_low,0
coda_12_11508_nearest_class_n1,12,nearest-class,FT3B_low,1
coda_12_11526_nearest_dist_n1,12,nearest-distance,FT3B_low,1
coda_12_11529_direction_n1,12,direction,FT3B_low,1
coda_12_11592_path_object_n1,12,path-object,FT3B_low,1
coda_12_11594_counting_n1,12,counting,FT3B_low,0
coda_12_11599_nearest_class_n1,12,nearest-class,FT3B_low,1
coda_12_11600_nearest_dist_n1,12,nearest-distance,FT3B_low,1
coda_12_11605_direction_n1,12,direction,FT3B_low,1
coda_12_11618_path_object_n1,12,path-object,FT3B_low,1
coda_12_2675_counting_n1,12,counting,FT3B_low,1
coda_12_2676_direction_n1,12,direction,FT3B_low,1
coda_12_2681_direction_n1,12,direction,FT3B_low,1
coda_12_2687_direction_n1,12,direction,FT3B_low,1
coda_12_2697_path_object_n1,12,path-object,FT3B_low,1
coda_12_2700_counting_n1,12,counting,FT3B_low,0
coda_12_2863_nearest_class_n1,12,nearest-class,FT3B_low,0
coda_12_2864_nearest_dist_n1,12,nearest-distance,FT3B_low,1
coda_12_2867_path_object_n1,12,path-object,FT3B_low,0
coda_12_2871_path_object_n1,12,path-object,FT3B_low,1
coda_12_2877_counting_n1,12,counting,FT3B_low,1
coda_12_2883_nearest_class_n1,12,nearest-class,FT3B_low,0
coda_12_2887_path_object_n1,12,path-object,FT3B_low,1
coda_12_2890_path_object_n1,12,path-object,FT3B_low,1
coda_12_2892_counting_n1,12,counting,FT3B_low,1
coda_12_2893_counting_n1,12,counting,FT3B_low,0
coda_12_2896_direction_n1,12,direction,FT3B_low,1
coda_12_2903_nearest_dist_n1,12,nearest-distance,FT3B_low,1
coda_12_2905_direction_n1,12,direction,FT3B_low,1
coda_14_3847_nearest_dist_n1,14,nearest-distance,FT3B_low,1
coda_14_3851_direction_n1,14,direction,FT3B_low,1
coda_14_3852_path_object_n1,14,path-object,FT3B_low,0
coda_14_3855_counting_n1,14,counting,FT3B_low,0
coda_14_3857_nearest_class_n1,14,nearest-class,FT3B_low,1
coda_14_3867_nearest_dist_n1,14,nearest-distance,FT3B_low,1
coda_14_3868_direction_n1,14,direction,FT3B_low,1
coda_14_3869_path_object_n1,14,path-object,FT3B_low,1
coda_14_3870_counting_n1,14,counting,FT3B_low,1
coda_14_3878_nearest_dist_n1,14,nearest-distance,FT3B_low,1
coda_14_3889_nearest_dist_n1,14,nearest-distance,FT3B_low,1
coda_14_3891_direction_n1,14,direction,FT3B_low,1
coda_14_3894_path_object_n1,14,path-object,FT3B_low,1
coda_15_145_counting_n1,15,counting,FT3B_low,1
coda_15_147_nearest_class_n1,15,nearest-class,FT3B_low,1
coda_15_187_nearest_dist_n1,15,nearest-distance,FT3B_low,1
coda_15_191_direction_n1,15,direction,FT3B_low,1
coda_15_195_counting_n1,15,counting,FT3B_low,1
coda_15_202_counting_n1,15,counting,FT3B_low,1
coda_15_205_nearest_dist_n1,15,nearest-distance,FT3B_low,1
coda_15_209_nearest_dist_n1,15,nearest-distance,FT3B_low,1
coda_15_210_direction_n1,15,direction,FT3B_low,1
coda_15_212_counting_n1,15,counting,FT3B_low,1
coda_15_238_counting_n1,15,counting,FT3B_low,1
coda_15_240_nearest_dist_n1,15,nearest-distance,FT3B_low,1
coda_15_241_nearest_dist_n1,15,nearest-distance,FT3B_low,1
coda_15_242_direction_n1,15,direction,FT3B_low,1
coda_15_243_counting_n1,15,counting,FT3B_low,1
coda_15_296_counting_n1,15,counting,FT3B_low,1
coda_15_297_nearest_class_n1,15,nearest-class,FT3B_low,1
coda_16_10663_nearest_dist_n1,16,nearest-distance,FT3B_low,1
coda_16_10665_direction_n1,16,direction,FT3B_low,1
coda_16_10670_path_object_n1,16,path-object,FT3B_low,1
coda_16_10673_counting_n1,16,counting,FT3B_low,1
coda_16_10674_nearest_dist_n1,16,nearest-distance,FT3B_low,1
coda_16_10679_nearest_dist_n1,16,nearest-distance,FT3B_low,1
coda_16_10685_direction_n1,16,direction,FT3B_low,1
coda_16_10692_path_object_n1,16,path-object,FT3B_low,1
coda_16_10701_counting_n1,16,counting,FT3B_low,1
coda_16_10704_nearest_class_n1,16,nearest-class,FT3B_low,1
coda_16_10706_nearest_dist_n1,16,nearest-distance,FT3B_low,1
coda_16_10820_direction_n1,16,direction,FT3B_low,1
coda_16_10932_path_object_n1,16,path-object,FT3B_low,1
coda_16_10934_counting_n1,16,counting,FT3B_low,0
coda_16_10935_nearest_class_n1,16,nearest-class,FT3B_low,1
coda_16_10937_nearest_dist_n1,16,nearest-distance,FT3B_low,1
coda_16_10939_path_object_n1,16,path-object,FT3B_low,1
coda_16_10946_path_object_n1,16,path-object,FT3B_low,1
coda_16_10950_counting_n1,16,counting,FT3B_low,0
coda_16_10958_nearest_class_n1,16,nearest-class,FT3B_low,1
coda_16_10959_path_object_n1,16,path-object,FT3B_low,1
coda_16_10961_path_object_n1,16,path-object,FT3B_low,1
coda_16_11014_path_object_n1,16,path-object,FT3B_low,1
coda_16_11016_counting_n1,16,counting,FT3B_low,1
coda_16_11024_nearest_class_n1,16,nearest-class,FT3B_low,1
coda_16_11030_nearest_dist_n1,16,nearest-distance,FT3B_low,0
coda_16_11031_direction_n1,16,direction,FT3B_low,1
coda_16_11063_path_object_n1,16,path-object,FT3B_low,1
coda_16_11065_counting_n1,16,counting,FT3B_low,0
coda_16_11066_nearest_dist_n1,16,nearest-distance,FT3B_low,0
coda_16_11067_nearest_dist_n1,16,nearest-distance,FT3B_low,0
coda_16_11070_direction_n1,16,direction,FT3B_low,1
coda_16_11071_path_object_n1,16,path-object,FT3B_low,1
coda_16_11076_counting_n1,16,counting,FT3B_low,0
coda_16_11077_nearest_class_n1,16,nearest-class,FT3B_low,1
coda_16_11080_nearest_dist_n1,16,nearest-distance,FT3B_low,1
coda_16_11082_direction_n1,16,direction,FT3B_low,1
coda_16_11083_path_object_n1,16,path-object,FT3B_low,1
coda_16_11131_counting_n1,16,counting,FT3B_low,0
coda_16_11133_nearest_class_n1,16,nearest-class,FT3B_low,1
coda_16_11170_nearest_dist_n1,16,nearest-distance,FT3B_low,1
coda_16_11171_nearest_dist_n1,16,nearest-distance,FT3B_low,1
coda_16_11272_path_object_n1,16,path-object,FT3B_low,1
coda_16_11275_counting_n1,16,counting,FT3B_low,1
coda_16_11282_nearest_class_n1,16,nearest-class,FT3B_low,1
coda_16_11307_nearest_dist_n1,16,nearest-distance,FT3B_low,1
coda_16_11429_direction_n1,16,direction,FT3B_low,1
coda_16_11516_counting_n1,16,counting,FT3B_low,1
coda_16_11517_counting_n1,16,counting,FT3B_low,1
coda_16_11518_nearest_dist_n1,16,nearest-distance,FT3B_low,1
coda_16_11528_nearest_dist_n1,16,nearest-distance,FT3B_low,1
coda_16_11536_counting_n1,16,counting,FT3B_low,0
coda_16_11540_counting_n1,16,counting,FT3B_low,0
coda_16_11541_counting_n1,16,counting,FT3B_low,1
coda_16_11542_nearest_dist_n1,16,nearest-distance,FT3B_low,1
coda_16_14901_nearest_dist_n1,16,nearest-distance,FT3B_low,0
coda_16_14908_direction_n1,16,direction,FT3B_low,1
coda_16_14909_path_object_n1,16,path-object,FT3B_low,1
coda_16_14910_nearest_class_n1,16,nearest-class,FT3B_low,1
coda_16_14911_nearest_class_n1,16,nearest-class,FT3B_low,1
coda_16_14916_nearest_dist_n1,16,nearest-distance,FT3B_low,1
coda_16_14919_direction_n1,16,direction,FT3B_low,1
coda_16_14920_path_object_n1,16,path-object,FT3B_low,1
coda_16_14921_counting_n1,16,counting,FT3B_low,1
coda_16_14927_nearest_class_n1,16,nearest-class,FT3B_low,1
coda_16_14931_nearest_dist_n1,16,nearest-distance,FT3B_low,1
coda_16_15019_direction_n1,16,direction,FT3B_low,1
coda_16_15027_path_object_n1,16,path-object,FT3B_low,1
coda_16_15100_counting_n1,16,counting,FT3B_low,1
coda_16_15137_nearest_class_n1,16,nearest-class,FT3B_low,1
coda_16_15138_nearest_dist_n1,16,nearest-distance,FT3B_low,1
coda_16_15217_direction_n1,16,direction,FT3B_low,1
coda_16_15218_path_object_n1,16,path-object,FT3B_low,1
coda_16_15750_counting_n1,16,counting,FT3B_low,0
coda_16_3206_nearest_dist_n1,16,nearest-distance,FT3B_low,1
coda_16_3269_direction_n1,16,direction,FT3B_low,0
coda_16_3299_direction_n1,16,direction,FT3B_low,1
coda_16_3301_path_object_n1,16,path-object,FT3B_low,1
coda_16_3352_counting_n1,16,counting,FT3B_low,1
coda_16_3355_nearest_class_n1,16,nearest-class,FT3B_low,1
coda_16_3362_nearest_dist_n1,16,nearest-distance,FT3B_low,1
coda_16_3367_direction_n1,16,direction,FT3B_low,1
coda_16_3368_counting_n1,16,counting,FT3B_low,1
coda_16_3464_counting_n1,16,counting,FT3B_low,1
coda_16_3466_nearest_class_n1,16,nearest-class,FT3B_low,1
coda_16_3658_direction_n1,16,direction,FT3B_low,1
coda_16_3743_direction_n1,16,direction,FT3B_low,1
coda_16_4069_path_object_n1,16,path-object,FT3B_low,1
coda_16_4075_counting_n1,16,counting,FT3B_low,0
coda_16_4256_nearest_class_n1,16,nearest-class,FT3B_low,1
coda_16_4259_nearest_dist_n1,16,nearest-distance,FT3B_low,1
coda_16_4263_direction_n1,16,direction,FT3B_low,1
coda_16_4264_path_object_n1,16,path-object,FT3B_low,1
coda_16_4267_counting_n1,16,counting,FT3B_low,0
coda_16_4268_nearest_class_n1,16,nearest-class,FT3B_low,1
coda_16_4271_nearest_dist_n1,16,nearest-distance,FT3B_low,1
coda_16_5839_direction_n1,16,direction,FT3B_low,1
coda_16_5849_path_object_n1,16,path-object,FT3B_low,1
coda_16_6029_counting_n1,16,counting,FT3B_low,1
coda_16_6030_nearest_class_n1,16,nearest-class,FT3B_low,1
coda_16_6033_nearest_dist_n1,16,nearest-distance,FT3B_low,1
coda_16_6035_direction_n1,16,direction,FT3B_low,1
coda_16_6039_path_object_n1,16,path-object,FT3B_low,1
coda_16_6085_counting_n1,16,counting,FT3B_low,1
coda_16_6087_nearest_class_n1,16,nearest-class,FT3B_low,1
coda_16_7061_direction_n1,16,direction,FT3B_low,1
coda_16_7062_direction_n1,16,direction,FT3B_low,1
coda_16_7070_nearest_dist_n1,16,nearest-distance,FT3B_low,1
coda_16_7071_counting_n1,16,counting,FT3B_low,0
coda_16_7072_nearest_dist_n1,16,nearest-distance,FT3B_low,1
coda_16_7078_nearest_dist_n1,16,nearest-distance,FT3B_low,1
coda_16_7146_direction_n1,16,direction,FT3B_low,1
coda_16_7148_counting_n1,16,counting,FT3B_low,0
coda_16_7149_counting_n1,16,counting,FT3B_low,0
coda_16_7253_nearest_class_n1,16,nearest-class,FT3B_low,1
coda_16_7350_nearest_dist_n1,16,nearest-distance,FT3B_low,1
coda_16_7351_direction_n1,16,direction,FT3B_low,1
coda_16_7355_path_object_n1,16,path-object,FT3B_low,1
coda_16_7356_counting_n1,16,counting,FT3B_low,1
coda_16_7358_nearest_dist_n1,16,nearest-distance,FT3B_low,1
coda_16_7402_nearest_dist_n1,16,nearest-distance,FT3B_low,1
coda_16_7457_direction_n1,16,direction,FT3B_low,1
coda_16_7458_path_object_n1,16,path-object,FT3B_low,1
coda_16_7467_counting_n1,16,counting,FT3B_low,1
coda_16_7472_nearest_class_n1,16,nearest-class,FT3B_low,1
coda_16_7473_nearest_dist_n1,16,nearest-distance,FT3B_low,1
coda_16_7477_direction_n1,16,direction,FT3B_low,1
coda_16_7481_path_object_n1,16,path-object,FT3B_low,1
coda_16_7482_counting_n1,16,counting,FT3B_low,0
coda_16_7492_nearest_class_n1,16,nearest-class,FT3B_low,1
coda_16_7494_nearest_dist_n1,16,nearest-distance,FT3B_low,1
coda_16_8699_direction_n1,16,direction,FT3B_low,1
coda_16_8705_path_object_n1,16,path-object,FT3B_low,1
coda_16_8708_counting_n1,16,counting,FT3B_low,0
coda_16_8710_nearest_class_n1,16,nearest-class,FT3B_low,1
coda_16_8766_direction_n1,16,direction,FT3B_low,1
coda_16_8767_direction_n1,16,direction,FT3B_low,1
coda_16_8769_path_object_n1,16,path-object,FT3B_low,1
coda_16_8775_counting_n1,16,counting,FT3B_low,0
coda_16_8781_nearest_class_n1,16,nearest-class,FT3B_low,1
coda_16_8787_nearest_dist_n1,16,nearest-distance,FT3B_low,1
coda_16_8825_direction_n1,16,direction,FT3B_low,1
coda_16_8828_counting_n1,16,counting,FT3B_low,0
coda_16_8955_counting_n1,16,counting,FT3B_low,0
coda_16_9027_nearest_dist_n1,16,nearest-distance,FT3B_low,1
coda_16_9034_nearest_dist_n1,16,nearest-distance,FT3B_low,1
coda_16_9035_direction_n1,16,direction,FT3B_low,1
coda_16_9038_counting_n1,16,counting,FT3B_low,0
coda_16_9041_counting_n1,16,counting,FT3B_low,0
coda_16_9051_counting_n1,16,counting,FT3B_low,0
coda_16_9127_nearest_dist_n1,16,nearest-distance,FT3B_low,0
coda_16_9130_direction_n1,16,direction,FT3B_low,1
coda_16_9135_counting_n1,16,counting,FT3B_low,1
coda_16_9138_counting_n1,16,counting,FT3B_low,0
coda_16_9229_nearest_class_n1,16,nearest-class,FT3B_low,1
coda_2_2441_nearest_class_n1,2,nearest-class,FT3B_low,1
coda_2_2442_nearest_dist_n1,2,nearest-distance,FT3B_low,1
coda_2_2443_direction_n1,2,direction,FT3B_low,1
coda_2_2457_path_object_n1,2,path-object,FT3B_low,1
coda_2_2459_counting_n1,2,counting,FT3B_low,1
coda_2_2460_nearest_class_n1,2,nearest-class,FT3B_low,1
coda_2_2465_nearest_dist_n1,2,nearest-distance,FT3B_low,1
coda_2_2468_path_object_n1,2,path-object,FT3B_low,1
coda_2_2537_path_object_n1,2,path-object,FT3B_low,1
coda_2_2539_counting_n1,2,counting,FT3B_low,1
coda_2_2541_nearest_class_n1,2,nearest-class,FT3B_low,1
coda_2_2544_nearest_dist_n1,2,nearest-distance,FT3B_low,1
coda_2_2545_direction_n1,2,direction,FT3B_low,1
coda_2_5041_path_object_n1,2,path-object,FT3B_low,0
coda_2_5044_counting_n1,2,counting,FT3B_low,1
coda_2_5046_nearest_dist_n1,2,nearest-distance,FT3B_low,1
coda_2_5048_nearest_dist_n1,2,nearest-distance,FT3B_low,1
coda_2_5051_path_object_n1,2,path-object,FT3B_low,0
coda_2_5058_path_object_n1,2,path-object,FT3B_low,0
coda_2_5060_counting_n1,2,counting,FT3B_low,0
coda_2_5081_direction_n1,2,direction,FT3B_low,1
coda_2_5084_direction_n1,2,direction,FT3B_low,1
coda_2_5086_direction_n1,2,direction,FT3B_low,1
coda_2_5091_path_object_n1,2,path-object,FT3B_low,0
coda_2_5093_counting_n1,2,counting,FT3B_low,1
coda_2_5094_nearest_class_n1,2,nearest-class,FT3B_low,1
coda_2_5101_direction_n1,2,direction,FT3B_low,1
coda_2_5104_direction_n1,2,direction,FT3B_low,1
coda_2_5109_path_object_n1,2,path-object,FT3B_low,1
coda_2_5111_counting_n1,2,counting,FT3B_low,0
coda_2_5112_nearest_class_n1,2,nearest-class,FT3B_low,0
coda_2_5114_nearest_dist_n1,2,nearest-distance,FT3B_low,0
coda_2_5120_path_object_n1,2,path-object,FT3B_low,1
coda_2_5122_path_object_n1,2,path-object,FT3B_low,0
coda_2_5126_counting_n1,2,counting,FT3B_low,1
coda_2_5129_nearest_class_n1,2,nearest-class,FT3B_low,1
coda_2_5198_nearest_dist_n1,2,nearest-distance,FT3B_low,1
coda_2_5202_path_object_n1,2,path-object,FT3B_low,1
coda_2_5203_counting_n1,2,counting,FT3B_low,1
coda_2_5205_counting_n1,2,counting,FT3B_low,1
coda_2_5289_nearest_dist_n1,2,nearest-distance,FT3B_low,1
coda_2_5293_nearest_dist_n1,2,nearest-distance,FT3B_low,1
coda_2_5338_direction_n1,2,direction,FT3B_low,1
coda_2_5339_path_object_n1,2,path-object,FT3B_low,1
coda_2_5587_counting_n1,2,counting,FT3B_low,0
coda_2_5589_nearest_class_n1,2,nearest-class,FT3B_low,1
coda_2_5591_nearest_dist_n1,2,nearest-distance,FT3B_low,1
coda_2_5593_direction_n1,2,direction,FT3B_low,1
coda_2_5595_path_object_n1,2,path-object,FT3B_low,1
coda_2_6852_counting_n1,2,counting,FT3B_low,0
coda_2_6962_nearest_class_n1,2,nearest-class,FT3B_low,1
coda_2_6968_direction_n1,2,direction,FT3B_low,1
coda_2_6970_direction_n1,2,direction,FT3B_low,0
coda_2_6974_path_object_n1,2,path-object,FT3B_low,1
coda_2_6975_counting_n1,2,counting,FT3B_low,1
coda_2_6988_nearest_dist_n1,2,nearest-distance,FT3B_low,0
coda_2_6990_direction_n1,2,direction,FT3B_low,1
coda_2_7032_counting_n1,2,counting,FT3B_low,1
coda_2_7141_path_object_n1,2,path-object,FT3B_low,1
coda_2_7142_counting_n1,2,counting,FT3B_low,0
coda_2_7149_nearest_class_n1,2,nearest-class,FT3B_low,1
coda_9_1531_nearest_dist_n1,9,nearest-distance,FT3B_low,1
coda_9_1532_nearest_dist_n1,9,nearest-distance,FT3B_low,1
coda_9_1538_direction_n1,9,direction,FT3B_low,1
coda_9_1539_path_object_n1,9,path-object,FT3B_low,1
coda_9_1549_counting_n1,9,counting,FT3B_low,1
coda_9_1550_nearest_class_n1,9,nearest-class,FT3B_low,1
coda_9_1551_nearest_dist_n1,9,nearest-distance,FT3B_low,1
coda_9_1552_direction_n1,9,direction,FT3B_low,1
coda_9_1586_counting_n1,9,counting,FT3B_low,0
coda_9_1637_counting_n1,9,counting,FT3B_low,1
coda_9_1641_nearest_class_n1,9,nearest-class,FT3B_low,1
coda_9_1644_nearest_dist_n1,9,nearest-distance,FT3B_low,1
coda_9_1646_direction_n1,9,direction,FT3B_low,1
coda_9_1648_counting_n1,9,counting,FT3B_low,1
coda_9_2495_counting_n1,9,counting,FT3B_low,0
coda_9_2501_nearest_class_n1,9,nearest-class,FT3B_low,1
coda_9_2505_nearest_dist_n1,9,nearest-distance,FT3B_low,1
coda_9_2506_direction_n1,9,direction,FT3B_low,1
coda_9_2507_counting_n1,9,counting,FT3B_low,1
coda_9_2644_counting_n1,9,counting,FT3B_low,1
coda_9_2647_nearest_dist_n1,9,nearest-distance,FT3B_low,1
coda_9_6680_direction_n1,9,direction,FT3B_low,1
coda_9_6719_direction_n1,9,direction,FT3B_low,1
coda_9_6720_path_object_n1,9,path-object,FT3B_low,1
coda_9_6728_counting_n1,9,counting,FT3B_low,1
coda_9_6785_nearest_class_n1,9,nearest-class,FT3B_low,1
coda_9_6787_nearest_dist_n1,9,nearest-distance,FT3B_low,0
coda_9_6797_direction_n1,9,direction,FT3B_low,1
coda_9_6798_path_object_n1,9,path-object,FT3B_low,1
coda_9_6800_counting_n1,9,counting,FT3B_low,0
coda_9_8515_nearest_class_n1,9,nearest-class,FT3B_low,1
coda_9_8519_nearest_dist_n1,9,nearest-distance,FT3B_low,1
coda_9_8536_direction_n1,9,direction,FT3B_low,1
coda_9_8537_path_object_n1,9,path-object,FT3B_low,1
coda_9_8540_counting_n1,9,counting,FT3B_low,1
coda_9_8545_nearest_class_n1,9,nearest-class,FT3B_low,0
coda_9_8551_nearest_dist_n1,9,nearest-distance,FT3B_low,1
coda_9_8553_direction_n1,9,direction,FT3B_low,1
coda_9_8559_counting_n1,9,counting,FT3B_low,0
coda_9_8561_counting_n1,9,counting,FT3B_low,0
coda_9_8562_nearest_class_n1,9,nearest-class,FT3B_low,1
coda_9_8566_nearest_dist_n1,9,nearest-distance,FT3B_low,1
coda_9_8567_direction_n1,9,direction,FT3B_low,0
coda_9_8571_path_object_n1,9,path-object,FT3B_low,1
coda_9_8604_counting_n1,9,counting,FT3B_low,1
coda_9_8606_nearest_dist_n1,9,nearest-distance,FT3B_low,1
coda_9_8612_nearest_dist_n1,9,nearest-distance,FT3B_low,1
coda_9_8616_direction_n1,9,direction,FT3B_low,1
coda_9_8681_counting_n1,9,counting,FT3B_low,0
coda_9_8684_counting_n1,9,counting,FT3B_low,0
coda_9_8838_nearest_class_n1,9,nearest-class,FT3B_low,1
coda_9_8841_nearest_dist_n1,9,nearest-distance,FT3B_low,1
coda_9_8842_direction_n1,9,direction,FT3B_low,1
coda_9_8845_counting_n1,9,counting,FT3B_low,0
coda_9_9352_counting_n1,9,counting,FT3B_low,0
coda_9_9354_nearest_class_n1,9,nearest-class,FT3B_low,1
coda_9_9361_nearest_dist_n1,9,nearest-distance,FT3B_low,1
coda_9_9363_direction_n1,9,direction,FT3B_low,1
coda_9_9368_path_object_n1,9,path-object,FT3B_low,1
coda_9_9371_counting_n1,9,counting,FT3B_low,1
coda_9_9372_nearest_dist_n1,9,nearest-distance,FT3B_low,1
coda_9_9377_direction_n1,9,direction,FT3B_low,1
coda_9_9380_direction_n1,9,direction,FT3B_low,1
coda_9_9382_path_object_n1,9,path-object,FT3B_low,1
coda_9_9394_counting_n1,9,counting,FT3B_low,1
coda_9_9398_direction_n1,9,direction,FT3B_low,1
coda_9_9466_nearest_dist_n1,9,nearest-distance,FT3B_low,1
coda_9_9467_direction_n1,9,direction,FT3B_low,1
coda_9_9469_counting_n1,9,counting,FT3B_low,0
coda_9_9471_counting_n1,9,counting,FT3B_low,0
coda_9_9577_nearest_class_n1,9,nearest-class,FT3B_low,1
coda_9_9578_nearest_dist_n1,9,nearest-distance,FT3B_low,1
coda_9_9579_counting_n1,9,counting,FT3B_low,1
coda_9_9582_counting_n1,9,counting,FT3B_low,0
coda_9_9588_counting_n1,9,counting,FT3B_low,0
coda_9_9589_nearest_class_n1,9,nearest-class,FT3B_low,1
coda_9_9595_nearest_dist_n1,9,nearest-distance,FT3B_low,1
coda_0_421_counting_n1,0,counting,FT3B_low,1
coda_0_422_nearest_dist_n1,0,nearest-distance,FT3B_low,0
coda_0_429_nearest_dist_n1,0,nearest-distance,FT3B_low,0
coda_0_436_direction_n1,0,direction,FT3B_low,0
coda_0_4797_path_object_n1,0,path-object,FT3B_low,1
coda_0_4803_counting_n1,0,counting,FT3B_low,1
coda_0_4804_nearest_class_n1,0,nearest-class,FT3B_low,1
coda_0_4805_nearest_dist_n1,0,nearest-distance,FT3B_low,1
coda_0_4809_direction_n1,0,direction,FT3B_low,1
coda_0_4813_path_object_n1,0,path-object,FT3B_low,1
coda_0_4815_counting_n1,0,counting,FT3B_low,0
coda_0_4818_nearest_class_n1,0,nearest-class,FT3B_low,1
coda_0_4821_nearest_dist_n1,0,nearest-distance,FT3B_low,1
coda_0_4902_direction_n1,0,direction,FT3B_low,1
coda_0_4907_path_object_n1,0,path-object,FT3B_low,1
coda_0_4908_counting_n1,0,counting,FT3B_low,0
coda_0_4910_nearest_class_n1,0,nearest-class,FT3B_low,1
coda_0_4914_nearest_dist_n1,0,nearest-distance,FT3B_low,1
coda_0_4916_direction_n1,0,direction,FT3B_low,1
coda_0_4924_nearest_class_n1,0,nearest-class,FT3B_low,1
coda_0_4925_counting_n1,0,counting,FT3B_low,0
coda_0_4926_nearest_class_n1,0,nearest-class,FT3B_low,1
coda_0_4930_nearest_dist_n1,0,nearest-distance,FT3B_low,0
coda_0_507_direction_n1,0,direction,FT3B_low,1
coda_0_508_path_object_n1,0,path-object,FT3B_low,1
coda_0_514_counting_n1,0,counting,FT3B_low,0
coda_0_520_nearest_class_n1,0,nearest-class,FT3B_low,1
coda_0_525_nearest_dist_n1,0,nearest-distance,FT3B_low,1
coda_0_526_direction_n1,0,direction,FT3B_low,0
coda_0_570_path_object_n1,0,path-object,FT3B_low,1
coda_0_5704_counting_n1,0,counting,FT3B_low,0
coda_0_5707_nearest_class_n1,0,nearest-class,FT3B_low,1
coda_0_571_nearest_dist_n1,0,nearest-distance,FT3B_low,1
coda_0_5710_direction_n1,0,direction,FT3B_low,1
coda_0_5712_counting_n1,0,counting,FT3B_low,1
coda_0_572_nearest_class_n1,0,nearest-class,FT3B_low,1
coda_0_5752_nearest_class_n1,0,nearest-class,FT3B_low,1
coda_0_5753_nearest_dist_n1,0,nearest-distance,FT3B_low,1
coda_0_5754_direction_n1,0,direction,FT3B_low,1
coda_0_5787_path_object_n1,0,path-object,FT3B_low,1
coda_0_5788_counting_n1,0,counting,FT3B_low,1
coda_0_583_nearest_class_n1,0,nearest-class,FT3B_low,1
coda_0_621_direction_n1,0,direction,FT3B_low,1
coda_0_634_direction_n1,0,direction,FT3B_low,1
coda_11_1747_nearest_dist_n1,11,nearest-distance,FT3B_low,1
coda_11_1749_counting_n1,11,counting,FT3B_low,1
coda_11_1756_counting_n1,11,counting,FT3B_low,1
coda_11_1760_counting_n1,11,counting,FT3B_low,0
coda_11_1768_nearest_class_n1,11,nearest-class,FT3B_low,1
coda_11_1777_nearest_dist_n1,11,nearest-distance,FT3B_low,1
coda_11_1783_counting_n1,11,counting,FT3B_low,0
coda_11_1787_counting_n1,11,counting,FT3B_low,0
coda_11_1790_counting_n1,11,counting,FT3B_low,1
coda_11_1792_nearest_class_n1,11,nearest-class,FT3B_low,1
coda_11_1793_nearest_dist_n1,11,nearest-distance,FT3B_low,1
coda_11_1794_counting_n1,11,counting,FT3B_low,0
coda_11_1799_counting_n1,11,counting,FT3B_low,1
coda_11_1800_counting_n1,11,counting,FT3B_low,0
coda_11_1906_nearest_class_n1,11,nearest-class,FT3B_low,1
coda_11_1907_direction_n1,11,direction,FT3B_low,1
coda_11_1914_direction_n1,11,direction,FT3B_low,1
coda_11_1916_counting_n1,11,counting,FT3B_low,1
coda_11_1924_counting_n1,11,counting,FT3B_low,0
coda_11_1928_nearest_class_n1,11,nearest-class,FT3B_low,1
coda_11_1932_nearest_dist_n1,11,nearest-distance,FT3B_low,1
coda_11_1935_direction_n1,11,direction,FT3B_low,1
coda_11_1939_path_object_n1,11,path-object,FT3B_low,1
coda_11_1942_counting_n1,11,counting,FT3B_low,0
coda_11_2057_nearest_class_n1,11,nearest-class,FT3B_low,1
coda_11_2064_direction_n1,11,direction,FT3B_low,1
coda_11_2073_direction_n1,11,direction,FT3B_low,1
coda_11_2081_path_object_n1,11,path-object,FT3B_low,1
coda_11_2082_counting_n1,11,counting,FT3B_low,1
coda_11_2084_nearest_class_n1,11,nearest-class,FT3B_low,0
coda_11_2085_nearest_dist_n1,11,nearest-distance,FT3B_low,0
coda_11_5174_path_object_n1,11,path-object,FT3B_low,1
coda_11_5176_path_object_n1,11,path-object,FT3B_low,1
coda_11_5179_counting_n1,11,counting,FT3B_low,1
coda_11_5184_nearest_class_n1,11,nearest-class,FT3B_low,1
coda_11_5185_direction_n1,11,direction,FT3B_low,1
coda_11_5186_direction_n1,11,direction,FT3B_low,1
coda_11_5188_path_object_n1,11,path-object,FT3B_low,1
coda_11_5190_counting_n1,11,counting,FT3B_low,0
coda_11_5194_nearest_class_n1,11,nearest-class,FT3B_low,1
coda_11_5197_path_object_n1,11,path-object,FT3B_low,1
coda_11_5205_path_object_n1,11,path-object,FT3B_low,1
coda_11_5207_path_object_n1,11,path-object,FT3B_low,1
coda_11_5627_counting_n1,11,counting,FT3B_low,0
coda_11_5660_nearest_dist_n1,11,nearest-distance,FT3B_low,1
coda_11_5661_nearest_dist_n1,11,nearest-distance,FT3B_low,1
coda_11_5667_direction_n1,11,direction,FT3B_low,1
coda_11_5668_counting_n1,11,counting,FT3B_low,0
coda_11_5671_counting_n1,11,counting,FT3B_low,1
coda_11_5674_nearest_dist_n1,11,nearest-distance,FT3B_low,1
coda_11_5769_nearest_dist_n1,11,nearest-distance,FT3B_low,1
coda_11_5776_direction_n1,11,direction,FT3B_low,1
coda_11_5785_counting_n1,11,counting,FT3B_low,1
coda_17_10197_nearest_dist_n1,17,nearest-distance,FT3B_low,0
coda_17_10199_direction_n1,17,direction,FT3B_low,1
coda_17_10201_path_object_n1,17,path-object,FT3B_low,1
coda_17_10930_nearest_class_n1,17,nearest-class,FT3B_low,1
coda_17_10931_nearest_class_n1,17,nearest-class,FT3B_low,1
coda_17_10934_direction_n1,17,direction,FT3B_low,1
coda_17_10935_direction_n1,17,direction,FT3B_low,1
coda_17_10940_path_object_n1,17,path-object,FT3B_low,1
coda_17_10943_nearest_class_n1,17,nearest-class,FT3B_low,1
coda_17_10951_nearest_class_n1,17,nearest-class,FT3B_low,1
coda_17_10955_nearest_dist_n1,17,nearest-distance,FT3B_low,1
coda_17_10961_direction_n1,17,direction,FT3B_low,1
coda_17_10962_path_object_n1,17,path-object,FT3B_low,1
coda_17_10967_counting_n1,17,counting,FT3B_low,1
coda_17_11006_nearest_class_n1,17,nearest-class,FT3B_low,1
coda_17_2050_nearest_dist_n1,17,nearest-distance,FT3B_low,1
coda_17_2051_direction_n1,17,direction,FT3B_low,1
coda_17_2064_path_object_n1,17,path-object,FT3B_low,1
coda_17_2098_counting_n1,17,counting,FT3B_low,1
coda_17_2104_nearest_class_n1,17,nearest-class,FT3B_low,1
coda_17_2120_path_object_n1,17,path-object,FT3B_low,1
coda_17_2122_path_object_n1,17,path-object,FT3B_low,1
coda_17_2173_counting_n1,17,counting,FT3B_low,0
coda_17_6027_counting_n1,17,counting,FT3B_low,1
coda_17_6183_nearest_class_n1,17,nearest-class,FT3B_low,1
coda_17_6187_nearest_dist_n1,17,nearest-distance,FT3B_low,1
coda_17_6192_path_object_n1,17,path-object,FT3B_low,1
coda_17_6194_path_object_n1,17,path-object,FT3B_low,1
coda_17_6197_counting_n1,17,counting,FT3B_low,0
coda_17_6198_nearest_class_n1,17,nearest-class,FT3B_low,1
coda_17_6201_nearest_dist_n1,17,nearest-distance,FT3B_low,1
coda_17_6203_direction_n1,17,direction,FT3B_low,1
coda_17_6207_path_object_n1,17,path-object,FT3B_low,1
coda_17_6208_counting_n1,17,counting,FT3B_low,0
coda_17_6209_nearest_class_n1,17,nearest-class,FT3B_low,1
coda_17_6210_direction_n1,17,direction,FT3B_low,1
coda_17_6216_direction_n1,17,direction,FT3B_low,1
coda_17_6336_path_object_n1,17,path-object,FT3B_low,1
coda_17_6337_counting_n1,17,counting,FT3B_low,1
coda_17_6341_nearest_dist_n1,17,nearest-distance,FT3B_low,1
coda_17_7781_nearest_dist_n1,17,nearest-distance,FT3B_low,1
coda_17_7786_path_object_n1,17,path-object,FT3B_low,1
coda_17_7793_path_object_n1,17,path-object,FT3B_low,1
coda_17_7800_counting_n1,17,counting,FT3B_low,1
coda_17_7807_nearest_dist_n1,17,nearest-distance,FT3B_low,1
coda_17_8272_nearest_dist_n1,17,nearest-distance,FT3B_low,1
coda_17_8275_direction_n1,17,direction,FT3B_low,1
coda_17_8276_path_object_n1,17,path-object,FT3B_low,1
coda_17_9866_counting_n1,17,counting,FT3B_low,1
coda_17_9874_nearest_class_n1,17,nearest-class,FT3B_low,0
coda_17_9875_nearest_dist_n1,17,nearest-distance,FT3B_low,1
coda_17_9876_direction_n1,17,direction,FT3B_low,0
coda_5_1803_counting_n1,5,counting,FT3B_low,0
coda_5_1810_counting_n1,5,counting,FT3B_low,1
coda_5_1848_nearest_class_n1,5,nearest-class,FT3B_low,1
coda_6_10385_nearest_dist_n1,6,nearest-distance,FT3B_low,1
coda_6_10386_direction_n1,6,direction,FT3B_low,1
coda_6_10388_counting_n1,6,counting,FT3B_low,1
coda_6_10393_counting_n1,6,counting,FT3B_low,0
coda_6_10395_nearest_class_n1,6,nearest-class,FT3B_low,1
coda_6_10430_nearest_dist_n1,6,nearest-distance,FT3B_low,1
coda_6_10434_counting_n1,6,counting,FT3B_low,1
coda_6_10440_counting_n1,6,counting,FT3B_low,1
coda_6_10441_counting_n1,6,counting,FT3B_low,0
coda_6_10442_nearest_class_n1,6,nearest-class,FT3B_low,1
coda_6_10453_direction_n1,6,direction,FT3B_low,1
coda_6_10457_direction_n1,6,direction,FT3B_low,1
coda_6_10465_path_object_n1,6,path-object,FT3B_low,1
coda_6_10471_counting_n1,6,counting,FT3B_low,1
coda_6_10472_nearest_class_n1,6,nearest-class,FT3B_low,1
coda_6_10478_nearest_dist_n1,6,nearest-distance,FT3B_low,1
coda_6_10563_direction_n1,6,direction,FT3B_low,1
coda_6_1243_path_object_n1,6,path-object,FT3B_low,1
coda_6_1245_counting_n1,6,counting,FT3B_low,1
coda_6_1253_nearest_dist_n1,6,nearest-distance,FT3B_low,1
coda_6_1254_nearest_dist_n1,6,nearest-distance,FT3B_low,1
coda_6_1322_path_object_n1,6,path-object,FT3B_low,1
coda_6_1324_path_object_n1,6,path-object,FT3B_low,1
coda_6_1421_counting_n1,6,counting,FT3B_low,0
coda_6_2601_nearest_class_n1,6,nearest-class,FT3B_low,1
coda_6_2641_nearest_dist_n1,6,nearest-distance,FT3B_low,1
coda_6_2649_direction_n1,6,direction,FT3B_low,1
coda_6_2654_path_object_n1,6,path-object,FT3B_low,1
coda_6_2655_counting_n1,6,counting,FT3B_low,0
coda_6_2656_nearest_dist_n1,6,nearest-distance,FT3B_low,1
coda_6_2657_nearest_dist_n1,6,nearest-distance,FT3B_low,1
coda_6_2747_direction_n1,6,direction,FT3B_low,1
coda_6_2759_counting_n1,6,counting,FT3B_low,1
coda_6_2760_counting_n1,6,counting,FT3B_low,1
coda_6_2761_nearest_class_n1,6,nearest-class,FT3B_low,1
coda_6_2774_nearest_dist_n1,6,nearest-distance,FT3B_low,1
coda_6_2784_direction_n1,6,direction,FT3B_low,1
coda_6_2794_path_object_n1,6,path-object,FT3B_low,1
coda_6_2796_counting_n1,6,counting,FT3B_low,1
coda_6_2828_nearest_class_n1,6,nearest-class,FT3B_low,1
coda_6_2831_direction_n1,6,direction,FT3B_low,1
coda_6_2834_direction_n1,6,direction,FT3B_low,1
coda_6_2839_path_object_n1,6,path-object,FT3B_low,1
coda_6_2840_counting_n1,6,counting,FT3B_low,1
coda_6_2841_nearest_class_n1,6,nearest-class,FT3B_low,0
coda_6_2846_nearest_dist_n1,6,nearest-distance,FT3B_low,1
coda_6_2854_direction_n1,6,direction,FT3B_low,1
coda_6_2855_counting_n1,6,counting,FT3B_low,1
coda_6_2857_counting_n1,6,counting,FT3B_low,0
coda_6_2859_nearest_class_n1,6,nearest-class,FT3B_low,1
coda_6_4502_nearest_dist_n1,6,nearest-distance,FT3B_low,1
coda_6_4509_direction_n1,6,direction,FT3B_low,1
coda_6_4515_path_object_n1,6,path-object,FT3B_low,1
coda_6_4524_counting_n1,6,counting,FT3B_low,1
coda_6_4529_nearest_class_n1,6,nearest-class,FT3B_low,1
coda_6_4533_nearest_dist_n1,6,nearest-distance,FT3B_low,1
coda_6_4601_counting_n1,6,counting,FT3B_low,1
coda_6_4603_counting_n1,6,counting,FT3B_low,1
coda_6_4607_counting_n1,6,counting,FT3B_low,1
coda_6_4611_direction_n1,6,direction,FT3B_low,1
coda_6_4618_nearest_dist_n1,6,nearest-distance,FT3B_low,0
coda_6_4619_direction_n1,6,direction,FT3B_low,1
coda_6_4662_counting_n1,6,counting,FT3B_low,1
coda_6_4664_counting_n1,6,counting,FT3B_low,1
coda_6_4740_nearest_class_n1,6,nearest-class,FT3B_low,1
coda_6_4741_nearest_dist_n1,6,nearest-distance,FT3B_low,1
coda_6_4747_direction_n1,6,direction,FT3B_low,1
coda_6_4750_counting_n1,6,counting,FT3B_low,1
coda_6_4756_counting_n1,6,counting,FT3B_low,1
coda_6_4757_nearest_class_n1,6,nearest-class,FT3B_low,1
coda_6_4764_nearest_dist_n1,6,nearest-distance,FT3B_low,1
coda_6_4769_direction_n1,6,direction,FT3B_low,1
coda_6_4772_counting_n1,6,counting,FT3B_low,0
coda_6_4773_counting_n1,6,counting,FT3B_low,0
coda_6_4776_nearest_class_n1,6,nearest-class,FT3B_low,1
coda_6_5518_nearest_dist_n1,6,nearest-distance,FT3B_low,1
coda_6_5526_direction_n1,6,direction,FT3B_low,1
coda_6_5528_counting_n1,6,counting,FT3B_low,0
coda_6_5534_counting_n1,6,counting,FT3B_low,0
coda_6_5578_direction_n1,6,direction,FT3B_low,1
coda_6_5581_direction_n1,6,direction,FT3B_low,1
coda_6_5584_direction_n1,6,direction,FT3B_low,1
coda_6_5632_counting_n1,6,counting,FT3B_low,1
coda_6_5634_counting_n1,6,counting,FT3B_low,1
coda_6_5635_nearest_class_n1,6,nearest-class,FT3B_low,1
coda_6_5645_nearest_dist_n1,6,nearest-distance,FT3B_low,1
coda_6_5646_direction_n1,6,direction,FT3B_low,1
coda_6_5680_nearest_class_n1,6,nearest-class,FT3B_low,1
coda_6_5685_counting_n1,6,counting,FT3B_low,1
coda_6_5691_nearest_class_n1,6,nearest-class,FT3B_low,0
coda_6_5692_nearest_dist_n1,6,nearest-distance,FT3B_low,1
coda_6_5693_direction_n1,6,direction,FT3B_low,1
coda_6_5702_nearest_class_n1,6,nearest-class,FT3B_low,1
coda_6_5705_counting_n1,6,counting,FT3B_low,1
coda_6_5707_nearest_class_n1,6,nearest-class,FT3B_low,1
coda_6_5710_nearest_dist_n1,6,nearest-distance,FT3B_low,1
coda_6_5714_direction_n1,6,direction,FT3B_low,1
coda_6_5716_counting_n1,6,counting,FT3B_low,1
coda_6_5717_counting_n1,6,counting,FT3B_low,1
coda_6_5721_nearest_dist_n1,6,nearest-distance,FT3B_low,1
coda_6_5723_nearest_dist_n1,6,nearest-distance,FT3B_low,1
coda_6_5730_direction_n1,6,direction,FT3B_low,1
coda_6_5734_counting_n1,6,counting,FT3B_low,1
coda_6_8483_counting_n1,6,counting,FT3B_low,0
coda_6_8484_nearest_class_n1,6,nearest-class,FT3B_low,1
coda_6_8485_nearest_dist_n1,6,nearest-distance,FT3B_low,1
coda_6_8487_direction_n1,6,direction,FT3B_low,1
coda_6_8494_path_object_n1,6,path-object,FT3B_low,0
coda_6_8495_counting_n1,6,counting,FT3B_low,0
coda_6_8500_nearest_class_n1,6,nearest-class,FT3B_low,1
coda_6_8504_nearest_dist_n1,6,nearest-distance,FT3B_low,1
coda_6_8509_path_object_n1,6,path-object,FT3B_low,1
coda_6_8656_path_object_n1,6,path-object,FT3B_low,1
coda_6_8657_nearest_dist_n1,6,nearest-distance,FT3B_low,1
coda_6_8660_nearest_dist_n1,6,nearest-distance,FT3B_low,1
coda_6_8822_direction_n1,6,direction,FT3B_low,1
coda_6_8824_direction_n1,6,direction,FT3B_low,1
coda_6_8829_nearest_dist_n1,6,nearest-distance,FT3B_low,1
coda_6_8835_counting_n1,6,counting,FT3B_low,1
coda_6_8839_nearest_dist_n1,6,nearest-distance,FT3B_low,1
coda_6_8840_nearest_dist_n1,6,nearest-distance,FT3B_low,1
coda_6_8852_direction_n1,6,direction,FT3B_low,1
coda_6_8920_path_object_n1,6,path-object,FT3B_low,1
coda_6_8922_counting_n1,6,counting,FT3B_low,0
coda_6_9135_direction_n1,6,direction,FT3B_low,1
coda_6_9141_nearest_dist_n1,6,nearest-distance,FT3B_low,0
coda_7_12955_direction_n1,7,direction,FT3B_low,1
coda_7_12956_path_object_n1,7,path-object,FT3B_low,1
coda_7_12957_nearest_class_n1,7,nearest-class,FT3B_low,1
coda_7_12967_nearest_class_n1,7,nearest-class,FT3B_low,1
coda_7_12971_nearest_dist_n1,7,nearest-distance,FT3B_low,1
coda_7_12975_direction_n1,7,direction,FT3B_low,1
coda_7_12979_path_object_n1,7,path-object,FT3B_low,1
coda_7_13023_counting_n1,7,counting,FT3B_low,1
coda_7_13027_nearest_class_n1,7,nearest-class,FT3B_low,1
coda_7_13028_path_object_n1,7,path-object,FT3B_low,1
coda_7_13030_path_object_n1,7,path-object,FT3B_low,1
coda_7_13040_path_object_n1,7,path-object,FT3B_low,1
coda_7_13045_counting_n1,7,counting,FT3B_low,1
coda_7_13047_nearest_class_n1,7,nearest-class,FT3B_low,1
coda_7_14701_direction_n1,7,direction,FT3B_low,1
coda_7_14879_direction_n1,7,direction,FT3B_low,0
coda_7_14924_counting_n1,7,counting,FT3B_low,1
coda_7_14927_counting_n1,7,counting,FT3B_low,1
coda_7_14972_nearest_class_n1,7,nearest-class,FT3B_low,1
coda_7_14973_nearest_dist_n1,7,nearest-distance,FT3B_low,1
coda_7_14975_direction_n1,7,direction,FT3B_low,0
coda_7_14985_path_object_n1,7,path-object,FT3B_low,1
coda_7_14986_nearest_class_n1,7,nearest-class,FT3B_low,1
coda_7_15069_nearest_class_n1,7,nearest-class,FT3B_low,1
coda_7_15070_nearest_dist_n1,7,nearest-distance,FT3B_low,0
coda_7_15072_direction_n1,7,direction,FT3B_low,1
coda_7_15075_path_object_n1,7,path-object,FT3B_low,1
coda_7_15079_counting_n1,7,counting,FT3B_low,1
coda_7_15084_nearest_class_n1,7,nearest-class,FT3B_low,1
coda_7_15088_nearest_dist_n1,7,nearest-distance,FT3B_low,1
coda_7_15101_direction_n1,7,direction,FT3B_low,1
coda_7_15111_path_object_n1,7,path-object,FT3B_low,1
coda_7_15114_counting_n1,7,counting,FT3B_low,0
coda_7_15199_nearest_class_n1,7,nearest-class,FT3B_low,1
coda_7_15206_nearest_dist_n1,7,nearest-distance,FT3B_low,1
coda_7_15212_direction_n1,7,direction,FT3B_low,0
coda_7_15219_path_object_n1,7,path-object,FT3B_low,1
coda_7_15258_counting_n1,7,counting,FT3B_low,1
coda_7_15308_nearest_class_n1,7,nearest-class,FT3B_low,1
coda_7_15313_direction_n1,7,direction,FT3B_low,1
coda_7_15316_direction_n1,7,direction,FT3B_low,0
coda_7_15318_path_object_n1,7,path-object,FT3B_low,1
coda_7_15322_counting_n1,7,counting,FT3B_low,1
coda_7_15331_nearest_class_n1,7,nearest-class,FT3B_low,1
coda_7_15333_direction_n1,7,direction,FT3B_low,0
coda_7_4781_direction_n1,7,direction,FT3B_low,1
coda_7_4850_counting_n1,7,counting,FT3B_low,1
coda_7_4853_counting_n1,7,counting,FT3B_low,1
coda_7_4971_nearest_class_n1,7,nearest-class,FT3B_low,1
coda_7_6615_nearest_dist_n1,7,nearest-distance,FT3B_low,1
coda_7_6622_direction_n1,7,direction,FT3B_low,1
coda_7_6623_path_object_n1,7,path-object,FT3B_low,1
coda_7_6625_counting_n1,7,counting,FT3B_low,0
coda_7_6686_nearest_class_n1,7,nearest-class,FT3B_low,1
coda_7_6693_nearest_dist_n1,7,nearest-distance,FT3B_low,1
coda_7_6698_direction_n1,7,direction,FT3B_low,1
coda_7_6699_path_object_n1,7,path-object,FT3B_low,1
coda_7_6701_counting_n1,7,counting,FT3B_low,0
coda_7_6711_nearest_class_n1,7,nearest-class,FT3B_low,1
coda_7_6712_direction_n1,7,direction,FT3B_low,1
coda_7_6714_direction_n1,7,direction,FT3B_low,1
coda_7_6772_nearest_dist_n1,7,nearest-distance,FT3B_low,1
coda_7_6775_counting_n1,7,counting,FT3B_low,1
coda_7_6777_nearest_dist_n1,7,nearest-distance,FT3B_low,1
coda_7_6780_counting_n1,7,counting,FT3B_low,1
coda_7_6790_direction_n1,7,direction,FT3B_low,1
coda_7_8412_counting_n1,7,counting,FT3B_low,0
coda_7_8414_counting_n1,7,counting,FT3B_low,1
coda_7_8415_nearest_dist_n1,7,nearest-distance,FT3B_low,0
coda_7_8418_nearest_dist_n1,7,nearest-distance,FT3B_low,0
coda_7_8421_direction_n1,7,direction,FT3B_low,1
coda_7_8425_counting_n1,7,counting,FT3B_low,1
